league,season,team,player,nation,pos,age,born,Playing Time_MP,Playing Time_Starts,Playing Time_Min,Playing Time_90s,Performance_Gls,Performance_Ast,Performance_G+A,Performance_G-PK,Performance_PK,Performance_PKatt,Performance_CrdY,Performance_CrdR,Per 90 Minutes_Gls,Per 90 Minutes_Ast,Per 90 Minutes_G+A,Per 90 Minutes_G-PK,Per 90 Minutes_G+A-PK
ENG-Premier League,2425,Arsenal,Ben White,ENG,DF,26.0,1997.0,17,13,1198.0,13.3,0,2,2,0,0,0,2,0,0.0,0.15,0.15,0.0,0.15
ENG-Premier League,2425,Arsenal,Bukayo Saka,ENG,"FW,MF",22.0,2001.0,25,20,1729.0,19.2,6,10,16,5,1,1,3,0,0.31,0.52,0.83,0.26,0.78
ENG-Premier League,2425,Arsenal,David Raya,ESP,GK,28.0,1995.0,38,38,3420.0,38.0,0,0,0,0,0,0,3,0,0.0,0.0,0.0,0.0,0.0
ENG-Premier League,2425,Arsenal,Declan Rice,ENG,MF,25.0,1999.0,35,33,2825.0,31.4,4,7,11,4,0,0,7,1,0.13,0.22,0.35,0.13,0.35
ENG-Premier League,2425,Arsenal,Ethan Nwaneri,ENG,"FW,MF",17.0,2007.0,26,11,895.0,9.9,4,2,6,4,0,0,1,0,0.4,0.2,0.6,0.4,0.6
ENG-Premier League,2425,Arsenal,Gabriel Jesus,BRA,FW,27.0,1997.0,17,6,608.0,6.8,3,0,3,3,0,0,4,0,0.44,0.0,0.44,0.44,0.44
ENG-Premier League,2425,Arsenal,Gabriel Magalhães,BRA,DF,26.0,1997.0,28,28,2363.0,26.3,3,1,4,3,0,0,4,0,0.11,0.04,0.15,0.11,0.15
ENG-Premier League,2425,Arsenal,Gabriel Martinelli,BRA,"FW,MF",23.0,2001.0,33,25,2290.0,25.4,8,4,12,8,0,0,1,0,0.31,0.16,0.47,0.31,0.47
ENG-Premier League,2425,Arsenal,Jakub Kiwior,POL,DF,24.0,2000.0,17,10,1122.0,12.5,1,0,1,1,0,0,1,0,0.08,0.0,0.08,0.08,0.08
ENG-Premier League,2425,Arsenal,Jorginho,ITA,MF,32.0,1991.0,15,9,704.0,7.8,0,0,0,0,0,0,5,0,0.0,0.0,0.0,0.0,0.0
ENG-Premier League,2425,Arsenal,Jurriën Timber,NED,DF,23.0,2001.0,30,27,2417.0,26.9,1,3,4,1,0,0,7,0,0.04,0.11,0.15,0.04,0.15
ENG-Premier League,2425,Arsenal,Kai Havertz,GER,FW,25.0,1999.0,23,21,1875.0,20.8,9,3,12,9,0,0,5,0,0.43,0.14,0.58,0.43,0.58
ENG-Premier League,2425,Arsenal,Kieran Tierney,SCO,DF,27.0,1997.0,13,2,259.0,2.9,1,0,1,1,0,0,0,0,0.35,0.0,0.35,0.35,0.35
ENG-Premier League,2425,Arsenal,Leandro Trossard,BEL,FW,29.0,1994.0,38,28,2546.0,28.3,8,7,15,8,0,0,4,1,0.28,0.25,0.53,0.28,0.53
ENG-Premier League,2425,Arsenal,Martin Ødegaard,NOR,MF,25.0,1998.0,30,26,2325.0,25.8,3,8,11,2,1,1,4,0,0.12,0.31,0.43,0.08,0.39
ENG-Premier League,2425,Arsenal,Mikel Merino,ESP,"MF,FW",28.0,1996.0,28,17,1586.0,17.6,7,2,9,7,0,0,4,1,0.4,0.11,0.51,0.4,0.51
ENG-Premier League,2425,Arsenal,Myles Lewis-Skelly,ENG,DF,17.0,2006.0,23,15,1369.0,15.2,1,0,1,1,0,0,3,2,0.07,0.0,0.07,0.07,0.07
ENG-Premier League,2425,Arsenal,Nathan Butler-Oyedeji,ENG,FW,21.0,2003.0,1,0,7.0,0.1,0,0,0,0,0,0,0,0,0.0,0.0,0.0,0.0,0.0
ENG-Premier League,2425,Arsenal,Oleksandr Zinchenko,UKR,"DF,MF",27.0,1996.0,15,5,527.0,5.9,0,1,1,0,0,0,1,0,0.0,0.17,0.17,0.0,0.17
ENG-Premier League,2425,Arsenal,Raheem Sterling,ENG,"FW,MF",29.0,1994.0,17,7,499.0,5.5,0,2,2,0,0,0,1,0,0.0,0.36,0.36,0.0,0.36
ENG-Premier League,2425,Arsenal,Reiss Nelson,ENG,"FW,MF",24.0,1999.0,1,0,3.0,0.0,0,0,0,0,0,0,0,0,0.0,0.0,0.0,0.0,0.0
ENG-Premier League,2425,Arsenal,Riccardo Calafiori,ITA,DF,22.0,2002.0,19,11,983.0,10.9,2,1,3,2,0,0,4,0,0.18,0.09,0.27,0.18,0.27
ENG-Premier League,2425,Arsenal,Takehiro Tomiyasu,JPN,DF,25.0,1998.0,1,0,7.0,0.1,0,0,0,0,0,0,0,0,0.0,0.0,0.0,0.0,0.0
ENG-Premier League,2425,Arsenal,Thomas Partey,GHA,"MF,DF",31.0,1993.0,35,31,2797.0,31.1,4,2,6,4,0,0,4,0,0.13,0.06,0.19,0.13,0.19
ENG-Premier League,2425,Arsenal,William Saliba,FRA,DF,23.0,2001.0,35,35,3039.0,33.8,2,0,2,2,0,0,2,1,0.06,0.0,0.06,0.06,0.06
ENG-Premier League,2425,Aston Villa,Amadou Onana,BEL,MF,22.0,2001.0,26,20,1617.0,18.0,3,0,3,3,0,0,4,0,0.17,0.0,0.17,0.17,0.17
ENG-Premier League,2425,Aston Villa,Andrés García,ESP,"DF,MF",21.0,2003.0,7,5,318.0,3.5,0,0,0,0,0,0,0,0,0.0,0.0,0.0,0.0,0.0
ENG-Premier League,2425,Aston Villa,Axel Disasi,FRA,DF,26.0,1998.0,7,5,490.0,5.4,0,0,0,0,0,0,2,0,0.0,0.0,0.0,0.0,0.0
ENG-Premier League,2425,Aston Villa,Boubacar Kamara,FRA,"MF,DF",24.0,1999.0,26,20,1726.0,19.2,1,0,1,1,0,0,2,0,0.05,0.0,0.05,0.05,0.05
ENG-Premier League,2425,Aston Villa,Diego Carlos,BRA,DF,31.0,1993.0,10,8,830.0,9.2,0,0,0,0,0,0,1,0,0.0,0.0,0.0,0.0,0.0
ENG-Premier League,2425,Aston Villa,Donyell Malen,NED,MF,25.0,1999.0,14,2,305.0,3.4,3,0,3,3,0,0,0,0,0.89,0.0,0.89,0.89,0.89
ENG-Premier League,2425,Aston Villa,Emi Buendía,ARG,"FW,MF",27.0,1996.0,12,0,98.0,1.1,0,0,0,0,0,0,1,0,0.0,0.0,0.0,0.0,0.0
ENG-Premier League,2425,Aston Villa,Emiliano Martínez,ARG,GK,31.0,1992.0,37,37,3194.0,35.5,0,0,0,0,0,0,5,1,0.0,0.0,0.0,0.0,0.0
ENG-Premier League,2425,Aston Villa,Ezri Konsa,ENG,DF,26.0,1997.0,34,33,2936.0,32.6,2,0,2,2,0,0,1,0,0.06,0.0,0.06,0.06,0.06
ENG-Premier League,2425,Aston Villa,Ian Maatsen,NED,DF,22.0,2002.0,29,10,1139.0,12.7,1,2,3,1,0,0,2,0,0.08,0.16,0.24,0.08,0.24
ENG-Premier League,2425,Aston Villa,Jacob Ramsey,ENG,MF,23.0,2001.0,29,19,1623.0,18.0,1,3,4,1,0,0,4,1,0.06,0.17,0.22,0.06,0.22
ENG-Premier League,2425,Aston Villa,Jaden Philogene Bidace,ENG,MF,22.0,2002.0,11,2,332.0,3.7,0,0,0,0,0,0,4,1,0.0,0.0,0.0,0.0,0.0
ENG-Premier League,2425,Aston Villa,John McGinn,SCO,MF,29.0,1994.0,34,27,2223.0,24.7,1,4,5,1,0,0,7,0,0.04,0.16,0.2,0.04,0.2
ENG-Premier League,2425,Aston Villa,Jáder Durán,COL,FW,20.0,2003.0,20,4,638.0,7.1,7,0,7,7,0,0,3,1,0.99,0.0,0.99,0.99,0.99
ENG-Premier League,2425,Aston Villa,Kosta Nedeljković,SRB,DF,18.0,2005.0,5,0,126.0,1.4,0,0,0,0,0,0,0,0,0.0,0.0,0.0,0.0,0.0
ENG-Premier League,2425,Aston Villa,Lamare Bogarde,NED,"DF,MF",20.0,2004.0,8,5,476.0,5.3,0,0,0,0,0,0,2,0,0.0,0.0,0.0,0.0,0.0
ENG-Premier League,2425,Aston Villa,Leon Bailey,JAM,MF,26.0,1997.0,24,14,1139.0,12.7,1,2,3,1,0,0,3,0,0.08,0.16,0.24,0.08,0.24
ENG-Premier League,2425,Aston Villa,Lucas Digne,FRA,DF,31.0,1993.0,32,28,2351.0,26.1,0,4,4,0,0,0,4,0,0.0,0.15,0.15,0.0,0.15
ENG-Premier League,2425,Aston Villa,Marco Asensio,ESP,MF,28.0,1996.0,13,9,743.0,8.3,3,1,4,3,0,2,2,0,0.36,0.12,0.48,0.36,0.48
ENG-Premier League,2425,Aston Villa,Marcus Rashford,ENG,"FW,MF",26.0,1997.0,10,4,444.0,4.9,2,2,4,1,1,1,0,0,0.41,0.41,0.81,0.2,0.61
ENG-Premier League,2425,Aston Villa,Matty Cash,POL,DF,26.0,1997.0,27,24,2070.0,23.0,1,1,2,1,0,0,7,0,0.04,0.04,0.09,0.04,0.09
ENG-Premier League,2425,Aston Villa,Morgan Rogers,ENG,MF,22.0,2002.0,37,37,3114.0,34.6,8,10,18,8,0,0,10,0,0.23,0.29,0.52,0.23,0.52
ENG-Premier League,2425,Aston Villa,Ollie Watkins,ENG,FW,28.0,1995.0,38,31,2598.0,28.9,16,8,24,14,2,2,2,0,0.55,0.28,0.83,0.48,0.76
ENG-Premier League,2425,Aston Villa,Pau Torres,ESP,DF,27.0,1997.0,24,23,2020.0,22.4,0,0,0,0,0,0,2,0,0.0,0.0,0.0,0.0,0.0
ENG-Premier League,2425,Aston Villa,Robin Olsen,SWE,GK,34.0,1990.0,4,1,226.0,2.5,0,0,0,0,0,0,0,0,0.0,0.0,0.0,0.0,0.0
ENG-Premier League,2425,Aston Villa,Ross Barkley,ENG,MF,30.0,1993.0,20,3,581.0,6.5,3,1,4,3,0,0,3,0,0.46,0.15,0.62,0.46,0.62
ENG-Premier League,2425,Aston Villa,Tyrone Mings,ENG,DF,31.0,1993.0,14,12,1120.0,12.4,0,0,0,0,0,0,1,0,0.0,0.0,0.0,0.0,0.0
ENG-Premier League,2425,Aston Villa,Youri Tielemans,BEL,MF,27.0,1997.0,36,35,3026.0,33.6,3,7,10,3,0,1,4,0,0.09,0.21,0.3,0.09,0.3
ENG-Premier League,2425,Bournemouth,Adam Smith,ENG,DF,33.0,1991.0,25,19,1590.0,17.7,0,0,0,0,0,0,7,0,0.0,0.0,0.0,0.0,0.0
ENG-Premier League,2425,Bournemouth,Alex Scott,ENG,MF,20.0,2003.0,20,8,755.0,8.4,0,0,0,0,0,0,3,0,0.0,0.0,0.0,0.0,0.0
ENG-Premier League,2425,Bournemouth,Antoine Semenyo,GHA,MF,24.0,2000.0,37,36,3203.0,35.6,11,5,16,11,0,0,9,0,0.31,0.14,0.45,0.31,0.45
ENG-Premier League,2425,Bournemouth,Ben Winterburn,ENG,MF,19.0,2004.0,4,0,24.0,0.3,0,0,0,0,0,0,0,0,0.0,0.0,0.0,0.0,0.0
ENG-Premier League,2425,Bournemouth,Dango Ouattara,BFA,"MF,FW",22.0,2002.0,32,21,2005.0,22.3,7,4,11,7,0,0,3,0,0.31,0.18,0.49,0.31,0.49
ENG-Premier League,2425,Bournemouth,Daniel Jebbison,CAN,FW,20.0,2003.0,16,0,119.0,1.3,1,0,1,1,0,0,1,0,0.76,0.0,0.76,0.76,0.76
ENG-Premier League,2425,Bournemouth,David Brooks,WAL,MF,27.0,1997.0,29,9,960.0,10.7,2,0,2,2,0,0,3,0,0.19,0.0,0.19,0.19,0.19
ENG-Premier League,2425,Bournemouth,Dean Huijsen,ESP,DF,19.0,2005.0,32,26,2427.0,27.0,3,2,5,3,0,0,10,0,0.11,0.07,0.19,0.11,0.19
ENG-Premier League,2425,Bournemouth,Enes Ünal,TUR,FW,27.0,1997.0,17,2,345.0,3.8,2,1,3,2,0,0,2,0,0.52,0.26,0.78,0.52,0.78
ENG-Premier League,2425,Bournemouth,Evanilson,BRA,FW,24.0,1999.0,31,28,2319.0,25.8,10,1,11,10,0,1,1,1,0.39,0.04,0.43,0.39,0.43
ENG-Premier League,2425,Bournemouth,Illia Zabarnyi,UKR,DF,21.0,2002.0,36,35,3109.0,34.5,0,1,1,0,0,0,4,1,0.0,0.03,0.03,0.0,0.03
ENG-Premier League,2425,Bournemouth,James Hill,ENG,DF,22.0,2002.0,10,6,448.0,5.0,0,1,1,0,0,0,1,0,0.0,0.2,0.2,0.0,0.2
ENG-Premier League,2425,Bournemouth,Julian Araujo,MEX,DF,22.0,2001.0,12,7,497.0,5.5,0,0,0,0,0,0,2,0,0.0,0.0,0.0,0.0,0.0
ENG-Premier League,2425,Bournemouth,Julio Soler,ARG,DF,19.0,2005.0,3,0,11.0,0.1,0,0,0,0,0,0,0,0,0.0,0.0,0.0,0.0,0.0
ENG-Premier League,2425,Bournemouth,Justin Kluivert,NED,MF,25.0,1999.0,34,29,2340.0,26.0,12,6,18,6,6,6,8,0,0.46,0.23,0.69,0.23,0.46
ENG-Premier League,2425,Bournemouth,Kepa Arrizabalaga,ESP,GK,29.0,1994.0,31,31,2790.0,31.0,0,0,0,0,0,0,3,0,0.0,0.0,0.0,0.0,0.0
ENG-Premier League,2425,Bournemouth,Lewis Cook,ENG,"MF,DF",27.0,1997.0,36,32,2978.0,33.1,1,3,4,1,0,0,8,1,0.03,0.09,0.12,0.03,0.12
ENG-Premier League,2425,Bournemouth,Luis Sinisterra,COL,MF,25.0,1999.0,12,1,236.0,2.6,1,1,2,1,0,0,0,0,0.38,0.38,0.76,0.38,0.76
ENG-Premier League,2425,Bournemouth,Marcos Senesi,ARG,DF,27.0,1997.0,17,13,1106.0,12.3,0,0,0,0,0,0,5,0,0.0,0.0,0.0,0.0,0.0
ENG-Premier League,2425,Bournemouth,Marcus Tavernier,ENG,MF,25.0,1999.0,29,20,1939.0,21.5,3,5,8,3,0,0,6,0,0.14,0.23,0.37,0.14,0.37
ENG-Premier League,2425,Bournemouth,Mark Travers,IRL,GK,25.0,1999.0,5,5,450.0,5.0,0,0,0,0,0,0,0,0,0.0,0.0,0.0,0.0,0.0
ENG-Premier League,2425,Bournemouth,Max Aarons,ENG,DF,24.0,2000.0,3,1,86.0,1.0,0,0,0,0,0,0,0,0,0.0,0.0,0.0,0.0,0.0
ENG-Premier League,2425,Bournemouth,Milos Kerkez,HUN,DF,20.0,2003.0,38,38,3336.0,37.1,2,5,7,2,0,0,4,0,0.05,0.13,0.19,0.05,0.19
ENG-Premier League,2425,Bournemouth,Neto,BRA,GK,35.0,1989.0,2,2,180.0,2.0,0,0,0,0,0,0,0,0,0.0,0.0,0.0,0.0,0.0
ENG-Premier League,2425,Bournemouth,Philip Billing,DEN,MF,28.0,1996.0,10,1,184.0,2.0,0,0,0,0,0,0,1,0,0.0,0.0,0.0,0.0,0.0
ENG-Premier League,2425,Bournemouth,Remy Rees-Dottin,ENG,FW,18.0,2006.0,1,0,1.0,0.0,0,0,0,0,0,0,0,0,0.0,0.0,0.0,0.0,0.0
ENG-Premier League,2425,Bournemouth,Ryan Christie,SCO,MF,29.0,1995.0,29,27,2117.0,23.5,2,3,5,2,0,0,9,0,0.09,0.13,0.21,0.09,0.21
ENG-Premier League,2425,Bournemouth,Tyler Adams,USA,MF,25.0,1999.0,28,21,1965.0,21.8,0,3,3,0,0,0,7,0,0.0,0.14,0.14,0.0,0.14
ENG-Premier League,2425,Bournemouth,Zain Silcott-Duberry,MSR,MF,19.0,2005.0,1,0,1.0,0.0,0,0,0,0,0,0,0,0,0.0,0.0,0.0,0.0,0.0
ENG-Premier League,2425,Brentford,Ben Mee,ENG,DF,34.0,1989.0,7,2,183.0,2.0,0,0,0,0,0,0,2,0,0.0,0.0,0.0,0.0,0.0
ENG-Premier League,2425,Brentford,Bryan Mbeumo,CMR,"MF,FW",24.0,1999.0,38,38,3414.0,37.9,20,7,27,15,5,6,3,0,0.53,0.18,0.71,0.4,0.58
ENG-Premier League,2425,Brentford,Christian Nørgaard,DEN,MF,30.0,1994.0,34,34,2819.0,31.3,5,4,9,5,0,0,8,1,0.16,0.13,0.29,0.16,0.29
ENG-Premier League,2425,Brentford,Edmond-Paris Maghoma,ENG,MF,23.0,2001.0,8,0,119.0,1.3,0,0,0,0,0,0,0,0,0.0,0.0,0.0,0.0,0.0
ENG-Premier League,2425,Brentford,Ethan Pinnock,JAM,DF,31.0,1993.0,22,21,1913.0,21.3,2,0,2,2,0,0,2,0,0.09,0.0,0.09,0.09,0.09
ENG-Premier League,2425,Brentford,Fabio Carvalho,POR,"FW,MF",21.0,2002.0,19,3,455.0,5.1,2,1,3,2,0,0,1,0,0.4,0.2,0.59,0.4,0.59
ENG-Premier League,2425,Brentford,Frank Onyeka,NGA,MF,26.0,1998.0,2,0,25.0,0.3,0,0,0,0,0,0,0,0,0.0,0.0,0.0,0.0,0.0
ENG-Premier League,2425,Brentford,Gustavo Nunes,BRA,MF,18.0,2005.0,3,0,12.0,0.1,0,0,0,0,0,0,0,0,0.0,0.0,0.0,0.0,0.0
ENG-Premier League,2425,Brentford,Hákon Valdimarsson,ISL,GK,22.0,2001.0,2,1,145.0,1.6,0,0,0,0,0,0,0,0,0.0,0.0,0.0,0.0,0.0
ENG-Premier League,2425,Brentford,Igor Thiago,BRA,FW,23.0,2001.0,8,1,175.0,1.9,0,0,0,0,0,0,0,0,0.0,0.0,0.0,0.0,0.0
ENG-Premier League,2425,Brentford,Jayden Meghoma,ENG,DF,18.0,2006.0,1,0,5.0,0.1,0,0,0,0,0,0,0,0,0.0,0.0,0.0,0.0,0.0
ENG-Premier League,2425,Brentford,Keane Lewis-Potter,ENG,"DF,MF",23.0,2001.0,38,36,3093.0,34.4,1,3,4,1,0,0,7,0,0.03,0.09,0.12,0.03,0.12
ENG-Premier League,2425,Brentford,Kevin Schade,GER,"MF,FW",22.0,2001.0,38,26,2293.0,25.5,11,2,13,11,0,0,3,0,0.43,0.08,0.51,0.43,0.51
ENG-Premier League,2425,Brentford,Kim Jisoo,KOR,DF,19.0,2004.0,3,0,30.0,0.3,0,0,0,0,0,0,0,0,0.0,0.0,0.0,0.0,0.0
ENG-Premier League,2425,Brentford,Kristoffer Ajer,NOR,DF,26.0,1998.0,24,17,1438.0,16.0,0,0,0,0,0,0,5,0,0.0,0.0,0.0,0.0,0.0
ENG-Premier League,2425,Brentford,Mads Roerslev,DEN,DF,25.0,1999.0,19,11,1101.0,12.2,0,2,2,0,0,0,2,0,0.0,0.16,0.16,0.0,0.16
ENG-Premier League,2425,Brentford,Mark Flekken,NED,GK,31.0,1993.0,37,37,3275.0,36.4,0,2,2,0,0,0,1,0,0.0,0.05,0.05,0.0,0.05
ENG-Premier League,2425,Brentford,Mathias Jensen,DEN,MF,28.0,1996.0,24,8,862.0,9.6,0,2,2,0,0,0,2,0,0.0,0.21,0.21,0.0,0.21
ENG-Premier League,2425,Brentford,Michael Kayode,ITA,DF,20.0,2004.0,12,6,528.0,5.9,0,1,1,0,0,0,2,0,0.0,0.17,0.17,0.0,0.17
ENG-Premier League,2425,Brentford,Mikkel Damsgaard,DEN,MF,24.0,2000.0,38,34,2911.0,32.3,2,10,12,2,0,0,2,0,0.06,0.31,0.37,0.06,0.37
ENG-Premier League,2425,Brentford,Nathan Collins,IRL,DF,23.0,2001.0,38,38,3420.0,38.0,2,3,5,2,0,0,5,0,0.05,0.08,0.13,0.05,0.13
ENG-Premier League,2425,Brentford,Rico Henry,JAM,"DF,MF",27.0,1997.0,5,0,99.0,1.1,0,0,0,0,0,0,0,0,0.0,0.0,0.0,0.0,0.0
ENG-Premier League,2425,Brentford,Ryan Trevitt,ENG,MF,21.0,2003.0,1,0,4.0,0.0,0,0,0,0,0,0,0,0,0.0,0.0,0.0,0.0,0.0
ENG-Premier League,2425,Brentford,Sepp van den Berg,NED,DF,22.0,2001.0,31,29,2586.0,28.7,0,0,0,0,0,0,3,0,0.0,0.0,0.0,0.0,0.0
ENG-Premier League,2425,Brentford,Vitaly Janelt,GER,MF,26.0,1998.0,32,27,2254.0,25.0,1,3,4,1,0,0,3,0,0.04,0.12,0.16,0.04,0.16
ENG-Premier League,2425,Brentford,Yehor Yarmoliuk,UKR,MF,20.0,2004.0,31,15,1450.0,16.1,0,0,0,0,0,0,6,0,0.0,0.0,0.0,0.0,0.0
ENG-Premier League,2425,Brentford,Yoane Wissa,COD,FW,27.0,1996.0,35,34,2919.0,32.4,19,4,23,19,0,0,5,0,0.59,0.12,0.71,0.59,0.71
ENG-Premier League,2425,Brentford,Yunus Emre Konak,TUR,MF,18.0,2006.0,10,0,42.0,0.5,0,0,0,0,0,0,0,0,0.0,0.0,0.0,0.0,0.0
ENG-Premier League,2425,Brighton,Adam Webster,ENG,DF,29.0,1995.0,14,11,887.0,9.9,0,0,0,0,0,0,1,0,0.0,0.0,0.0,0.0,0.0
ENG-Premier League,2425,Brighton,Bart Verbruggen,NED,GK,21.0,2002.0,36,36,3240.0,36.0,0,1,1,0,0,0,5,0,0.0,0.03,0.03,0.0,0.03
ENG-Premier League,2425,Brighton,Billy Gilmour,SCO,MF,23.0,2001.0,2,1,98.0,1.1,0,0,0,0,0,0,0,0,0.0,0.0,0.0,0.0,0.0
ENG-Premier League,2425,Brighton,Brajan Gruda,GER,"MF,FW",20.0,2004.0,21,8,687.0,7.6,1,4,5,1,0,0,0,0,0.13,0.52,0.66,0.13,0.66
ENG-Premier League,2425,Brighton,Carlos Baleba,CMR,MF,20.0,2004.0,34,31,2661.0,29.6,3,1,4,3,0,0,8,1,0.1,0.03,0.14,0.1,0.14
ENG-Premier League,2425,Brighton,Danny Welbeck,ENG,FW,33.0,1990.0,30,24,2115.0,23.5,10,4,14,9,1,1,5,0,0.43,0.17,0.6,0.38,0.55
ENG-Premier League,2425,Brighton,Diego Gómez,PAR,MF,21.0,2003.0,16,4,516.0,5.7,1,0,1,1,0,0,0,0,0.17,0.0,0.17,0.17,0.17
ENG-Premier League,2425,Brighton,Eiran Cashin,IRL,DF,22.0,2001.0,2,0,20.0,0.2,0,0,0,0,0,0,0,0,0.0,0.0,0.0,0.0,0.0
ENG-Premier League,2425,Brighton,Evan Ferguson,IRL,FW,19.0,2004.0,13,2,246.0,2.7,1,0,1,1,0,0,0,0,0.37,0.0,0.37,0.37,0.37
ENG-Premier League,2425,Brighton,Ferdi Kadioglu,TUR,"DF,MF",24.0,1999.0,6,5,385.0,4.3,1,0,1,1,0,0,1,0,0.23,0.0,0.23,0.23,0.23
ENG-Premier League,2425,Brighton,Georginio Rutter,FRA,"MF,FW",22.0,2002.0,28,19,1656.0,18.4,5,3,8,5,0,0,2,0,0.27,0.16,0.43,0.27,0.43
ENG-Premier League,2425,Brighton,Harry Howell,ENG,MF,16.0,2008.0,1,0,7.0,0.1,0,0,0,0,0,0,0,0,0.0,0.0,0.0,0.0,0.0
ENG-Premier League,2425,Brighton,Igor,BRA,DF,26.0,1998.0,13,10,961.0,10.7,0,0,0,0,0,0,4,0,0.0,0.0,0.0,0.0,0.0
ENG-Premier League,2425,Brighton,Jack Hinshelwood,ENG,"MF,DF",19.0,2005.0,26,22,1842.0,20.5,5,2,7,5,0,0,5,0,0.24,0.1,0.34,0.24,0.34
ENG-Premier League,2425,Brighton,Jakub Moder,POL,MF,25.0,1999.0,4,0,11.0,0.1,0,0,0,0,0,0,0,0,0.0,0.0,0.0,0.0,0.0
ENG-Premier League,2425,Brighton,James Milner,ENG,MF,38.0,1986.0,4,3,170.0,1.9,0,0,0,0,0,0,1,0,0.0,0.0,0.0,0.0,0.0
ENG-Premier League,2425,Brighton,Jan Paul van Hecke,NED,DF,24.0,2000.0,34,33,2958.0,32.9,1,1,2,1,0,0,8,1,0.03,0.03,0.06,0.03,0.06
ENG-Premier League,2425,Brighton,Jason Steele,ENG,GK,33.0,1990.0,2,2,180.0,2.0,0,0,0,0,0,0,0,0,0.0,0.0,0.0,0.0,0.0
ENG-Premier League,2425,Brighton,Jeremy Sarmiento,ECU,MF,22.0,2002.0,1,0,9.0,0.1,0,0,0,0,0,0,0,0,0.0,0.0,0.0,0.0,0.0
ENG-Premier League,2425,Brighton,João Pedro,BRA,"FW,MF",22.0,2001.0,27,23,1948.0,21.6,10,6,16,5,5,5,4,1,0.46,0.28,0.74,0.23,0.51
ENG-Premier League,2425,Brighton,Joël Veltman,NED,DF,32.0,1992.0,21,19,1697.0,18.9,0,0,0,0,0,0,5,0,0.0,0.0,0.0,0.0,0.0
ENG-Premier League,2425,Brighton,Julio Enciso,PAR,MF,20.0,2004.0,12,2,294.0,3.3,0,0,0,0,0,0,0,0,0.0,0.0,0.0,0.0,0.0
ENG-Premier League,2425,Brighton,Kaoru Mitoma,JPN,MF,27.0,1997.0,36,28,2603.0,28.9,10,4,14,10,0,0,1,0,0.35,0.14,0.48,0.35,0.48
ENG-Premier League,2425,Brighton,Lewis Dunk,ENG,DF,32.0,1991.0,25,23,2083.0,23.1,0,0,0,0,0,0,5,0,0.0,0.0,0.0,0.0,0.0
ENG-Premier League,2425,Brighton,Mats Wieffer,NED,"DF,MF",24.0,1999.0,25,10,1015.0,11.3,1,3,4,1,0,0,6,0,0.09,0.27,0.35,0.09,0.35
ENG-Premier League,2425,Brighton,Matt O'Riley,DEN,MF,23.0,2000.0,21,11,938.0,10.4,2,2,4,1,1,1,1,0,0.19,0.19,0.38,0.1,0.29
ENG-Premier League,2425,Brighton,Pervis Estupiñán,ECU,DF,26.0,1998.0,30,26,2402.0,26.7,1,1,2,1,0,0,5,0,0.04,0.04,0.07,0.04,0.07
ENG-Premier League,2425,Brighton,Simon Adingra,CIV,MF,22.0,2002.0,29,12,1097.0,12.2,2,2,4,2,0,0,0,0,0.16,0.16,0.33,0.16,0.33
ENG-Premier League,2425,Brighton,Solly March,ENG,MF,30.0,1994.0,8,1,168.0,1.9,0,0,0,0,0,0,2,0,0.0,0.0,0.0,0.0,0.0
ENG-Premier League,2425,Brighton,Tariq Lamptey,GHA,"DF,MF",23.0,2000.0,15,10,860.0,9.6,2,2,4,2,0,0,0,0,0.21,0.21,0.42,0.21,0.42
ENG-Premier League,2425,Brighton,Yankuba Minteh,GAM,MF,20.0,2004.0,32,20,1838.0,20.4,6,4,10,6,0,0,6,0,0.29,0.2,0.49,0.29,0.49
ENG-Premier League,2425,Brighton,Yasin Ayari,SWE,MF,20.0,2003.0,34,22,1965.0,21.8,2,1,3,2,0,0,3,0,0.09,0.05,0.14,0.09,0.14
ENG-Premier League,2425,Chelsea,Axel Disasi,FRA,DF,26.0,1998.0,6,4,364.0,4.0,1,0,1,1,0,0,1,0,0.25,0.0,0.25,0.25,0.25
ENG-Premier League,2425,Chelsea,Benoît Badiashile,FRA,DF,23.0,2001.0,5,3,334.0,3.7,0,0,0,0,0,0,0,0,0.0,0.0,0.0,0.0,0.0
ENG-Premier League,2425,Chelsea,Christopher Nkunku,FRA,"MF,FW",26.0,1997.0,27,9,921.0,10.2,3,2,5,3,0,0,2,0,0.29,0.2,0.49,0.29,0.49
ENG-Premier League,2425,Chelsea,Cole Palmer,ENG,MF,22.0,2002.0,37,36,3191.0,35.5,15,8,23,11,4,5,7,0,0.42,0.23,0.65,0.31,0.54
ENG-Premier League,2425,Chelsea,Enzo Fernández,ARG,MF,23.0,2001.0,36,32,2947.0,32.7,6,7,13,6,0,0,8,0,0.18,0.21,0.4,0.18,0.4
ENG-Premier League,2425,Chelsea,Filip Jørgensen,DEN,GK,22.0,2002.0,6,6,540.0,6.0,0,0,0,0,0,0,0,0,0.0,0.0,0.0,0.0,0.0
ENG-Premier League,2425,Chelsea,Jadon Sancho,ENG,MF,24.0,2000.0,31,19,1764.0,19.6,3,4,7,3,0,0,2,0,0.15,0.2,0.36,0.15,0.36
ENG-Premier League,2425,Chelsea,Joshua Acheampong,ENG,DF,18.0,2006.0,4,2,170.0,1.9,0,0,0,0,0,0,1,0,0.0,0.0,0.0,0.0,0.0
ENG-Premier League,2425,Chelsea,João Félix,POR,MF,24.0,1999.0,12,3,369.0,4.1,1,1,2,1,0,0,2,0,0.24,0.24,0.49,0.24,0.49
ENG-Premier League,2425,Chelsea,Kiernan Dewsbury-Hall,ENG,MF,25.0,1998.0,13,2,264.0,2.9,0,1,1,0,0,0,0,0,0.0,0.34,0.34,0.0,0.34
ENG-Premier League,2425,Chelsea,Levi Colwill,ENG,DF,21.0,2003.0,35,35,3149.0,35.0,2,1,3,2,0,0,9,0,0.06,0.03,0.09,0.06,0.09
ENG-Premier League,2425,Chelsea,Malo Gusto,FRA,DF,21.0,2003.0,32,19,1862.0,20.7,0,1,1,0,0,0,4,0,0.0,0.05,0.05,0.0,0.05
ENG-Premier League,2425,Chelsea,Marc Cucurella,ESP,DF,26.0,1998.0,36,33,2988.0,33.2,5,1,6,5,0,0,10,1,0.15,0.03,0.18,0.15,0.18
ENG-Premier League,2425,Chelsea,Marc Guiu,ESP,FW,18.0,2006.0,3,0,73.0,0.8,0,0,0,0,0,0,0,0,0.0,0.0,0.0,0.0,0.0
ENG-Premier League,2425,Chelsea,Mathis Amougou,FRA,MF,18.0,2006.0,1,0,8.0,0.1,0,0,0,0,0,0,0,0,0.0,0.0,0.0,0.0,0.0
ENG-Premier League,2425,Chelsea,Moisés Caicedo,ECU,"MF,DF",22.0,2001.0,38,38,3351.0,37.2,1,2,3,1,0,0,11,0,0.03,0.05,0.08,0.03,0.08
ENG-Premier League,2425,Chelsea,Mykhailo Mudryk,UKR,MF,23.0,2001.0,7,1,151.0,1.7,0,0,0,0,0,0,0,0,0.0,0.0,0.0,0.0,0.0
ENG-Premier League,2425,Chelsea,Nicolas Jackson,SEN,FW,23.0,2001.0,30,28,2220.0,24.7,10,5,15,10,0,0,7,1,0.41,0.2,0.61,0.41,0.61
ENG-Premier League,2425,Chelsea,Noni Madueke,ENG,MF,22.0,2002.0,32,27,2033.0,22.6,7,3,10,7,0,0,3,0,0.31,0.13,0.44,0.31,0.44
ENG-Premier League,2425,Chelsea,Pedro Neto,POR,"MF,FW",24.0,2000.0,35,24,2269.0,25.2,4,6,10,4,0,0,8,0,0.16,0.24,0.4,0.16,0.4
ENG-Premier League,2425,Chelsea,Reece James,ENG,"DF,MF",24.0,1999.0,19,12,1063.0,11.8,1,1,2,1,0,0,1,0,0.08,0.08,0.17,0.08,0.17
ENG-Premier League,2425,Chelsea,Renato Veiga,POR,MF,21.0,2003.0,7,1,181.0,2.0,0,0,0,0,0,0,2,0,0.0,0.0,0.0,0.0,0.0
ENG-Premier League,2425,Chelsea,Robert Sánchez,ESP,GK,26.0,1997.0,32,32,2880.0,32.0,0,0,0,0,0,0,5,0,0.0,0.0,0.0,0.0,0.0
ENG-Premier League,2425,Chelsea,Roméo Lavia,BEL,MF,20.0,2004.0,16,11,797.0,8.9,0,1,1,0,0,0,4,0,0.0,0.11,0.11,0.0,0.11
ENG-Premier League,2425,Chelsea,Shumaira Mheuka,ENG,FW,16.0,2007.0,1,0,1.0,0.0,0,0,0,0,0,0,0,0,0.0,0.0,0.0,0.0,0.0
ENG-Premier League,2425,Chelsea,Tosin Adarabioyo,ENG,DF,26.0,1997.0,22,15,1409.0,15.7,1,1,2,1,0,0,4,0,0.06,0.06,0.13,0.06,0.13
ENG-Premier League,2425,Chelsea,Trevoh Chalobah,ENG,DF,25.0,1999.0,13,11,910.0,10.1,0,1,1,0,0,0,2,0,0.0,0.1,0.1,0.0,0.1
ENG-Premier League,2425,Chelsea,Tyrique George,ENG,FW,18.0,2006.0,8,1,183.0,2.0,1,1,2,1,0,0,1,0,0.49,0.49,0.98,0.49,0.98
ENG-Premier League,2425,Chelsea,Wesley Fofana,FRA,DF,23.0,2000.0,14,14,1172.0,13.0,0,0,0,0,0,0,7,0,0.0,0.0,0.0,0.0,0.0
ENG-Premier League,2425,Crystal Palace,Adam Wharton,ENG,MF,20.0,2004.0,20,16,1318.0,14.6,0,2,2,0,0,0,2,0,0.0,0.14,0.14,0.0,0.14
ENG-Premier League,2425,Crystal Palace,Asher Agbinone,ENG,MF,18.0,2005.0,2,0,6.0,0.1,0,0,0,0,0,0,0,0,0.0,0.0,0.0,0.0,0.0
ENG-Premier League,2425,Crystal Palace,Ben Chilwell,ENG,MF,27.0,1996.0,8,1,259.0,2.9,1,0,1,1,0,0,1,0,0.35,0.0,0.35,0.35,0.35
ENG-Premier League,2425,Crystal Palace,Caleb Kporha,ENG,DF,18.0,2006.0,2,0,13.0,0.1,0,0,0,0,0,0,0,0,0.0,0.0,0.0,0.0,0.0
ENG-Premier League,2425,Crystal Palace,Chadi Riad,MAR,DF,21.0,2003.0,1,1,90.0,1.0,0,0,0,0,0,0,0,0,0.0,0.0,0.0,0.0,0.0
ENG-Premier League,2425,Crystal Palace,Cheick Doucouré,MLI,MF,24.0,2000.0,13,4,452.0,5.0,0,0,0,0,0,0,1,0,0.0,0.0,0.0,0.0,0.0
ENG-Premier League,2425,Crystal Palace,Chris Richards,USA,DF,24.0,2000.0,24,22,1922.0,21.4,1,0,1,1,0,0,4,1,0.05,0.0,0.05,0.05,0.05
ENG-Premier League,2425,Crystal Palace,Daichi Kamada,JPN,MF,27.0,1996.0,34,15,1564.0,17.4,0,0,0,0,0,0,4,1,0.0,0.0,0.0,0.0,0.0
ENG-Premier League,2425,Crystal Palace,Daniel Muñoz,COL,MF,28.0,1996.0,37,37,3228.0,35.9,4,5,9,4,0,0,10,0,0.11,0.14,0.25,0.11,0.25
ENG-Premier League,2425,Crystal Palace,Dean Henderson,ENG,GK,27.0,1997.0,38,38,3420.0,38.0,0,0,0,0,0,0,3,0,0.0,0.0,0.0,0.0,0.0
ENG-Premier League,2425,Crystal Palace,Eberechi Eze,ENG,MF,26.0,1998.0,34,31,2588.0,28.8,8,8,16,7,1,2,1,0,0.28,0.28,0.56,0.24,0.52
ENG-Premier League,2425,Crystal Palace,Eddie Nketiah,ENG,"FW,MF",25.0,1999.0,29,9,1034.0,11.5,3,1,4,3,0,0,6,1,0.26,0.09,0.35,0.26,0.35
ENG-Premier League,2425,Crystal Palace,Ismaila Sarr,SEN,MF,26.0,1998.0,38,30,2711.0,30.1,8,6,14,8,0,0,4,0,0.27,0.2,0.46,0.27,0.46
ENG-Premier League,2425,Crystal Palace,Jean-Philippe Mateta,FRA,FW,27.0,1997.0,37,33,2648.0,29.4,14,2,16,12,2,2,2,0,0.48,0.07,0.54,0.41,0.48
ENG-Premier League,2425,Crystal Palace,Jefferson Lerma,COL,"MF,DF",29.0,1994.0,33,26,2274.0,25.3,0,1,1,0,0,0,9,0,0.0,0.04,0.04,0.0,0.04
ENG-Premier League,2425,Crystal Palace,Jeffrey Schlupp,GHA,"DF,FW",31.0,1992.0,12,0,103.0,1.1,0,0,0,0,0,0,0,0,0.0,0.0,0.0,0.0,0.0
ENG-Premier League,2425,Crystal Palace,Joachim Andersen,DEN,DF,28.0,1996.0,1,1,90.0,1.0,0,0,0,0,0,0,1,0,0.0,0.0,0.0,0.0,0.0
ENG-Premier League,2425,Crystal Palace,Joel Ward,ENG,DF,34.0,1989.0,2,1,71.0,0.8,0,0,0,0,0,0,1,0,0.0,0.0,0.0,0.0,0.0
ENG-Premier League,2425,Crystal Palace,Jordan Ayew,GHA,"FW,MF",32.0,1991.0,1,0,21.0,0.2,0,0,0,0,0,0,1,0,0.0,0.0,0.0,0.0,0.0
ENG-Premier League,2425,Crystal Palace,Justin Devenny,NIR,MF,20.0,2003.0,23,4,507.0,5.6,1,1,2,1,0,0,1,0,0.18,0.18,0.36,0.18,0.36
ENG-Premier League,2425,Crystal Palace,Marc Guéhi,ENG,DF,24.0,2000.0,34,34,3059.0,34.0,3,2,5,3,0,0,9,1,0.09,0.06,0.15,0.09,0.15
ENG-Premier League,2425,Crystal Palace,Matheus França,BRA,FW,20.0,2004.0,4,0,55.0,0.6,1,0,1,1,0,0,0,0,1.64,0.0,1.64,1.64,1.64
ENG-Premier League,2425,Crystal Palace,Maxence Lacroix,FRA,DF,24.0,2000.0,35,35,3116.0,34.6,1,1,2,1,0,0,5,0,0.03,0.03,0.06,0.03,0.06
ENG-Premier League,2425,Crystal Palace,Nathaniel Clyne,ENG,"DF,MF",33.0,1991.0,13,5,483.0,5.4,0,0,0,0,0,0,1,0,0.0,0.0,0.0,0.0,0.0
ENG-Premier League,2425,Crystal Palace,Odsonne Édouard,FRA,MF,26.0,1998.0,2,1,115.0,1.3,0,0,0,0,0,0,0,0,0.0,0.0,0.0,0.0,0.0
ENG-Premier League,2425,Crystal Palace,Romain Esse,ENG,MF,19.0,2005.0,7,1,138.0,1.5,1,1,2,1,0,0,0,0,0.65,0.65,1.3,0.65,1.3
ENG-Premier League,2425,Crystal Palace,Trevoh Chalobah,ENG,DF,25.0,1999.0,12,12,1060.0,11.8,3,0,3,3,0,0,1,0,0.25,0.0,0.25,0.25,0.25
ENG-Premier League,2425,Crystal Palace,Tyrick Mitchell,ENG,MF,24.0,1999.0,37,37,3092.0,34.4,0,5,5,0,0,0,2,0,0.0,0.15,0.15,0.0,0.15
ENG-Premier League,2425,Crystal Palace,Will Hughes,ENG,MF,29.0,1995.0,33,24,2108.0,23.4,0,3,3,0,0,0,11,0,0.0,0.13,0.13,0.0,0.13
ENG-Premier League,2425,Everton,Abdoulaye Doucouré,MLI,MF,31.0,1993.0,33,31,2564.0,28.5,3,2,5,3,0,0,5,1,0.11,0.07,0.18,0.11,0.18
ENG-Premier League,2425,Everton,Armando Broja,ALB,FW,22.0,2001.0,10,4,334.0,3.7,0,0,0,0,0,0,1,0,0.0,0.0,0.0,0.0,0.0
ENG-Premier League,2425,Everton,Ashley Young,ENG,DF,39.0,1985.0,32,19,1875.0,20.8,1,3,4,1,0,0,7,1,0.05,0.14,0.19,0.05,0.19
ENG-Premier League,2425,Everton,Beto,GNB,FW,26.0,1998.0,30,15,1534.0,17.0,8,0,8,8,0,0,2,0,0.47,0.0,0.47,0.47,0.47
ENG-Premier League,2425,Everton,Carlos Alcaraz,ARG,MF,21.0,2002.0,15,7,764.0,8.5,2,3,5,2,0,0,4,0,0.24,0.35,0.59,0.24,0.59
ENG-Premier League,2425,Everton,Dominic Calvert-Lewin,ENG,FW,27.0,1997.0,26,19,1609.0,17.9,3,1,4,3,0,0,2,0,0.17,0.06,0.22,0.17,0.22
ENG-Premier League,2425,Everton,Dwight McNeil,ENG,MF,24.0,1999.0,21,15,1371.0,15.2,4,6,10,4,0,0,1,0,0.26,0.39,0.66,0.26,0.66
ENG-Premier League,2425,Everton,Harrison Armstrong,ENG,MF,17.0,2007.0,3,0,48.0,0.5,0,0,0,0,0,0,1,0,0.0,0.0,0.0,0.0,0.0
ENG-Premier League,2425,Everton,Idrissa Gueye,SEN,MF,34.0,1989.0,37,35,3063.0,34.0,0,3,3,0,0,0,9,0,0.0,0.09,0.09,0.0,0.09
ENG-Premier League,2425,Everton,Iliman Ndiaye,SEN,"MF,FW",24.0,2000.0,33,29,2430.0,27.0,9,0,9,7,2,2,3,0,0.33,0.0,0.33,0.26,0.26
ENG-Premier League,2425,Everton,Jack Harrison,ENG,"MF,FW",27.0,1996.0,34,24,2076.0,23.1,1,0,1,1,0,0,0,0,0.04,0.0,0.04,0.04,0.04
ENG-Premier League,2425,Everton,Jake O'Brien,IRL,DF,23.0,2001.0,20,17,1571.0,17.5,2,0,2,2,0,0,5,0,0.11,0.0,0.11,0.11,0.11
ENG-Premier League,2425,Everton,James Garner,ENG,"MF,DF",23.0,2001.0,21,17,1594.0,17.7,0,1,1,0,0,0,5,0,0.0,0.06,0.06,0.0,0.06
ENG-Premier League,2425,Everton,James Tarkowski,ENG,DF,31.0,1992.0,33,33,2922.0,32.5,1,1,2,1,0,0,6,0,0.03,0.03,0.06,0.03,0.06
ENG-Premier League,2425,Everton,Jarrad Branthwaite,ENG,DF,22.0,2002.0,30,28,2511.0,27.9,0,1,1,0,0,0,4,0,0.0,0.04,0.04,0.0,0.04
ENG-Premier League,2425,Everton,Jesper Lindstrøm,DEN,MF,24.0,2000.0,25,15,1239.0,13.8,0,1,1,0,0,0,2,0,0.0,0.07,0.07,0.0,0.07
ENG-Premier League,2425,Everton,Jordan Pickford,ENG,GK,30.0,1994.0,38,38,3420.0,38.0,0,1,1,0,0,0,7,0,0.0,0.03,0.03,0.0,0.03
ENG-Premier League,2425,Everton,Mason Holgate,JAM,DF,27.0,1996.0,1,0,6.0,0.1,0,0,0,0,0,0,0,0,0.0,0.0,0.0,0.0,0.0
ENG-Premier League,2425,Everton,Michael Keane,ENG,DF,31.0,1993.0,14,11,1049.0,11.7,3,0,3,3,0,0,5,0,0.26,0.0,0.26,0.26,0.26
ENG-Premier League,2425,Everton,Nathan Patterson,SCO,DF,22.0,2001.0,10,3,347.0,3.9,0,1,1,0,0,0,1,0,0.0,0.26,0.26,0.0,0.26
ENG-Premier League,2425,Everton,Orel Mangala,BEL,MF,26.0,1998.0,19,14,1261.0,14.0,1,0,1,1,0,0,2,0,0.07,0.0,0.07,0.07,0.07
ENG-Premier League,2425,Everton,Roman Dixon,ENG,DF,19.0,2004.0,1,1,90.0,1.0,0,0,0,0,0,0,0,0,0.0,0.0,0.0,0.0,0.0
ENG-Premier League,2425,Everton,Séamus Coleman,IRL,DF,35.0,1988.0,5,3,215.0,2.4,0,0,0,0,0,0,1,0,0.0,0.0,0.0,0.0,0.0
ENG-Premier League,2425,Everton,Tim Iroegbunam,ENG,MF,21.0,2003.0,18,5,574.0,6.4,0,1,1,0,0,0,4,0,0.0,0.16,0.16,0.0,0.16
ENG-Premier League,2425,Everton,Vitaliy Mykolenko,UKR,DF,25.0,1999.0,35,35,3082.0,34.2,1,2,3,1,0,0,4,0,0.03,0.06,0.09,0.03,0.09
ENG-Premier League,2425,Everton,Youssef Chermiti,POR,FW,20.0,2004.0,4,0,45.0,0.5,0,0,0,0,0,0,1,0,0.0,0.0,0.0,0.0,0.0
ENG-Premier League,2425,Fulham,Adama Traoré,ESP,MF,28.0,1996.0,36,18,1772.0,19.7,2,7,9,2,0,0,3,0,0.1,0.36,0.46,0.1,0.46
ENG-Premier League,2425,Fulham,Alex Iwobi,NGA,MF,28.0,1996.0,38,35,2981.0,33.1,9,6,15,9,0,0,1,0,0.27,0.18,0.45,0.27,0.45
ENG-Premier League,2425,Fulham,Andreas Pereira,BRA,MF,28.0,1996.0,33,25,2013.0,22.4,2,4,6,2,0,1,7,0,0.09,0.18,0.27,0.09,0.27
ENG-Premier League,2425,Fulham,Antonee Robinson,USA,"DF,MF",26.0,1997.0,36,35,3167.0,35.2,0,10,10,0,0,0,8,0,0.0,0.28,0.28,0.0,0.28
ENG-Premier League,2425,Fulham,Bernd Leno,GER,GK,32.0,1992.0,38,38,3420.0,38.0,0,1,1,0,0,0,5,0,0.0,0.03,0.03,0.0,0.03
ENG-Premier League,2425,Fulham,Calvin Bassey,NGA,DF,24.0,1999.0,35,34,3074.0,34.2,1,0,1,1,0,0,7,0,0.03,0.0,0.03,0.03,0.03
ENG-Premier League,2425,Fulham,Carlos Vinícius,BRA,FW,29.0,1995.0,3,0,16.0,0.2,0,0,0,0,0,0,0,0,0.0,0.0,0.0,0.0,0.0
ENG-Premier League,2425,Fulham,Emile Smith Rowe,ENG,MF,24.0,2000.0,34,25,2043.0,22.7,6,3,9,6,0,0,3,0,0.26,0.13,0.4,0.26,0.4
ENG-Premier League,2425,Fulham,Harrison Reed,ENG,MF,29.0,1995.0,12,0,108.0,1.2,0,0,0,0,0,0,2,0,0.0,0.0,0.0,0.0,0.0
ENG-Premier League,2425,Fulham,Harry Wilson,WAL,"MF,FW",27.0,1997.0,25,12,1162.0,12.9,6,1,7,6,0,0,2,0,0.46,0.08,0.54,0.46,0.54
ENG-Premier League,2425,Fulham,Issa Diop,MAR,DF,27.0,1997.0,21,15,1339.0,14.9,0,0,0,0,0,0,2,0,0.0,0.0,0.0,0.0,0.0
ENG-Premier League,2425,Fulham,Jay Stansfield,ENG,"FW,MF",21.0,2002.0,1,0,1.0,0.0,0,0,0,0,0,0,0,0,0.0,0.0,0.0,0.0,0.0
ENG-Premier League,2425,Fulham,Joachim Andersen,DEN,DF,28.0,1996.0,29,29,2583.0,28.7,0,0,0,0,0,0,6,1,0.0,0.0,0.0,0.0,0.0
ENG-Premier League,2425,Fulham,Jorge Cuenca,ESP,DF,24.0,1999.0,8,4,351.0,3.9,0,0,0,0,0,0,0,0,0.0,0.0,0.0,0.0,0.0
ENG-Premier League,2425,Fulham,Joshua King,ENG,MF,17.0,2007.0,8,1,130.0,1.4,0,0,0,0,0,0,0,0,0.0,0.0,0.0,0.0,0.0
ENG-Premier League,2425,Fulham,Kenny Tete,NED,DF,28.0,1995.0,22,21,1774.0,19.7,0,2,2,0,0,0,5,0,0.0,0.1,0.1,0.0,0.1
ENG-Premier League,2425,Fulham,Martial Godo,CIV,"FW,MF",21.0,2003.0,2,0,24.0,0.3,0,0,0,0,0,0,0,0,0.0,0.0,0.0,0.0,0.0
ENG-Premier League,2425,Fulham,Raúl Jiménez,MEX,FW,33.0,1991.0,38,30,2494.0,27.7,12,3,15,9,3,3,4,0,0.43,0.11,0.54,0.32,0.43
ENG-Premier League,2425,Fulham,Reiss Nelson,ENG,MF,24.0,1999.0,11,5,487.0,5.4,1,1,2,1,0,0,1,0,0.18,0.18,0.37,0.18,0.37
ENG-Premier League,2425,Fulham,Rodrigo Muniz,BRA,FW,23.0,2001.0,31,8,964.0,10.7,8,1,9,8,0,0,1,0,0.75,0.09,0.84,0.75,0.84
ENG-Premier League,2425,Fulham,Ryan Sessegnon,ENG,"MF,DF",24.0,2000.0,16,7,580.0,6.4,4,2,6,4,0,0,1,0,0.62,0.31,0.93,0.62,0.93
ENG-Premier League,2425,Fulham,Sander Berge,NOR,MF,26.0,1998.0,31,26,2224.0,24.7,0,0,0,0,0,0,6,0,0.0,0.0,0.0,0.0,0.0
ENG-Premier League,2425,Fulham,Saša Lukić,SRB,MF,27.0,1996.0,30,28,2344.0,26.0,0,2,2,0,0,0,12,0,0.0,0.08,0.08,0.0,0.08
ENG-Premier League,2425,Fulham,Timothy Castagne,BEL,"DF,MF",28.0,1995.0,24,17,1649.0,18.3,0,1,1,0,0,0,1,0,0.0,0.05,0.05,0.0,0.05
ENG-Premier League,2425,Fulham,Tom Cairney,SCO,MF,33.0,1991.0,25,3,628.0,7.0,2,0,2,2,0,0,3,1,0.29,0.0,0.29,0.29,0.29
ENG-Premier League,2425,Fulham,Willian,BRA,"MF,FW",35.0,1988.0,10,2,257.0,2.9,0,0,0,0,0,0,0,0,0.0,0.0,0.0,0.0,0.0
ENG-Premier League,2425,Ipswich Town,Alex Palmer,ENG,GK,27.0,1996.0,13,13,1170.0,13.0,0,0,0,0,0,0,2,0,0.0,0.0,0.0,0.0,0.0
ENG-Premier League,2425,Ipswich Town,Ali Al Hamadi,IRQ,FW,22.0,2002.0,11,0,134.0,1.5,0,0,0,0,0,0,3,0,0.0,0.0,0.0,0.0,0.0
ENG-Premier League,2425,Ipswich Town,Arijanet Muric,KVX,GK,25.0,1998.0,18,18,1620.0,18.0,0,0,0,0,0,0,1,0,0.0,0.0,0.0,0.0,0.0
ENG-Premier League,2425,Ipswich Town,Axel Tuanzebe,COD,DF,26.0,1997.0,22,20,1710.0,19.0,0,1,1,0,0,0,5,1,0.0,0.05,0.05,0.0,0.05
ENG-Premier League,2425,Ipswich Town,Ben Godfrey,ENG,DF,26.0,1998.0,3,2,159.0,1.8,0,0,0,0,0,0,1,0,0.0,0.0,0.0,0.0,0.0
ENG-Premier League,2425,Ipswich Town,Ben Johnson,ENG,"MF,DF",24.0,2000.0,23,14,1354.0,15.0,1,2,3,1,0,0,5,1,0.07,0.13,0.2,0.07,0.2
ENG-Premier League,2425,Ipswich Town,Cameron Burgess,AUS,DF,28.0,1995.0,18,16,1541.0,17.1,0,2,2,0,0,0,0,0,0.0,0.12,0.12,0.0,0.12
ENG-Premier League,2425,Ipswich Town,Chiedozie Ogbene,IRL,MF,27.0,1997.0,5,3,238.0,2.6,0,0,0,0,0,0,0,0,0.0,0.0,0.0,0.0,0.0
ENG-Premier League,2425,Ipswich Town,Christian Walton,ENG,GK,28.0,1995.0,7,7,630.0,7.0,0,0,0,0,0,0,0,0,0.0,0.0,0.0,0.0,0.0
ENG-Premier League,2425,Ipswich Town,Conor Chaplin,ENG,"MF,FW",27.0,1997.0,22,10,857.0,9.5,1,1,2,1,0,0,2,0,0.11,0.11,0.21,0.11,0.21
ENG-Premier League,2425,Ipswich Town,Conor Townsend,ENG,DF,31.0,1993.0,6,3,335.0,3.7,0,1,1,0,0,0,1,0,0.0,0.27,0.27,0.0,0.27
ENG-Premier League,2425,Ipswich Town,Dara O'Shea,IRL,DF,25.0,1999.0,35,35,3122.0,34.7,0,2,2,0,0,0,6,0,0.0,0.06,0.06,0.0,0.06
ENG-Premier League,2425,Ipswich Town,George Edmundson,ENG,DF,26.0,1997.0,1,0,2.0,0.0,0,0,0,0,0,0,0,0,0.0,0.0,0.0,0.0,0.0
ENG-Premier League,2425,Ipswich Town,George Hirst,SCO,FW,25.0,1999.0,26,5,661.0,7.3,3,1,4,3,0,0,3,0,0.41,0.14,0.54,0.41,0.54
ENG-Premier League,2425,Ipswich Town,Harry Clarke,ENG,DF,23.0,2001.0,7,4,379.0,4.2,0,0,0,0,0,0,3,1,0.0,0.0,0.0,0.0,0.0
ENG-Premier League,2425,Ipswich Town,Jack Clarke,ENG,MF,23.0,2000.0,32,12,1181.0,13.1,0,4,4,0,0,0,2,0,0.0,0.3,0.3,0.0,0.3
ENG-Premier League,2425,Ipswich Town,Jack Taylor,IRL,MF,26.0,1998.0,32,4,860.0,9.6,1,0,1,1,0,0,4,0,0.1,0.0,0.1,0.1,0.1
ENG-Premier League,2425,Ipswich Town,Jacob Greaves,ENG,DF,23.0,2000.0,25,25,2205.0,24.5,1,0,1,1,0,0,5,0,0.04,0.0,0.04,0.04,0.04
ENG-Premier League,2425,Ipswich Town,Jaden Philogene Bidace,ENG,MF,22.0,2002.0,10,5,474.0,5.3,2,0,2,2,0,0,1,0,0.38,0.0,0.38,0.38,0.38
ENG-Premier League,2425,Ipswich Town,Jens Cajuste,SWE,MF,24.0,1999.0,30,25,1959.0,21.8,1,1,2,1,0,0,2,0,0.05,0.05,0.09,0.05,0.09
ENG-Premier League,2425,Ipswich Town,Julio Enciso,PAR,MF,20.0,2004.0,13,12,869.0,9.7,2,3,5,2,0,0,3,0,0.21,0.31,0.52,0.21,0.52
ENG-Premier League,2425,Ipswich Town,Kalvin Phillips,ENG,MF,28.0,1995.0,19,14,1237.0,13.7,0,0,0,0,0,0,6,1,0.0,0.0,0.0,0.0,0.0
ENG-Premier League,2425,Ipswich Town,Leif Davis,ENG,DF,24.0,1999.0,33,32,2743.0,30.5,1,2,3,1,0,0,5,1,0.03,0.07,0.1,0.03,0.1
ENG-Premier League,2425,Ipswich Town,Liam Delap,ENG,FW,21.0,2003.0,37,32,2593.0,28.8,12,2,14,10,2,2,12,0,0.42,0.07,0.49,0.35,0.42
ENG-Premier League,2425,Ipswich Town,Luke Woolfenden,ENG,DF,25.0,1998.0,15,12,1187.0,13.2,0,0,0,0,0,0,2,0,0.0,0.0,0.0,0.0,0.0
ENG-Premier League,2425,Ipswich Town,Marcus Harness,ENG,"FW,MF",28.0,1996.0,2,0,45.0,0.5,0,0,0,0,0,0,0,0,0.0,0.0,0.0,0.0,0.0
ENG-Premier League,2425,Ipswich Town,Massimo Luongo,AUS,MF,31.0,1992.0,11,2,201.0,2.2,0,0,0,0,0,0,0,0,0.0,0.0,0.0,0.0,0.0
ENG-Premier League,2425,Ipswich Town,Nathan Broadhead,WAL,MF,26.0,1998.0,18,7,702.0,7.8,2,0,2,2,0,0,1,0,0.26,0.0,0.26,0.26,0.26
ENG-Premier League,2425,Ipswich Town,Omari Hutchinson,ENG,MF,20.0,2003.0,31,30,2583.0,28.7,3,2,5,3,0,0,5,0,0.1,0.07,0.17,0.1,0.17
ENG-Premier League,2425,Ipswich Town,Sam Morsy,EGY,MF,32.0,1991.0,33,31,2751.0,30.6,1,1,2,1,0,0,10,0,0.03,0.03,0.07,0.03,0.07
ENG-Premier League,2425,Ipswich Town,Sammie Szmodics,IRL,MF,28.0,1995.0,20,13,992.0,11.0,4,0,4,4,0,0,2,0,0.36,0.0,0.36,0.36,0.36
ENG-Premier League,2425,Ipswich Town,Wes Burns,WAL,MF,29.0,1994.0,18,12,926.0,10.3,0,1,1,0,0,0,1,0,0.0,0.1,0.1,0.0,0.1
ENG-Premier League,2425,Leicester City,Abdul Fatawu Issahaku,GHA,"MF,FW",20.0,2004.0,11,6,579.0,6.4,0,2,2,0,0,0,0,0,0.0,0.31,0.31,0.0,0.31
ENG-Premier League,2425,Leicester City,Bilal El Khannouss,MAR,MF,20.0,2004.0,32,27,2182.0,24.2,2,3,5,2,0,0,4,0,0.08,0.12,0.21,0.08,0.21
ENG-Premier League,2425,Leicester City,Bobby De Cordova-Reid,JAM,"MF,FW",31.0,1993.0,23,9,744.0,8.3,1,2,3,1,0,0,2,0,0.12,0.24,0.36,0.12,0.36
ENG-Premier League,2425,Leicester City,Boubakary Soumaré,FRA,MF,25.0,1999.0,31,25,2171.0,24.1,0,0,0,0,0,0,8,0,0.0,0.0,0.0,0.0,0.0
ENG-Premier League,2425,Leicester City,Caleb Okoli,ITA,DF,23.0,2001.0,19,12,1125.0,12.5,1,0,1,1,0,0,4,0,0.08,0.0,0.08,0.08,0.08
ENG-Premier League,2425,Leicester City,Conor Coady,ENG,DF,31.0,1993.0,22,19,1714.0,19.0,1,0,1,1,0,0,3,0,0.05,0.0,0.05,0.05,0.05
ENG-Premier League,2425,Leicester City,Danny Ward,WAL,GK,31.0,1993.0,2,1,135.0,1.5,0,0,0,0,0,0,0,0,0.0,0.0,0.0,0.0,0.0
ENG-Premier League,2425,Leicester City,Facundo Buonanotte,ARG,"MF,FW",19.0,2004.0,31,14,1523.0,16.9,5,2,7,5,0,0,8,0,0.3,0.12,0.41,0.3,0.41
ENG-Premier League,2425,Leicester City,Hamza Choudhury,BAN,MF,26.0,1997.0,4,1,131.0,1.5,0,0,0,0,0,0,0,0,0.0,0.0,0.0,0.0,0.0
ENG-Premier League,2425,Leicester City,Harry Winks,ENG,MF,28.0,1996.0,22,17,1538.0,17.1,0,2,2,0,0,0,4,0,0.0,0.12,0.12,0.0,0.12
ENG-Premier League,2425,Leicester City,Jake Evans,ENG,MF,15.0,2008.0,4,0,24.0,0.3,0,0,0,0,0,0,0,0,0.0,0.0,0.0,0.0,0.0
ENG-Premier League,2425,Leicester City,Jakub Stolarczyk,POL,GK,23.0,2000.0,10,10,900.0,10.0,0,0,0,0,0,0,1,0,0.0,0.0,0.0,0.0,0.0
ENG-Premier League,2425,Leicester City,James Justin,ENG,"DF,MF",26.0,1998.0,36,34,2912.0,32.4,2,2,4,2,0,0,6,0,0.06,0.06,0.12,0.06,0.12
ENG-Premier League,2425,Leicester City,Jamie Vardy,ENG,FW,37.0,1987.0,35,35,2823.0,31.4,9,4,13,8,1,2,5,0,0.29,0.13,0.41,0.26,0.38
ENG-Premier League,2425,Leicester City,Jannik Vestergaard,DEN,DF,31.0,1992.0,18,16,1391.0,15.5,0,0,0,0,0,0,5,0,0.0,0.0,0.0,0.0,0.0
ENG-Premier League,2425,Leicester City,Jeremy Monga,ENG,FW,15.0,2009.0,7,0,112.0,1.2,0,0,0,0,0,0,0,0,0.0,0.0,0.0,0.0,0.0
ENG-Premier League,2425,Leicester City,Jordan Ayew,GHA,MF,32.0,1991.0,30,19,1638.0,18.2,5,0,5,4,1,1,5,0,0.27,0.0,0.27,0.22,0.22
ENG-Premier League,2425,Leicester City,Kasey McAteer,IRL,MF,22.0,2001.0,18,9,852.0,9.5,1,1,2,1,0,0,3,0,0.11,0.11,0.21,0.11,0.21
ENG-Premier League,2425,Leicester City,Luke Thomas,ENG,DF,23.0,2001.0,14,13,1110.0,12.3,0,0,0,0,0,0,3,0,0.0,0.0,0.0,0.0,0.0
ENG-Premier League,2425,Leicester City,Mads Hermansen,DEN,GK,24.0,2000.0,27,27,2385.0,26.5,0,0,0,0,0,0,1,0,0.0,0.0,0.0,0.0,0.0
ENG-Premier League,2425,Leicester City,Michael Golding,ENG,MF,18.0,2006.0,1,0,1.0,0.0,0,0,0,0,0,0,0,0,0.0,0.0,0.0,0.0,0.0
ENG-Premier League,2425,Leicester City,Odsonne Édouard,FRA,FW,26.0,1998.0,4,0,29.0,0.3,0,0,0,0,0,0,0,0,0.0,0.0,0.0,0.0,0.0
ENG-Premier League,2425,Leicester City,Olabade Aluko,,DF,,,1,0,2.0,0.0,0,0,0,0,0,0,0,0,0.0,0.0,0.0,0.0,0.0
ENG-Premier League,2425,Leicester City,Oliver Skipp,ENG,MF,23.0,2000.0,24,10,1129.0,12.5,0,0,0,0,0,0,8,0,0.0,0.0,0.0,0.0,0.0
ENG-Premier League,2425,Leicester City,Patson Daka,ZAM,"MF,FW",25.0,1998.0,23,6,736.0,8.2,1,0,1,1,0,0,0,0,0.12,0.0,0.12,0.12,0.12
ENG-Premier League,2425,Leicester City,Ricardo Pereira,POR,DF,30.0,1993.0,10,4,388.0,4.3,0,0,0,0,0,0,1,0,0.0,0.0,0.0,0.0,0.0
ENG-Premier League,2425,Leicester City,Stephy Mavididi,ENG,MF,26.0,1998.0,30,16,1615.0,17.9,4,1,5,4,0,0,2,0,0.22,0.06,0.28,0.22,0.28
ENG-Premier League,2425,Leicester City,Victor Bernth Kristiansen,DEN,"DF,MF",21.0,2002.0,30,29,2482.0,27.6,0,1,1,0,0,0,1,0,0.0,0.04,0.04,0.0,0.04
ENG-Premier League,2425,Leicester City,Wilfred Ndidi,NGA,MF,27.0,1996.0,28,28,2324.0,25.8,0,5,5,0,0,0,8,0,0.0,0.19,0.19,0.0,0.19
ENG-Premier League,2425,Leicester City,Will Alves,ENG,MF,19.0,2005.0,1,0,1.0,0.0,0,0,0,0,0,0,0,0,0.0,0.0,0.0,0.0,0.0
ENG-Premier League,2425,Leicester City,Wout Faes,BEL,DF,26.0,1998.0,34,30,2815.0,31.3,1,0,1,1,0,0,4,0,0.03,0.0,0.03,0.03,0.03
ENG-Premier League,2425,Leicester City,Woyo Coulibaly,MLI,DF,25.0,1999.0,4,1,109.0,1.2,0,0,0,0,0,0,1,0,0.0,0.0,0.0,0.0,0.0
ENG-Premier League,2425,Liverpool,Alexis Mac Allister,ARG,MF,25.0,1998.0,35,30,2599.0,28.9,5,5,10,5,0,0,6,0,0.17,0.17,0.35,0.17,0.35
ENG-Premier League,2425,Liverpool,Alisson,BRA,GK,31.0,1992.0,28,28,2508.0,27.9,0,0,0,0,0,0,0,0,0.0,0.0,0.0,0.0,0.0
ENG-Premier League,2425,Liverpool,Andy Robertson,SCO,DF,30.0,1994.0,33,29,2482.0,27.6,0,1,1,0,0,0,3,1,0.0,0.04,0.04,0.0,0.04
ENG-Premier League,2425,Liverpool,Caoimhín Kelleher,IRL,GK,25.0,1998.0,10,10,900.0,10.0,0,0,0,0,0,0,0,0,0.0,0.0,0.0,0.0,0.0
ENG-Premier League,2425,Liverpool,Cody Gakpo,NED,MF,25.0,1999.0,35,23,1935.0,21.5,10,4,14,10,0,0,5,0,0.47,0.19,0.65,0.47,0.65
ENG-Premier League,2425,Liverpool,Conor Bradley,NIR,DF,21.0,2003.0,19,7,754.0,8.4,0,2,2,0,0,0,4,0,0.0,0.24,0.24,0.0,0.24
ENG-Premier League,2425,Liverpool,Curtis Jones,ENG,"MF,DF",23.0,2001.0,33,19,1712.0,19.0,3,3,6,3,0,0,3,1,0.16,0.16,0.32,0.16,0.32
ENG-Premier League,2425,Liverpool,Darwin Núñez,URU,FW,25.0,1999.0,30,8,1133.0,12.6,5,2,7,5,0,0,8,0,0.4,0.16,0.56,0.4,0.56
ENG-Premier League,2425,Liverpool,Diogo Jota,POR,FW,27.0,1996.0,26,14,1196.0,13.3,6,3,9,6,0,0,2,0,0.45,0.23,0.68,0.45,0.68
ENG-Premier League,2425,Liverpool,Dominik Szoboszlai,HUN,MF,23.0,2000.0,36,29,2491.0,27.7,6,6,12,6,0,0,6,0,0.22,0.22,0.43,0.22,0.43
ENG-Premier League,2425,Liverpool,Federico Chiesa,ITA,FW,26.0,1997.0,6,1,108.0,1.2,0,0,0,0,0,0,0,0,0.0,0.0,0.0,0.0,0.0
ENG-Premier League,2425,Liverpool,Harvey Elliott,ENG,MF,21.0,2003.0,18,2,371.0,4.1,1,2,3,1,0,0,1,0,0.24,0.49,0.73,0.24,0.73
ENG-Premier League,2425,Liverpool,Ibrahima Konaté,FRA,DF,25.0,1999.0,31,30,2560.0,28.4,1,2,3,1,0,0,5,0,0.04,0.07,0.11,0.04,0.11
ENG-Premier League,2425,Liverpool,Jarell Quansah,ENG,DF,21.0,2003.0,13,4,495.0,5.5,0,0,0,0,0,0,2,0,0.0,0.0,0.0,0.0,0.0
ENG-Premier League,2425,Liverpool,Jayden Danns,ENG,FW,18.0,2006.0,1,0,11.0,0.1,0,0,0,0,0,0,0,0,0.0,0.0,0.0,0.0,0.0
ENG-Premier League,2425,Liverpool,Joe Gomez,ENG,DF,27.0,1997.0,9,6,519.0,5.8,0,0,0,0,0,0,1,0,0.0,0.0,0.0,0.0,0.0
ENG-Premier League,2425,Liverpool,Kostas Tsimikas,GRE,DF,28.0,1996.0,18,9,837.0,9.3,0,1,1,0,0,0,2,0,0.0,0.11,0.11,0.0,0.11
ENG-Premier League,2425,Liverpool,Luis Díaz,COL,"FW,MF",27.0,1997.0,36,28,2399.0,26.7,13,5,18,13,0,0,2,0,0.49,0.19,0.68,0.49,0.68
ENG-Premier League,2425,Liverpool,Mohamed Salah,EGY,MF,32.0,1992.0,38,38,3371.0,37.5,29,18,47,20,9,9,1,0,0.77,0.48,1.25,0.53,1.01
ENG-Premier League,2425,Liverpool,Ryan Gravenberch,NED,MF,22.0,2002.0,37,37,3160.0,35.1,0,4,4,0,0,0,6,1,0.0,0.11,0.11,0.0,0.11
ENG-Premier League,2425,Liverpool,Trent Alexander-Arnold,ENG,DF,25.0,1998.0,33,28,2365.0,26.3,3,6,9,3,0,0,5,0,0.11,0.23,0.34,0.11,0.34
ENG-Premier League,2425,Liverpool,Virgil van Dijk,NED,DF,33.0,1991.0,37,37,3330.0,37.0,3,1,4,3,0,0,5,0,0.08,0.03,0.11,0.08,0.11
ENG-Premier League,2425,Liverpool,Vitezslav Jaros,CZE,GK,23.0,2001.0,1,0,12.0,0.1,0,0,0,0,0,0,0,0,0.0,0.0,0.0,0.0,0.0
ENG-Premier League,2425,Liverpool,Wataru Endo,JPN,MF,31.0,1993.0,20,1,273.0,3.0,0,0,0,0,0,0,0,0,0.0,0.0,0.0,0.0,0.0
ENG-Premier League,2425,Manchester City,Abdukodir Khusanov,UZB,DF,20.0,2004.0,6,6,503.0,5.6,0,0,0,0,0,0,1,0,0.0,0.0,0.0,0.0,0.0
ENG-Premier League,2425,Manchester City,Bernardo Silva,POR,MF,29.0,1994.0,33,29,2670.0,29.7,4,4,8,4,0,0,7,0,0.13,0.13,0.27,0.13,0.27
ENG-Premier League,2425,Manchester City,Claudio Echeverri,ARG,MF,18.0,2006.0,1,0,6.0,0.1,0,0,0,0,0,0,0,0,0.0,0.0,0.0,0.0,0.0
ENG-Premier League,2425,Manchester City,Divin Mubama,ENG,FW,19.0,2004.0,1,0,28.0,0.3,0,0,0,0,0,0,0,0,0.0,0.0,0.0,0.0,0.0
ENG-Premier League,2425,Manchester City,Ederson Moraes,BRA,GK,30.0,1993.0,26,26,2320.0,25.8,0,4,4,0,0,0,4,0,0.0,0.16,0.16,0.0,0.16
ENG-Premier League,2425,Manchester City,Erling Haaland,NOR,FW,24.0,2000.0,31,31,2736.0,30.4,22,3,25,19,3,4,2,0,0.72,0.1,0.82,0.62,0.72
ENG-Premier League,2425,Manchester City,Jack Grealish,ENG,"MF,FW",28.0,1995.0,20,7,721.0,8.0,1,1,2,1,0,0,3,0,0.12,0.12,0.25,0.12,0.25
ENG-Premier League,2425,Manchester City,Jahmai Simpson-Pusey,ENG,DF,18.0,2005.0,2,1,96.0,1.1,0,0,0,0,0,0,1,0,0.0,0.0,0.0,0.0,0.0
ENG-Premier League,2425,Manchester City,James Mcatee,ENG,MF,21.0,2002.0,15,3,349.0,3.9,3,0,3,3,0,0,1,0,0.77,0.0,0.77,0.77,0.77
ENG-Premier League,2425,Manchester City,Jeremy Doku,BEL,"MF,FW",22.0,2002.0,29,16,1516.0,16.8,3,6,9,3,0,0,1,0,0.18,0.36,0.53,0.18,0.53
ENG-Premier League,2425,Manchester City,John Stones,ENG,DF,30.0,1994.0,11,6,548.0,6.1,2,0,2,2,0,0,1,0,0.33,0.0,0.33,0.33,0.33
ENG-Premier League,2425,Manchester City,Joško Gvardiol,CRO,DF,22.0,2002.0,37,36,3277.0,36.4,5,0,5,5,0,0,2,0,0.14,0.0,0.14,0.14,0.14
ENG-Premier League,2425,Manchester City,Kevin De Bruyne,BEL,"MF,FW",33.0,1991.0,28,19,1702.0,18.9,4,7,11,4,0,0,2,0,0.21,0.37,0.58,0.21,0.58
ENG-Premier League,2425,Manchester City,Kyle Walker,ENG,DF,34.0,1990.0,15,9,970.0,10.8,0,0,0,0,0,0,3,0,0.0,0.0,0.0,0.0,0.0
ENG-Premier League,2425,Manchester City,Manuel Akanji,SUI,"DF,MF",29.0,1995.0,26,23,2014.0,22.4,0,0,0,0,0,0,3,0,0.0,0.0,0.0,0.0,0.0
ENG-Premier League,2425,Manchester City,Mateo Kovačić,CRO,"MF,DF",30.0,1994.0,31,25,2198.0,24.4,6,2,8,6,0,0,5,1,0.25,0.08,0.33,0.25,0.33
ENG-Premier League,2425,Manchester City,Matheus Nunes,POR,"DF,MF",25.0,1998.0,26,19,1674.0,18.6,1,6,7,1,0,0,4,0,0.05,0.32,0.38,0.05,0.38
ENG-Premier League,2425,Manchester City,Nathan Aké,NED,DF,29.0,1995.0,10,8,678.0,7.5,0,0,0,0,0,0,0,0,0.0,0.0,0.0,0.0,0.0
ENG-Premier League,2425,Manchester City,Nico O'Reilly,ENG,DF,19.0,2005.0,9,6,528.0,5.9,2,0,2,2,0,0,0,0,0.34,0.0,0.34,0.34,0.34
ENG-Premier League,2425,Manchester City,Nicolás González,ESP,MF,22.0,2002.0,11,9,760.0,8.4,1,0,1,1,0,0,3,0,0.12,0.0,0.12,0.12,0.12
ENG-Premier League,2425,Manchester City,Omar Marmoush,EGY,"MF,FW",25.0,1999.0,16,14,1175.0,13.1,7,0,7,7,0,0,0,0,0.54,0.0,0.54,0.54,0.54
ENG-Premier League,2425,Manchester City,Oscar Bobb,NOR,"FW,MF",21.0,2003.0,3,0,16.0,0.2,0,0,0,0,0,0,0,0,0.0,0.0,0.0,0.0,0.0
ENG-Premier League,2425,Manchester City,Phil Foden,ENG,"MF,FW",24.0,2000.0,28,20,1777.0,19.7,7,2,9,7,0,0,2,0,0.35,0.1,0.46,0.35,0.46
ENG-Premier League,2425,Manchester City,Rico Lewis,ENG,"DF,MF",19.0,2004.0,28,21,1893.0,21.0,1,2,3,1,0,0,5,1,0.05,0.1,0.14,0.05,0.14
ENG-Premier League,2425,Manchester City,Rodri,ESP,MF,28.0,1996.0,3,1,73.0,0.8,0,0,0,0,0,0,0,0,0.0,0.0,0.0,0.0,0.0
ENG-Premier League,2425,Manchester City,Rúben Dias,POR,"DF,MF",27.0,1997.0,27,25,2271.0,25.2,0,0,0,0,0,0,4,0,0.0,0.0,0.0,0.0,0.0
ENG-Premier League,2425,Manchester City,Stefan Ortega,GER,GK,31.0,1992.0,13,12,1100.0,12.2,0,0,0,0,0,0,1,0,0.0,0.0,0.0,0.0,0.0
ENG-Premier League,2425,Manchester City,Sávio,BRA,"MF,FW",20.0,2004.0,29,21,1766.0,19.6,1,8,9,1,0,0,3,0,0.05,0.41,0.46,0.05,0.46
ENG-Premier League,2425,Manchester City,Vitor Reis,BRA,DF,18.0,2006.0,1,0,1.0,0.0,0,0,0,0,0,0,0,0,0.0,0.0,0.0,0.0,0.0
ENG-Premier League,2425,Manchester City,İlkay Gündoğan,GER,MF,33.0,1990.0,33,25,2223.0,24.7,1,6,7,1,0,0,1,0,0.04,0.24,0.28,0.04,0.28
ENG-Premier League,2425,Manchester Utd,Alejandro Garnacho,ARG,MF,20.0,2004.0,36,23,2199.0,24.4,6,2,8,6,0,0,3,0,0.25,0.08,0.33,0.25,0.33
ENG-Premier League,2425,Manchester Utd,Altay Bayındır,TUR,GK,26.0,1998.0,4,4,360.0,4.0,0,0,0,0,0,0,0,0,0.0,0.0,0.0,0.0,0.0
ENG-Premier League,2425,Manchester Utd,Amad Diallo,CIV,"MF,FW",22.0,2002.0,26,20,1901.0,21.1,8,6,14,8,0,0,5,0,0.38,0.28,0.66,0.38,0.66
ENG-Premier League,2425,Manchester Utd,André Onana,CMR,GK,28.0,1996.0,34,34,3060.0,34.0,0,0,0,0,0,0,0,0,0.0,0.0,0.0,0.0,0.0
ENG-Premier League,2425,Manchester Utd,Antony,BRA,"FW,MF",24.0,2000.0,8,0,141.0,1.6,0,0,0,0,0,0,0,0,0.0,0.0,0.0,0.0,0.0
ENG-Premier League,2425,Manchester Utd,Ayden Heaven,ENG,DF,17.0,2006.0,4,2,170.0,1.9,0,0,0,0,0,0,1,0,0.0,0.0,0.0,0.0,0.0
ENG-Premier League,2425,Manchester Utd,Bruno Fernandes,POR,MF,29.0,1994.0,36,35,3018.0,33.5,8,10,18,5,3,3,5,2,0.24,0.3,0.54,0.15,0.45
ENG-Premier League,2425,Manchester Utd,Casemiro,BRA,MF,32.0,1992.0,24,18,1494.0,16.6,1,0,1,1,0,0,5,0,0.06,0.0,0.06,0.06,0.06
ENG-Premier League,2425,Manchester Utd,Chidozie Obi-Martin,DEN,FW,16.0,2007.0,7,1,165.0,1.8,0,0,0,0,0,0,1,0,0.0,0.0,0.0,0.0,0.0
ENG-Premier League,2425,Manchester Utd,Christian Eriksen,DEN,MF,32.0,1992.0,23,11,1061.0,11.8,1,2,3,0,1,1,4,0,0.08,0.17,0.25,0.0,0.17
ENG-Premier League,2425,Manchester Utd,Diogo Dalot,POR,"MF,DF",25.0,1999.0,33,31,2814.0,31.3,0,3,3,0,0,0,5,0,0.0,0.1,0.1,0.0,0.1
ENG-Premier League,2425,Manchester Utd,Harry Amass,ENG,MF,17.0,2007.0,5,4,346.0,3.8,0,0,0,0,0,0,0,0,0.0,0.0,0.0,0.0,0.0
ENG-Premier League,2425,Manchester Utd,Harry Maguire,ENG,DF,31.0,1993.0,27,19,1758.0,19.5,1,0,1,1,0,0,7,0,0.05,0.0,0.05,0.05,0.05
ENG-Premier League,2425,Manchester Utd,Jonny Evans,NIR,DF,36.0,1988.0,7,3,315.0,3.5,0,0,0,0,0,0,1,0,0.0,0.0,0.0,0.0,0.0
ENG-Premier League,2425,Manchester Utd,Joshua Zirkzee,NED,"FW,MF",23.0,2001.0,32,14,1402.0,15.6,3,1,4,3,0,0,2,0,0.19,0.06,0.26,0.19,0.26
ENG-Premier League,2425,Manchester Utd,Kobbie Mainoo,ENG,MF,19.0,2005.0,25,19,1651.0,18.3,0,0,0,0,0,0,5,0,0.0,0.0,0.0,0.0,0.0
ENG-Premier League,2425,Manchester Utd,Leny Yoro,FRA,DF,18.0,2005.0,21,12,1165.0,12.9,0,0,0,0,0,0,5,0,0.0,0.0,0.0,0.0,0.0
ENG-Premier League,2425,Manchester Utd,Lisandro Martínez,ARG,DF,26.0,1998.0,20,20,1751.0,19.5,2,1,3,2,0,0,7,0,0.1,0.05,0.15,0.1,0.15
ENG-Premier League,2425,Manchester Utd,Luke Shaw,ENG,DF,29.0,1995.0,7,4,349.0,3.9,0,0,0,0,0,0,1,0,0.0,0.0,0.0,0.0,0.0
ENG-Premier League,2425,Manchester Utd,Manuel Ugarte,URU,MF,23.0,2001.0,29,22,1785.0,19.8,1,2,3,1,0,0,11,0,0.05,0.1,0.15,0.05,0.15
ENG-Premier League,2425,Manchester Utd,Marcus Rashford,ENG,MF,26.0,1997.0,15,12,978.0,10.9,4,1,5,4,0,0,2,0,0.37,0.09,0.46,0.37,0.46
ENG-Premier League,2425,Manchester Utd,Mason Mount,ENG,"MF,FW",25.0,1999.0,17,8,622.0,6.9,1,0,1,1,0,0,3,0,0.14,0.0,0.14,0.14,0.14
ENG-Premier League,2425,Manchester Utd,Matthijs de Ligt,NED,DF,24.0,1999.0,29,25,2123.0,23.6,2,0,2,2,0,0,3,0,0.08,0.0,0.08,0.08,0.08
ENG-Premier League,2425,Manchester Utd,Noussair Mazraoui,MAR,"DF,MF",26.0,1997.0,37,34,2838.0,31.5,0,1,1,0,0,0,3,0,0.0,0.03,0.03,0.0,0.03
ENG-Premier League,2425,Manchester Utd,Patrick Dorgu,DEN,MF,19.0,2004.0,12,10,842.0,9.4,0,0,0,0,0,0,3,1,0.0,0.0,0.0,0.0,0.0
ENG-Premier League,2425,Manchester Utd,Rasmus Højlund,DEN,FW,21.0,2003.0,32,23,2004.0,22.3,4,0,4,4,0,0,2,0,0.18,0.0,0.18,0.18,0.18
ENG-Premier League,2425,Manchester Utd,Scott McTominay,SCO,MF,27.0,1996.0,2,0,19.0,0.2,0,0,0,0,0,0,0,0,0.0,0.0,0.0,0.0,0.0
ENG-Premier League,2425,Manchester Utd,Toby Collyer,ENG,MF,20.0,2004.0,6,0,179.0,2.0,0,0,0,0,0,0,0,0,0.0,0.0,0.0,0.0,0.0
ENG-Premier League,2425,Manchester Utd,Tyler Fredricson,ENG,DF,19.0,2005.0,2,2,165.0,1.8,0,0,0,0,0,0,0,0,0.0,0.0,0.0,0.0,0.0
ENG-Premier League,2425,Manchester Utd,Tyrell Malacia,NED,MF,24.0,1999.0,3,2,100.0,1.1,0,0,0,0,0,0,1,0,0.0,0.0,0.0,0.0,0.0
ENG-Premier League,2425,Manchester Utd,Victor Lindelöf,SWE,DF,30.0,1994.0,16,6,704.0,7.8,0,0,0,0,0,0,1,0,0.0,0.0,0.0,0.0,0.0
ENG-Premier League,2425,Newcastle,Alexander Isak,SWE,FW,24.0,1999.0,34,34,2756.0,30.6,23,6,29,19,4,4,1,0,0.75,0.2,0.95,0.62,0.82
ENG-Premier League,2425,Newcastle,Anthony Gordon,ENG,"FW,MF",23.0,2001.0,34,28,2434.0,27.0,6,5,11,5,1,2,2,0,0.22,0.18,0.41,0.18,0.37
ENG-Premier League,2425,Newcastle,Bruno Guimarães,BRA,MF,26.0,1997.0,38,38,3271.0,36.3,5,6,11,5,0,0,7,0,0.14,0.17,0.3,0.14,0.3
ENG-Premier League,2425,Newcastle,Callum Wilson,ENG,FW,32.0,1992.0,18,2,370.0,4.1,0,0,0,0,0,0,1,0,0.0,0.0,0.0,0.0,0.0
ENG-Premier League,2425,Newcastle,Dan Burn,ENG,DF,32.0,1992.0,37,37,3330.0,37.0,1,1,2,1,0,0,11,0,0.03,0.03,0.05,0.03,0.05
ENG-Premier League,2425,Newcastle,Emil Krafth,SWE,DF,29.0,1994.0,12,2,342.0,3.8,0,0,0,0,0,0,2,0,0.0,0.0,0.0,0.0,0.0
ENG-Premier League,2425,Newcastle,Fabian Schär,SUI,DF,32.0,1991.0,34,33,2934.0,32.6,4,0,4,4,0,0,9,1,0.12,0.0,0.12,0.12,0.12
ENG-Premier League,2425,Newcastle,Harvey Barnes,ENG,"FW,MF",26.0,1997.0,33,17,1755.0,19.5,9,4,13,9,0,0,0,0,0.46,0.21,0.67,0.46,0.67
ENG-Premier League,2425,Newcastle,Jacob Murphy,ENG,"FW,MF",29.0,1995.0,35,31,2360.0,26.2,8,12,20,8,0,0,4,0,0.31,0.46,0.76,0.31,0.76
ENG-Premier League,2425,Newcastle,Joe Willock,ENG,MF,24.0,1999.0,32,11,1086.0,12.1,0,2,2,0,0,0,4,0,0.0,0.17,0.17,0.0,0.17
ENG-Premier League,2425,Newcastle,Joelinton,BRA,"MF,FW",27.0,1996.0,29,29,2393.0,26.6,4,3,7,4,0,0,10,0,0.15,0.11,0.26,0.15,0.26
ENG-Premier League,2425,Newcastle,Kieran Trippier,ENG,DF,33.0,1990.0,25,14,1309.0,14.5,0,3,3,0,0,0,1,0,0.0,0.21,0.21,0.0,0.21
ENG-Premier League,2425,Newcastle,Lewis Hall,ENG,DF,19.0,2004.0,27,24,2189.0,24.3,0,4,4,0,0,0,3,0,0.0,0.16,0.16,0.0,0.16
ENG-Premier League,2425,Newcastle,Lewis Miley,ENG,MF,18.0,2006.0,14,1,313.0,3.5,1,0,1,1,0,0,0,0,0.29,0.0,0.29,0.29,0.29
ENG-Premier League,2425,Newcastle,Lloyd Kelly,ENG,DF,25.0,1998.0,10,4,303.0,3.4,0,1,1,0,0,0,2,0,0.0,0.3,0.3,0.0,0.3
ENG-Premier League,2425,Newcastle,Martin Dúbravka,SVK,GK,35.0,1989.0,10,10,900.0,10.0,0,0,0,0,0,0,0,0,0.0,0.0,0.0,0.0,0.0
ENG-Premier League,2425,Newcastle,Matt Targett,ENG,"DF,MF",28.0,1995.0,2,0,21.0,0.2,0,0,0,0,0,0,0,0,0.0,0.0,0.0,0.0,0.0
ENG-Premier League,2425,Newcastle,Miguel Almirón,PAR,FW,30.0,1994.0,9,1,157.0,1.7,0,0,0,0,0,0,0,0,0.0,0.0,0.0,0.0,0.0
ENG-Premier League,2425,Newcastle,Nick Pope,ENG,GK,32.0,1992.0,28,28,2520.0,28.0,0,0,0,0,0,0,2,0,0.0,0.0,0.0,0.0,0.0
ENG-Premier League,2425,Newcastle,Sandro Tonali,ITA,MF,24.0,2000.0,36,28,2630.0,29.2,4,2,6,4,0,0,5,0,0.14,0.07,0.21,0.14,0.21
ENG-Premier League,2425,Newcastle,Sean Longstaff,ENG,MF,26.0,1997.0,25,8,798.0,8.9,0,0,0,0,0,0,2,0,0.0,0.0,0.0,0.0,0.0
ENG-Premier League,2425,Newcastle,Sven Botman,NED,DF,24.0,2000.0,8,6,412.0,4.6,0,0,0,0,0,0,1,0,0.0,0.0,0.0,0.0,0.0
ENG-Premier League,2425,Newcastle,Tino Livramento,ENG,DF,21.0,2002.0,37,32,2840.0,31.6,0,1,1,0,0,0,1,0,0.0,0.03,0.03,0.0,0.03
ENG-Premier League,2425,Newcastle,William Osula,DEN,FW,20.0,2003.0,14,0,134.0,1.5,1,0,1,1,0,0,0,0,0.67,0.0,0.67,0.67,0.67
ENG-Premier League,2425,Nottingham,Anthony Elanga,SWE,"MF,FW",22.0,2002.0,38,31,2501.0,27.8,6,11,17,6,0,0,1,0,0.22,0.4,0.61,0.22,0.61
ENG-Premier League,2425,Nottingham,Callum Hudson-Odoi,ENG,MF,23.0,2000.0,31,25,2194.0,24.4,5,2,7,5,0,0,2,0,0.21,0.08,0.29,0.21,0.29
ENG-Premier League,2425,Nottingham,Chris Wood,NZL,FW,32.0,1991.0,36,35,2959.0,32.9,20,3,23,17,3,3,1,0,0.61,0.09,0.7,0.52,0.61
ENG-Premier League,2425,Nottingham,Danilo Santos,BRA,MF,23.0,2001.0,8,5,275.0,3.1,0,0,0,0,0,0,0,0,0.0,0.0,0.0,0.0,0.0
ENG-Premier League,2425,Nottingham,Elliot Anderson,ENG,MF,21.0,2002.0,37,33,2728.0,30.3,2,6,8,2,0,0,10,0,0.07,0.2,0.26,0.07,0.26
ENG-Premier League,2425,Nottingham,Eric da Silva Moreira,GER,DF,18.0,2006.0,2,0,30.0,0.3,0,0,0,0,0,0,0,0,0.0,0.0,0.0,0.0,0.0
ENG-Premier League,2425,Nottingham,Harry Toffolo,ENG,DF,28.0,1995.0,4,1,137.0,1.5,0,0,0,0,0,0,1,0,0.0,0.0,0.0,0.0,0.0
ENG-Premier League,2425,Nottingham,Ibrahim Sangaré,CIV,MF,26.0,1997.0,13,7,590.0,6.6,0,1,1,0,0,0,3,0,0.0,0.15,0.15,0.0,0.15
ENG-Premier League,2425,Nottingham,James Ward-Prowse,ENG,MF,29.0,1994.0,9,5,400.0,4.4,0,1,1,0,0,0,2,1,0.0,0.23,0.23,0.0,0.23
ENG-Premier League,2425,Nottingham,Jota Silva,POR,MF,24.0,1999.0,31,5,854.0,9.5,3,1,4,3,0,0,5,0,0.32,0.11,0.42,0.32,0.42
ENG-Premier League,2425,Nottingham,Matz Sels,BEL,GK,32.0,1992.0,38,38,3420.0,38.0,0,0,0,0,0,0,4,0,0.0,0.0,0.0,0.0,0.0
ENG-Premier League,2425,Nottingham,Morato,BRA,DF,23.0,2001.0,26,6,907.0,10.1,0,0,0,0,0,0,5,0,0.0,0.0,0.0,0.0,0.0
ENG-Premier League,2425,Nottingham,Morgan Gibbs-White,ENG,MF,24.0,2000.0,34,34,2803.0,31.1,7,8,15,7,0,0,11,1,0.22,0.26,0.48,0.22,0.48
ENG-Premier League,2425,Nottingham,Murillo,BRA,DF,22.0,2002.0,36,36,3188.0,35.4,2,0,2,2,0,0,6,0,0.06,0.0,0.06,0.06,0.06
ENG-Premier League,2425,Nottingham,Neco Williams,WAL,"DF,MF",23.0,2001.0,35,28,2594.0,28.8,1,3,4,1,0,0,7,0,0.03,0.1,0.14,0.03,0.14
ENG-Premier League,2425,Nottingham,Nicolás Domínguez,ARG,MF,26.0,1998.0,34,23,1963.0,21.8,0,1,1,0,0,0,9,0,0.0,0.05,0.05,0.0,0.05
ENG-Premier League,2425,Nottingham,Nikola Milenković,SRB,DF,26.0,1997.0,37,37,3330.0,37.0,5,2,7,5,0,0,4,0,0.14,0.05,0.19,0.14,0.19
ENG-Premier League,2425,Nottingham,Ola Aina,NGA,DF,27.0,1996.0,35,35,2995.0,33.3,2,1,3,2,0,0,5,0,0.06,0.03,0.09,0.06,0.09
ENG-Premier League,2425,Nottingham,Ramón Sosa,PAR,MF,24.0,1999.0,19,1,295.0,3.3,1,0,1,1,0,0,1,0,0.31,0.0,0.31,0.31,0.31
ENG-Premier League,2425,Nottingham,Ryan Yates,ENG,MF,26.0,1997.0,35,18,1915.0,21.3,2,1,3,2,0,0,10,0,0.09,0.05,0.14,0.09,0.14
ENG-Premier League,2425,Nottingham,Taiwo Awoniyi,NGA,FW,26.0,1997.0,26,3,416.0,4.6,1,0,1,1,0,0,0,0,0.22,0.0,0.22,0.22,0.22
ENG-Premier League,2425,Nottingham,Willy Boly,CIV,DF,33.0,1991.0,6,1,150.0,1.7,0,0,0,0,0,0,1,0,0.0,0.0,0.0,0.0,0.0
ENG-Premier League,2425,Nottingham,Álex Moreno,ESP,DF,31.0,1993.0,15,11,955.0,10.6,0,1,1,0,0,0,2,0,0.0,0.09,0.09,0.0,0.09
ENG-Premier League,2425,Southampton,Aaron Ramsdale,ENG,GK,26.0,1998.0,30,30,2700.0,30.0,0,0,0,0,0,0,2,0,0.0,0.0,0.0,0.0,0.0
ENG-Premier League,2425,Southampton,Adam Armstrong,ENG,"FW,MF",27.0,1997.0,20,15,1248.0,13.9,2,2,4,2,0,1,4,0,0.14,0.14,0.29,0.14,0.29
ENG-Premier League,2425,Southampton,Adam Lallana,ENG,MF,36.0,1988.0,14,5,361.0,4.0,0,2,2,0,0,0,4,0,0.0,0.5,0.5,0.0,0.5
ENG-Premier League,2425,Southampton,Albert Grønbaek,DEN,"MF,FW",23.0,2001.0,4,2,143.0,1.6,0,0,0,0,0,0,0,0,0.0,0.0,0.0,0.0,0.0
ENG-Premier League,2425,Southampton,Alex McCarthy,ENG,GK,34.0,1989.0,5,5,450.0,5.0,0,0,0,0,0,0,0,0,0.0,0.0,0.0,0.0,0.0
ENG-Premier League,2425,Southampton,Armel Bella Kotchap,GER,DF,22.0,2001.0,4,2,331.0,3.7,0,0,0,0,0,0,0,0,0.0,0.0,0.0,0.0,0.0
ENG-Premier League,2425,Southampton,Ben Brereton,CHI,"FW,MF",25.0,1999.0,10,4,449.0,5.0,0,0,0,0,0,0,1,0,0.0,0.0,0.0,0.0,0.0
ENG-Premier League,2425,Southampton,Cameron Archer,ENG,FW,23.0,2001.0,35,13,1441.0,16.0,2,0,2,2,0,1,0,0,0.12,0.0,0.12,0.12,0.12
ENG-Premier League,2425,Southampton,Carlos Alcaraz,ARG,MF,21.0,2002.0,1,0,10.0,0.1,0,0,0,0,0,0,0,0,0.0,0.0,0.0,0.0,0.0
ENG-Premier League,2425,Southampton,Charlie Taylor,ENG,DF,30.0,1993.0,8,3,356.0,4.0,0,0,0,0,0,0,1,0,0.0,0.0,0.0,0.0,0.0
ENG-Premier League,2425,Southampton,Flynn Downes,ENG,MF,25.0,1999.0,27,25,2151.0,23.9,1,0,1,1,0,0,12,0,0.04,0.0,0.04,0.04,0.04
ENG-Premier League,2425,Southampton,Jack Stephens,ENG,DF,30.0,1994.0,19,17,1389.0,15.4,1,0,1,1,0,0,2,2,0.06,0.0,0.06,0.06,0.06
ENG-Premier League,2425,Southampton,James Bree,ENG,"DF,MF",26.0,1997.0,17,13,1075.0,11.9,0,1,1,0,0,0,0,0,0.0,0.08,0.08,0.0,0.08
ENG-Premier League,2425,Southampton,Jan Bednarek,POL,DF,28.0,1996.0,30,30,2531.0,28.1,2,0,2,2,0,0,7,0,0.07,0.0,0.07,0.07,0.07
ENG-Premier League,2425,Southampton,Jay Robinson,ENG,MF,17.0,2007.0,4,1,137.0,1.5,0,0,0,0,0,0,0,0,0.0,0.0,0.0,0.0,0.0
ENG-Premier League,2425,Southampton,Joachim Kayi Sanda,FRA,DF,17.0,2006.0,2,0,14.0,0.2,0,0,0,0,0,0,0,0,0.0,0.0,0.0,0.0,0.0
ENG-Premier League,2425,Southampton,Joe Aribo,NGA,MF,28.0,1996.0,32,21,2013.0,22.4,3,0,3,3,0,0,1,0,0.13,0.0,0.13,0.13,0.13
ENG-Premier League,2425,Southampton,Joe Lumley,ENG,GK,29.0,1995.0,3,3,270.0,3.0,0,0,0,0,0,0,0,0,0.0,0.0,0.0,0.0,0.0
ENG-Premier League,2425,Southampton,Kamaldeen Sulemana,GHA,"FW,MF",22.0,2002.0,26,17,1402.0,15.6,1,1,2,1,0,0,2,0,0.06,0.06,0.13,0.06,0.13
ENG-Premier League,2425,Southampton,Kyle Walker-Peters,ENG,"MF,DF",27.0,1997.0,33,33,2918.0,32.4,0,2,2,0,0,0,5,0,0.0,0.06,0.06,0.0,0.06
ENG-Premier League,2425,Southampton,Lesley Ugochukwu,FRA,MF,20.0,2004.0,26,18,1655.0,18.4,1,1,2,1,0,0,7,0,0.05,0.05,0.11,0.05,0.11
ENG-Premier League,2425,Southampton,Mateus Fernandes,POR,MF,20.0,2004.0,36,34,2909.0,32.3,2,4,6,2,0,0,8,0,0.06,0.12,0.19,0.06,0.19
ENG-Premier League,2425,Southampton,Maxwel Cornet,CIV,MF,27.0,1996.0,2,1,72.0,0.8,0,0,0,0,0,0,1,0,0.0,0.0,0.0,0.0,0.0
ENG-Premier League,2425,Southampton,Nathan Wood-Gordon,ENG,DF,22.0,2002.0,11,9,773.0,8.6,0,0,0,0,0,0,2,0,0.0,0.0,0.0,0.0,0.0
ENG-Premier League,2425,Southampton,Paul Onuachu,NGA,FW,30.0,1994.0,25,11,1050.0,11.7,4,1,5,4,0,0,4,0,0.34,0.09,0.43,0.34,0.43
ENG-Premier League,2425,Southampton,Ronnie Edwards,ENG,DF,21.0,2003.0,1,0,12.0,0.1,0,0,0,0,0,0,0,0,0.0,0.0,0.0,0.0,0.0
ENG-Premier League,2425,Southampton,Ross Stewart,SCO,FW,28.0,1996.0,12,4,389.0,4.3,1,0,1,1,0,0,1,0,0.23,0.0,0.23,0.23,0.23
ENG-Premier League,2425,Southampton,Ryan Fraser,SCO,"MF,DF",30.0,1994.0,8,4,306.0,3.4,0,0,0,0,0,0,0,1,0.0,0.0,0.0,0.0,0.0
ENG-Premier League,2425,Southampton,Ryan Manning,IRL,"DF,MF",28.0,1996.0,24,18,1462.0,16.2,0,1,1,0,0,0,2,0,0.0,0.06,0.06,0.0,0.06
ENG-Premier League,2425,Southampton,Samuel Amo-Ameyaw,ENG,"FW,MF",18.0,2006.0,2,0,28.0,0.3,0,0,0,0,0,0,1,0,0.0,0.0,0.0,0.0,0.0
ENG-Premier League,2425,Southampton,Samuel Edozie,ENG,"FW,MF",21.0,2003.0,2,0,65.0,0.7,0,0,0,0,0,0,1,0,0.0,0.0,0.0,0.0,0.0
ENG-Premier League,2425,Southampton,Taylor Harwood-Bellis,ENG,DF,22.0,2002.0,34,32,2825.0,31.4,1,0,1,1,0,0,9,0,0.03,0.0,0.03,0.03,0.03
ENG-Premier League,2425,Southampton,Tyler Dibling,ENG,"MF,FW",18.0,2006.0,33,20,1874.0,20.8,2,0,2,2,0,0,6,0,0.1,0.0,0.1,0.1,0.1
ENG-Premier League,2425,Southampton,Welington,BRA,"MF,DF",23.0,2001.0,10,6,482.0,5.4,0,0,0,0,0,0,1,0,0.0,0.0,0.0,0.0,0.0
ENG-Premier League,2425,Southampton,William Smallbone,IRL,MF,24.0,2000.0,18,6,690.0,7.7,1,0,1,1,0,0,1,0,0.13,0.0,0.13,0.13,0.13
ENG-Premier League,2425,Southampton,Yukinari Sugawara,JPN,"MF,DF",24.0,2000.0,30,16,1557.0,17.3,1,1,2,1,0,0,4,0,0.06,0.06,0.12,0.06,0.12
ENG-Premier League,2425,Tottenham,Alfie Dorrington,ENG,DF,19.0,2005.0,1,0,14.0,0.2,0,0,0,0,0,0,0,0,0.0,0.0,0.0,0.0,0.0
ENG-Premier League,2425,Tottenham,Antonín Kinský,CZE,GK,21.0,2003.0,6,6,540.0,6.0,0,0,0,0,0,0,0,0,0.0,0.0,0.0,0.0,0.0
ENG-Premier League,2425,Tottenham,Archie Gray,ENG,"DF,MF",18.0,2006.0,28,19,1751.0,19.5,0,0,0,0,0,0,1,0,0.0,0.0,0.0,0.0,0.0
ENG-Premier League,2425,Tottenham,Ben Davies,WAL,DF,31.0,1993.0,17,14,1331.0,14.8,0,0,0,0,0,0,5,0,0.0,0.0,0.0,0.0,0.0
ENG-Premier League,2425,Tottenham,Brandon Austin,ENG,GK,25.0,1999.0,1,1,90.0,1.0,0,0,0,0,0,0,0,0,0.0,0.0,0.0,0.0,0.0
ENG-Premier League,2425,Tottenham,Brennan Johnson,WAL,"FW,MF",23.0,2001.0,33,24,2177.0,24.2,11,3,14,11,0,0,5,0,0.45,0.12,0.58,0.45,0.58
ENG-Premier League,2425,Tottenham,Cristian Romero,ARG,DF,26.0,1998.0,18,18,1416.0,15.7,1,0,1,1,0,0,3,0,0.06,0.0,0.06,0.06,0.06
ENG-Premier League,2425,Tottenham,Dane Scarlett,ENG,FW,20.0,2004.0,3,0,34.0,0.4,0,1,1,0,0,0,0,0,0.0,2.65,2.65,0.0,2.65
ENG-Premier League,2425,Tottenham,Dejan Kulusevski,SWE,"MF,FW",24.0,2000.0,32,27,2389.0,26.5,7,4,11,7,0,0,3,0,0.26,0.15,0.41,0.26,0.41
ENG-Premier League,2425,Tottenham,Destiny Udogie,ITA,DF,21.0,2002.0,25,24,1924.0,21.4,0,1,1,0,0,0,2,0,0.0,0.05,0.05,0.0,0.05
ENG-Premier League,2425,Tottenham,Djed Spence,ENG,DF,23.0,2000.0,25,19,1792.0,19.9,1,2,3,1,0,0,4,1,0.05,0.1,0.15,0.05,0.15
ENG-Premier League,2425,Tottenham,Dominic Solanke,ENG,FW,26.0,1997.0,27,25,2201.0,24.5,9,3,12,8,1,1,0,0,0.37,0.12,0.49,0.33,0.45
ENG-Premier League,2425,Tottenham,Fraser Forster,ENG,GK,36.0,1988.0,7,7,630.0,7.0,0,0,0,0,0,0,0,0,0.0,0.0,0.0,0.0,0.0
ENG-Premier League,2425,Tottenham,Guglielmo Vicario,ITA,GK,27.0,1996.0,24,24,2160.0,24.0,0,0,0,0,0,0,1,0,0.0,0.0,0.0,0.0,0.0
ENG-Premier League,2425,Tottenham,James Maddison,ENG,MF,27.0,1996.0,31,21,1809.0,20.1,9,7,16,9,0,0,6,0,0.45,0.35,0.8,0.45,0.8
ENG-Premier League,2425,Tottenham,Kevin Danso,AUT,DF,25.0,1998.0,10,9,842.0,9.4,0,0,0,0,0,0,0,0,0.0,0.0,0.0,0.0,0.0
ENG-Premier League,2425,Tottenham,Lucas Bergvall,SWE,MF,18.0,2006.0,27,11,1212.0,13.5,0,1,1,0,0,0,3,0,0.0,0.07,0.07,0.0,0.07
ENG-Premier League,2425,Tottenham,Mathys Tel,FRA,FW,19.0,2005.0,13,11,911.0,10.1,2,1,3,1,1,1,2,0,0.2,0.1,0.3,0.1,0.2
ENG-Premier League,2425,Tottenham,Micky van de Ven,NED,DF,23.0,2001.0,13,12,1015.0,11.3,0,2,2,0,0,0,4,0,0.0,0.18,0.18,0.0,0.18
ENG-Premier League,2425,Tottenham,Mikey Moore,ENG,"MF,FW",16.0,2007.0,10,3,366.0,4.1,0,1,1,0,0,0,0,0,0.0,0.25,0.25,0.0,0.25
ENG-Premier League,2425,Tottenham,Pape Matar Sarr,SEN,MF,21.0,2002.0,36,22,1913.0,21.3,3,2,5,3,0,0,6,0,0.14,0.09,0.24,0.14,0.24
ENG-Premier League,2425,Tottenham,Pedro Porro,ESP,DF,24.0,1999.0,33,28,2610.0,29.0,2,6,8,2,0,0,5,0,0.07,0.21,0.28,0.07,0.28
ENG-Premier League,2425,Tottenham,Radu Drăgușin,ROU,DF,22.0,2002.0,16,14,1252.0,13.9,0,0,0,0,0,0,1,0,0.0,0.0,0.0,0.0,0.0
ENG-Premier League,2425,Tottenham,Richarlison,BRA,FW,27.0,1997.0,15,4,504.0,5.6,4,1,5,4,0,0,2,0,0.71,0.18,0.89,0.71,0.89
ENG-Premier League,2425,Tottenham,Rodrigo Bentancur,URU,MF,27.0,1997.0,26,21,1645.0,18.3,2,0,2,2,0,0,9,0,0.11,0.0,0.11,0.11,0.11
ENG-Premier League,2425,Tottenham,Sergio Reguilón,ESP,DF,27.0,1996.0,4,1,196.0,2.2,0,0,0,0,0,0,2,0,0.0,0.0,0.0,0.0,0.0
ENG-Premier League,2425,Tottenham,Son Heung-min,KOR,"FW,MF",32.0,1992.0,30,24,2110.0,23.4,7,9,16,6,1,2,1,0,0.3,0.38,0.68,0.26,0.64
ENG-Premier League,2425,Tottenham,Timo Werner,GER,"FW,MF",28.0,1996.0,18,4,516.0,5.7,0,3,3,0,0,0,0,0,0.0,0.52,0.52,0.0,0.52
ENG-Premier League,2425,Tottenham,Will Lankshear,ENG,FW,19.0,2005.0,3,0,11.0,0.1,0,0,0,0,0,0,0,0,0.0,0.0,0.0,0.0,0.0
ENG-Premier League,2425,Tottenham,Wilson Odobert,FRA,"FW,MF",19.0,2004.0,16,9,850.0,9.4,1,0,1,1,0,0,0,0,0.11,0.0,0.11,0.11,0.11
ENG-Premier League,2425,Tottenham,Yves Bissouma,MLI,MF,27.0,1996.0,28,16,1408.0,15.6,2,0,2,2,0,0,7,0,0.13,0.0,0.13,0.13,0.13
ENG-Premier League,2425,West Ham,Aaron Cresswell,ENG,DF,34.0,1989.0,18,10,824.0,9.2,0,0,0,0,0,0,3,0,0.0,0.0,0.0,0.0,0.0
ENG-Premier League,2425,West Ham,Aaron Wan-Bissaka,COD,"DF,MF",26.0,1997.0,36,35,3154.0,35.0,2,5,7,2,0,0,1,0,0.06,0.14,0.2,0.06,0.2
ENG-Premier League,2425,West Ham,Alphonse Areola,FRA,GK,31.0,1993.0,26,25,2260.0,25.1,0,0,0,0,0,0,0,0,0.0,0.0,0.0,0.0,0.0
ENG-Premier League,2425,West Ham,Andy Irving,SCO,MF,24.0,2000.0,10,1,166.0,1.8,0,0,0,0,0,0,2,0,0.0,0.0,0.0,0.0,0.0
ENG-Premier League,2425,West Ham,Carlos Soler,ESP,MF,27.0,1997.0,31,14,1409.0,15.7,1,1,2,1,0,0,6,0,0.06,0.06,0.13,0.06,0.13
ENG-Premier League,2425,West Ham,Crysencio Summerville,NED,"MF,FW",22.0,2001.0,19,7,786.0,8.7,1,1,2,1,0,0,2,0,0.11,0.11,0.23,0.11,0.23
ENG-Premier League,2425,West Ham,Danny Ings,ENG,FW,32.0,1992.0,15,1,284.0,3.2,1,2,3,1,0,0,0,0,0.32,0.63,0.95,0.32,0.95
ENG-Premier League,2425,West Ham,Edson Álvarez,MEX,MF,26.0,1997.0,28,20,1772.0,19.7,0,1,1,0,0,0,9,1,0.0,0.05,0.05,0.0,0.05
ENG-Premier League,2425,West Ham,Emerson Palmieri,ITA,"DF,MF",29.0,1994.0,31,26,2113.0,23.5,2,1,3,2,0,0,5,0,0.09,0.04,0.13,0.09,0.13
ENG-Premier League,2425,West Ham,Evan Ferguson,IRL,FW,19.0,2004.0,8,1,156.0,1.7,0,0,0,0,0,0,0,0,0.0,0.0,0.0,0.0,0.0
ENG-Premier League,2425,West Ham,Guido Rodríguez,ARG,MF,30.0,1994.0,23,16,1149.0,12.8,0,1,1,0,0,0,6,0,0.0,0.08,0.08,0.0,0.08
ENG-Premier League,2425,West Ham,James Ward-Prowse,ENG,MF,29.0,1994.0,15,12,1039.0,11.5,1,1,2,1,0,0,2,0,0.09,0.09,0.17,0.09,0.17
ENG-Premier League,2425,West Ham,Jarrod Bowen,ENG,"MF,FW",27.0,1996.0,34,34,2973.0,33.0,13,8,21,12,1,1,1,0,0.39,0.24,0.64,0.36,0.61
ENG-Premier League,2425,West Ham,Jean-Clair Todibo,FRA,DF,24.0,1999.0,27,20,1825.0,20.3,0,0,0,0,0,0,3,0,0.0,0.0,0.0,0.0,0.0
ENG-Premier League,2425,West Ham,Kaelan Casey,ENG,DF,19.0,2004.0,1,0,1.0,0.0,0,0,0,0,0,0,0,0,0.0,0.0,0.0,0.0,0.0
ENG-Premier League,2425,West Ham,Konstantinos Mavropanos,GRE,DF,26.0,1997.0,33,21,2045.0,22.7,0,0,0,0,0,0,6,1,0.0,0.0,0.0,0.0,0.0
ENG-Premier League,2425,West Ham,Lewis Orford,ENG,MF,18.0,2006.0,2,0,49.0,0.5,0,0,0,0,0,0,0,0,0.0,0.0,0.0,0.0,0.0
ENG-Premier League,2425,West Ham,Lucas Paquetá,BRA,"MF,FW",26.0,1997.0,33,27,2380.0,26.4,4,0,4,2,2,2,10,0,0.15,0.0,0.15,0.08,0.08
ENG-Premier League,2425,West Ham,Luis Guilherme,BRA,MF,18.0,2006.0,12,1,150.0,1.7,0,0,0,0,0,0,0,0,0.0,0.0,0.0,0.0,0.0
ENG-Premier League,2425,West Ham,Max Kilman,ENG,DF,27.0,1997.0,38,38,3348.0,37.2,0,1,1,0,0,0,5,0,0.0,0.03,0.03,0.0,0.03
ENG-Premier League,2425,West Ham,Michail Antonio,JAM,FW,34.0,1990.0,14,11,836.0,9.3,1,1,2,1,0,0,1,0,0.11,0.11,0.22,0.11,0.22
ENG-Premier League,2425,West Ham,Mohammed Kudus,GHA,"MF,FW",23.0,2000.0,32,31,2590.0,28.8,5,3,8,5,0,0,2,1,0.17,0.1,0.28,0.17,0.28
ENG-Premier League,2425,West Ham,Niclas Füllkrug,GER,FW,31.0,1993.0,18,6,790.0,8.8,3,2,5,3,0,0,2,0,0.34,0.23,0.57,0.34,0.57
ENG-Premier League,2425,West Ham,Oliver Scarles,ENG,"MF,DF",18.0,2005.0,15,7,665.0,7.4,0,0,0,0,0,0,1,0,0.0,0.0,0.0,0.0,0.0
ENG-Premier League,2425,West Ham,Tomáš Souček,CZE,MF,29.0,1995.0,35,30,2567.0,28.5,9,1,10,9,0,0,8,0,0.32,0.04,0.35,0.32,0.35
ENG-Premier League,2425,West Ham,Vladimír Coufal,CZE,"DF,MF",31.0,1992.0,22,11,1067.0,11.9,0,0,0,0,0,0,5,0,0.0,0.0,0.0,0.0,0.0
ENG-Premier League,2425,West Ham,Łukasz Fabiański,POL,GK,39.0,1985.0,14,13,1160.0,12.9,0,0,0,0,0,0,2,0,0.0,0.0,0.0,0.0,0.0
ENG-Premier League,2425,Wolves,Alfie Pond,ENG,DF,20.0,2004.0,1,0,1.0,0.0,0,0,0,0,0,0,0,0,0.0,0.0,0.0,0.0,0.0
ENG-Premier League,2425,Wolves,André,BRA,MF,23.0,2001.0,33,31,2472.0,27.5,0,0,0,0,0,0,7,0,0.0,0.0,0.0,0.0,0.0
ENG-Premier League,2425,Wolves,Boubacar Traoré,MLI,MF,22.0,2001.0,1,0,1.0,0.0,0,0,0,0,0,0,0,0,0.0,0.0,0.0,0.0,0.0
ENG-Premier League,2425,Wolves,Carlos Forbs,POR,MF,20.0,2004.0,10,1,239.0,2.7,0,0,0,0,0,0,2,0,0.0,0.0,0.0,0.0,0.0
ENG-Premier League,2425,Wolves,Chiquinho,POR,"FW,MF",24.0,2000.0,1,0,7.0,0.1,0,0,0,0,0,0,0,0,0.0,0.0,0.0,0.0,0.0
ENG-Premier League,2425,Wolves,Craig Dawson,ENG,DF,34.0,1990.0,15,10,971.0,10.8,0,0,0,0,0,0,2,0,0.0,0.0,0.0,0.0,0.0
ENG-Premier League,2425,Wolves,Daniel Bentley,ENG,GK,31.0,1993.0,2,2,180.0,2.0,0,0,0,0,0,0,0,0,0.0,0.0,0.0,0.0,0.0
ENG-Premier League,2425,Wolves,Daniel Podence,POR,"FW,MF",28.0,1995.0,2,0,48.0,0.5,0,0,0,0,0,0,0,0,0.0,0.0,0.0,0.0,0.0
ENG-Premier League,2425,Wolves,Emmanuel Agbadou,CIV,DF,27.0,1997.0,16,16,1410.0,15.7,1,0,1,1,0,0,3,0,0.06,0.0,0.06,0.06,0.06
ENG-Premier League,2425,Wolves,Gonçalo Guedes,POR,"MF,FW",27.0,1996.0,29,10,995.0,11.1,2,4,6,2,0,0,1,0,0.18,0.36,0.54,0.18,0.54
ENG-Premier League,2425,Wolves,Hwang Hee-chan,KOR,"MF,FW",28.0,1996.0,21,5,661.0,7.3,2,0,2,2,0,0,0,0,0.27,0.0,0.27,0.27,0.27
ENG-Premier League,2425,Wolves,Jean-Ricner Bellegarde,HAI,MF,26.0,1998.0,35,20,1677.0,18.6,2,7,9,2,0,0,3,0,0.11,0.38,0.48,0.11,0.48
ENG-Premier League,2425,Wolves,José Sá,POR,GK,31.0,1993.0,29,29,2609.0,29.0,0,0,0,0,0,0,2,0,0.0,0.0,0.0,0.0,0.0
ENG-Premier League,2425,Wolves,João Gomes,BRA,MF,23.0,2001.0,36,35,2974.0,33.0,3,1,4,3,0,0,11,1,0.09,0.03,0.12,0.09,0.12
ENG-Premier League,2425,Wolves,Jørgen Strand Larsen,NOR,FW,24.0,2000.0,35,30,2587.0,28.7,14,4,18,14,0,0,4,0,0.49,0.14,0.63,0.49,0.63
ENG-Premier League,2425,Wolves,Mario Lemina,GAB,"MF,DF",30.0,1993.0,17,15,1364.0,15.2,1,3,4,1,0,0,4,0,0.07,0.2,0.26,0.07,0.26
ENG-Premier League,2425,Wolves,Marshall Munetsi,ZIM,"MF,FW",28.0,1996.0,14,12,1078.0,12.0,2,1,3,2,0,0,0,0,0.17,0.08,0.25,0.17,0.25
ENG-Premier League,2425,Wolves,Mateus Mane,POR,MF,16.0,2007.0,1,0,2.0,0.0,0,0,0,0,0,0,0,0,0.0,0.0,0.0,0.0,0.0
ENG-Premier League,2425,Wolves,Matheus Cunha,BRA,MF,25.0,1999.0,33,29,2597.0,28.9,15,6,21,15,0,0,4,0,0.52,0.21,0.73,0.52,0.73
ENG-Premier League,2425,Wolves,Matt Doherty,IRL,"DF,MF",32.0,1992.0,30,25,2109.0,23.4,2,1,3,2,0,0,6,0,0.09,0.04,0.13,0.09,0.13
ENG-Premier League,2425,Wolves,Nasser Djiga,BFA,DF,21.0,2002.0,5,1,66.0,0.7,0,0,0,0,0,0,0,0,0.0,0.0,0.0,0.0,0.0
ENG-Premier League,2425,Wolves,Nélson Semedo,POR,"MF,DF",30.0,1993.0,34,32,2886.0,32.1,0,4,4,0,0,0,8,0,0.0,0.12,0.12,0.0,0.12
ENG-Premier League,2425,Wolves,Pablo Sarabia,ESP,MF,32.0,1992.0,23,7,814.0,9.0,3,2,5,3,0,0,3,0,0.33,0.22,0.55,0.33,0.55
ENG-Premier League,2425,Wolves,Pedro Lima,BRA,MF,18.0,2006.0,3,1,70.0,0.8,0,0,0,0,0,0,0,0,0.0,0.0,0.0,0.0,0.0
ENG-Premier League,2425,Wolves,Rayan Aït-Nouri,ALG,"MF,DF",23.0,2001.0,37,37,3109.0,34.5,4,7,11,4,0,0,7,1,0.12,0.2,0.32,0.12,0.32
ENG-Premier League,2425,Wolves,Rodrigo Gomes,POR,MF,21.0,2003.0,25,7,810.0,9.0,2,0,2,2,0,0,0,0,0.22,0.0,0.22,0.22,0.22
ENG-Premier League,2425,Wolves,Sam Johnstone,ENG,GK,31.0,1993.0,7,7,630.0,7.0,0,0,0,0,0,0,0,0,0.0,0.0,0.0,0.0,0.0
ENG-Premier League,2425,Wolves,Santiago Bueno,URU,DF,25.0,1998.0,29,18,1687.0,18.7,0,0,0,0,0,0,2,0,0.0,0.0,0.0,0.0,0.0
ENG-Premier League,2425,Wolves,Tom King,WAL,GK,29.0,1995.0,1,0,1.0,0.0,0,0,0,0,0,0,0,0,0.0,0.0,0.0,0.0,0.0
ENG-Premier League,2425,Wolves,Tommy Doyle,ENG,MF,22.0,2001.0,24,3,488.0,5.4,0,1,1,0,0,0,1,0,0.0,0.18,0.18,0.0,0.18
ENG-Premier League,2425,Wolves,Toti Gomes,POR,DF,25.0,1999.0,31,30,2614.0,29.0,0,1,1,0,0,0,7,0,0.0,0.03,0.03,0.0,0.03
ENG-Premier League,2425,Wolves,Yerson Mosquera,COL,DF,23.0,2001.0,5,5,441.0,4.9,0,0,0,0,0,0,2,0,0.0,0.0,0.0,0.0,0.0
ENG-Premier League,2526,Arsenal,Ben White,ENG,DF,27.0,1997.0,12,9,702.0,7.8,0,1,1,0,0,0,0,0,0.0,0.13,0.13,0.0,0.13
ENG-Premier League,2526,Arsenal,Bukayo Saka,ENG,"FW,MF",23.0,2001.0,31,25,2222.0,24.7,7,5,12,6,1,1,2,0,0.28,0.2,0.49,0.24,0.45
ENG-Premier League,2526,Arsenal,Christian Nørgaard,DEN,MF,31.0,1994.0,7,1,106.0,1.2,0,0,0,0,0,0,0,0,0.0,0.0,0.0,0.0,0.0
ENG-Premier League,2526,Arsenal,Cristhian Mosquera,ESP,DF,21.0,2004.0,20,9,994.0,11.0,0,0,0,0,0,0,4,0,0.0,0.0,0.0,0.0,0.0
ENG-Premier League,2526,Arsenal,David Raya,ESP,GK,29.0,1995.0,37,37,3330.0,37.0,0,0,0,0,0,0,1,0,0.0,0.0,0.0,0.0,0.0
ENG-Premier League,2526,Arsenal,Declan Rice,ENG,MF,26.0,1999.0,36,35,3094.0,34.4,4,5,9,4,0,0,3,0,0.12,0.15,0.26,0.12,0.26
ENG-Premier League,2526,Arsenal,Eberechi Eze,ENG,"MF,FW",27.0,1998.0,32,21,1812.0,20.1,7,2,9,7,0,0,1,0,0.35,0.1,0.45,0.35,0.45
ENG-Premier League,2526,Arsenal,Ethan Nwaneri,ENG,MF,18.0,2007.0,6,0,171.0,1.9,0,0,0,0,0,0,0,0,0.0,0.0,0.0,0.0,0.0
ENG-Premier League,2526,Arsenal,Gabriel Jesus,BRA,FW,28.0,1997.0,14,3,429.0,4.8,3,0,3,3,0,0,3,0,0.63,0.0,0.63,0.63,0.63
ENG-Premier League,2526,Arsenal,Gabriel Magalhães,BRA,DF,27.0,1997.0,32,30,2751.0,30.6,3,4,7,3,0,0,4,0,0.1,0.13,0.23,0.1,0.23
ENG-Premier League,2526,Arsenal,Gabriel Martinelli,BRA,"FW,MF",24.0,2001.0,30,11,1081.0,12.0,1,4,5,1,0,0,3,0,0.08,0.33,0.42,0.08,0.42
ENG-Premier League,2526,Arsenal,Jurriën Timber,NED,DF,24.0,2001.0,30,28,2454.0,27.3,3,5,8,3,0,0,5,0,0.11,0.18,0.29,0.11,0.29
ENG-Premier League,2526,Arsenal,Kai Havertz,GER,"FW,MF",26.0,1999.0,12,7,581.0,6.5,2,3,5,2,0,0,1,0,0.31,0.46,0.77,0.31,0.77
ENG-Premier League,2526,Arsenal,Kepa Arrizabalaga,ESP,GK,30.0,1994.0,1,1,90.0,1.0,0,0,0,0,0,0,0,0,0.0,0.0,0.0,0.0,0.0
ENG-Premier League,2526,Arsenal,Leandro Trossard,BEL,"FW,MF",30.0,1994.0,31,21,2000.0,22.2,6,6,12,6,0,0,2,0,0.27,0.27,0.54,0.27,0.54
ENG-Premier League,2526,Arsenal,Martin Ødegaard,NOR,MF,26.0,1998.0,24,16,1369.0,15.2,1,6,7,1,0,0,0,0,0.07,0.39,0.46,0.07,0.46
ENG-Premier League,2526,Arsenal,Martín Zubimendi,ESP,MF,26.0,1999.0,38,34,2992.0,33.2,5,1,6,5,0,0,4,0,0.15,0.03,0.18,0.15,0.18
ENG-Premier League,2526,Arsenal,Max Dowman,ENG,MF,15.0,2009.0,6,1,157.0,1.7,1,0,1,1,0,0,0,0,0.57,0.0,0.57,0.57,0.57
ENG-Premier League,2526,Arsenal,Mikel Merino,ESP,"MF,FW",29.0,1996.0,22,10,1036.0,11.5,4,3,7,4,0,0,1,0,0.35,0.26,0.61,0.35,0.61
ENG-Premier League,2526,Arsenal,Myles Lewis-Skelly,ENG,"MF,DF",18.0,2006.0,20,5,709.0,7.9,0,0,0,0,0,0,3,0,0.0,0.0,0.0,0.0,0.0
ENG-Premier League,2526,Arsenal,Noni Madueke,ENG,"FW,MF",23.0,2002.0,26,16,1211.0,13.5,3,1,4,3,0,0,0,0,0.22,0.07,0.3,0.22,0.3
ENG-Premier League,2526,Arsenal,Piero Hincapié,ECU,DF,23.0,2002.0,25,20,1792.0,19.9,1,2,3,1,0,0,2,0,0.05,0.1,0.15,0.05,0.15
ENG-Premier League,2526,Arsenal,Riccardo Calafiori,ITA,DF,23.0,2002.0,26,22,1699.0,18.9,1,2,3,1,0,0,5,0,0.05,0.11,0.16,0.05,0.16
ENG-Premier League,2526,Arsenal,Viktor Gyökeres,SWE,FW,27.0,1998.0,36,26,2224.0,24.7,14,1,15,11,3,3,5,0,0.57,0.04,0.61,0.45,0.49
ENG-Premier League,2526,Arsenal,William Saliba,FRA,DF,24.0,2001.0,31,30,2614.0,29.0,1,0,1,1,0,0,2,0,0.03,0.0,0.03,0.03,0.03
ENG-Premier League,2526,Aston Villa,Alysson,BRA,MF,19.0,2006.0,3,0,49.0,0.5,0,0,0,0,0,0,0,0,0.0,0.0,0.0,0.0,0.0
ENG-Premier League,2526,Aston Villa,Amadou Onana,BEL,MF,23.0,2001.0,25,21,1758.0,19.5,2,0,2,2,0,0,3,0,0.1,0.0,0.1,0.1,0.1
ENG-Premier League,2526,Aston Villa,Andrés García,ESP,DF,22.0,2003.0,6,1,86.0,1.0,0,0,0,0,0,0,0,0,0.0,0.0,0.0,0.0,0.0
ENG-Premier League,2526,Aston Villa,Boubacar Kamara,FRA,MF,25.0,1999.0,18,17,1411.0,15.7,1,3,4,1,0,0,5,0,0.06,0.19,0.26,0.06,0.26
ENG-Premier League,2526,Aston Villa,Bradley Burrowes,ENG,MF,17.0,2008.0,1,0,17.0,0.2,0,0,0,0,0,0,0,0,0.0,0.0,0.0,0.0,0.0
ENG-Premier League,2526,Aston Villa,Donyell Malen,NED,"FW,MF",26.0,1999.0,21,5,656.0,7.3,4,1,5,4,0,0,0,0,0.55,0.14,0.69,0.55,0.69
ENG-Premier League,2526,Aston Villa,Douglas Luiz,BRA,MF,27.0,1998.0,13,7,604.0,6.7,1,0,1,1,0,0,1,0,0.15,0.0,0.15,0.15,0.15
ENG-Premier League,2526,Aston Villa,Emi Buendía,ARG,MF,28.0,1996.0,36,21,1755.0,19.5,6,2,8,6,0,0,6,0,0.31,0.1,0.41,0.31,0.41
ENG-Premier League,2526,Aston Villa,Emiliano Martínez,ARG,GK,32.0,1992.0,32,32,2835.0,31.5,0,1,1,0,0,0,2,0,0.0,0.03,0.03,0.0,0.03
ENG-Premier League,2526,Aston Villa,Evann Guessand,CIV,MF,24.0,2001.0,13,6,588.0,6.5,0,1,1,0,0,0,0,0,0.0,0.15,0.15,0.0,0.15
ENG-Premier League,2526,Aston Villa,Ezri Konsa,ENG,DF,27.0,1997.0,34,34,3035.0,33.7,0,0,0,0,0,0,0,1,0.0,0.0,0.0,0.0,0.0
ENG-Premier League,2526,Aston Villa,George Hemmings,ENG,MF,18.0,2007.0,2,0,27.0,0.3,0,0,0,0,0,0,0,0,0.0,0.0,0.0,0.0,0.0
ENG-Premier League,2526,Aston Villa,Harvey Elliott,ENG,MF,22.0,2003.0,4,1,112.0,1.2,0,0,0,0,0,0,0,0,0.0,0.0,0.0,0.0,0.0
ENG-Premier League,2526,Aston Villa,Ian Maatsen,NED,DF,23.0,2002.0,30,17,1605.0,17.8,0,1,1,0,0,0,2,0,0.0,0.06,0.06,0.0,0.06
ENG-Premier League,2526,Aston Villa,Jadon Sancho,ENG,MF,25.0,2000.0,23,9,876.0,9.7,0,2,2,0,0,0,0,0,0.0,0.21,0.21,0.0,0.21
ENG-Premier League,2526,Aston Villa,Jamaldeen Jimoh,ENG,MF,18.0,2006.0,1,0,9.0,0.1,0,0,0,0,0,0,0,0,0.0,0.0,0.0,0.0,0.0
ENG-Premier League,2526,Aston Villa,John McGinn,SCO,MF,30.0,1994.0,30,28,2137.0,23.7,5,4,9,5,0,0,5,0,0.21,0.17,0.38,0.21,0.38
ENG-Premier League,2526,Aston Villa,Lamare Bogarde,NED,"MF,DF",21.0,2004.0,28,11,1053.0,11.7,0,0,0,0,0,0,5,0,0.0,0.0,0.0,0.0,0.0
ENG-Premier League,2526,Aston Villa,Leon Bailey,JAM,MF,27.0,1997.0,13,3,459.0,5.1,0,1,1,0,0,0,1,0,0.0,0.2,0.2,0.0,0.2
ENG-Premier League,2526,Aston Villa,Lucas Digne,FRA,DF,32.0,1993.0,31,21,1852.0,20.6,0,6,6,0,0,0,3,0,0.0,0.29,0.29,0.0,0.29
ENG-Premier League,2526,Aston Villa,Marco Bizot,NED,GK,34.0,1991.0,7,6,585.0,6.5,0,0,0,0,0,0,2,0,0.0,0.0,0.0,0.0,0.0
ENG-Premier League,2526,Aston Villa,Matty Cash,POL,DF,27.0,1997.0,35,34,3014.0,33.5,3,3,6,3,0,0,9,0,0.09,0.09,0.18,0.09,0.18
ENG-Premier League,2526,Aston Villa,Morgan Rogers,ENG,MF,23.0,2002.0,37,37,3280.0,36.4,10,6,16,10,0,0,7,0,0.27,0.16,0.44,0.27,0.44
ENG-Premier League,2526,Aston Villa,Ollie Watkins,ENG,FW,29.0,1995.0,37,33,2839.0,31.5,16,3,19,16,0,0,4,0,0.51,0.1,0.6,0.51,0.6
ENG-Premier League,2526,Aston Villa,Pau Torres,ESP,DF,28.0,1997.0,21,18,1676.0,18.6,0,0,0,0,0,0,1,0,0.0,0.0,0.0,0.0,0.0
ENG-Premier League,2526,Aston Villa,Ross Barkley,ENG,MF,31.0,1993.0,21,7,857.0,9.5,3,1,4,3,0,0,1,0,0.32,0.11,0.42,0.32,0.42
ENG-Premier League,2526,Aston Villa,Tammy Abraham,ENG,FW,27.0,1997.0,12,2,286.0,3.2,2,0,2,2,0,0,0,0,0.63,0.0,0.63,0.63,0.63
ENG-Premier League,2526,Aston Villa,Tyrone Mings,ENG,DF,32.0,1993.0,17,15,1324.0,14.7,0,0,0,0,0,0,1,0,0.0,0.0,0.0,0.0,0.0
ENG-Premier League,2526,Aston Villa,Victor Lindelöf,SWE,"DF,MF",31.0,1994.0,17,11,948.0,10.5,0,1,1,0,0,0,0,0,0.0,0.09,0.09,0.0,0.09
ENG-Premier League,2526,Aston Villa,Youri Tielemans,BEL,MF,28.0,1997.0,25,21,1862.0,20.7,0,4,4,0,0,0,0,0,0.0,0.19,0.19,0.0,0.19
ENG-Premier League,2526,Bournemouth,Adam Smith,ENG,DF,34.0,1991.0,22,14,1077.0,12.0,0,2,2,0,0,0,3,0,0.0,0.17,0.17,0.0,0.17
ENG-Premier League,2526,Bournemouth,Adrien Truffert,FRA,DF,23.0,2001.0,38,38,3379.0,37.5,1,5,6,1,0,0,5,0,0.03,0.13,0.16,0.03,0.16
ENG-Premier League,2526,Bournemouth,Alex Scott,ENG,MF,21.0,2003.0,37,34,2849.0,31.7,3,1,4,3,0,0,5,0,0.09,0.03,0.13,0.09,0.13
ENG-Premier League,2526,Bournemouth,Alex Tóth,HUN,MF,19.0,2005.0,9,2,140.0,1.6,0,0,0,0,0,0,1,0,0.0,0.0,0.0,0.0,0.0
ENG-Premier League,2526,Bournemouth,Amine Adli,MAR,MF,25.0,2000.0,31,10,1094.0,12.2,3,1,4,3,0,0,2,0,0.25,0.08,0.33,0.25,0.33
ENG-Premier League,2526,Bournemouth,Antoine Semenyo,GHA,MF,25.0,2000.0,20,20,1798.0,20.0,10,3,13,9,1,2,6,0,0.5,0.15,0.65,0.45,0.6
ENG-Premier League,2526,Bournemouth,Bafodé Diakité,FRA,DF,24.0,2001.0,18,15,1277.0,14.2,0,0,0,0,0,0,1,0,0.0,0.0,0.0,0.0,0.0
ENG-Premier League,2526,Bournemouth,Ben Gannon-Doak,SCO,MF,19.0,2005.0,8,0,113.0,1.3,0,1,1,0,0,0,0,0,0.0,0.8,0.8,0.0,0.8
ENG-Premier League,2526,Bournemouth,Ben Winterburn,ENG,MF,20.0,2004.0,1,0,7.0,0.1,0,0,0,0,0,0,0,0,0.0,0.0,0.0,0.0,0.0
ENG-Premier League,2526,Bournemouth,David Brooks,WAL,MF,28.0,1997.0,31,13,1204.0,13.4,1,3,4,1,0,0,7,0,0.07,0.22,0.3,0.07,0.3
ENG-Premier League,2526,Bournemouth,Eli Junior Kroupi,FRA,"MF,FW",19.0,2006.0,33,21,1672.0,18.6,13,0,13,11,2,2,5,0,0.7,0.0,0.7,0.59,0.59
ENG-Premier League,2526,Bournemouth,Enes Ünal,TUR,FW,28.0,1997.0,23,0,232.0,2.6,1,0,1,1,0,0,1,0,0.39,0.0,0.39,0.39,0.39
ENG-Premier League,2526,Bournemouth,Evanilson,BRA,FW,25.0,1999.0,36,32,2742.0,30.5,6,1,7,6,0,0,2,0,0.2,0.03,0.23,0.2,0.23
ENG-Premier League,2526,Bournemouth,Hamed Junior Traorè,CIV,MF,25.0,2000.0,1,0,17.0,0.2,0,1,1,0,0,0,0,0,0.0,5.29,5.29,0.0,5.29
ENG-Premier League,2526,Bournemouth,James Hill,ENG,DF,23.0,2002.0,29,22,2106.0,23.4,0,3,3,0,0,0,5,0,0.0,0.13,0.13,0.0,0.13
ENG-Premier League,2526,Bournemouth,Julio Soler,ARG,DF,20.0,2005.0,3,0,35.0,0.4,0,0,0,0,0,0,0,0,0.0,0.0,0.0,0.0,0.0
ENG-Premier League,2526,Bournemouth,Justin Kluivert,NED,MF,26.0,1999.0,20,10,952.0,10.6,2,0,2,2,0,0,5,0,0.19,0.0,0.19,0.19,0.19
ENG-Premier League,2526,Bournemouth,Lewis Cook,ENG,"MF,DF",28.0,1997.0,18,8,874.0,9.7,0,1,1,0,0,0,1,1,0.0,0.1,0.1,0.0,0.1
ENG-Premier League,2526,Bournemouth,Marcos Senesi,ARG,DF,28.0,1997.0,37,37,3288.0,36.5,0,5,5,0,0,0,8,0,0.0,0.14,0.14,0.0,0.14
ENG-Premier League,2526,Bournemouth,Marcus Tavernier,ENG,MF,26.0,1999.0,34,31,2731.0,30.3,7,4,11,5,2,2,6,0,0.23,0.13,0.36,0.16,0.3
ENG-Premier League,2526,Bournemouth,Rayan,BRA,MF,18.0,2006.0,15,13,1111.0,12.3,5,2,7,5,0,0,1,0,0.41,0.16,0.57,0.41,0.57
ENG-Premier League,2526,Bournemouth,Ryan Christie,SCO,MF,30.0,1995.0,26,9,994.0,11.0,2,0,2,2,0,0,3,1,0.18,0.0,0.18,0.18,0.18
ENG-Premier League,2526,Bournemouth,Tyler Adams,USA,MF,26.0,1999.0,25,21,1772.0,19.7,2,2,4,2,0,0,8,0,0.1,0.1,0.2,0.1,0.2
ENG-Premier League,2526,Bournemouth,Veljko Milosavljević,SRB,DF,18.0,2007.0,7,4,368.0,4.1,0,0,0,0,0,0,0,0,0.0,0.0,0.0,0.0,0.0
ENG-Premier League,2526,Bournemouth,Álex Jiménez,ESP,"DF,MF",20.0,2005.0,31,26,2317.0,25.7,1,0,1,1,0,0,10,0,0.04,0.0,0.04,0.04,0.04
ENG-Premier League,2526,Bournemouth,Đorđe Petrović,SRB,GK,25.0,1999.0,38,38,3420.0,38.0,0,0,0,0,0,0,3,0,0.0,0.0,0.0,0.0,0.0
ENG-Premier League,2526,Brentford,Aaron Hickey,SCO,"DF,MF",23.0,2002.0,21,8,691.0,7.7,0,0,0,0,0,0,1,0,0.0,0.0,0.0,0.0,0.0
ENG-Premier League,2526,Brentford,Antoni Milambo,NED,MF,20.0,2005.0,1,1,45.0,0.5,0,0,0,0,0,0,0,0,0.0,0.0,0.0,0.0,0.0
ENG-Premier League,2526,Brentford,Caoimhín Kelleher,IRL,GK,26.0,1998.0,37,37,3330.0,37.0,0,0,0,0,0,0,1,0,0.0,0.0,0.0,0.0,0.0
ENG-Premier League,2526,Brentford,Dango Ouattara,BFA,MF,23.0,2002.0,32,25,2276.0,25.3,7,3,10,7,0,0,5,0,0.28,0.12,0.4,0.28,0.4
ENG-Premier League,2526,Brentford,Ethan Pinnock,JAM,DF,32.0,1993.0,4,4,318.0,3.5,0,0,0,0,0,0,1,0,0.0,0.0,0.0,0.0,0.0
ENG-Premier League,2526,Brentford,Fabio Carvalho,POR,MF,22.0,2002.0,6,1,102.0,1.1,1,0,1,1,0,0,0,0,0.88,0.0,0.88,0.88,0.88
ENG-Premier League,2526,Brentford,Frank Onyeka,NGA,MF,27.0,1998.0,6,0,92.0,1.0,0,1,1,0,0,0,0,0,0.0,0.98,0.98,0.0,0.98
ENG-Premier League,2526,Brentford,Hákon Valdimarsson,ISL,GK,23.0,2001.0,1,1,90.0,1.0,0,0,0,0,0,0,0,0,0.0,0.0,0.0,0.0,0.0
ENG-Premier League,2526,Brentford,Igor Thiago,BRA,FW,24.0,2001.0,38,37,3282.0,36.5,22,1,23,14,8,9,7,0,0.6,0.03,0.63,0.38,0.41
ENG-Premier League,2526,Brentford,Jordan Henderson,ENG,MF,35.0,1990.0,32,22,1919.0,21.3,1,3,4,1,0,0,6,0,0.05,0.14,0.19,0.05,0.19
ENG-Premier League,2526,Brentford,Josh Dasilva,ENG,MF,26.0,1998.0,2,0,3.0,0.0,0,0,0,0,0,0,0,0,0.0,0.0,0.0,0.0,0.0
ENG-Premier League,2526,Brentford,Kaye Furo,BEL,FW,18.0,2007.0,1,0,1.0,0.0,0,0,0,0,0,0,0,0,0.0,0.0,0.0,0.0,0.0
ENG-Premier League,2526,Brentford,Keane Lewis-Potter,ENG,"DF,MF",24.0,2001.0,36,22,1972.0,21.9,3,3,6,3,0,0,1,0,0.14,0.14,0.27,0.14,0.27
ENG-Premier League,2526,Brentford,Kevin Schade,GER,"MF,FW",23.0,2001.0,35,32,2745.0,30.5,8,3,11,8,0,1,6,1,0.26,0.1,0.36,0.26,0.36
ENG-Premier League,2526,Brentford,Kristoffer Ajer,NOR,DF,27.0,1998.0,27,20,1810.0,20.1,0,1,1,0,0,0,4,0,0.0,0.05,0.05,0.0,0.05
ENG-Premier League,2526,Brentford,Mathias Jensen,DEN,MF,29.0,1996.0,36,26,2247.0,25.0,3,1,4,3,0,0,3,0,0.12,0.04,0.16,0.12,0.16
ENG-Premier League,2526,Brentford,Michael Kayode,ITA,DF,21.0,2004.0,37,37,3258.0,36.2,1,1,2,1,0,0,8,0,0.03,0.03,0.06,0.03,0.06
ENG-Premier League,2526,Brentford,Mikkel Damsgaard,DEN,MF,25.0,2000.0,33,24,2054.0,22.8,4,4,8,4,0,0,0,0,0.18,0.18,0.35,0.18,0.35
ENG-Premier League,2526,Brentford,Myles Peart-Harris,ENG,MF,22.0,2002.0,1,0,1.0,0.0,0,0,0,0,0,0,0,0,0.0,0.0,0.0,0.0,0.0
ENG-Premier League,2526,Brentford,Nathan Collins,IRL,DF,24.0,2001.0,35,32,2975.0,33.1,1,2,3,1,0,0,7,0,0.03,0.06,0.09,0.03,0.09
ENG-Premier League,2526,Brentford,Reiss Nelson,ENG,"FW,MF",25.0,1999.0,10,0,126.0,1.4,0,1,1,0,0,0,0,0,0.0,0.71,0.71,0.0,0.71
ENG-Premier League,2526,Brentford,Rico Henry,JAM,DF,28.0,1997.0,25,14,1328.0,14.8,0,1,1,0,0,0,2,0,0.0,0.07,0.07,0.0,0.07
ENG-Premier League,2526,Brentford,Romelle Donovan,ENG,FW,18.0,2006.0,4,0,41.0,0.5,0,0,0,0,0,0,0,0,0.0,0.0,0.0,0.0,0.0
ENG-Premier League,2526,Brentford,Sepp van den Berg,NED,DF,23.0,2001.0,32,30,2763.0,30.7,0,2,2,0,0,0,2,0,0.0,0.07,0.07,0.0,0.07
ENG-Premier League,2526,Brentford,Vitaly Janelt,GER,MF,27.0,1998.0,25,15,1443.0,16.0,1,4,5,1,0,0,8,0,0.06,0.25,0.31,0.06,0.31
ENG-Premier League,2526,Brentford,Yehor Yarmoliuk,UKR,MF,21.0,2004.0,37,30,2659.0,29.5,1,2,3,1,0,0,7,0,0.03,0.07,0.1,0.03,0.1
ENG-Premier League,2526,Brighton,Bart Verbruggen,NED,GK,22.0,2002.0,38,38,3420.0,38.0,0,0,0,0,0,0,3,0,0.0,0.0,0.0,0.0,0.0
ENG-Premier League,2526,Brighton,Brajan Gruda,GER,MF,21.0,2004.0,18,8,719.0,8.0,1,1,2,1,0,0,2,0,0.13,0.13,0.25,0.13,0.25
ENG-Premier League,2526,Brighton,Carlos Baleba,CMR,MF,21.0,2004.0,31,23,1652.0,18.4,0,0,0,0,0,0,5,0,0.0,0.0,0.0,0.0,0.0
ENG-Premier League,2526,Brighton,Charalampos Kostoulas,GRE,FW,18.0,2007.0,21,2,369.0,4.1,2,1,3,2,0,0,2,0,0.49,0.24,0.73,0.49,0.73
ENG-Premier League,2526,Brighton,Danny Welbeck,ENG,FW,34.0,1990.0,37,26,2258.0,25.1,13,1,14,12,1,3,5,0,0.52,0.04,0.56,0.48,0.52
ENG-Premier League,2526,Brighton,Diego Coppola,ITA,DF,21.0,2003.0,5,2,194.0,2.2,0,0,0,0,0,0,2,0,0.0,0.0,0.0,0.0,0.0
ENG-Premier League,2526,Brighton,Diego Gómez,PAR,"MF,FW",22.0,2003.0,32,26,2120.0,23.6,5,1,6,5,0,0,9,0,0.21,0.04,0.25,0.21,0.25
ENG-Premier League,2526,Brighton,Ferdi Kadioglu,TUR,"DF,MF",25.0,1999.0,37,34,3133.0,34.8,1,0,1,1,0,0,6,0,0.03,0.0,0.03,0.03,0.03
ENG-Premier League,2526,Brighton,Georginio Rutter,FRA,"MF,FW",23.0,2002.0,32,20,1786.0,19.8,3,3,6,3,0,0,2,0,0.15,0.15,0.3,0.15,0.3
ENG-Premier League,2526,Brighton,Harry Howell,ENG,MF,17.0,2008.0,3,1,94.0,1.0,0,0,0,0,0,0,0,0,0.0,0.0,0.0,0.0,0.0
ENG-Premier League,2526,Brighton,Jack Hinshelwood,ENG,MF,20.0,2005.0,27,20,1741.0,19.3,4,3,7,4,0,0,0,0,0.21,0.16,0.36,0.21,0.36
ENG-Premier League,2526,Brighton,James Milner,ENG,MF,39.0,1986.0,20,7,784.0,8.7,1,1,2,0,1,1,2,0,0.11,0.11,0.23,0.0,0.11
ENG-Premier League,2526,Brighton,Jan Paul van Hecke,NED,DF,25.0,2000.0,36,36,3210.0,35.7,3,3,6,3,0,0,9,0,0.08,0.08,0.17,0.08,0.17
ENG-Premier League,2526,Brighton,Joe Knight,ENG,MF,19.0,2005.0,1,0,1.0,0.0,0,0,0,0,0,0,0,0,0.0,0.0,0.0,0.0,0.0
ENG-Premier League,2526,Brighton,Joël Veltman,NED,DF,33.0,1992.0,24,9,1058.0,11.8,1,0,1,1,0,0,5,0,0.09,0.0,0.09,0.09,0.09
ENG-Premier League,2526,Brighton,Kaoru Mitoma,JPN,"MF,FW",28.0,1997.0,25,19,1721.0,19.1,3,1,4,3,0,0,5,0,0.16,0.05,0.21,0.16,0.21
ENG-Premier League,2526,Brighton,Lewis Dunk,ENG,DF,33.0,1991.0,33,31,2838.0,31.5,1,0,1,1,0,0,10,0,0.03,0.0,0.03,0.03,0.03
ENG-Premier League,2526,Brighton,Mats Wieffer,NED,DF,25.0,1999.0,26,23,1903.0,21.1,2,3,5,2,0,0,8,0,0.09,0.14,0.24,0.09,0.24
ENG-Premier League,2526,Brighton,Matt O'Riley,DEN,MF,24.0,2000.0,6,2,204.0,2.3,1,0,1,0,1,1,0,0,0.44,0.0,0.44,0.0,0.0
ENG-Premier League,2526,Brighton,Maxim De Cuyper,BEL,"DF,MF",24.0,2000.0,30,17,1414.0,15.7,2,3,5,2,0,0,2,0,0.13,0.19,0.32,0.13,0.32
ENG-Premier League,2526,Brighton,Nehemiah Oriola,ENG,MF,18.0,2007.0,1,0,1.0,0.0,0,0,0,0,0,0,0,0,0.0,0.0,0.0,0.0,0.0
ENG-Premier League,2526,Brighton,Olivier Boscagli,FRA,DF,27.0,1997.0,12,9,802.0,8.9,0,1,1,0,0,0,2,0,0.0,0.11,0.11,0.0,0.11
ENG-Premier League,2526,Brighton,Pascal Groß,GER,MF,34.0,1991.0,19,18,1636.0,18.2,1,3,4,1,0,0,2,0,0.06,0.17,0.22,0.06,0.22
ENG-Premier League,2526,Brighton,Solly March,ENG,MF,31.0,1994.0,4,0,41.0,0.5,0,0,0,0,0,0,0,0,0.0,0.0,0.0,0.0,0.0
ENG-Premier League,2526,Brighton,Stefanos Tzimas,GRE,FW,19.0,2006.0,9,1,139.0,1.5,1,1,2,1,0,0,0,0,0.65,0.65,1.29,0.65,1.29
ENG-Premier League,2526,Brighton,Tom Watson,ENG,MF,19.0,2006.0,6,0,62.0,0.7,0,0,0,0,0,0,1,0,0.0,0.0,0.0,0.0,0.0
ENG-Premier League,2526,Brighton,Yankuba Minteh,GAM,MF,21.0,2004.0,34,26,2391.0,26.6,3,4,7,3,0,0,3,0,0.11,0.15,0.26,0.11,0.26
ENG-Premier League,2526,Brighton,Yasin Ayari,SWE,MF,21.0,2003.0,29,20,1929.0,21.4,3,3,6,3,0,0,1,0,0.14,0.14,0.28,0.14,0.28
ENG-Premier League,2526,Burnley,Armando Broja,ALB,FW,23.0,2001.0,24,8,860.0,9.6,1,1,2,1,0,0,0,0,0.1,0.1,0.21,0.1,0.21
ENG-Premier League,2526,Burnley,Ashley Barnes,ENG,"FW,MF",35.0,1989.0,7,0,46.0,0.5,0,0,0,0,0,0,2,0,0.0,0.0,0.0,0.0,0.0
ENG-Premier League,2526,Burnley,Axel Tuanzebe,COD,DF,27.0,1997.0,14,14,1201.0,13.3,1,0,1,1,0,0,1,0,0.07,0.0,0.07,0.07,0.07
ENG-Premier League,2526,Burnley,Bashir Humphreys,ENG,"DF,MF",22.0,2003.0,20,17,1578.0,17.5,0,0,0,0,0,0,6,0,0.0,0.0,0.0,0.0,0.0
ENG-Premier League,2526,Burnley,Florentino Luís,POR,MF,25.0,1999.0,31,25,2105.0,23.4,0,2,2,0,0,0,6,0,0.0,0.09,0.09,0.0,0.09
ENG-Premier League,2526,Burnley,Hannibal Mejbri,TUN,MF,22.0,2003.0,27,15,1229.0,13.7,1,4,5,1,0,0,10,0,0.07,0.29,0.37,0.07,0.37
ENG-Premier League,2526,Burnley,Hjalmar Ekdal,SWE,DF,26.0,1998.0,19,17,1539.0,17.1,0,0,0,0,0,0,0,0,0.0,0.0,0.0,0.0,0.0
ENG-Premier League,2526,Burnley,Jacob Bruun Larsen,DEN,"MF,FW",26.0,1998.0,28,10,1030.0,11.4,0,1,1,0,0,0,0,0,0.0,0.09,0.09,0.0,0.09
ENG-Premier League,2526,Burnley,Jaidon Anthony,ENG,MF,25.0,1999.0,37,32,2722.0,30.2,8,2,10,8,0,0,4,0,0.26,0.07,0.33,0.26,0.33
ENG-Premier League,2526,Burnley,James Ward-Prowse,ENG,MF,30.0,1994.0,13,7,684.0,7.6,0,1,1,0,0,0,1,0,0.0,0.13,0.13,0.0,0.13
ENG-Premier League,2526,Burnley,Jaydon Amauri Banel,NED,"FW,MF",20.0,2004.0,1,0,10.0,0.1,0,0,0,0,0,0,0,0,0.0,0.0,0.0,0.0,0.0
ENG-Premier League,2526,Burnley,Joe Worrall,ENG,DF,28.0,1997.0,11,5,500.0,5.6,0,0,0,0,0,0,0,0,0.0,0.0,0.0,0.0,0.0
ENG-Premier League,2526,Burnley,Josh Cullen,IRL,MF,29.0,1996.0,18,18,1514.0,16.8,2,2,4,2,0,0,2,0,0.12,0.12,0.24,0.12,0.24
ENG-Premier League,2526,Burnley,Josh Laurent,ENG,"DF,MF",30.0,1995.0,33,18,1764.0,19.6,1,0,1,1,0,0,7,1,0.05,0.0,0.05,0.05,0.05
ENG-Premier League,2526,Burnley,Kyle Walker,ENG,"DF,MF",35.0,1990.0,36,35,3096.0,34.4,0,2,2,0,0,0,9,0,0.0,0.06,0.06,0.0,0.06
ENG-Premier League,2526,Burnley,Lesley Ugochukwu,FRA,MF,21.0,2004.0,35,27,2336.0,26.0,3,1,4,3,0,0,3,1,0.12,0.04,0.15,0.12,0.15
ENG-Premier League,2526,Burnley,Loum Tchaouna,FRA,"MF,FW",21.0,2003.0,29,14,1272.0,14.1,2,1,3,2,0,0,2,0,0.14,0.07,0.21,0.14,0.21
ENG-Premier League,2526,Burnley,Lucas,BRA,"MF,DF",24.0,2001.0,20,15,1409.0,15.7,0,0,0,0,0,0,1,1,0.0,0.0,0.0,0.0,0.0
ENG-Premier League,2526,Burnley,Lyle Foster,RSA,"FW,MF",24.0,2000.0,26,15,1371.0,15.2,3,2,5,3,0,0,4,0,0.2,0.13,0.33,0.2,0.33
ENG-Premier League,2526,Burnley,Marcus Edwards,ENG,"MF,FW",26.0,1998.0,23,11,1067.0,11.9,1,3,4,1,0,0,0,0,0.08,0.25,0.34,0.08,0.34
ENG-Premier League,2526,Burnley,Martin Dúbravka,SVK,GK,36.0,1989.0,35,35,3150.0,35.0,0,0,0,0,0,0,1,0,0.0,0.0,0.0,0.0,0.0
ENG-Premier League,2526,Burnley,Max Weiß,GER,GK,21.0,2004.0,3,3,270.0,3.0,0,0,0,0,0,0,0,0,0.0,0.0,0.0,0.0,0.0
ENG-Premier League,2526,Burnley,Maxime Estève,FRA,DF,23.0,2002.0,34,34,2932.0,32.6,0,0,0,0,0,0,1,0,0.0,0.0,0.0,0.0,0.0
ENG-Premier League,2526,Burnley,Mike Trésor,BEL,"FW,MF",26.0,1999.0,6,0,43.0,0.5,0,0,0,0,0,0,0,0,0.0,0.0,0.0,0.0,0.0
ENG-Premier League,2526,Burnley,Oliver Sonne,PER,DF,24.0,2000.0,7,1,169.0,1.9,1,0,1,1,0,0,0,0,0.53,0.0,0.53,0.53,0.53
ENG-Premier League,2526,Burnley,Quilindschy Hartman,NED,DF,23.0,2001.0,21,21,1825.0,20.3,0,5,5,0,0,0,1,0,0.0,0.25,0.25,0.0,0.25
ENG-Premier League,2526,Burnley,Zeki Amdouni,SUI,"FW,MF",24.0,2000.0,4,0,73.0,0.8,0,0,0,0,0,0,0,0,0.0,0.0,0.0,0.0,0.0
ENG-Premier League,2526,Burnley,Zian Flemming,NED,FW,26.0,1998.0,29,21,1769.0,19.7,11,0,11,9,2,2,5,0,0.56,0.0,0.56,0.46,0.46
ENG-Premier League,2526,Chelsea,Alejandro Garnacho,ARG,MF,21.0,2004.0,24,14,1268.0,14.1,1,4,5,1,0,0,2,0,0.07,0.28,0.35,0.07,0.35
ENG-Premier League,2526,Chelsea,Andrey Santos,BRA,MF,21.0,2004.0,27,13,1260.0,14.0,1,0,1,1,0,0,4,0,0.07,0.0,0.07,0.07,0.07
ENG-Premier League,2526,Chelsea,Benoît Badiashile,FRA,DF,24.0,2001.0,8,6,471.0,5.2,0,0,0,0,0,0,2,0,0.0,0.0,0.0,0.0,0.0
ENG-Premier League,2526,Chelsea,Cole Palmer,ENG,MF,23.0,2002.0,26,24,1955.0,21.7,10,1,11,5,5,6,5,0,0.46,0.05,0.51,0.23,0.28
ENG-Premier League,2526,Chelsea,Dario Essugo,POR,MF,20.0,2005.0,3,0,30.0,0.3,0,0,0,0,0,0,2,0,0.0,0.0,0.0,0.0,0.0
ENG-Premier League,2526,Chelsea,Enzo Fernández,ARG,MF,24.0,2001.0,36,35,3115.0,34.6,10,4,14,8,2,2,10,0,0.29,0.12,0.4,0.23,0.35
ENG-Premier League,2526,Chelsea,Estêvão Willian,BRA,MF,18.0,2007.0,22,12,848.0,9.4,2,2,4,2,0,0,4,0,0.21,0.21,0.42,0.21,0.42
ENG-Premier League,2526,Chelsea,Facundo Buonanotte,ARG,MF,20.0,2004.0,1,1,45.0,0.5,0,0,0,0,0,0,0,0,0.0,0.0,0.0,0.0,0.0
ENG-Premier League,2526,Chelsea,Filip Jørgensen,DEN,GK,23.0,2002.0,5,3,379.0,4.2,0,0,0,0,0,0,0,0,0.0,0.0,0.0,0.0,0.0
ENG-Premier League,2526,Chelsea,Jamie Gittens,ENG,MF,20.0,2004.0,16,5,495.0,5.5,0,2,2,0,0,0,0,0,0.0,0.36,0.36,0.0,0.36
ENG-Premier League,2526,Chelsea,Jesse Derry,ENG,MF,18.0,2007.0,1,1,44.0,0.5,0,0,0,0,0,0,0,0,0.0,0.0,0.0,0.0,0.0
ENG-Premier League,2526,Chelsea,Jorrel Hato,NED,DF,19.0,2006.0,22,12,1148.0,12.8,0,0,0,0,0,0,7,0,0.0,0.0,0.0,0.0,0.0
ENG-Premier League,2526,Chelsea,Joshua Acheampong,ENG,DF,19.0,2006.0,17,8,666.0,7.4,1,0,1,1,0,0,1,0,0.14,0.0,0.14,0.14,0.14
ENG-Premier League,2526,Chelsea,João Pedro,BRA,"FW,MF",23.0,2001.0,35,31,2661.0,29.6,15,5,20,15,0,0,5,0,0.51,0.17,0.68,0.51,0.68
ENG-Premier League,2526,Chelsea,Levi Colwill,ENG,DF,22.0,2003.0,3,2,225.0,2.5,0,0,0,0,0,0,0,0,0.0,0.0,0.0,0.0,0.0
ENG-Premier League,2526,Chelsea,Liam Delap,ENG,FW,22.0,2003.0,28,12,1107.0,12.3,1,0,1,1,0,0,4,0,0.08,0.0,0.08,0.08,0.08
ENG-Premier League,2526,Chelsea,Malo Gusto,FRA,"DF,MF",22.0,2003.0,34,26,2261.0,25.1,2,3,5,2,0,0,5,1,0.08,0.12,0.2,0.08,0.2
ENG-Premier League,2526,Chelsea,Mamadou Sarr,SEN,DF,19.0,2005.0,3,1,102.0,1.1,0,0,0,0,0,0,0,0,0.0,0.0,0.0,0.0,0.0
ENG-Premier League,2526,Chelsea,Marc Cucurella,ESP,DF,27.0,1998.0,34,31,2707.0,30.1,1,4,5,1,0,0,8,1,0.03,0.13,0.17,0.03,0.17
ENG-Premier League,2526,Chelsea,Marc Guiu,ESP,FW,19.0,2006.0,8,1,257.0,2.9,0,1,1,0,0,0,1,0,0.0,0.35,0.35,0.0,0.35
ENG-Premier League,2526,Chelsea,Moisés Caicedo,ECU,MF,23.0,2001.0,33,32,2795.0,31.1,3,1,4,3,0,0,11,1,0.1,0.03,0.13,0.1,0.13
ENG-Premier League,2526,Chelsea,Pedro Neto,POR,"MF,FW",25.0,2000.0,34,30,2631.0,29.2,5,6,11,5,0,0,4,1,0.17,0.21,0.38,0.17,0.38
ENG-Premier League,2526,Chelsea,Reece James,ENG,"DF,MF",25.0,1999.0,29,20,1963.0,21.8,2,4,6,2,0,0,4,0,0.09,0.18,0.28,0.09,0.28
ENG-Premier League,2526,Chelsea,Robert Sánchez,ESP,GK,27.0,1997.0,35,35,3039.0,33.8,0,1,1,0,0,0,3,1,0.0,0.03,0.03,0.0,0.03
ENG-Premier League,2526,Chelsea,Roméo Lavia,BEL,MF,21.0,2004.0,12,4,382.0,4.2,0,0,0,0,0,0,0,0,0.0,0.0,0.0,0.0,0.0
ENG-Premier League,2526,Chelsea,Shumaira Mheuka,ENG,FW,17.0,2007.0,1,0,2.0,0.0,0,0,0,0,0,0,0,0,0.0,0.0,0.0,0.0,0.0
ENG-Premier League,2526,Chelsea,Tosin Adarabioyo,ENG,DF,27.0,1997.0,16,8,795.0,8.8,0,0,0,0,0,0,2,0,0.0,0.0,0.0,0.0,0.0
ENG-Premier League,2526,Chelsea,Trevoh Chalobah,ENG,DF,26.0,1999.0,34,31,2783.0,30.9,3,0,3,3,0,0,3,1,0.1,0.0,0.1,0.1,0.1
ENG-Premier League,2526,Chelsea,Tyrique George,ENG,FW,19.0,2006.0,4,0,145.0,1.6,0,0,0,0,0,0,2,0,0.0,0.0,0.0,0.0,0.0
ENG-Premier League,2526,Chelsea,Wesley Fofana,FRA,DF,24.0,2000.0,25,20,1722.0,19.1,0,1,1,0,0,0,9,2,0.0,0.05,0.05,0.0,0.05
ENG-Premier League,2526,Crystal Palace,Adam Wharton,ENG,MF,21.0,2004.0,34,29,2552.0,28.4,1,5,6,1,0,0,6,1,0.04,0.18,0.21,0.04,0.21
ENG-Premier League,2526,Crystal Palace,Borna Sosa,CRO,"DF,MF",27.0,1998.0,7,0,101.0,1.1,0,0,0,0,0,0,1,0,0.0,0.0,0.0,0.0,0.0
ENG-Premier League,2526,Crystal Palace,Brennan Johnson,WAL,"MF,FW",24.0,2001.0,18,13,1112.0,12.4,0,1,1,0,0,0,4,0,0.0,0.08,0.08,0.0,0.08
ENG-Premier League,2526,Crystal Palace,Chadi Riad,MAR,DF,22.0,2003.0,9,6,552.0,6.1,0,1,1,0,0,0,2,0,0.0,0.16,0.16,0.0,0.16
ENG-Premier League,2526,Crystal Palace,Chris Richards,USA,DF,25.0,2000.0,33,31,2827.0,31.4,1,0,1,1,0,0,4,0,0.03,0.0,0.03,0.03,0.03
ENG-Premier League,2526,Crystal Palace,Christantus Uche,NGA,FW,22.0,2003.0,14,0,173.0,1.9,0,0,0,0,0,0,0,0,0.0,0.0,0.0,0.0,0.0
ENG-Premier League,2526,Crystal Palace,Daichi Kamada,JPN,MF,28.0,1996.0,28,22,1902.0,21.1,0,0,0,0,0,0,3,0,0.0,0.0,0.0,0.0,0.0
ENG-Premier League,2526,Crystal Palace,Daniel Muñoz,COL,MF,29.0,1996.0,29,29,2399.0,26.7,4,3,7,4,0,0,7,0,0.15,0.11,0.26,0.15,0.26
ENG-Premier League,2526,Crystal Palace,Dean Henderson,ENG,GK,28.0,1997.0,37,37,3330.0,37.0,0,0,0,0,0,0,5,0,0.0,0.0,0.0,0.0,0.0
ENG-Premier League,2526,Crystal Palace,Eberechi Eze,ENG,MF,27.0,1998.0,1,1,83.0,0.9,0,0,0,0,0,0,0,0,0.0,0.0,0.0,0.0,0.0
ENG-Premier League,2526,Crystal Palace,Eddie Nketiah,ENG,MF,26.0,1999.0,12,2,424.0,4.7,2,0,2,2,0,0,2,0,0.42,0.0,0.42,0.42,0.42
ENG-Premier League,2526,Crystal Palace,Evann Guessand,CIV,MF,24.0,2001.0,8,3,330.0,3.7,1,1,2,1,0,0,0,0,0.27,0.27,0.55,0.27,0.55
ENG-Premier League,2526,Crystal Palace,Ismaila Sarr,SEN,MF,27.0,1998.0,28,24,2174.0,24.2,9,1,10,6,3,3,2,0,0.37,0.04,0.41,0.25,0.29
ENG-Premier League,2526,Crystal Palace,Jaydee Canvot,FRA,DF,19.0,2006.0,20,14,1336.0,14.8,0,0,0,0,0,0,3,0,0.0,0.0,0.0,0.0,0.0
ENG-Premier League,2526,Crystal Palace,Jean-Philippe Mateta,FRA,FW,28.0,1997.0,32,25,2218.0,24.6,12,0,12,8,4,4,2,0,0.49,0.0,0.49,0.32,0.32
ENG-Premier League,2526,Crystal Palace,Jefferson Lerma,COL,"MF,DF",30.0,1994.0,31,18,1733.0,19.3,0,2,2,0,0,0,7,0,0.0,0.1,0.1,0.0,0.1
ENG-Premier League,2526,Crystal Palace,Joél Drakes-Thomas,ENG,MF,16.0,2009.0,2,0,9.0,0.1,0,0,0,0,0,0,0,0,0.0,0.0,0.0,0.0,0.0
ENG-Premier League,2526,Crystal Palace,Justin Devenny,NIR,"MF,FW",21.0,2003.0,21,7,796.0,8.8,1,0,1,0,1,1,0,0,0.11,0.0,0.11,0.0,0.0
ENG-Premier League,2526,Crystal Palace,Jørgen Strand Larsen,NOR,FW,25.0,2000.0,14,12,903.0,10.0,3,0,3,3,0,0,2,0,0.3,0.0,0.3,0.3,0.3
ENG-Premier League,2526,Crystal Palace,Kaden Rodney,ENG,"DF,MF",20.0,2004.0,1,0,4.0,0.0,0,0,0,0,0,0,0,0,0.0,0.0,0.0,0.0,0.0
ENG-Premier League,2526,Crystal Palace,Marc Guéhi,ENG,DF,25.0,2000.0,20,20,1800.0,20.0,2,2,4,2,0,0,4,0,0.1,0.1,0.2,0.1,0.2
ENG-Premier League,2526,Crystal Palace,Maxence Lacroix,FRA,DF,25.0,2000.0,35,35,3085.0,34.3,1,2,3,1,0,0,4,1,0.03,0.06,0.09,0.03,0.09
ENG-Premier League,2526,Crystal Palace,Nathaniel Clyne,ENG,"MF,DF",34.0,1991.0,10,7,594.0,6.6,0,1,1,0,0,0,1,0,0.0,0.15,0.15,0.0,0.15
ENG-Premier League,2526,Crystal Palace,Odsonne Édouard,FRA,FW,27.0,1998.0,1,0,3.0,0.0,0,0,0,0,0,0,0,0,0.0,0.0,0.0,0.0,0.0
ENG-Premier League,2526,Crystal Palace,Rio Cardines,TRI,MF,19.0,2006.0,1,1,90.0,1.0,0,0,0,0,0,0,0,0,0.0,0.0,0.0,0.0,0.0
ENG-Premier League,2526,Crystal Palace,Romain Esse,ENG,MF,20.0,2005.0,4,0,44.0,0.5,0,0,0,0,0,0,0,0,0.0,0.0,0.0,0.0,0.0
ENG-Premier League,2526,Crystal Palace,Tyrick Mitchell,ENG,MF,25.0,1999.0,38,36,3251.0,36.1,1,2,3,1,0,0,6,0,0.03,0.06,0.08,0.03,0.08
ENG-Premier League,2526,Crystal Palace,Walter Benítez,ARG,GK,32.0,1993.0,1,1,90.0,1.0,0,0,0,0,0,0,0,0,0.0,0.0,0.0,0.0,0.0
ENG-Premier League,2526,Crystal Palace,Will Hughes,ENG,MF,30.0,1995.0,31,19,1571.0,17.5,0,0,0,0,0,0,7,0,0.0,0.0,0.0,0.0,0.0
ENG-Premier League,2526,Crystal Palace,Yéremy Pino,ESP,"MF,FW",22.0,2002.0,34,26,2080.0,23.1,2,2,4,2,0,0,4,0,0.09,0.09,0.17,0.09,0.17
ENG-Premier League,2526,Everton,Beto,GNB,FW,27.0,1998.0,37,17,1568.0,17.4,9,1,10,9,0,0,3,0,0.52,0.06,0.57,0.52,0.57
ENG-Premier League,2526,Everton,Carlos Alcaraz,ARG,MF,22.0,2002.0,20,6,689.0,7.7,0,1,1,0,0,0,4,0,0.0,0.13,0.13,0.0,0.13
ENG-Premier League,2526,Everton,Dwight McNeil,ENG,MF,25.0,1999.0,22,14,1168.0,13.0,0,1,1,0,0,0,1,0,0.0,0.08,0.08,0.0,0.08
ENG-Premier League,2526,Everton,Harrison Armstrong,ENG,MF,18.0,2007.0,13,6,529.0,5.9,0,0,0,0,0,0,0,0,0.0,0.0,0.0,0.0,0.0
ENG-Premier League,2526,Everton,Idrissa Gueye,SEN,MF,35.0,1989.0,25,25,2093.0,23.3,2,3,5,2,0,0,1,1,0.09,0.13,0.22,0.09,0.22
ENG-Premier League,2526,Everton,Iliman Ndiaye,SEN,MF,25.0,2000.0,32,32,2778.0,30.9,6,3,9,4,2,2,2,0,0.19,0.1,0.29,0.13,0.23
ENG-Premier League,2526,Everton,Jack Grealish,ENG,MF,29.0,1995.0,20,18,1627.0,18.1,2,6,8,2,0,0,5,1,0.11,0.33,0.44,0.11,0.44
ENG-Premier League,2526,Everton,Jake O'Brien,IRL,DF,24.0,2001.0,37,35,3120.0,34.7,1,1,2,1,0,0,6,1,0.03,0.03,0.06,0.03,0.06
ENG-Premier League,2526,Everton,James Garner,ENG,"MF,DF",24.0,2001.0,38,38,3413.0,37.9,2,7,9,2,0,0,12,0,0.05,0.18,0.24,0.05,0.24
ENG-Premier League,2526,Everton,James Tarkowski,ENG,DF,32.0,1992.0,37,37,3330.0,37.0,2,3,5,2,0,0,8,0,0.05,0.08,0.14,0.05,0.14
ENG-Premier League,2526,Everton,Jarrad Branthwaite,ENG,DF,23.0,2002.0,10,7,680.0,7.6,1,0,1,1,0,0,1,0,0.13,0.0,0.13,0.13,0.13
ENG-Premier League,2526,Everton,Jordan Pickford,ENG,GK,31.0,1994.0,38,38,3420.0,38.0,0,0,0,0,0,0,4,0,0.0,0.0,0.0,0.0,0.0
ENG-Premier League,2526,Everton,Kiernan Dewsbury-Hall,ENG,MF,26.0,1998.0,31,30,2626.0,29.2,8,4,12,8,0,0,6,0,0.27,0.14,0.41,0.27,0.41
ENG-Premier League,2526,Everton,Merlin Röhl,GER,MF,23.0,2002.0,16,6,682.0,7.6,1,0,1,1,0,0,0,0,0.13,0.0,0.13,0.13,0.13
ENG-Premier League,2526,Everton,Michael Keane,ENG,DF,32.0,1993.0,33,29,2591.0,28.8,3,1,4,3,0,0,1,1,0.1,0.03,0.14,0.1,0.14
ENG-Premier League,2526,Everton,Nathan Patterson,SCO,DF,23.0,2001.0,7,3,241.0,2.7,0,0,0,0,0,0,0,0,0.0,0.0,0.0,0.0,0.0
ENG-Premier League,2526,Everton,Séamus Coleman,IRL,DF,36.0,1988.0,5,1,21.0,0.2,0,0,0,0,0,0,0,0,0.0,0.0,0.0,0.0,0.0
ENG-Premier League,2526,Everton,Thierno Barry,FRA,FW,22.0,2002.0,38,21,1914.0,21.3,8,0,8,8,0,0,3,0,0.38,0.0,0.38,0.38,0.38
ENG-Premier League,2526,Everton,Tim Iroegbunam,ENG,MF,22.0,2003.0,29,17,1487.0,16.5,0,2,2,0,0,0,9,0,0.0,0.12,0.12,0.0,0.12
ENG-Premier League,2526,Everton,Tyler Dibling,ENG,MF,19.0,2006.0,14,4,358.0,4.0,0,0,0,0,0,0,2,0,0.0,0.0,0.0,0.0,0.0
ENG-Premier League,2526,Everton,Tyrique George,ENG,MF,19.0,2006.0,11,1,218.0,2.4,0,0,0,0,0,0,0,0,0.0,0.0,0.0,0.0,0.0
ENG-Premier League,2526,Everton,Vitaliy Mykolenko,UKR,DF,26.0,1999.0,33,33,2958.0,32.9,0,1,1,0,0,0,6,0,0.0,0.03,0.03,0.0,0.03
ENG-Premier League,2526,Fulham,Adama Traoré,ESP,MF,29.0,1996.0,15,1,274.0,3.0,0,0,0,0,0,0,0,0,0.0,0.0,0.0,0.0,0.0
ENG-Premier League,2526,Fulham,Alex Iwobi,NGA,MF,29.0,1996.0,29,29,2419.0,26.9,4,3,7,4,0,0,3,0,0.15,0.11,0.26,0.15,0.26
ENG-Premier League,2526,Fulham,Antonee Robinson,USA,"DF,MF",27.0,1997.0,22,17,1492.0,16.6,1,0,1,0,1,1,5,0,0.06,0.0,0.06,0.0,0.0
ENG-Premier League,2526,Fulham,Bernd Leno,GER,GK,33.0,1992.0,38,38,3420.0,38.0,0,0,0,0,0,0,3,0,0.0,0.0,0.0,0.0,0.0
ENG-Premier League,2526,Fulham,Calvin Bassey,NGA,DF,25.0,1999.0,30,28,2534.0,28.2,1,0,1,1,0,0,5,0,0.04,0.0,0.04,0.04,0.04
ENG-Premier League,2526,Fulham,Emile Smith Rowe,ENG,MF,25.0,2000.0,37,22,1923.0,21.4,3,0,3,3,0,0,1,0,0.14,0.0,0.14,0.14,0.14
ENG-Premier League,2526,Fulham,Harrison Reed,ENG,MF,30.0,1995.0,7,1,94.0,1.0,1,0,1,1,0,0,0,0,0.96,0.0,0.96,0.96,0.96
ENG-Premier League,2526,Fulham,Harry Wilson,WAL,MF,28.0,1997.0,36,32,2673.0,29.7,10,7,17,10,0,0,7,0,0.34,0.24,0.57,0.34,0.57
ENG-Premier League,2526,Fulham,Issa Diop,MAR,DF,28.0,1997.0,13,8,816.0,9.1,1,0,1,1,0,0,2,0,0.11,0.0,0.11,0.11,0.11
ENG-Premier League,2526,Fulham,Joachim Andersen,DEN,DF,29.0,1996.0,33,33,2875.0,31.9,0,1,1,0,0,0,7,1,0.0,0.03,0.03,0.0,0.03
ENG-Premier League,2526,Fulham,Jonah Kusi-Asare,SWE,FW,18.0,2007.0,7,0,55.0,0.6,0,0,0,0,0,0,1,0,0.0,0.0,0.0,0.0,0.0
ENG-Premier League,2526,Fulham,Jorge Cuenca,ESP,DF,25.0,1999.0,15,11,938.0,10.4,0,0,0,0,0,0,6,0,0.0,0.0,0.0,0.0,0.0
ENG-Premier League,2526,Fulham,Joshua King,ENG,MF,18.0,2007.0,32,15,1308.0,14.5,1,2,3,1,0,0,4,0,0.07,0.14,0.21,0.07,0.21
ENG-Premier League,2526,Fulham,Kenny Tete,NED,DF,29.0,1995.0,22,21,1791.0,19.9,1,0,1,1,0,0,2,0,0.05,0.0,0.05,0.05,0.05
ENG-Premier League,2526,Fulham,Kevin,BRA,MF,22.0,2003.0,26,9,1041.0,11.6,1,1,2,1,0,0,1,0,0.09,0.09,0.17,0.09,0.17
ENG-Premier League,2526,Fulham,Oscar Bobb,NOR,MF,22.0,2003.0,14,6,571.0,6.3,0,0,0,0,0,0,0,0,0.0,0.0,0.0,0.0,0.0
ENG-Premier League,2526,Fulham,Raúl Jiménez,MEX,FW,34.0,1991.0,36,27,2189.0,24.3,9,3,12,5,4,4,5,0,0.37,0.12,0.49,0.21,0.33
ENG-Premier League,2526,Fulham,Rodrigo Muniz,BRA,FW,24.0,2001.0,21,10,1000.0,11.1,1,1,2,1,0,0,2,0,0.09,0.09,0.18,0.09,0.18
ENG-Premier League,2526,Fulham,Ryan Sessegnon,ENG,"DF,MF",25.0,2000.0,27,20,1823.0,20.3,3,1,4,3,0,0,0,0,0.15,0.05,0.2,0.15,0.2
ENG-Premier League,2526,Fulham,Samuel Chukwueze,NGA,MF,26.0,1999.0,23,10,1079.0,12.0,3,4,7,3,0,0,0,0,0.25,0.33,0.58,0.25,0.58
ENG-Premier League,2526,Fulham,Sander Berge,NOR,MF,27.0,1998.0,35,34,2905.0,32.3,0,1,1,0,0,0,5,0,0.0,0.03,0.03,0.0,0.03
ENG-Premier League,2526,Fulham,Saša Lukić,SRB,MF,28.0,1996.0,26,20,1734.0,19.3,1,2,3,1,0,0,9,0,0.05,0.1,0.16,0.05,0.16
ENG-Premier League,2526,Fulham,Timothy Castagne,BEL,"DF,MF",29.0,1995.0,30,20,1845.0,20.5,0,0,0,0,0,0,4,0,0.0,0.0,0.0,0.0,0.0
ENG-Premier League,2526,Fulham,Tom Cairney,SCO,MF,34.0,1991.0,24,6,775.0,8.6,2,0,2,2,0,0,3,0,0.23,0.0,0.23,0.23,0.23
ENG-Premier League,2526,Leeds United,Anton Stach,GER,MF,26.0,1998.0,29,28,2370.0,26.3,5,3,8,5,0,0,3,0,0.19,0.11,0.3,0.19,0.3
ENG-Premier League,2526,Leeds United,Ao Tanaka,JPN,MF,26.0,1998.0,28,14,1315.0,14.6,2,0,2,2,0,0,1,0,0.14,0.0,0.14,0.14,0.14
ENG-Premier League,2526,Leeds United,Brenden Aaronson,USA,"MF,FW",24.0,2000.0,37,30,2449.0,27.2,4,5,9,4,0,0,3,0,0.15,0.18,0.33,0.15,0.33
ENG-Premier League,2526,Leeds United,Daniel James,WAL,"FW,MF",27.0,1997.0,19,6,559.0,6.2,0,0,0,0,0,0,0,0,0.0,0.0,0.0,0.0,0.0
ENG-Premier League,2526,Leeds United,Dominic Calvert-Lewin,ENG,FW,28.0,1997.0,35,30,2721.0,30.2,14,1,15,10,4,5,3,0,0.46,0.03,0.5,0.33,0.36
ENG-Premier League,2526,Leeds United,Ethan Ampadu,WAL,MF,24.0,2000.0,35,35,3119.0,34.7,1,1,2,1,0,0,10,0,0.03,0.03,0.06,0.03,0.06
ENG-Premier League,2526,Leeds United,Facundo Buonanotte,ARG,MF,20.0,2004.0,3,0,39.0,0.4,0,0,0,0,0,0,1,0,0.0,0.0,0.0,0.0,0.0
ENG-Premier League,2526,Leeds United,Gabriel Gudmundsson,SWE,"DF,MF",26.0,1999.0,32,31,2631.0,29.2,0,0,0,0,0,0,6,1,0.0,0.0,0.0,0.0,0.0
ENG-Premier League,2526,Leeds United,Ilia Gruev,BUL,MF,25.0,2000.0,23,15,1323.0,14.7,0,3,3,0,0,0,3,0,0.0,0.2,0.2,0.0,0.2
ENG-Premier League,2526,Leeds United,Jack Harrison,ENG,FW,28.0,1996.0,11,1,269.0,3.0,0,0,0,0,0,0,0,0,0.0,0.0,0.0,0.0,0.0
ENG-Premier League,2526,Leeds United,Jaka Bijol,SVN,DF,26.0,1999.0,25,21,1890.0,21.0,1,2,3,1,0,0,4,0,0.05,0.1,0.14,0.05,0.14
ENG-Premier League,2526,Leeds United,James Justin,ENG,"DF,MF",27.0,1998.0,29,21,1901.0,21.1,2,1,3,2,0,0,4,0,0.09,0.05,0.14,0.09,0.14
ENG-Premier League,2526,Leeds United,Jayden Bogle,ENG,"MF,DF",25.0,2000.0,34,32,2793.0,31.0,1,2,3,1,0,0,6,0,0.03,0.06,0.1,0.03,0.1
ENG-Premier League,2526,Leeds United,Joe Rodon,WAL,DF,27.0,1997.0,35,33,2951.0,32.8,2,0,2,2,0,0,3,0,0.06,0.0,0.06,0.06,0.06
ENG-Premier League,2526,Leeds United,Joël Piroe,SUR,FW,25.0,1999.0,16,2,258.0,2.9,0,0,0,0,0,0,0,0,0.0,0.0,0.0,0.0,0.0
ENG-Premier League,2526,Leeds United,Karl Darlow,WAL,GK,34.0,1990.0,22,22,1980.0,22.0,0,0,0,0,0,0,1,0,0.0,0.0,0.0,0.0,0.0
ENG-Premier League,2526,Leeds United,Lucas Perri,BRA,GK,27.0,1997.0,16,16,1440.0,16.0,0,0,0,0,0,0,2,0,0.0,0.0,0.0,0.0,0.0
ENG-Premier League,2526,Leeds United,Lukas Nmecha,GER,FW,26.0,1998.0,31,10,1083.0,12.0,6,1,7,4,2,3,0,0,0.5,0.08,0.58,0.33,0.42
ENG-Premier League,2526,Leeds United,Noah Okafor,SUI,"FW,MF",25.0,2000.0,28,19,1561.0,17.3,8,1,9,8,0,0,3,0,0.46,0.06,0.52,0.46,0.52
ENG-Premier League,2526,Leeds United,Pascal Struijk,NED,DF,25.0,1999.0,34,33,2936.0,32.6,0,1,1,0,0,0,5,0,0.0,0.03,0.03,0.0,0.03
ENG-Premier League,2526,Leeds United,Sam Byram,ENG,"DF,MF",31.0,1993.0,2,0,9.0,0.1,0,0,0,0,0,0,0,0,0.0,0.0,0.0,0.0,0.0
ENG-Premier League,2526,Leeds United,Sean Longstaff,ENG,MF,27.0,1997.0,23,10,1011.0,11.2,2,2,4,2,0,0,2,0,0.18,0.18,0.36,0.18,0.36
ENG-Premier League,2526,Leeds United,Sebastiaan Bornauw,BEL,DF,26.0,1999.0,12,5,429.0,4.8,0,0,0,0,0,0,1,0,0.0,0.0,0.0,0.0,0.0
ENG-Premier League,2526,Leeds United,Wilfried Gnonto,ITA,FW,21.0,2003.0,23,4,537.0,6.0,0,1,1,0,0,0,3,0,0.0,0.17,0.17,0.0,0.17
ENG-Premier League,2526,Liverpool,Alexander Isak,SWE,FW,25.0,1999.0,14,8,699.0,7.8,3,1,4,3,0,0,0,0,0.39,0.13,0.52,0.39,0.52
ENG-Premier League,2526,Liverpool,Alexis Mac Allister,ARG,MF,26.0,1998.0,37,31,2658.0,29.5,2,4,6,2,0,0,7,0,0.07,0.14,0.2,0.07,0.2
ENG-Premier League,2526,Liverpool,Alisson,BRA,GK,32.0,1992.0,26,26,2340.0,26.0,0,0,0,0,0,0,1,0,0.0,0.0,0.0,0.0,0.0
ENG-Premier League,2526,Liverpool,Andy Robertson,SCO,DF,31.0,1994.0,24,11,1176.0,13.1,1,0,1,1,0,0,0,0,0.08,0.0,0.08,0.08,0.08
ENG-Premier League,2526,Liverpool,Cody Gakpo,NED,"MF,FW",26.0,1999.0,36,32,2737.0,30.4,7,5,12,7,0,0,3,0,0.23,0.16,0.39,0.23,0.39
ENG-Premier League,2526,Liverpool,Conor Bradley,NIR,DF,22.0,2003.0,15,12,929.0,10.3,0,1,1,0,0,0,5,0,0.0,0.1,0.1,0.0,0.1
ENG-Premier League,2526,Liverpool,Curtis Jones,ENG,"MF,DF",24.0,2001.0,34,18,1937.0,21.5,1,2,3,1,0,0,2,0,0.05,0.09,0.14,0.05,0.14
ENG-Premier League,2526,Liverpool,Dominik Szoboszlai,HUN,"MF,DF",24.0,2000.0,36,36,3231.0,35.9,6,7,13,6,0,1,8,1,0.17,0.19,0.36,0.17,0.36
ENG-Premier League,2526,Liverpool,Federico Chiesa,ITA,MF,27.0,1997.0,26,1,339.0,3.8,2,1,3,2,0,0,3,0,0.53,0.27,0.8,0.53,0.8
ENG-Premier League,2526,Liverpool,Florian Wirtz,GER,MF,22.0,2003.0,33,27,2378.0,26.4,5,3,8,5,0,0,1,0,0.19,0.11,0.3,0.19,0.3
ENG-Premier League,2526,Liverpool,Freddie Woodman,ENG,GK,28.0,1997.0,3,2,213.0,2.4,0,0,0,0,0,0,0,0,0.0,0.0,0.0,0.0,0.0
ENG-Premier League,2526,Liverpool,Giorgi Mamardashvili,GEO,GK,24.0,2000.0,10,10,867.0,9.6,0,0,0,0,0,0,0,0,0.0,0.0,0.0,0.0,0.0
ENG-Premier League,2526,Liverpool,Harvey Elliott,ENG,"FW,MF",22.0,2003.0,1,0,1.0,0.0,0,0,0,0,0,0,0,0,0.0,0.0,0.0,0.0,0.0
ENG-Premier League,2526,Liverpool,Hugo Ekitike,FRA,FW,23.0,2002.0,28,21,1803.0,20.0,11,4,15,11,0,0,0,0,0.55,0.2,0.75,0.55,0.75
ENG-Premier League,2526,Liverpool,Ibrahima Konaté,FRA,DF,26.0,1999.0,36,36,3090.0,34.3,1,0,1,1,0,0,7,0,0.03,0.0,0.03,0.03,0.03
ENG-Premier League,2526,Liverpool,Jeremie Frimpong,NED,"DF,MF",24.0,2000.0,21,12,1040.0,11.6,0,1,1,0,0,0,1,0,0.0,0.09,0.09,0.0,0.09
ENG-Premier League,2526,Liverpool,Joe Gomez,ENG,DF,28.0,1997.0,21,7,607.0,6.7,0,2,2,0,0,0,4,0,0.0,0.3,0.3,0.0,0.3
ENG-Premier League,2526,Liverpool,Milos Kerkez,HUN,DF,21.0,2003.0,34,27,2257.0,25.1,2,1,3,2,0,0,4,0,0.08,0.04,0.12,0.08,0.12
ENG-Premier League,2526,Liverpool,Mohamed Salah,EGY,MF,33.0,1992.0,27,23,2146.0,23.8,7,7,14,6,1,1,1,0,0.29,0.29,0.59,0.25,0.55
ENG-Premier League,2526,Liverpool,Rio Ngumoha,ENG,MF,16.0,2008.0,19,5,560.0,6.2,2,1,3,2,0,0,0,0,0.32,0.16,0.48,0.32,0.48
ENG-Premier League,2526,Liverpool,Ryan Gravenberch,NED,MF,23.0,2002.0,36,34,2992.0,33.2,5,3,8,5,0,0,5,0,0.15,0.09,0.24,0.15,0.24
ENG-Premier League,2526,Liverpool,Trey Nyoni,ENG,MF,18.0,2007.0,6,0,24.0,0.3,0,0,0,0,0,0,0,0,0.0,0.0,0.0,0.0,0.0
ENG-Premier League,2526,Liverpool,Virgil van Dijk,NED,DF,34.0,1991.0,38,38,3420.0,38.0,6,0,6,6,0,0,4,0,0.16,0.0,0.16,0.16,0.16
ENG-Premier League,2526,Liverpool,Wataru Endo,JPN,DF,32.0,1993.0,8,1,175.0,1.9,0,1,1,0,0,0,1,0,0.0,0.51,0.51,0.0,0.51
ENG-Premier League,2526,Manchester City,Abdukodir Khusanov,UZB,DF,21.0,2004.0,21,15,1432.0,15.9,0,0,0,0,0,0,2,0,0.0,0.0,0.0,0.0,0.0
ENG-Premier League,2526,Manchester City,Antoine Semenyo,GHA,"MF,FW",25.0,2000.0,17,17,1397.0,15.5,7,1,8,7,0,0,1,0,0.45,0.06,0.52,0.45,0.52
ENG-Premier League,2526,Manchester City,Bernardo Silva,POR,MF,30.0,1994.0,38,34,2872.0,31.9,2,4,6,2,0,0,10,0,0.06,0.13,0.19,0.06,0.19
ENG-Premier League,2526,Manchester City,Divine Mukasa,ENG,MF,17.0,2007.0,2,0,27.0,0.3,0,0,0,0,0,0,0,0,0.0,0.0,0.0,0.0,0.0
ENG-Premier League,2526,Manchester City,Erling Haaland,NOR,FW,25.0,2000.0,35,34,2953.0,32.8,27,8,35,24,3,4,2,0,0.82,0.24,1.07,0.73,0.98
ENG-Premier League,2526,Manchester City,Gianluigi Donnarumma,ITA,GK,26.0,1999.0,34,34,3060.0,34.0,0,0,0,0,0,0,8,0,0.0,0.0,0.0,0.0,0.0
ENG-Premier League,2526,Manchester City,James Trafford,ENG,GK,22.0,2002.0,4,4,360.0,4.0,0,0,0,0,0,0,0,0,0.0,0.0,0.0,0.0,0.0
ENG-Premier League,2526,Manchester City,Jeremy Doku,BEL,"MF,FW",23.0,2002.0,30,19,1784.0,19.8,5,5,10,5,0,0,0,0,0.25,0.25,0.5,0.25,0.5
ENG-Premier League,2526,Manchester City,John Stones,ENG,DF,31.0,1994.0,9,5,439.0,4.9,0,0,0,0,0,0,0,0,0.0,0.0,0.0,0.0,0.0
ENG-Premier League,2526,Manchester City,Joško Gvardiol,CRO,DF,23.0,2002.0,18,16,1372.0,15.2,2,2,4,2,0,0,2,0,0.13,0.13,0.26,0.13,0.26
ENG-Premier League,2526,Manchester City,Marc Guéhi,ENG,DF,25.0,2000.0,15,15,1350.0,15.0,1,1,2,1,0,0,2,0,0.07,0.07,0.13,0.07,0.13
ENG-Premier League,2526,Manchester City,Mateo Kovačić,CRO,MF,31.0,1994.0,6,1,130.0,1.4,0,1,1,0,0,0,0,0,0.0,0.69,0.69,0.0,0.69
ENG-Premier League,2526,Manchester City,Matheus Nunes,POR,DF,26.0,1998.0,34,32,2862.0,31.8,1,5,6,1,0,0,5,0,0.03,0.16,0.19,0.03,0.19
ENG-Premier League,2526,Manchester City,Max Alleyne,ENG,DF,20.0,2005.0,2,2,135.0,1.5,0,0,0,0,0,0,0,0,0.0,0.0,0.0,0.0,0.0
ENG-Premier League,2526,Manchester City,Nathan Aké,NED,DF,30.0,1995.0,18,6,695.0,7.7,0,0,0,0,0,0,1,0,0.0,0.0,0.0,0.0,0.0
ENG-Premier League,2526,Manchester City,Nico O'Reilly,ENG,"DF,MF",20.0,2005.0,34,29,2646.0,29.4,5,3,8,5,0,0,5,0,0.17,0.1,0.27,0.17,0.27
ENG-Premier League,2526,Manchester City,Nicolás González,ESP,MF,23.0,2002.0,25,17,1569.0,17.4,1,0,1,1,0,0,6,0,0.06,0.0,0.06,0.06,0.06
ENG-Premier League,2526,Manchester City,Omar Marmoush,EGY,"FW,MF",26.0,1999.0,21,8,700.0,7.8,3,3,6,3,0,0,3,0,0.39,0.39,0.77,0.39,0.77
ENG-Premier League,2526,Manchester City,Oscar Bobb,NOR,"MF,FW",22.0,2003.0,9,5,468.0,5.2,0,1,1,0,0,0,1,0,0.0,0.19,0.19,0.0,0.19
ENG-Premier League,2526,Manchester City,Phil Foden,ENG,MF,25.0,2000.0,33,23,2086.0,23.2,7,5,12,7,0,0,4,0,0.3,0.22,0.52,0.3,0.52
ENG-Premier League,2526,Manchester City,Rayan Aït-Nouri,ALG,DF,24.0,2001.0,17,12,974.0,10.8,0,2,2,0,0,0,2,0,0.0,0.18,0.18,0.0,0.18
ENG-Premier League,2526,Manchester City,Rayan Cherki,FRA,MF,21.0,2003.0,33,19,1786.0,19.8,4,12,16,4,0,0,1,0,0.2,0.6,0.81,0.2,0.81
ENG-Premier League,2526,Manchester City,Rico Lewis,ENG,DF,20.0,2004.0,11,4,407.0,4.5,0,1,1,0,0,0,2,0,0.0,0.22,0.22,0.0,0.22
ENG-Premier League,2526,Manchester City,Rodri,ESP,MF,29.0,1996.0,21,17,1511.0,16.8,1,0,1,1,0,0,3,0,0.06,0.0,0.06,0.06,0.06
ENG-Premier League,2526,Manchester City,Rúben Dias,POR,DF,28.0,1997.0,26,24,2141.0,23.8,2,0,2,2,0,0,3,0,0.08,0.0,0.08,0.08,0.08
ENG-Premier League,2526,Manchester City,Sávio,BRA,MF,21.0,2004.0,24,7,833.0,9.3,1,1,2,1,0,0,2,0,0.11,0.11,0.22,0.11,0.22
ENG-Premier League,2526,Manchester City,Tijjani Reijnders,NED,MF,27.0,1998.0,28,19,1631.0,18.1,5,2,7,5,0,0,2,0,0.28,0.11,0.39,0.28,0.39
ENG-Premier League,2526,Manchester Utd,Altay Bayındır,TUR,GK,27.0,1998.0,6,6,540.0,6.0,0,0,0,0,0,0,0,0,0.0,0.0,0.0,0.0,0.0
ENG-Premier League,2526,Manchester Utd,Amad Diallo,CIV,MF,23.0,2002.0,32,27,2341.0,26.0,2,3,5,2,0,0,2,0,0.08,0.12,0.19,0.08,0.19
ENG-Premier League,2526,Manchester Utd,Ayden Heaven,ENG,DF,18.0,2006.0,17,11,924.0,10.3,0,1,1,0,0,0,2,0,0.0,0.1,0.1,0.0,0.1
ENG-Premier League,2526,Manchester Utd,Bendito Mantato,ENG,MF,17.0,2008.0,1,0,16.0,0.2,0,0,0,0,0,0,0,0,0.0,0.0,0.0,0.0,0.0
ENG-Premier League,2526,Manchester Utd,Benjamin Šeško,SVN,FW,22.0,2003.0,30,17,1643.0,18.3,11,1,12,11,0,0,2,0,0.6,0.05,0.66,0.6,0.66
ENG-Premier League,2526,Manchester Utd,Bruno Fernandes,POR,MF,30.0,1994.0,35,35,3063.0,34.0,9,21,30,5,4,6,5,0,0.26,0.62,0.88,0.15,0.76
ENG-Premier League,2526,Manchester Utd,Bryan Mbeumo,CMR,"MF,FW",25.0,1999.0,33,31,2609.0,29.0,11,3,14,11,0,0,4,0,0.38,0.1,0.48,0.38,0.48
ENG-Premier League,2526,Manchester Utd,Casemiro,BRA,MF,33.0,1992.0,34,33,2571.0,28.6,9,2,11,9,0,0,11,1,0.32,0.07,0.39,0.32,0.39
ENG-Premier League,2526,Manchester Utd,Diogo Dalot,POR,"DF,MF",26.0,1999.0,34,29,2614.0,29.0,1,3,4,1,0,0,5,0,0.03,0.1,0.14,0.03,0.14
ENG-Premier League,2526,Manchester Utd,Harry Maguire,ENG,DF,32.0,1993.0,23,19,1653.0,18.4,1,2,3,1,0,0,3,1,0.05,0.11,0.16,0.05,0.16
ENG-Premier League,2526,Manchester Utd,Jack Fletcher,ENG,MF,18.0,2007.0,3,0,108.0,1.2,0,0,0,0,0,0,0,0,0.0,0.0,0.0,0.0,0.0
ENG-Premier League,2526,Manchester Utd,Joshua Zirkzee,NED,"FW,MF",24.0,2001.0,24,5,626.0,7.0,2,1,3,2,0,0,3,0,0.29,0.14,0.43,0.29,0.43
ENG-Premier League,2526,Manchester Utd,Kobbie Mainoo,ENG,MF,20.0,2005.0,28,16,1662.0,18.5,1,2,3,1,0,0,2,0,0.05,0.11,0.16,0.05,0.16
ENG-Premier League,2526,Manchester Utd,Leny Yoro,FRA,DF,19.0,2005.0,32,18,1740.0,19.3,0,0,0,0,0,0,1,0,0.0,0.0,0.0,0.0,0.0
ENG-Premier League,2526,Manchester Utd,Lisandro Martínez,ARG,DF,27.0,1998.0,18,13,1233.0,13.7,0,0,0,0,0,0,0,1,0.0,0.0,0.0,0.0,0.0
ENG-Premier League,2526,Manchester Utd,Luke Shaw,ENG,DF,30.0,1995.0,38,38,3219.0,35.8,1,1,2,1,0,0,9,0,0.03,0.03,0.06,0.03,0.06
ENG-Premier League,2526,Manchester Utd,Manuel Ugarte,URU,MF,24.0,2001.0,22,8,887.0,9.9,0,0,0,0,0,0,1,0,0.0,0.0,0.0,0.0,0.0
ENG-Premier League,2526,Manchester Utd,Mason Mount,ENG,MF,26.0,1999.0,23,12,1017.0,11.3,3,0,3,3,0,0,2,0,0.27,0.0,0.27,0.27,0.27
ENG-Premier League,2526,Manchester Utd,Matheus Cunha,BRA,"MF,FW",26.0,1999.0,33,29,2494.0,27.7,10,2,12,10,0,0,4,0,0.36,0.07,0.43,0.36,0.43
ENG-Premier League,2526,Manchester Utd,Matthijs de Ligt,NED,DF,25.0,1999.0,13,13,1170.0,13.0,1,0,1,1,0,0,0,0,0.08,0.0,0.08,0.08,0.08
ENG-Premier League,2526,Manchester Utd,Noussair Mazraoui,MAR,"DF,MF",27.0,1997.0,20,11,985.0,10.9,0,0,0,0,0,0,3,0,0.0,0.0,0.0,0.0,0.0
ENG-Premier League,2526,Manchester Utd,Patrick Dorgu,DEN,MF,20.0,2004.0,26,15,1449.0,16.1,4,4,8,4,0,0,5,0,0.25,0.25,0.5,0.25,0.5
ENG-Premier League,2526,Manchester Utd,Senne Lammens,BEL,GK,23.0,2002.0,32,32,2880.0,32.0,0,0,0,0,0,0,0,0,0.0,0.0,0.0,0.0,0.0
ENG-Premier League,2526,Manchester Utd,Shea Lacey,ENG,FW,18.0,2007.0,3,0,43.0,0.5,0,0,0,0,0,0,0,0,0.0,0.0,0.0,0.0,0.0
ENG-Premier League,2526,Manchester Utd,Tyler Fletcher,SCO,MF,18.0,2007.0,2,0,18.0,0.2,0,0,0,0,0,0,0,0,0.0,0.0,0.0,0.0,0.0
ENG-Premier League,2526,Manchester Utd,Tyler Fredricson,ENG,DF,20.0,2005.0,1,0,3.0,0.0,0,0,0,0,0,0,0,0,0.0,0.0,0.0,0.0,0.0
ENG-Premier League,2526,Manchester Utd,Tyrell Malacia,NED,DF,25.0,1999.0,3,0,18.0,0.2,0,0,0,0,0,0,0,0,0.0,0.0,0.0,0.0,0.0
ENG-Premier League,2526,Newcastle,Aaron Ramsdale,ENG,GK,27.0,1998.0,12,11,1004.0,11.2,0,0,0,0,0,0,2,0,0.0,0.0,0.0,0.0,0.0
ENG-Premier League,2526,Newcastle,Alex Murphy,IRL,DF,21.0,2004.0,2,0,9.0,0.1,0,0,0,0,0,0,0,0,0.0,0.0,0.0,0.0,0.0
ENG-Premier League,2526,Newcastle,Anthony Elanga,SWE,"FW,MF",23.0,2002.0,32,14,1319.0,14.7,0,1,1,0,0,0,0,0,0.0,0.07,0.07,0.0,0.07
ENG-Premier League,2526,Newcastle,Anthony Gordon,ENG,FW,24.0,2001.0,26,24,1795.0,19.9,6,2,8,3,3,3,3,1,0.3,0.1,0.4,0.15,0.25
ENG-Premier League,2526,Newcastle,Bruno Guimarães,BRA,MF,27.0,1997.0,29,27,2453.0,27.3,9,5,14,7,2,2,6,0,0.33,0.18,0.51,0.26,0.44
ENG-Premier League,2526,Newcastle,Dan Burn,ENG,DF,33.0,1992.0,29,25,2199.0,24.4,1,2,3,1,0,0,11,1,0.04,0.08,0.12,0.04,0.12
ENG-Premier League,2526,Newcastle,Emil Krafth,SWE,DF,30.0,1994.0,1,1,45.0,0.5,0,0,0,0,0,0,0,0,0.0,0.0,0.0,0.0,0.0
ENG-Premier League,2526,Newcastle,Fabian Schär,SUI,DF,33.0,1991.0,16,11,1091.0,12.1,0,0,0,0,0,0,1,0,0.0,0.0,0.0,0.0,0.0
ENG-Premier League,2526,Newcastle,Harvey Barnes,ENG,"FW,MF",27.0,1997.0,37,19,1966.0,21.8,7,1,8,7,0,0,1,0,0.32,0.05,0.37,0.32,0.37
ENG-Premier League,2526,Newcastle,Jacob Murphy,ENG,"FW,MF",30.0,1995.0,33,19,1617.0,18.0,3,2,5,3,0,0,2,0,0.17,0.11,0.28,0.17,0.28
ENG-Premier League,2526,Newcastle,Jacob Ramsey,ENG,MF,24.0,2001.0,28,15,1450.0,16.1,2,3,5,2,0,0,5,1,0.12,0.19,0.31,0.12,0.31
ENG-Premier League,2526,Newcastle,Jamaal Lascelles,ENG,DF,31.0,1993.0,2,0,21.0,0.2,0,0,0,0,0,0,0,0,0.0,0.0,0.0,0.0,0.0
ENG-Premier League,2526,Newcastle,Joe Willock,ENG,MF,25.0,1999.0,24,10,983.0,10.9,0,2,2,0,0,0,3,0,0.0,0.18,0.18,0.0,0.18
ENG-Premier League,2526,Newcastle,Joelinton,BRA,MF,28.0,1996.0,27,23,1951.0,21.7,2,1,3,2,0,0,10,0,0.09,0.05,0.14,0.09,0.14
ENG-Premier League,2526,Newcastle,Kieran Trippier,ENG,DF,34.0,1990.0,21,18,1586.0,17.6,0,1,1,0,0,0,3,0,0.0,0.06,0.06,0.0,0.06
ENG-Premier League,2526,Newcastle,Lewis Hall,ENG,DF,20.0,2004.0,30,24,2181.0,24.2,1,1,2,1,0,0,4,0,0.04,0.04,0.08,0.04,0.08
ENG-Premier League,2526,Newcastle,Lewis Miley,ENG,"MF,DF",19.0,2006.0,23,15,1496.0,16.6,1,4,5,1,0,0,0,0,0.06,0.24,0.3,0.06,0.3
ENG-Premier League,2526,Newcastle,Malick Thiaw,GER,DF,23.0,2001.0,35,33,2965.0,32.9,4,0,4,4,0,0,4,0,0.12,0.0,0.12,0.12,0.12
ENG-Premier League,2526,Newcastle,Nick Pope,ENG,GK,33.0,1992.0,27,27,2416.0,26.8,0,0,0,0,0,0,2,0,0.0,0.0,0.0,0.0,0.0
ENG-Premier League,2526,Newcastle,Nick Woltemade,GER,"FW,MF",23.0,2002.0,33,24,1902.0,21.1,8,3,11,7,1,1,0,0,0.38,0.14,0.52,0.33,0.47
ENG-Premier League,2526,Newcastle,Sandro Tonali,ITA,MF,25.0,2000.0,35,31,2534.0,28.2,0,2,2,0,0,0,4,0,0.0,0.07,0.07,0.0,0.07
ENG-Premier League,2526,Newcastle,Sean Neave,ENG,FW,18.0,2007.0,1,0,14.0,0.2,0,0,0,0,0,0,0,0,0.0,0.0,0.0,0.0,0.0
ENG-Premier League,2526,Newcastle,Sven Botman,NED,DF,25.0,2000.0,25,21,1835.0,20.4,1,1,2,1,0,0,2,0,0.05,0.05,0.1,0.05,0.1
ENG-Premier League,2526,Newcastle,Tino Livramento,ENG,DF,22.0,2002.0,17,14,1328.0,14.8,0,1,1,0,0,0,1,0,0.0,0.07,0.07,0.0,0.07
ENG-Premier League,2526,Newcastle,William Osula,DEN,FW,21.0,2003.0,24,8,819.0,9.1,7,0,7,7,0,0,0,0,0.77,0.0,0.77,0.77,0.77
ENG-Premier League,2526,Newcastle,Yoane Wissa,COD,FW,28.0,1996.0,19,4,531.0,5.9,1,1,2,1,0,0,3,0,0.17,0.17,0.34,0.17,0.34
ENG-Premier League,2526,Nottingham,Angus Gunn,SCO,GK,29.0,1996.0,1,0,45.0,0.5,0,0,0,0,0,0,0,0,0.0,0.0,0.0,0.0,0.0
ENG-Premier League,2526,Nottingham,Arnaud Kalimuendo,FRA,FW,23.0,2002.0,9,0,96.0,1.1,0,0,0,0,0,0,0,0,0.0,0.0,0.0,0.0,0.0
ENG-Premier League,2526,Nottingham,Callum Hudson-Odoi,ENG,MF,24.0,2000.0,30,21,1841.0,20.5,3,4,7,3,0,0,0,0,0.15,0.2,0.34,0.15,0.34
ENG-Premier League,2526,Nottingham,Chris Wood,NZL,FW,33.0,1991.0,15,11,901.0,10.0,3,0,3,3,0,0,0,0,0.3,0.0,0.3,0.3,0.3
ENG-Premier League,2526,Nottingham,Dan Ndoye,SUI,MF,24.0,2000.0,24,14,1173.0,13.0,1,1,2,1,0,0,1,0,0.08,0.08,0.15,0.08,0.15
ENG-Premier League,2526,Nottingham,Dilane Bakwa,FRA,MF,22.0,2002.0,14,6,553.0,6.1,0,2,2,0,0,0,1,0,0.0,0.33,0.33,0.0,0.33
ENG-Premier League,2526,Nottingham,Douglas Luiz,BRA,MF,27.0,1998.0,8,5,315.0,3.5,0,0,0,0,0,0,2,0,0.0,0.0,0.0,0.0,0.0
ENG-Premier League,2526,Nottingham,Elliot Anderson,ENG,MF,22.0,2002.0,38,37,3331.0,37.0,4,4,8,3,1,1,8,0,0.11,0.11,0.22,0.08,0.19
ENG-Premier League,2526,Nottingham,Ibrahim Sangaré,CIV,MF,27.0,1997.0,28,25,2075.0,23.1,2,2,4,2,0,0,5,0,0.09,0.09,0.17,0.09,0.17
ENG-Premier League,2526,Nottingham,Igor Jesus,BRA,FW,24.0,2001.0,37,28,2298.0,25.5,6,4,10,5,1,1,2,0,0.23,0.16,0.39,0.2,0.35
ENG-Premier League,2526,Nottingham,Jair Cunha,BRA,DF,20.0,2005.0,9,6,517.0,5.7,0,0,0,0,0,0,0,0,0.0,0.0,0.0,0.0,0.0
ENG-Premier League,2526,Nottingham,James Mcatee,ENG,MF,22.0,2002.0,14,2,298.0,3.3,0,1,1,0,0,0,1,0,0.0,0.3,0.3,0.0,0.3
ENG-Premier League,2526,Nottingham,John,BRA,GK,29.0,1996.0,5,5,437.0,4.9,0,0,0,0,0,0,1,0,0.0,0.0,0.0,0.0,0.0
ENG-Premier League,2526,Nottingham,Jota Silva,POR,FW,25.0,1999.0,1,0,12.0,0.1,0,0,0,0,0,0,0,0,0.0,0.0,0.0,0.0,0.0
ENG-Premier League,2526,Nottingham,Lorenzo Lucca,ITA,FW,24.0,2000.0,4,1,129.0,1.4,1,0,1,1,0,0,0,0,0.7,0.0,0.7,0.7,0.7
ENG-Premier League,2526,Nottingham,Luca Netz,GER,"DF,MF",22.0,2003.0,7,3,357.0,4.0,0,0,0,0,0,0,0,0,0.0,0.0,0.0,0.0,0.0
ENG-Premier League,2526,Nottingham,Matz Sels,BEL,GK,33.0,1992.0,31,30,2668.0,29.6,0,0,0,0,0,0,2,0,0.0,0.0,0.0,0.0,0.0
ENG-Premier League,2526,Nottingham,Morato,BRA,DF,24.0,2001.0,21,14,1345.0,14.9,1,0,1,1,0,0,5,0,0.07,0.0,0.07,0.07,0.07
ENG-Premier League,2526,Nottingham,Morgan Gibbs-White,ENG,MF,25.0,2000.0,37,35,3097.0,34.4,15,4,19,14,1,1,1,0,0.44,0.12,0.55,0.41,0.52
ENG-Premier League,2526,Nottingham,Murillo,BRA,DF,23.0,2002.0,25,25,2130.0,23.7,1,0,1,1,0,0,5,0,0.04,0.0,0.04,0.04,0.04
ENG-Premier League,2526,Nottingham,Neco Williams,WAL,DF,24.0,2001.0,37,36,3204.0,35.6,2,3,5,2,0,0,6,1,0.06,0.08,0.14,0.06,0.14
ENG-Premier League,2526,Nottingham,Nicolás Domínguez,ARG,MF,27.0,1998.0,27,17,1175.0,13.1,1,1,2,1,0,0,3,0,0.08,0.08,0.15,0.08,0.15
ENG-Premier League,2526,Nottingham,Nicolò Savona,ITA,DF,22.0,2003.0,14,11,1028.0,11.4,2,0,2,2,0,0,2,0,0.18,0.0,0.18,0.18,0.18
ENG-Premier League,2526,Nottingham,Nikola Milenković,SRB,DF,27.0,1997.0,38,37,3375.0,37.5,0,0,0,0,0,0,6,0,0.0,0.0,0.0,0.0,0.0
ENG-Premier League,2526,Nottingham,Ola Aina,NGA,DF,28.0,1996.0,18,18,1588.0,17.6,0,0,0,0,0,0,3,0,0.0,0.0,0.0,0.0,0.0
ENG-Premier League,2526,Nottingham,Oleksandr Zinchenko,UKR,DF,28.0,1996.0,5,4,353.0,3.9,0,0,0,0,0,0,0,0,0.0,0.0,0.0,0.0,0.0
ENG-Premier League,2526,Nottingham,Omari Hutchinson,ENG,MF,21.0,2003.0,31,17,1688.0,18.8,1,5,6,1,0,0,1,0,0.05,0.27,0.32,0.05,0.32
ENG-Premier League,2526,Nottingham,Ryan Yates,ENG,MF,27.0,1997.0,22,2,617.0,6.9,0,2,2,0,0,0,3,0,0.0,0.29,0.29,0.0,0.29
ENG-Premier League,2526,Nottingham,Stefan Ortega,GER,GK,32.0,1992.0,3,3,270.0,3.0,0,0,0,0,0,0,0,0,0.0,0.0,0.0,0.0,0.0
ENG-Premier League,2526,Nottingham,Taiwo Awoniyi,NGA,FW,27.0,1997.0,17,3,494.0,5.5,4,1,5,4,0,0,2,0,0.73,0.18,0.91,0.73,0.91
ENG-Premier League,2526,Nottingham,Zach Abbott,ENG,DF,19.0,2006.0,3,2,164.0,1.8,0,0,0,0,0,0,0,0,0.0,0.0,0.0,0.0,0.0
ENG-Premier League,2526,Sunderland,Arthur Masuaku,COD,DF,31.0,1993.0,3,2,126.0,1.4,0,0,0,0,0,0,1,0,0.0,0.0,0.0,0.0,0.0
ENG-Premier League,2526,Sunderland,Bertrand Traoré,BFA,"MF,FW",29.0,1995.0,12,9,632.0,7.0,1,0,1,1,0,0,1,0,0.14,0.0,0.14,0.14,0.14
ENG-Premier League,2526,Sunderland,Brian Brobbey,NED,FW,23.0,2002.0,31,22,1927.0,21.4,7,1,8,7,0,0,6,0,0.33,0.05,0.37,0.33,0.37
ENG-Premier League,2526,Sunderland,Chemsdine Talbi,MAR,"MF,FW",20.0,2005.0,28,16,1561.0,17.3,4,1,5,4,0,0,0,0,0.23,0.06,0.29,0.23,0.29
ENG-Premier League,2526,Sunderland,Chris Rigg,ENG,MF,18.0,2007.0,18,11,761.0,8.5,1,1,2,1,0,0,1,0,0.12,0.12,0.24,0.12,0.24
ENG-Premier League,2526,Sunderland,Dan Neil,ENG,MF,23.0,2001.0,3,0,14.0,0.2,0,0,0,0,0,0,0,0,0.0,0.0,0.0,0.0,0.0
ENG-Premier League,2526,Sunderland,Daniel Ballard,NIR,DF,25.0,1999.0,29,24,2149.0,23.9,2,0,2,2,0,0,4,1,0.08,0.0,0.08,0.08,0.08
ENG-Premier League,2526,Sunderland,Dennis Cirkin,LVA,DF,23.0,2002.0,8,3,323.0,3.6,0,0,0,0,0,0,2,0,0.0,0.0,0.0,0.0,0.0
ENG-Premier League,2526,Sunderland,Eliezer Mayenda,ESP,"FW,MF",20.0,2005.0,20,8,759.0,8.4,2,0,2,2,0,0,0,0,0.24,0.0,0.24,0.24,0.24
ENG-Premier League,2526,Sunderland,Enzo Le Fée,FRA,"MF,FW",25.0,2000.0,36,33,2930.0,32.6,5,6,11,2,3,4,5,0,0.15,0.18,0.34,0.06,0.25
ENG-Premier League,2526,Sunderland,Granit Xhaka,SUI,MF,32.0,1992.0,34,32,2904.0,32.3,1,6,7,1,0,0,8,0,0.03,0.19,0.22,0.03,0.22
ENG-Premier League,2526,Sunderland,Habib Diarra,SEN,MF,21.0,2004.0,20,15,1405.0,15.6,2,2,4,1,1,1,6,0,0.13,0.13,0.26,0.06,0.19
ENG-Premier League,2526,Sunderland,Jenson Seelt,NED,DF,22.0,2003.0,2,1,134.0,1.5,0,0,0,0,0,0,0,0,0.0,0.0,0.0,0.0,0.0
ENG-Premier League,2526,Sunderland,Jocelin Ta Bi,CIV,MF,20.0,2005.0,1,1,38.0,0.4,0,0,0,0,0,0,0,0,0.0,0.0,0.0,0.0,0.0
ENG-Premier League,2526,Sunderland,Luke O'Nien,ENG,DF,30.0,1994.0,12,5,569.0,6.3,0,1,1,0,0,0,1,1,0.0,0.16,0.16,0.0,0.16
ENG-Premier League,2526,Sunderland,Lutsharel Geertruida,NED,"DF,MF",25.0,2000.0,28,17,1693.0,18.8,0,0,0,0,0,0,2,0,0.0,0.0,0.0,0.0,0.0
ENG-Premier League,2526,Sunderland,Marc Guiu,ESP,FW,19.0,2006.0,2,0,15.0,0.2,0,0,0,0,0,0,0,0,0.0,0.0,0.0,0.0,0.0
ENG-Premier League,2526,Sunderland,Melker Ellborg,SWE,GK,22.0,2003.0,3,3,270.0,3.0,0,0,0,0,0,0,0,0,0.0,0.0,0.0,0.0,0.0
ENG-Premier League,2526,Sunderland,Nilson Angulo,ECU,MF,22.0,2003.0,8,5,404.0,4.5,0,0,0,0,0,0,1,0,0.0,0.0,0.0,0.0,0.0
ENG-Premier League,2526,Sunderland,Noah Sadiki,COD,MF,20.0,2004.0,33,33,2889.0,32.1,0,1,1,0,0,0,9,0,0.0,0.03,0.03,0.0,0.03
ENG-Premier League,2526,Sunderland,Nordi Mukiele,FRA,DF,27.0,1997.0,32,32,2784.0,30.9,3,3,6,3,0,0,5,0,0.1,0.1,0.19,0.1,0.19
ENG-Premier League,2526,Sunderland,Omar Alderete,PAR,DF,28.0,1996.0,33,32,2798.0,31.1,1,1,2,1,0,0,6,0,0.03,0.03,0.06,0.03,0.06
ENG-Premier League,2526,Sunderland,Patrick Roberts,ENG,"FW,MF",28.0,1997.0,1,0,28.0,0.3,0,0,0,0,0,0,0,0,0.0,0.0,0.0,0.0,0.0
ENG-Premier League,2526,Sunderland,Reinildo Mandava,MOZ,DF,31.0,1994.0,25,23,1966.0,21.8,0,1,1,0,0,0,7,1,0.0,0.05,0.05,0.0,0.05
ENG-Premier League,2526,Sunderland,Robin Roefs,NED,GK,22.0,2003.0,35,35,3150.0,35.0,0,0,0,0,0,0,4,0,0.0,0.0,0.0,0.0,0.0
ENG-Premier League,2526,Sunderland,Romaine Mundle,ENG,MF,22.0,2003.0,14,2,411.0,4.6,0,0,0,0,0,0,1,0,0.0,0.0,0.0,0.0,0.0
ENG-Premier League,2526,Sunderland,Simon Adingra,CIV,"MF,FW",23.0,2002.0,14,9,653.0,7.3,1,0,1,1,0,0,2,0,0.14,0.0,0.14,0.14,0.14
ENG-Premier League,2526,Sunderland,Trai Hume,NIR,"DF,MF",23.0,2002.0,38,34,3036.0,33.7,2,1,3,2,0,0,9,0,0.06,0.03,0.09,0.06,0.09
ENG-Premier League,2526,Sunderland,Wilson Isidor,HAI,FW,24.0,2000.0,32,11,1165.0,12.9,6,0,6,6,0,0,1,0,0.46,0.0,0.46,0.46,0.46
ENG-Premier League,2526,Tottenham,Antonín Kinský,CZE,GK,22.0,2003.0,7,7,630.0,7.0,0,0,0,0,0,0,1,0,0.0,0.0,0.0,0.0,0.0
ENG-Premier League,2526,Tottenham,Archie Gray,ENG,"MF,DF",19.0,2006.0,24,18,1478.0,16.4,2,2,4,2,0,0,5,0,0.12,0.12,0.24,0.12,0.24
ENG-Premier League,2526,Tottenham,Ben Davies,WAL,DF,32.0,1993.0,3,2,137.0,1.5,1,0,1,1,0,0,1,0,0.66,0.0,0.66,0.66,0.66
ENG-Premier League,2526,Tottenham,Brennan Johnson,WAL,"MF,FW",24.0,2001.0,16,6,610.0,6.8,2,0,2,2,0,0,2,0,0.3,0.0,0.3,0.3,0.3
ENG-Premier League,2526,Tottenham,Callum Olusesi,ENG,MF,18.0,2007.0,1,0,15.0,0.2,0,0,0,0,0,0,0,0,0.0,0.0,0.0,0.0,0.0
ENG-Premier League,2526,Tottenham,Conor Gallagher,ENG,MF,25.0,2000.0,16,14,1184.0,13.2,1,1,2,1,0,0,2,0,0.08,0.08,0.15,0.08,0.15
ENG-Premier League,2526,Tottenham,Cristian Romero,ARG,DF,27.0,1998.0,23,22,1868.0,20.8,4,1,5,4,0,0,11,2,0.19,0.05,0.24,0.19,0.24
ENG-Premier League,2526,Tottenham,Dane Scarlett,ENG,FW,21.0,2004.0,2,0,9.0,0.1,0,0,0,0,0,0,0,0,0.0,0.0,0.0,0.0,0.0
ENG-Premier League,2526,Tottenham,Destiny Udogie,ITA,"DF,MF",22.0,2002.0,20,14,1338.0,14.9,0,1,1,0,0,0,4,0,0.0,0.07,0.07,0.0,0.07
ENG-Premier League,2526,Tottenham,Djed Spence,ENG,"DF,MF",24.0,2000.0,30,23,2056.0,22.8,0,0,0,0,0,0,4,0,0.0,0.0,0.0,0.0,0.0
ENG-Premier League,2526,Tottenham,Dominic Solanke,ENG,FW,27.0,1997.0,15,11,1001.0,11.1,3,0,3,3,0,0,1,0,0.27,0.0,0.27,0.27,0.27
ENG-Premier League,2526,Tottenham,Guglielmo Vicario,ITA,GK,28.0,1996.0,31,31,2790.0,31.0,0,0,0,0,0,0,1,0,0.0,0.0,0.0,0.0,0.0
ENG-Premier League,2526,Tottenham,James Maddison,ENG,"FW,MF",28.0,1996.0,3,0,37.0,0.4,0,0,0,0,0,0,0,0,0.0,0.0,0.0,0.0,0.0
ENG-Premier League,2526,Tottenham,James Rowswell,ENG,DF,19.0,2006.0,1,0,1.0,0.0,0,0,0,0,0,0,0,0,0.0,0.0,0.0,0.0,0.0
ENG-Premier League,2526,Tottenham,João Palhinha,POR,MF,30.0,1995.0,33,23,2198.0,24.4,5,2,7,5,0,0,8,0,0.2,0.08,0.29,0.2,0.29
ENG-Premier League,2526,Tottenham,Jun'ai Byfield,ENG,DF,16.0,2008.0,1,0,1.0,0.0,0,0,0,0,0,0,0,0,0.0,0.0,0.0,0.0,0.0
ENG-Premier League,2526,Tottenham,Kevin Danso,AUT,DF,26.0,1998.0,24,17,1494.0,16.6,0,0,0,0,0,0,8,0,0.0,0.0,0.0,0.0,0.0
ENG-Premier League,2526,Tottenham,Lucas Bergvall,SWE,MF,19.0,2006.0,23,11,965.0,10.7,1,3,4,1,0,0,2,0,0.09,0.28,0.37,0.09,0.37
ENG-Premier League,2526,Tottenham,Mathys Tel,FRA,"MF,FW",20.0,2005.0,31,13,1349.0,15.0,4,1,5,4,0,0,1,0,0.27,0.07,0.33,0.27,0.33
ENG-Premier League,2526,Tottenham,Micky van de Ven,NED,DF,24.0,2001.0,35,35,3041.0,33.8,4,1,5,4,0,0,9,1,0.12,0.03,0.15,0.12,0.15
ENG-Premier League,2526,Tottenham,Mohammed Kudus,GHA,"MF,FW",24.0,2000.0,19,19,1535.0,17.1,2,5,7,2,0,0,3,0,0.12,0.29,0.41,0.12,0.41
ENG-Premier League,2526,Tottenham,Pape Matar Sarr,SEN,MF,22.0,2002.0,26,13,1398.0,15.5,2,4,6,2,0,0,3,0,0.13,0.26,0.39,0.13,0.39
ENG-Premier League,2526,Tottenham,Pedro Porro,ESP,DF,25.0,1999.0,34,32,2796.0,31.1,1,2,3,1,0,0,10,0,0.03,0.06,0.1,0.03,0.1
ENG-Premier League,2526,Tottenham,Radu Drăgușin,ROU,DF,23.0,2002.0,10,5,517.0,5.7,0,0,0,0,0,0,0,0,0.0,0.0,0.0,0.0,0.0
ENG-Premier League,2526,Tottenham,Randal Kolo Muani,FRA,"FW,MF",26.0,1998.0,30,21,1664.0,18.5,1,1,2,1,0,0,3,0,0.05,0.05,0.11,0.05,0.11
ENG-Premier League,2526,Tottenham,Richarlison,BRA,"FW,MF",28.0,1997.0,32,20,1964.0,21.8,11,4,15,11,0,0,5,0,0.5,0.18,0.69,0.5,0.69
ENG-Premier League,2526,Tottenham,Rodrigo Bentancur,URU,MF,28.0,1997.0,26,23,1883.0,20.9,1,1,2,1,0,0,7,0,0.05,0.05,0.1,0.05,0.1
ENG-Premier League,2526,Tottenham,Souza,BRA,MF,19.0,2006.0,4,2,144.0,1.6,0,0,0,0,0,0,1,0,0.0,0.0,0.0,0.0,0.0
ENG-Premier League,2526,Tottenham,Wilson Odobert,FRA,"MF,FW",20.0,2004.0,24,10,985.0,10.9,0,2,2,0,0,0,0,0,0.0,0.18,0.18,0.0,0.18
ENG-Premier League,2526,Tottenham,Xavi Simons,NED,"MF,FW",22.0,2003.0,28,19,1755.0,19.5,2,5,7,2,0,0,5,1,0.1,0.26,0.36,0.1,0.36
ENG-Premier League,2526,Tottenham,Yves Bissouma,MLI,MF,28.0,1996.0,11,7,603.0,6.7,0,0,0,0,0,0,4,0,0.0,0.0,0.0,0.0,0.0
ENG-Premier League,2526,West Ham,Aaron Wan-Bissaka,COD,"DF,MF",27.0,1997.0,25,23,2081.0,23.1,0,2,2,0,0,0,4,0,0.0,0.09,0.09,0.0,0.09
ENG-Premier League,2526,West Ham,Adama Traoré,ESP,"FW,MF",29.0,1996.0,9,0,121.0,1.3,0,0,0,0,0,0,1,0,0.0,0.0,0.0,0.0,0.0
ENG-Premier League,2526,West Ham,Alphonse Areola,FRA,GK,32.0,1993.0,20,20,1800.0,20.0,0,1,1,0,0,0,0,0,0.0,0.05,0.05,0.0,0.05
ENG-Premier League,2526,West Ham,Andy Irving,SCO,MF,25.0,2000.0,7,2,158.0,1.8,0,0,0,0,0,0,0,0,0.0,0.0,0.0,0.0,0.0
ENG-Premier League,2526,West Ham,Axel Disasi,FRA,DF,27.0,1998.0,14,14,1254.0,13.9,0,0,0,0,0,0,1,0,0.0,0.0,0.0,0.0,0.0
ENG-Premier League,2526,West Ham,Callum Marshall,NIR,FW,20.0,2004.0,2,0,60.0,0.7,0,0,0,0,0,0,0,0,0.0,0.0,0.0,0.0,0.0
ENG-Premier League,2526,West Ham,Callum Wilson,ENG,FW,33.0,1992.0,32,11,1251.0,13.9,7,1,8,7,0,0,1,0,0.5,0.07,0.58,0.5,0.58
ENG-Premier League,2526,West Ham,Crysencio Summerville,NED,"MF,FW",23.0,2001.0,31,29,2470.0,27.4,5,2,7,5,0,0,6,0,0.18,0.07,0.26,0.18,0.26
ENG-Premier League,2526,West Ham,El Hadji Malick Diouf,SEN,"DF,MF",20.0,2004.0,32,30,2707.0,30.1,0,5,5,0,0,0,6,0,0.0,0.17,0.17,0.0,0.17
ENG-Premier League,2526,West Ham,Ezra Mayers,BRB,DF,18.0,2007.0,6,0,117.0,1.3,0,0,0,0,0,0,0,0,0.0,0.0,0.0,0.0,0.0
ENG-Premier League,2526,West Ham,Freddie Potts,ENG,MF,21.0,2003.0,22,12,1171.0,13.0,0,1,1,0,0,0,1,0,0.0,0.08,0.08,0.0,0.08
ENG-Premier League,2526,West Ham,George Earthy,ENG,MF,20.0,2004.0,1,0,9.0,0.1,0,0,0,0,0,0,0,0,0.0,0.0,0.0,0.0,0.0
ENG-Premier League,2526,West Ham,Guido Rodríguez,ARG,MF,31.0,1994.0,6,2,180.0,2.0,0,0,0,0,0,0,1,0,0.0,0.0,0.0,0.0,0.0
ENG-Premier League,2526,West Ham,Igor,BRA,DF,27.0,1998.0,4,1,105.0,1.2,0,0,0,0,0,0,0,0,0.0,0.0,0.0,0.0,0.0
ENG-Premier League,2526,West Ham,James Ward-Prowse,ENG,MF,30.0,1994.0,5,5,413.0,4.6,0,0,0,0,0,0,0,0,0.0,0.0,0.0,0.0,0.0
ENG-Premier League,2526,West Ham,Jarrod Bowen,ENG,"MF,FW",28.0,1996.0,38,38,3403.0,37.8,9,11,20,8,1,1,4,0,0.24,0.29,0.53,0.21,0.5
ENG-Premier League,2526,West Ham,Jean-Clair Todibo,FRA,DF,25.0,1999.0,23,22,1814.0,20.2,0,1,1,0,0,0,5,1,0.0,0.05,0.05,0.0,0.05
ENG-Premier League,2526,West Ham,Konstantinos Mavropanos,GRE,DF,27.0,1997.0,31,27,2534.0,28.2,3,0,3,3,0,0,2,0,0.11,0.0,0.11,0.11,0.11
ENG-Premier League,2526,West Ham,Kyle Walker-Peters,ENG,DF,28.0,1997.0,23,15,1383.0,15.4,1,0,1,1,0,0,2,0,0.07,0.0,0.07,0.07,0.07
ENG-Premier League,2526,West Ham,Lucas Paquetá,BRA,"MF,FW",27.0,1997.0,18,18,1511.0,16.8,4,1,5,2,2,2,7,1,0.24,0.06,0.3,0.12,0.18
ENG-Premier League,2526,West Ham,Luis Guilherme,BRA,FW,19.0,2006.0,5,1,125.0,1.4,0,0,0,0,0,0,0,0,0.0,0.0,0.0,0.0,0.0
ENG-Premier League,2526,West Ham,Mads Hermansen,DEN,GK,25.0,2000.0,18,18,1620.0,18.0,0,1,1,0,0,0,0,0,0.0,0.06,0.06,0.0,0.06
ENG-Premier League,2526,West Ham,Mateus Fernandes,POR,MF,21.0,2004.0,36,35,3016.0,33.5,3,4,7,3,0,0,7,0,0.09,0.12,0.21,0.09,0.21
ENG-Premier League,2526,West Ham,Max Kilman,ENG,DF,28.0,1997.0,21,17,1561.0,17.3,0,0,0,0,0,0,4,0,0.0,0.0,0.0,0.0,0.0
ENG-Premier League,2526,West Ham,Mohamadou Kanté,FRA,MF,19.0,2005.0,11,0,75.0,0.8,0,0,0,0,0,0,2,0,0.0,0.0,0.0,0.0,0.0
ENG-Premier League,2526,West Ham,Nayef Aguerd,MAR,DF,29.0,1996.0,2,2,180.0,2.0,0,0,0,0,0,0,0,0,0.0,0.0,0.0,0.0,0.0
ENG-Premier League,2526,West Ham,Niclas Füllkrug,GER,FW,32.0,1993.0,8,5,409.0,4.5,0,0,0,0,0,0,0,0,0.0,0.0,0.0,0.0,0.0
ENG-Premier League,2526,West Ham,Oliver Scarles,ENG,"DF,MF",19.0,2005.0,13,9,659.0,7.3,0,0,0,0,0,0,2,0,0.0,0.0,0.0,0.0,0.0
ENG-Premier League,2526,West Ham,Pablo,BRA,"MF,FW",21.0,2004.0,14,10,823.0,9.1,0,1,1,0,0,0,0,0,0.0,0.11,0.11,0.0,0.11
ENG-Premier League,2526,West Ham,Soungoutou Magassa,FRA,MF,21.0,2003.0,22,11,981.0,10.9,1,0,1,1,0,0,4,0,0.09,0.0,0.09,0.09,0.09
ENG-Premier League,2526,West Ham,Tomáš Souček,CZE,MF,30.0,1995.0,35,24,2200.0,24.4,5,0,5,5,0,0,3,1,0.2,0.0,0.2,0.2,0.2
ENG-Premier League,2526,West Ham,Valentín Castellanos,ARG,FW,26.0,1998.0,18,17,1384.0,15.4,6,0,6,6,0,0,6,0,0.39,0.0,0.39,0.39,0.39
ENG-Premier League,2526,Wolves,Adam Armstrong,ENG,"FW,MF",28.0,1997.0,14,14,1140.0,12.7,2,2,4,1,1,1,3,0,0.16,0.16,0.32,0.08,0.24
ENG-Premier League,2526,Wolves,André,BRA,MF,24.0,2001.0,35,30,2762.0,30.7,1,0,1,1,0,0,12,0,0.03,0.0,0.03,0.03,0.03
ENG-Premier League,2526,Wolves,Angel Gomes,ENG,"MF,FW",24.0,2000.0,12,7,461.0,5.1,0,0,0,0,0,0,1,0,0.0,0.0,0.0,0.0,0.0
ENG-Premier League,2526,Wolves,Daniel Bentley,ENG,GK,32.0,1993.0,3,3,270.0,3.0,0,0,0,0,0,0,0,0,0.0,0.0,0.0,0.0,0.0
ENG-Premier League,2526,Wolves,David Møller Wolfe,NOR,"MF,DF",23.0,2002.0,22,11,1049.0,11.7,0,2,2,0,0,0,1,0,0.0,0.17,0.17,0.0,0.17
ENG-Premier League,2526,Wolves,Emmanuel Agbadou,CIV,DF,28.0,1997.0,14,12,1101.0,12.2,0,0,0,0,0,0,1,1,0.0,0.0,0.0,0.0,0.0
ENG-Premier League,2526,Wolves,Fer López,ESP,MF,21.0,2004.0,9,2,235.0,2.6,0,1,1,0,0,0,1,0,0.0,0.38,0.38,0.0,0.38
ENG-Premier League,2526,Wolves,Hugo Bueno,ESP,"MF,DF",22.0,2002.0,35,26,2366.0,26.3,1,2,3,1,0,0,3,0,0.04,0.08,0.11,0.04,0.11
ENG-Premier League,2526,Wolves,Hwang Hee-chan,KOR,"FW,MF",29.0,1996.0,26,18,1446.0,16.1,2,2,4,1,1,1,5,0,0.12,0.12,0.25,0.06,0.19
ENG-Premier League,2526,Wolves,Jackson Tchatchoua,CMR,"MF,DF",23.0,2001.0,31,19,1845.0,20.5,0,1,1,0,0,0,3,0,0.0,0.05,0.05,0.0,0.05
ENG-Premier League,2526,Wolves,Jean-Ricner Bellegarde,HAI,"MF,FW",27.0,1998.0,26,15,1248.0,13.9,1,1,2,1,0,0,5,0,0.07,0.07,0.14,0.07,0.14
ENG-Premier League,2526,Wolves,Jerome Abbey,ENG,MF,15.0,2009.0,1,0,17.0,0.2,0,0,0,0,0,0,0,0,0.0,0.0,0.0,0.0,0.0
ENG-Premier League,2526,Wolves,Jhon Arias,COL,"FW,MF",27.0,1997.0,23,14,1124.0,12.5,1,0,1,1,0,0,1,0,0.08,0.0,0.08,0.08,0.08
ENG-Premier League,2526,Wolves,José Sá,POR,GK,32.0,1993.0,23,23,2070.0,23.0,0,0,0,0,0,0,2,0,0.0,0.0,0.0,0.0,0.0
ENG-Premier League,2526,Wolves,João Gomes,BRA,MF,24.0,2001.0,35,32,2829.0,31.4,1,1,2,1,0,0,10,0,0.03,0.03,0.06,0.03,0.06
ENG-Premier League,2526,Wolves,Jørgen Strand Larsen,NOR,FW,25.0,2000.0,22,14,1404.0,15.6,1,1,2,0,1,2,2,0,0.06,0.06,0.13,0.0,0.06
ENG-Premier League,2526,Wolves,Ki-Jana Hoever,NED,"MF,DF",23.0,2002.0,8,6,425.0,4.7,0,0,0,0,0,0,0,0,0.0,0.0,0.0,0.0,0.0
ENG-Premier League,2526,Wolves,Ladislav Krejčí,CZE,"DF,MF",26.0,1999.0,28,27,2356.0,26.2,2,1,3,2,0,0,5,1,0.08,0.04,0.11,0.08,0.11
ENG-Premier League,2526,Wolves,Marshall Munetsi,ZIM,"MF,FW",29.0,1996.0,13,9,875.0,9.7,1,1,2,1,0,0,2,0,0.1,0.1,0.21,0.1,0.21
ENG-Premier League,2526,Wolves,Mateus Mane,POR,MF,17.0,2007.0,27,19,1795.0,19.9,3,1,4,3,0,0,0,0,0.15,0.05,0.2,0.15,0.2
ENG-Premier League,2526,Wolves,Matt Doherty,IRL,"DF,MF",33.0,1992.0,11,11,787.0,8.7,0,0,0,0,0,0,4,0,0.0,0.0,0.0,0.0,0.0
ENG-Premier League,2526,Wolves,Pedro Lima,BRA,MF,19.0,2006.0,9,3,260.0,2.9,0,0,0,0,0,0,0,0,0.0,0.0,0.0,0.0,0.0
ENG-Premier League,2526,Wolves,Rodrigo Gomes,POR,"MF,FW",22.0,2003.0,22,9,960.0,10.7,3,0,3,3,0,0,0,0,0.28,0.0,0.28,0.28,0.28
ENG-Premier League,2526,Wolves,Sam Johnstone,ENG,GK,32.0,1993.0,12,12,1080.0,12.0,0,0,0,0,0,0,0,0,0.0,0.0,0.0,0.0,0.0
ENG-Premier League,2526,Wolves,Santiago Bueno,URU,DF,26.0,1998.0,29,28,2553.0,28.4,3,1,4,3,0,0,4,0,0.11,0.04,0.14,0.11,0.14
ENG-Premier League,2526,Wolves,Saša Kalajdžić,AUT,"FW,MF",28.0,1997.0,1,0,15.0,0.2,0,0,0,0,0,0,0,0,0.0,0.0,0.0,0.0,0.0
ENG-Premier League,2526,Wolves,Tawanda Chirewa,ZIM,MF,21.0,2003.0,2,0,27.0,0.3,0,0,0,0,0,0,0,0,0.0,0.0,0.0,0.0,0.0
ENG-Premier League,2526,Wolves,Tolu Arokodare,NGA,FW,24.0,2000.0,33,13,1419.0,15.8,3,1,4,3,0,1,1,0,0.19,0.06,0.25,0.19,0.25
ENG-Premier League,2526,Wolves,Tom Edozie,ENG,MF,19.0,2006.0,3,0,14.0,0.2,1,0,1,1,0,0,0,0,6.43,0.0,6.43,6.43,6.43
ENG-Premier League,2526,Wolves,Toti Gomes,POR,DF,26.0,1999.0,19,17,1424.0,15.8,0,0,0,0,0,0,2,1,0.0,0.0,0.0,0.0,0.0
ENG-Premier League,2526,Wolves,Yerson Mosquera,COL,DF,24.0,2001.0,27,24,2136.0,23.7,0,0,0,0,0,0,12,0,0.0,0.0,0.0,0.0,0.0
ESP-La Liga,2425,Alavés,Abde Rebbach,ALG,"MF,FW",25.0,1998.0,8,4,385.0,4.3,0,0,0,0,0,0,1,0,0.0,0.0,0.0,0.0,0.0
ESP-La Liga,2425,Alavés,Abdel Abqar,MAR,DF,25.0,1999.0,29,29,2463.0,27.4,0,1,1,0,0,0,13,0,0.0,0.04,0.04,0.0,0.04
ESP-La Liga,2425,Alavés,Adrian Rodriguez,ESP,GK,23.0,2000.0,2,1,122.0,1.4,0,0,0,0,0,0,1,0,0.0,0.0,0.0,0.0,0.0
ESP-La Liga,2425,Alavés,Aleksandar Sedlar,SRB,DF,32.0,1991.0,9,7,594.0,6.6,0,0,0,0,0,0,1,1,0.0,0.0,0.0,0.0,0.0
ESP-La Liga,2425,Alavés,Ander Guevara,ESP,MF,27.0,1997.0,33,20,1947.0,21.6,0,1,1,0,0,0,3,0,0.0,0.05,0.05,0.0,0.05
ESP-La Liga,2425,Alavés,Antonio Blanco,ESP,MF,24.0,2000.0,35,32,2727.0,30.3,0,1,1,0,0,0,11,1,0.0,0.03,0.03,0.0,0.03
ESP-La Liga,2425,Alavés,Antonio Sivera,ESP,GK,27.0,1996.0,32,32,2810.0,31.2,0,0,0,0,0,0,6,1,0.0,0.0,0.0,0.0,0.0
ESP-La Liga,2425,Alavés,Asier Villalibre,ESP,FW,26.0,1997.0,16,2,333.0,3.7,1,1,2,0,1,1,2,0,0.27,0.27,0.54,0.0,0.27
ESP-La Liga,2425,Alavés,Carles Aleñá,ESP,MF,26.0,1998.0,14,13,1090.0,12.1,0,2,2,0,0,0,1,0,0.0,0.17,0.17,0.0,0.17
ESP-La Liga,2425,Alavés,Carlos Benavídez,URU,MF,26.0,1998.0,18,6,487.0,5.4,1,1,2,1,0,0,3,0,0.18,0.18,0.37,0.18,0.37
ESP-La Liga,2425,Alavés,Carlos Martín,ESP,"MF,FW",22.0,2002.0,26,16,1333.0,14.8,2,2,4,2,0,0,3,0,0.14,0.14,0.27,0.14,0.27
ESP-La Liga,2425,Alavés,Carlos Vicente,ESP,MF,25.0,1999.0,37,35,3092.0,34.4,5,5,10,4,1,1,3,0,0.15,0.15,0.29,0.12,0.26
ESP-La Liga,2425,Alavés,Facundo Garcés,MAS,DF,24.0,1999.0,10,7,678.0,7.5,0,0,0,0,0,0,2,0,0.0,0.0,0.0,0.0,0.0
ESP-La Liga,2425,Alavés,Hugo Novoa,ESP,"MF,DF",21.0,2003.0,5,2,237.0,2.6,0,0,0,0,0,0,0,0,0.0,0.0,0.0,0.0,0.0
ESP-La Liga,2425,Alavés,Jesús Owono,EQG,GK,23.0,2001.0,6,5,487.0,5.4,0,0,0,0,0,0,0,0,0.0,0.0,0.0,0.0,0.0
ESP-La Liga,2425,Alavés,Joan Jordán,ESP,MF,30.0,1994.0,25,15,1414.0,15.7,5,2,7,2,3,4,4,0,0.32,0.13,0.45,0.13,0.25
ESP-La Liga,2425,Alavés,Jon Guridi,ESP,MF,29.0,1995.0,33,27,2080.0,23.1,3,1,4,2,1,1,6,0,0.13,0.04,0.17,0.09,0.13
ESP-La Liga,2425,Alavés,Kiké,ESP,FW,34.0,1989.0,35,29,2542.0,28.2,13,0,13,10,3,3,5,1,0.46,0.0,0.46,0.35,0.35
ESP-La Liga,2425,Alavés,Luis Rioja,ESP,"FW,MF",30.0,1993.0,1,0,23.0,0.3,0,0,0,0,0,0,0,0,0.0,0.0,0.0,0.0,0.0
ESP-La Liga,2425,Alavés,Luka Romero,ARG,"MF,FW",19.0,2004.0,6,2,199.0,2.2,0,0,0,0,0,1,0,0,0.0,0.0,0.0,0.0,0.0
ESP-La Liga,2425,Alavés,Manu Sánchez,ESP,DF,23.0,2000.0,33,30,2634.0,29.3,1,0,1,1,0,0,6,1,0.03,0.0,0.03,0.03,0.03
ESP-La Liga,2425,Alavés,Moussa Diarra,MLI,DF,23.0,2000.0,26,20,1866.0,20.7,0,0,0,0,0,0,6,0,0.0,0.0,0.0,0.0,0.0
ESP-La Liga,2425,Alavés,Nahuel Tenaglia,ARG,DF,28.0,1996.0,34,33,2922.0,32.5,2,1,3,2,0,0,11,0,0.06,0.03,0.09,0.06,0.09
ESP-La Liga,2425,Alavés,Pau Cabanes,ESP,MF,19.0,2005.0,6,2,188.0,2.1,0,0,0,0,0,0,1,0,0.0,0.0,0.0,0.0,0.0
ESP-La Liga,2425,Alavés,Pica,ESP,DF,22.0,2002.0,9,5,499.0,5.5,0,0,0,0,0,0,1,0,0.0,0.0,0.0,0.0,0.0
ESP-La Liga,2425,Alavés,Santiago Mouriño,URU,DF,22.0,2002.0,25,20,1849.0,20.5,0,1,1,0,0,0,7,0,0.0,0.05,0.05,0.0,0.05
ESP-La Liga,2425,Alavés,Stoichkov,ESP,"MF,FW",30.0,1993.0,16,6,699.0,7.8,0,1,1,0,0,0,1,0,0.0,0.13,0.13,0.0,0.13
ESP-La Liga,2425,Alavés,Tomás Conechny,ARG,"MF,FW",26.0,1998.0,22,9,847.0,9.4,1,0,1,1,0,0,8,0,0.11,0.0,0.11,0.11,0.11
ESP-La Liga,2425,Alavés,Toni Martínez,ESP,FW,27.0,1997.0,28,9,1012.0,11.2,4,0,4,4,0,0,1,0,0.36,0.0,0.36,0.36,0.36
ESP-La Liga,2425,Athletic Club,Adama Boiro,ESP,DF,22.0,2002.0,18,13,1101.0,12.2,0,0,0,0,0,0,3,0,0.0,0.0,0.0,0.0,0.0
ESP-La Liga,2425,Athletic Club,Adu Ares,ESP,MF,22.0,2001.0,1,0,19.0,0.2,0,0,0,0,0,0,0,0,0.0,0.0,0.0,0.0,0.0
ESP-La Liga,2425,Athletic Club,Aingeru Olabarrieta,ESP,MF,18.0,2005.0,1,1,54.0,0.6,0,0,0,0,0,0,0,0,0.0,0.0,0.0,0.0,0.0
ESP-La Liga,2425,Athletic Club,Aitor Paredes,ESP,DF,24.0,2000.0,23,21,1812.0,20.1,3,0,3,3,0,0,4,1,0.15,0.0,0.15,0.15,0.15
ESP-La Liga,2425,Athletic Club,Alex Padilla,ESP,GK,20.0,2003.0,5,3,321.0,3.6,0,0,0,0,0,0,0,0,0.0,0.0,0.0,0.0,0.0
ESP-La Liga,2425,Athletic Club,Ander Herrera,ESP,MF,34.0,1989.0,8,2,273.0,3.0,0,0,0,0,0,1,2,0,0.0,0.0,0.0,0.0,0.0
ESP-La Liga,2425,Athletic Club,Andoni Gorosabel,ESP,DF,27.0,1996.0,20,17,1485.0,16.5,0,2,2,0,0,0,5,0,0.0,0.12,0.12,0.0,0.12
ESP-La Liga,2425,Athletic Club,Beñat Prados,ESP,MF,23.0,2001.0,30,21,1715.0,19.1,1,0,1,1,0,0,7,0,0.05,0.0,0.05,0.05,0.05
ESP-La Liga,2425,Athletic Club,Daniel Vivian,ESP,DF,25.0,1999.0,32,28,2608.0,29.0,4,0,4,4,0,0,3,0,0.14,0.0,0.14,0.14,0.14
ESP-La Liga,2425,Athletic Club,Endika Buján,ESP,FW,21.0,2003.0,1,0,7.0,0.1,0,0,0,0,0,0,0,0,0.0,0.0,0.0,0.0,0.0
ESP-La Liga,2425,Athletic Club,Gorka Guruzeta,ESP,FW,27.0,1996.0,36,21,1840.0,20.4,7,2,9,7,0,0,2,0,0.34,0.1,0.44,0.34,0.44
ESP-La Liga,2425,Athletic Club,Iñaki Williams,GHA,"MF,FW",30.0,1994.0,35,29,2652.0,29.5,6,8,14,6,0,0,1,0,0.2,0.27,0.48,0.2,0.48
ESP-La Liga,2425,Athletic Club,Iñigo Lekue,ESP,DF,31.0,1993.0,16,8,773.0,8.6,0,0,0,0,0,0,1,0,0.0,0.0,0.0,0.0,0.0
ESP-La Liga,2425,Athletic Club,Iñigo Ruiz de Galarreta,ESP,MF,30.0,1993.0,26,18,1477.0,16.4,0,4,4,0,0,0,5,0,0.0,0.24,0.24,0.0,0.24
ESP-La Liga,2425,Athletic Club,Javi Martón,ESP,FW,25.0,1999.0,3,0,53.0,0.6,0,0,0,0,0,0,1,0,0.0,0.0,0.0,0.0,0.0
ESP-La Liga,2425,Athletic Club,Julen Agirrezabala,ESP,GK,23.0,2000.0,14,14,1206.0,13.4,0,0,0,0,0,0,1,1,0.0,0.0,0.0,0.0,0.0
ESP-La Liga,2425,Athletic Club,Maroan Sannadi,MAR,FW,23.0,2001.0,16,7,754.0,8.4,1,1,2,1,0,0,0,0,0.12,0.12,0.24,0.12,0.24
ESP-La Liga,2425,Athletic Club,Mikel Jauregizar,ESP,MF,20.0,2003.0,34,25,2244.0,24.9,2,1,3,2,0,0,4,1,0.08,0.04,0.12,0.08,0.12
ESP-La Liga,2425,Athletic Club,Mikel Vesga,ESP,MF,31.0,1993.0,25,10,988.0,11.0,0,0,0,0,0,1,1,0,0.0,0.0,0.0,0.0,0.0
ESP-La Liga,2425,Athletic Club,Nico Williams,ESP,MF,22.0,2002.0,29,22,1996.0,22.2,5,5,10,5,0,0,1,0,0.23,0.23,0.45,0.23,0.45
ESP-La Liga,2425,Athletic Club,Nicolás Serrano,ESP,MF,21.0,2003.0,4,1,112.0,1.2,0,0,0,0,0,0,0,0,0.0,0.0,0.0,0.0,0.0
ESP-La Liga,2425,Athletic Club,Oihan Sancet,ESP,MF,24.0,2000.0,29,19,1620.0,18.0,15,1,16,12,3,3,2,0,0.83,0.06,0.89,0.67,0.72
ESP-La Liga,2425,Athletic Club,Peio Canales,ESP,MF,19.0,2005.0,8,2,259.0,2.9,0,0,0,0,0,0,0,0,0.0,0.0,0.0,0.0,0.0
ESP-La Liga,2425,Athletic Club,Unai Gómez,ESP,"MF,FW",21.0,2003.0,32,14,1284.0,14.3,1,3,4,1,0,0,1,0,0.07,0.21,0.28,0.07,0.28
ESP-La Liga,2425,Athletic Club,Unai Núñez,ESP,DF,27.0,1997.0,10,7,645.0,7.2,0,0,0,0,0,0,4,0,0.0,0.0,0.0,0.0,0.0
ESP-La Liga,2425,Athletic Club,Unai Simón,ESP,GK,27.0,1997.0,21,21,1890.0,21.0,0,0,0,0,0,0,0,0,0.0,0.0,0.0,0.0,0.0
ESP-La Liga,2425,Athletic Club,Yeray Álvarez,ESP,DF,29.0,1995.0,21,20,1781.0,19.8,1,0,1,1,0,0,4,0,0.05,0.0,0.05,0.05,0.05
ESP-La Liga,2425,Athletic Club,Yuri Berchiche,ESP,DF,34.0,1990.0,30,22,2044.0,22.7,0,2,2,0,0,0,5,0,0.0,0.09,0.09,0.0,0.09
ESP-La Liga,2425,Athletic Club,Álex Berenguer,ESP,"MF,FW",29.0,1995.0,36,28,2339.0,26.0,6,7,13,6,0,1,5,0,0.23,0.27,0.5,0.23,0.5
ESP-La Liga,2425,Athletic Club,Álvaro djaló,GNB,"MF,FW",24.0,1999.0,17,7,659.0,7.3,1,0,1,1,0,0,2,0,0.14,0.0,0.14,0.14,0.14
ESP-La Liga,2425,Athletic Club,Óscar de Marcos,ESP,DF,35.0,1989.0,26,17,1564.0,17.4,0,4,4,0,0,0,0,0,0.0,0.23,0.23,0.0,0.23
ESP-La Liga,2425,Atlético Madrid,Adrian Niño,ESP,FW,20.0,2004.0,1,0,12.0,0.1,0,0,0,0,0,0,0,0,0.0,0.0,0.0,0.0,0.0
ESP-La Liga,2425,Atlético Madrid,Alexander Sørloth,NOR,FW,28.0,1995.0,35,15,1566.0,17.4,20,2,22,19,1,1,4,0,1.15,0.11,1.26,1.09,1.21
ESP-La Liga,2425,Atlético Madrid,Antoine Griezmann,FRA,"FW,MF",33.0,1991.0,38,29,2469.0,27.4,8,7,15,7,1,2,2,0,0.29,0.26,0.55,0.26,0.51
ESP-La Liga,2425,Atlético Madrid,Axel Witsel,BEL,DF,35.0,1989.0,14,9,852.0,9.5,0,1,1,0,0,0,1,0,0.0,0.11,0.11,0.0,0.11
ESP-La Liga,2425,Atlético Madrid,Clément Lenglet,FRA,DF,29.0,1995.0,23,23,1972.0,21.9,2,1,3,2,0,0,9,0,0.09,0.05,0.14,0.09,0.14
ESP-La Liga,2425,Atlético Madrid,Conor Gallagher,ENG,MF,24.0,2000.0,32,19,1633.0,18.1,3,3,6,3,0,0,2,0,0.17,0.17,0.33,0.17,0.33
ESP-La Liga,2425,Atlético Madrid,César Azpilicueta,ESP,DF,34.0,1989.0,14,10,875.0,9.7,1,0,1,1,0,0,1,0,0.1,0.0,0.1,0.1,0.1
ESP-La Liga,2425,Atlético Madrid,Giuliano Simeone,ARG,MF,21.0,2002.0,33,26,1926.0,21.4,2,6,8,2,0,0,4,0,0.09,0.28,0.37,0.09,0.37
ESP-La Liga,2425,Atlético Madrid,Jan Oblak,SVN,GK,31.0,1993.0,36,36,3240.0,36.0,0,0,0,0,0,0,0,0,0.0,0.0,0.0,0.0,0.0
ESP-La Liga,2425,Atlético Madrid,Javi Galán,ESP,DF,29.0,1994.0,25,21,1784.0,19.8,0,3,3,0,0,0,8,0,0.0,0.15,0.15,0.0,0.15
ESP-La Liga,2425,Atlético Madrid,José María Giménez,URU,DF,29.0,1995.0,27,20,1999.0,22.2,0,1,1,0,0,0,5,0,0.0,0.05,0.05,0.0,0.05
ESP-La Liga,2425,Atlético Madrid,Juan Musso,ARG,GK,30.0,1994.0,2,2,180.0,2.0,0,0,0,0,0,0,0,0,0.0,0.0,0.0,0.0,0.0
ESP-La Liga,2425,Atlético Madrid,Julián Álvarez,ARG,FW,24.0,2000.0,37,30,2509.0,27.9,17,4,21,13,4,4,5,0,0.61,0.14,0.75,0.47,0.61
ESP-La Liga,2425,Atlético Madrid,Koke,ESP,MF,32.0,1992.0,32,20,1926.0,21.4,1,1,2,1,0,0,4,0,0.05,0.05,0.09,0.05,0.09
ESP-La Liga,2425,Atlético Madrid,Marcos Llorente,ESP,"DF,MF",29.0,1995.0,33,28,2513.0,27.9,2,4,6,2,0,0,0,1,0.07,0.14,0.21,0.07,0.21
ESP-La Liga,2425,Atlético Madrid,Nahuel Molina,ARG,DF,26.0,1998.0,30,17,1590.0,17.7,0,3,3,0,0,0,1,0,0.0,0.17,0.17,0.0,0.17
ESP-La Liga,2425,Atlético Madrid,Pablo Barrios,ESP,MF,21.0,2003.0,31,28,2330.0,25.9,1,4,5,1,0,0,4,1,0.04,0.15,0.19,0.04,0.19
ESP-La Liga,2425,Atlético Madrid,Reinildo Mandava,MOZ,"DF,MF",30.0,1994.0,19,10,941.0,10.5,0,0,0,0,0,0,4,0,0.0,0.0,0.0,0.0,0.0
ESP-La Liga,2425,Atlético Madrid,Robin Le Normand,ESP,DF,27.0,1996.0,27,24,2151.0,23.9,1,0,1,1,0,0,8,0,0.04,0.0,0.04,0.04,0.04
ESP-La Liga,2425,Atlético Madrid,Rodrigo De Paul,ARG,MF,30.0,1994.0,34,23,2106.0,23.4,3,5,8,3,0,0,7,0,0.13,0.21,0.34,0.13,0.34
ESP-La Liga,2425,Atlético Madrid,Rodrigo Riquelme,ESP,"MF,DF",24.0,2000.0,16,4,516.0,5.7,0,1,1,0,0,0,0,0,0.0,0.17,0.17,0.0,0.17
ESP-La Liga,2425,Atlético Madrid,Samuel Lino,BRA,MF,24.0,1999.0,31,21,1552.0,17.2,3,4,7,3,0,0,3,0,0.17,0.23,0.41,0.17,0.41
ESP-La Liga,2425,Atlético Madrid,Thomas Lemar,FRA,MF,28.0,1995.0,5,0,85.0,0.9,0,0,0,0,0,0,0,0,0.0,0.0,0.0,0.0,0.0
ESP-La Liga,2425,Atlético Madrid,Ángel Correa,ARG,FW,29.0,1995.0,31,3,805.0,8.9,4,1,5,4,0,0,3,1,0.45,0.11,0.56,0.45,0.56
ESP-La Liga,2425,Barcelona,Alejandro Balde,ESP,DF,20.0,2003.0,32,26,2284.0,25.4,0,4,4,0,0,0,2,0,0.0,0.16,0.16,0.0,0.16
ESP-La Liga,2425,Barcelona,Andreas Christensen,DEN,DF,28.0,1996.0,5,2,254.0,2.8,0,0,0,0,0,0,3,0,0.0,0.0,0.0,0.0,0.0
ESP-La Liga,2425,Barcelona,Ansu Fati,ESP,MF,21.0,2002.0,6,3,233.0,2.6,0,0,0,0,0,0,1,0,0.0,0.0,0.0,0.0,0.0
ESP-La Liga,2425,Barcelona,Dani Olmo,ESP,MF,26.0,1998.0,25,13,1212.0,13.5,10,3,13,8,2,2,1,0,0.74,0.22,0.97,0.59,0.82
ESP-La Liga,2425,Barcelona,Daniel Rodriguez,ESP,MF,18.0,2005.0,1,1,37.0,0.4,0,0,0,0,0,0,0,0,0.0,0.0,0.0,0.0,0.0
ESP-La Liga,2425,Barcelona,Eric García,ESP,"DF,MF",23.0,2001.0,29,14,1566.0,17.4,2,3,5,2,0,0,4,0,0.11,0.17,0.29,0.11,0.29
ESP-La Liga,2425,Barcelona,Fermin López,ESP,MF,21.0,2003.0,28,12,1252.0,13.9,6,5,11,6,0,0,4,1,0.43,0.36,0.79,0.43,0.79
ESP-La Liga,2425,Barcelona,Ferran Torres,ESP,"FW,MF",24.0,2000.0,27,12,1106.0,12.3,10,6,16,10,0,0,1,1,0.81,0.49,1.3,0.81,1.3
ESP-La Liga,2425,Barcelona,Frenkie de Jong,NED,MF,27.0,1997.0,26,9,1143.0,12.7,2,2,4,2,0,0,3,0,0.16,0.16,0.31,0.16,0.31
ESP-La Liga,2425,Barcelona,Gavi,ESP,MF,19.0,2004.0,26,14,1085.0,12.1,1,1,2,1,0,0,4,0,0.08,0.08,0.17,0.08,0.17
ESP-La Liga,2425,Barcelona,Gerard Martín,ESP,DF,22.0,2002.0,28,11,1038.0,11.5,1,3,4,1,0,0,2,0,0.09,0.26,0.35,0.09,0.35
ESP-La Liga,2425,Barcelona,Héctor Fort,ESP,DF,17.0,2006.0,17,5,585.0,6.5,0,0,0,0,0,0,2,0,0.0,0.0,0.0,0.0,0.0
ESP-La Liga,2425,Barcelona,Iñaki Peña,ESP,GK,25.0,1999.0,16,15,1396.0,15.5,0,0,0,0,0,0,1,0,0.0,0.0,0.0,0.0,0.0
ESP-La Liga,2425,Barcelona,Iñigo Martínez,ESP,DF,33.0,1991.0,28,28,2490.0,27.7,0,4,4,0,0,0,5,0,0.0,0.14,0.14,0.0,0.14
ESP-La Liga,2425,Barcelona,Jules Koundé,FRA,DF,25.0,1998.0,32,29,2605.0,28.9,2,3,5,2,0,0,4,0,0.07,0.1,0.17,0.07,0.17
ESP-La Liga,2425,Barcelona,Lamine Yamal,ESP,"MF,FW",17.0,2007.0,35,31,2856.0,31.7,9,13,22,9,0,0,3,0,0.28,0.41,0.69,0.28,0.69
ESP-La Liga,2425,Barcelona,Marc Bernal,ESP,MF,17.0,2007.0,3,3,242.0,2.7,0,0,0,0,0,0,2,0,0.0,0.0,0.0,0.0,0.0
ESP-La Liga,2425,Barcelona,Marc Casado,ESP,MF,20.0,2003.0,23,20,1611.0,17.9,1,3,4,1,0,0,4,1,0.06,0.17,0.22,0.06,0.22
ESP-La Liga,2425,Barcelona,Marc-André ter Stegen,GER,GK,32.0,1992.0,8,8,674.0,7.5,0,0,0,0,0,0,0,0,0.0,0.0,0.0,0.0,0.0
ESP-La Liga,2425,Barcelona,Pablo Torre,ESP,MF,21.0,2003.0,10,4,310.0,3.4,3,1,4,3,0,0,0,0,0.87,0.29,1.16,0.87,1.16
ESP-La Liga,2425,Barcelona,Pau Cubarsí,ESP,DF,17.0,2007.0,35,29,2618.0,29.1,0,3,3,0,0,0,3,0,0.0,0.1,0.1,0.0,0.1
ESP-La Liga,2425,Barcelona,Pau Victor,ESP,FW,22.0,2001.0,21,2,319.0,3.5,2,1,3,2,0,0,2,0,0.56,0.28,0.85,0.56,0.85
ESP-La Liga,2425,Barcelona,Pedri,ESP,MF,21.0,2002.0,37,35,2879.0,32.0,4,5,9,4,0,0,3,0,0.13,0.16,0.28,0.13,0.28
ESP-La Liga,2425,Barcelona,Raphinha,BRA,"MF,FW",27.0,1996.0,36,32,2839.0,31.5,18,9,27,16,2,2,4,0,0.57,0.29,0.86,0.51,0.79
ESP-La Liga,2425,Barcelona,Robert Lewandowski,POL,FW,35.0,1988.0,34,32,2667.0,29.6,27,2,29,24,3,4,1,0,0.91,0.07,0.98,0.81,0.88
ESP-La Liga,2425,Barcelona,Ronald Araújo,URU,DF,25.0,1999.0,12,11,754.0,8.4,1,1,2,1,0,0,3,0,0.12,0.12,0.24,0.12,0.24
ESP-La Liga,2425,Barcelona,Sergi Dominguez,ESP,DF,19.0,2005.0,3,2,172.0,1.9,0,0,0,0,0,0,1,0,0.0,0.0,0.0,0.0,0.0
ESP-La Liga,2425,Barcelona,Wojciech Szczęsny,POL,GK,34.0,1990.0,15,15,1350.0,15.0,0,0,0,0,0,0,0,0,0.0,0.0,0.0,0.0,0.0
ESP-La Liga,2425,Celta Vigo,Alfon,ESP,"FW,MF",25.0,1999.0,26,14,1371.0,15.2,5,2,7,5,0,0,1,1,0.33,0.13,0.46,0.33,0.46
ESP-La Liga,2425,Celta Vigo,Anastasios Douvikas,GRE,FW,24.0,1999.0,20,6,700.0,7.8,3,1,4,3,0,0,2,0,0.39,0.13,0.51,0.39,0.51
ESP-La Liga,2425,Celta Vigo,Borja Iglesias,ESP,FW,31.0,1993.0,37,24,1952.0,21.7,11,3,14,11,0,0,2,0,0.51,0.14,0.65,0.51,0.65
ESP-La Liga,2425,Celta Vigo,Carl Starfelt,SWE,DF,29.0,1995.0,28,26,2270.0,25.2,1,0,1,1,0,0,5,0,0.04,0.0,0.04,0.04,0.04
ESP-La Liga,2425,Celta Vigo,Carlos Dominguez,ESP,DF,23.0,2001.0,19,13,1181.0,13.1,0,0,0,0,0,0,1,0,0.0,0.0,0.0,0.0,0.0
ESP-La Liga,2425,Celta Vigo,Damián Rodríguez,ESP,MF,21.0,2003.0,17,10,927.0,10.3,0,0,0,0,0,0,3,0,0.0,0.0,0.0,0.0,0.0
ESP-La Liga,2425,Celta Vigo,Fer López,ESP,"FW,MF",20.0,2004.0,17,7,671.0,7.5,2,0,2,2,0,0,2,0,0.27,0.0,0.27,0.27,0.27
ESP-La Liga,2425,Celta Vigo,Fran Beltrán,ESP,MF,25.0,1999.0,34,29,2421.0,26.9,2,1,3,2,0,0,3,0,0.07,0.04,0.11,0.07,0.11
ESP-La Liga,2425,Celta Vigo,Franco Cervi,ARG,"MF,FW",30.0,1994.0,7,4,273.0,3.0,0,0,0,0,0,0,1,0,0.0,0.0,0.0,0.0,0.0
ESP-La Liga,2425,Celta Vigo,Hugo Sotelo,ESP,MF,20.0,2003.0,24,15,1254.0,13.9,0,0,0,0,0,0,5,0,0.0,0.0,0.0,0.0,0.0
ESP-La Liga,2425,Celta Vigo,Hugo Álvarez,ESP,MF,21.0,2003.0,26,16,1572.0,17.5,4,3,7,4,0,0,6,0,0.23,0.17,0.4,0.23,0.4
ESP-La Liga,2425,Celta Vigo,Iago Aspas,ESP,"FW,MF",36.0,1987.0,30,19,1745.0,19.4,10,5,15,5,5,6,6,1,0.52,0.26,0.77,0.26,0.52
ESP-La Liga,2425,Celta Vigo,Iker Losada,ESP,"MF,FW",22.0,2001.0,12,4,358.0,4.0,1,0,1,1,0,0,2,0,0.25,0.0,0.25,0.25,0.25
ESP-La Liga,2425,Celta Vigo,Ilaix Moriba,GUI,MF,21.0,2003.0,33,22,2132.0,23.7,1,1,2,1,0,0,9,1,0.04,0.04,0.08,0.04,0.08
ESP-La Liga,2425,Celta Vigo,Iván Villar,ESP,GK,27.0,1997.0,4,4,360.0,4.0,0,0,0,0,0,0,0,0,0.0,0.0,0.0,0.0,0.0
ESP-La Liga,2425,Celta Vigo,Jailson Siqueira,BRA,DF,28.0,1995.0,13,6,614.0,6.8,0,0,0,0,0,0,2,0,0.0,0.0,0.0,0.0,0.0
ESP-La Liga,2425,Celta Vigo,Javi Rodríguez,ESP,DF,21.0,2003.0,36,26,2514.0,27.9,3,2,5,3,0,0,7,0,0.11,0.07,0.18,0.11,0.18
ESP-La Liga,2425,Celta Vigo,Javier Manquillo,ESP,DF,30.0,1994.0,10,7,515.0,5.7,0,0,0,0,0,0,1,0,0.0,0.0,0.0,0.0,0.0
ESP-La Liga,2425,Celta Vigo,Jonathan Bamba,CIV,"MF,FW",28.0,1996.0,12,10,811.0,9.0,0,1,1,0,0,0,1,0,0.0,0.11,0.11,0.0,0.11
ESP-La Liga,2425,Celta Vigo,Joseph Aidoo,GHA,DF,28.0,1995.0,1,0,2.0,0.0,0,0,0,0,0,0,0,0,0.0,0.0,0.0,0.0,0.0
ESP-La Liga,2425,Celta Vigo,Luca de la Torre,USA,MF,26.0,1998.0,1,0,4.0,0.0,0,0,0,0,0,0,0,0,0.0,0.0,0.0,0.0,0.0
ESP-La Liga,2425,Celta Vigo,Marcos Alonso,ESP,DF,33.0,1990.0,31,29,2647.0,29.4,3,0,3,0,3,3,10,2,0.1,0.0,0.1,0.0,0.0
ESP-La Liga,2425,Celta Vigo,Mihailo Ristić,SRB,"MF,DF",28.0,1995.0,10,6,429.0,4.8,0,1,1,0,0,0,1,0,0.0,0.21,0.21,0.0,0.21
ESP-La Liga,2425,Celta Vigo,Pablo Durán,ESP,"FW,MF",23.0,2001.0,27,15,1394.0,15.5,4,4,8,4,0,0,3,0,0.26,0.26,0.52,0.26,0.52
ESP-La Liga,2425,Celta Vigo,Sergio Carreira,ESP,MF,23.0,2000.0,23,19,1656.0,18.4,0,4,4,0,0,0,1,0,0.0,0.22,0.22,0.0,0.22
ESP-La Liga,2425,Celta Vigo,Tadeo Allende,ARG,"FW,MF",25.0,1999.0,1,0,2.0,0.0,0,0,0,0,0,0,1,0,0.0,0.0,0.0,0.0,0.0
ESP-La Liga,2425,Celta Vigo,Vicente Guaita,ESP,GK,37.0,1987.0,34,34,3060.0,34.0,0,0,0,0,0,0,0,0,0.0,0.0,0.0,0.0,0.0
ESP-La Liga,2425,Celta Vigo,Williot Swedberg,SWE,"FW,MF",20.0,2004.0,32,15,1348.0,15.0,4,5,9,4,0,0,1,0,0.27,0.33,0.6,0.27,0.6
ESP-La Liga,2425,Celta Vigo,Yoel Lago,ESP,DF,20.0,2004.0,8,7,583.0,6.5,0,1,1,0,0,0,2,0,0.0,0.15,0.15,0.0,0.15
ESP-La Liga,2425,Celta Vigo,Óscar Mingueza,ESP,"MF,DF",25.0,1999.0,34,31,2729.0,30.3,4,6,10,4,0,0,6,1,0.13,0.2,0.33,0.13,0.33
ESP-La Liga,2425,Espanyol,Alejo Véliz,ARG,FW,20.0,2003.0,27,10,1127.0,12.5,1,0,1,1,0,0,3,0,0.08,0.0,0.08,0.08,0.08
ESP-La Liga,2425,Espanyol,Alex Král,CZE,MF,26.0,1998.0,37,29,2714.0,30.2,0,1,1,0,0,0,1,0,0.0,0.03,0.03,0.0,0.03
ESP-La Liga,2425,Espanyol,Antoniu,ESP,MF,21.0,2002.0,26,13,1022.0,11.4,0,1,1,0,0,0,3,0,0.0,0.09,0.09,0.0,0.09
ESP-La Liga,2425,Espanyol,Brian Oliván,ESP,DF,30.0,1994.0,17,12,1017.0,11.3,0,1,1,0,0,0,2,0,0.0,0.09,0.09,0.0,0.09
ESP-La Liga,2425,Espanyol,Carlos Romero,ESP,"DF,MF",22.0,2001.0,34,28,2554.0,28.4,2,1,3,2,0,0,7,0,0.07,0.04,0.11,0.07,0.11
ESP-La Liga,2425,Espanyol,Edu Expósito,ESP,MF,27.0,1996.0,19,12,1045.0,11.6,0,2,2,0,0,0,3,0,0.0,0.17,0.17,0.0,0.17
ESP-La Liga,2425,Espanyol,Fernando Calero,ESP,DF,28.0,1995.0,21,6,715.0,7.9,1,0,1,1,0,0,1,0,0.13,0.0,0.13,0.13,0.13
ESP-La Liga,2425,Espanyol,Irvin Cardona,MLT,"FW,MF",26.0,1997.0,16,5,606.0,6.7,1,1,2,1,0,0,1,0,0.15,0.15,0.3,0.15,0.3
ESP-La Liga,2425,Espanyol,Javi Puado,ESP,"MF,FW",26.0,1998.0,35,35,2974.0,33.0,12,4,16,7,5,5,8,0,0.36,0.12,0.48,0.21,0.33
ESP-La Liga,2425,Espanyol,Joan García,ESP,GK,23.0,2001.0,38,38,3420.0,38.0,0,0,0,0,0,0,2,0,0.0,0.0,0.0,0.0,0.0
ESP-La Liga,2425,Espanyol,Jofre,ESP,MF,23.0,2001.0,37,26,2165.0,24.1,3,3,6,3,0,0,5,0,0.12,0.12,0.25,0.12,0.25
ESP-La Liga,2425,Espanyol,José Gragera,ESP,MF,23.0,2000.0,10,7,569.0,6.3,0,0,0,0,0,0,0,0,0.0,0.0,0.0,0.0,0.0
ESP-La Liga,2425,Espanyol,Justin Smith,CAN,MF,21.0,2003.0,5,3,209.0,2.3,0,0,0,0,0,0,0,0,0.0,0.0,0.0,0.0,0.0
ESP-La Liga,2425,Espanyol,Leandro Cabrera,URU,DF,33.0,1991.0,33,32,2869.0,31.9,4,2,6,4,0,0,4,1,0.13,0.06,0.19,0.13,0.19
ESP-La Liga,2425,Espanyol,Marash Kumbulla,ALB,DF,24.0,2000.0,35,34,2972.0,33.0,3,0,3,3,0,0,9,0,0.09,0.0,0.09,0.09,0.09
ESP-La Liga,2425,Espanyol,Naci Ünüvar,NED,"FW,MF",21.0,2003.0,2,0,31.0,0.3,0,0,0,0,0,0,0,0,0.0,0.0,0.0,0.0,0.0
ESP-La Liga,2425,Espanyol,Omar El Hilali,MAR,DF,20.0,2003.0,36,36,3153.0,35.0,0,2,2,0,0,0,11,0,0.0,0.06,0.06,0.0,0.06
ESP-La Liga,2425,Espanyol,Pere Milla,ESP,MF,31.0,1992.0,20,1,456.0,5.1,3,0,3,3,0,0,3,0,0.59,0.0,0.59,0.59,0.59
ESP-La Liga,2425,Espanyol,Pol Lozano,ESP,MF,24.0,1999.0,30,27,1943.0,21.6,0,1,1,0,0,0,12,0,0.0,0.05,0.05,0.0,0.05
ESP-La Liga,2425,Espanyol,Rafael Bauza,ESP,MF,19.0,2005.0,5,2,183.0,2.0,0,0,0,0,0,0,1,0,0.0,0.0,0.0,0.0,0.0
ESP-La Liga,2425,Espanyol,Roberto Férnandez,ESP,FW,22.0,2002.0,19,18,1497.0,16.6,6,0,6,6,0,0,1,0,0.36,0.0,0.36,0.36,0.36
ESP-La Liga,2425,Espanyol,Roger Hinojo,ESP,DF,19.0,2005.0,1,0,9.0,0.1,0,0,0,0,0,0,0,0,0.0,0.0,0.0,0.0,0.0
ESP-La Liga,2425,Espanyol,Sergi Gómez,ESP,DF,32.0,1992.0,12,6,664.0,7.4,0,0,0,0,0,0,1,0,0.0,0.0,0.0,0.0,0.0
ESP-La Liga,2425,Espanyol,Urko González,ESP,MF,23.0,2001.0,17,16,1374.0,15.3,0,2,2,0,0,0,2,0,0.0,0.13,0.13,0.0,0.13
ESP-La Liga,2425,Espanyol,Walid Cheddira,MAR,FW,26.0,1998.0,22,5,640.0,7.1,1,1,2,1,0,0,3,0,0.14,0.14,0.28,0.14,0.28
ESP-La Liga,2425,Espanyol,Álvaro Aguado,ESP,MF,28.0,1996.0,16,4,443.0,4.9,0,1,1,0,0,0,3,0,0.0,0.2,0.2,0.0,0.2
ESP-La Liga,2425,Espanyol,Álvaro Tejero,ESP,"MF,DF",28.0,1996.0,28,13,1238.0,13.8,1,4,5,1,0,0,2,0,0.07,0.29,0.36,0.07,0.36
ESP-La Liga,2425,Getafe,Abdoulaye Keita,ESP,MF,21.0,2002.0,3,1,95.0,1.1,0,0,0,0,0,0,0,0,0.0,0.0,0.0,0.0,0.0
ESP-La Liga,2425,Getafe,Alberto Risco,ESP,MF,18.0,2005.0,5,0,69.0,0.8,0,0,0,0,0,0,0,0,0.0,0.0,0.0,0.0,0.0
ESP-La Liga,2425,Getafe,Alex Sola,ESP,MF,25.0,1999.0,19,13,1029.0,11.4,0,1,1,0,0,0,4,0,0.0,0.09,0.09,0.0,0.09
ESP-La Liga,2425,Getafe,Allan Nyom,CMR,"MF,DF",36.0,1988.0,20,10,887.0,9.9,1,2,3,1,0,0,4,0,0.1,0.2,0.3,0.1,0.3
ESP-La Liga,2425,Getafe,Bertuğ Yıldırım,TUR,FW,22.0,2002.0,22,14,1083.0,12.0,1,0,1,1,0,0,7,0,0.08,0.0,0.08,0.08,0.08
ESP-La Liga,2425,Getafe,Borja Mayoral,ESP,FW,27.0,1997.0,24,7,1114.0,12.4,5,1,6,4,1,1,0,0,0.4,0.08,0.48,0.32,0.4
ESP-La Liga,2425,Getafe,Carles Aleñá,ESP,MF,26.0,1998.0,10,5,452.0,5.0,0,0,0,0,0,0,1,0,0.0,0.0,0.0,0.0,0.0
ESP-La Liga,2425,Getafe,Carles Pérez,ESP,MF,26.0,1998.0,27,15,1431.0,15.9,3,0,3,3,0,0,2,0,0.19,0.0,0.19,0.19,0.19
ESP-La Liga,2425,Getafe,Christantus Uche,NGA,"FW,MF",21.0,2003.0,33,30,2486.0,27.6,4,6,10,4,0,0,8,2,0.14,0.22,0.36,0.14,0.36
ESP-La Liga,2425,Getafe,Coba da Costa,ESP,MF,22.0,2002.0,19,12,1006.0,11.2,1,1,2,1,0,0,4,0,0.09,0.09,0.18,0.09,0.18
ESP-La Liga,2425,Getafe,David Argüelles,ESP,DF,22.0,2002.0,1,0,7.0,0.1,0,0,0,0,0,0,0,0,0.0,0.0,0.0,0.0,0.0
ESP-La Liga,2425,Getafe,David Soria,ESP,GK,31.0,1993.0,38,38,3420.0,38.0,0,0,0,0,0,0,2,0,0.0,0.0,0.0,0.0,0.0
ESP-La Liga,2425,Getafe,Diego Rico,ESP,DF,31.0,1993.0,33,32,2819.0,31.3,0,3,3,0,0,0,9,1,0.0,0.1,0.1,0.0,0.1
ESP-La Liga,2425,Getafe,Djené,TOG,"DF,MF",32.0,1991.0,31,31,2548.0,28.3,0,0,0,0,0,0,10,1,0.0,0.0,0.0,0.0,0.0
ESP-La Liga,2425,Getafe,Domingos Duarte,POR,DF,29.0,1995.0,22,21,1859.0,20.7,1,0,1,1,0,0,4,2,0.05,0.0,0.05,0.05,0.05
ESP-La Liga,2425,Getafe,Gorka Rivera Alonso,ESP,DF,19.0,2004.0,1,0,20.0,0.2,0,0,0,0,0,0,0,0,0.0,0.0,0.0,0.0,0.0
ESP-La Liga,2425,Getafe,Iglesias,ESP,"DF,MF",26.0,1998.0,37,32,2888.0,32.1,0,1,1,0,0,0,4,0,0.0,0.03,0.03,0.0,0.03
ESP-La Liga,2425,Getafe,Ismael Bekhoucha,MAR,DF,19.0,2004.0,5,0,69.0,0.8,0,0,0,0,0,0,2,0,0.0,0.0,0.0,0.0,0.0
ESP-La Liga,2425,Getafe,John Joe,IRL,MF,20.0,2003.0,4,0,48.0,0.5,0,0,0,0,0,0,1,0,0.0,0.0,0.0,0.0,0.0
ESP-La Liga,2425,Getafe,Juan Bernat,ESP,MF,31.0,1993.0,14,9,699.0,7.8,0,1,1,0,0,0,0,0,0.0,0.13,0.13,0.0,0.13
ESP-La Liga,2425,Getafe,Juan Berrocal,ESP,DF,25.0,1999.0,19,11,1063.0,11.8,0,0,0,0,0,0,8,1,0.0,0.0,0.0,0.0,0.0
ESP-La Liga,2425,Getafe,Juanmi,ESP,FW,31.0,1993.0,13,8,696.0,7.7,0,0,0,0,0,0,2,0,0.0,0.0,0.0,0.0,0.0
ESP-La Liga,2425,Getafe,Luis Milla,ESP,MF,29.0,1994.0,33,32,2875.0,31.9,1,4,5,0,1,1,6,0,0.03,0.13,0.16,0.0,0.13
ESP-La Liga,2425,Getafe,Mauro Arambarri,URU,MF,28.0,1995.0,35,31,2661.0,29.6,10,0,10,7,3,3,10,0,0.34,0.0,0.34,0.24,0.24
ESP-La Liga,2425,Getafe,Nabil Aberdin,FRA,MF,21.0,2002.0,7,4,263.0,2.9,0,0,0,0,0,0,1,0,0.0,0.0,0.0,0.0,0.0
ESP-La Liga,2425,Getafe,Omar Alderete,PAR,DF,27.0,1996.0,34,34,2971.0,33.0,1,0,1,1,0,0,8,0,0.03,0.0,0.03,0.03,0.03
ESP-La Liga,2425,Getafe,Peter González,DOM,MF,22.0,2002.0,17,2,477.0,5.3,0,0,0,0,0,0,1,0,0.0,0.0,0.0,0.0,0.0
ESP-La Liga,2425,Getafe,Ramón Terrats,ESP,"MF,FW",23.0,2000.0,15,15,1219.0,13.5,4,1,5,4,0,0,1,0,0.3,0.07,0.37,0.3,0.37
ESP-La Liga,2425,Getafe,Yellu Santiago,ESP,MF,20.0,2004.0,19,4,372.0,4.1,0,0,0,0,0,0,5,0,0.0,0.0,0.0,0.0,0.0
ESP-La Liga,2425,Getafe,Álvaro Rodríguez,URU,FW,20.0,2004.0,22,7,852.0,9.5,2,0,2,2,0,0,6,0,0.21,0.0,0.21,0.21,0.21
ESP-La Liga,2425,Girona,Abel Ruiz,ESP,FW,24.0,2000.0,23,17,1346.0,15.0,4,0,4,3,1,2,3,0,0.27,0.0,0.27,0.2,0.2
ESP-La Liga,2425,Girona,Alejandro Francés,ESP,DF,21.0,2002.0,18,13,1173.0,13.0,0,0,0,0,0,0,2,0,0.0,0.0,0.0,0.0,0.0
ESP-La Liga,2425,Girona,Arnau Martinez,ESP,"DF,MF",21.0,2003.0,32,30,2624.0,29.2,2,2,4,2,0,0,3,0,0.07,0.07,0.14,0.07,0.14
ESP-La Liga,2425,Girona,Arnaut Danjuma,NED,"MF,FW",27.0,1997.0,25,15,1335.0,14.8,2,0,2,2,0,0,2,0,0.13,0.0,0.13,0.13,0.13
ESP-La Liga,2425,Girona,Arthur Melo,BRA,MF,27.0,1996.0,15,10,941.0,10.5,0,0,0,0,0,0,2,0,0.0,0.0,0.0,0.0,0.0
ESP-La Liga,2425,Girona,Bojan Miovski,MKD,FW,25.0,1999.0,17,12,869.0,9.7,2,1,3,2,0,0,0,0,0.21,0.1,0.31,0.21,0.31
ESP-La Liga,2425,Girona,Bryan Gil,ESP,"MF,FW",23.0,2001.0,25,21,1721.0,19.1,3,3,6,3,0,0,4,0,0.16,0.16,0.31,0.16,0.31
ESP-La Liga,2425,Girona,Cristhian Stuani,URU,FW,37.0,1986.0,32,6,1078.0,12.0,11,2,13,8,3,3,4,0,0.92,0.17,1.09,0.67,0.83
ESP-La Liga,2425,Girona,Daley Blind,NED,DF,34.0,1990.0,34,31,2780.0,30.9,0,2,2,0,0,0,2,0,0.0,0.06,0.06,0.0,0.06
ESP-La Liga,2425,Girona,David López,ESP,DF,34.0,1989.0,29,27,2429.0,27.0,1,1,2,1,0,0,4,0,0.04,0.04,0.07,0.04,0.07
ESP-La Liga,2425,Girona,Donny van de Beek,NED,MF,27.0,1997.0,26,16,1421.0,15.8,2,2,4,2,0,0,5,0,0.13,0.13,0.25,0.13,0.25
ESP-La Liga,2425,Girona,Ferrán Ruiz,ESP,DF,21.0,2003.0,1,0,18.0,0.2,0,0,0,0,0,0,0,0,0.0,0.0,0.0,0.0,0.0
ESP-La Liga,2425,Girona,Gabriel Osei Misehouy,NED,FW,19.0,2005.0,9,1,257.0,2.9,1,0,1,1,0,0,0,0,0.35,0.0,0.35,0.35,0.35
ESP-La Liga,2425,Girona,Iker Almena,ESP,MF,20.0,2004.0,2,0,48.0,0.5,0,1,1,0,0,0,0,0,0.0,1.87,1.87,0.0,1.87
ESP-La Liga,2425,Girona,Iván Martín,ESP,MF,25.0,1999.0,32,24,2039.0,22.7,1,1,2,1,0,0,1,0,0.04,0.04,0.09,0.04,0.09
ESP-La Liga,2425,Girona,Jhon Solis,COL,MF,19.0,2004.0,19,3,535.0,5.9,1,0,1,1,0,0,3,0,0.17,0.0,0.17,0.17,0.17
ESP-La Liga,2425,Girona,Juanpe,ESP,DF,33.0,1991.0,12,8,727.0,8.1,0,0,0,0,0,0,2,0,0.0,0.0,0.0,0.0,0.0
ESP-La Liga,2425,Girona,Kim Minsu,KOR,FW,18.0,2006.0,3,0,22.0,0.2,0,0,0,0,0,0,0,0,0.0,0.0,0.0,0.0,0.0
ESP-La Liga,2425,Girona,Ladislav Krejčí,CZE,DF,25.0,1999.0,28,27,2440.0,27.1,2,0,2,2,0,0,9,0,0.07,0.0,0.07,0.07,0.07
ESP-La Liga,2425,Girona,Miguel Gutiérrez,ESP,"DF,MF",23.0,2001.0,29,29,2458.0,27.3,1,5,6,1,0,0,4,0,0.04,0.18,0.22,0.04,0.22
ESP-La Liga,2425,Girona,Oriol Romeu,ESP,MF,32.0,1991.0,25,17,1356.0,15.1,0,0,0,0,0,0,5,0,0.0,0.0,0.0,0.0,0.0
ESP-La Liga,2425,Girona,Papa Ba,ESP,FW,19.0,2004.0,1,0,48.0,0.5,0,0,0,0,0,0,0,0,0.0,0.0,0.0,0.0,0.0
ESP-La Liga,2425,Girona,Pau López,ESP,GK,29.0,1994.0,1,0,45.0,0.5,0,0,0,0,0,0,0,0,0.0,0.0,0.0,0.0,0.0
ESP-La Liga,2425,Girona,Paulo Gazzaniga,ARG,GK,32.0,1992.0,36,36,3195.0,35.5,0,0,0,0,0,0,4,0,0.0,0.0,0.0,0.0,0.0
ESP-La Liga,2425,Girona,Portu,ESP,"FW,MF",32.0,1992.0,27,6,779.0,8.7,1,2,3,1,0,0,4,0,0.12,0.23,0.35,0.12,0.35
ESP-La Liga,2425,Girona,Silvi Clúa,ESP,MF,19.0,2005.0,4,2,163.0,1.8,0,0,0,0,0,0,0,0,0.0,0.0,0.0,0.0,0.0
ESP-La Liga,2425,Girona,Viktor Tsyhankov,UKR,"MF,FW",26.0,1997.0,27,23,1913.0,21.3,2,5,7,2,0,0,1,0,0.09,0.24,0.33,0.09,0.33
ESP-La Liga,2425,Girona,Vladyslav Krapyvtsov,UKR,GK,19.0,2005.0,2,2,180.0,2.0,0,0,0,0,0,0,0,0,0.0,0.0,0.0,0.0,0.0
ESP-La Liga,2425,Girona,Yangel Herrera,VEN,MF,26.0,1998.0,29,27,2257.0,25.1,4,3,7,4,0,0,10,1,0.16,0.12,0.28,0.16,0.28
ESP-La Liga,2425,Girona,Yaser Asprilla,COL,"MF,FW",20.0,2003.0,27,15,1405.0,15.6,3,1,4,3,0,0,2,0,0.19,0.06,0.26,0.19,0.26
ESP-La Liga,2425,Las Palmas,Aboubacar Bassinga,BFA,MF,19.0,2005.0,1,0,4.0,0.0,0,0,0,0,0,0,0,0,0.0,0.0,0.0,0.0,0.0
ESP-La Liga,2425,Las Palmas,Adnan Januzaj,BEL,"MF,FW",29.0,1995.0,18,5,598.0,6.6,2,1,3,2,0,0,5,0,0.3,0.15,0.45,0.3,0.45
ESP-La Liga,2425,Las Palmas,Alberto Moleiro,ESP,MF,20.0,2003.0,35,32,2714.0,30.2,6,1,7,6,0,0,5,0,0.2,0.03,0.23,0.2,0.23
ESP-La Liga,2425,Las Palmas,Andy Pelmard,MAD,DF,24.0,2000.0,4,2,205.0,2.3,0,0,0,0,0,0,1,0,0.0,0.0,0.0,0.0,0.0
ESP-La Liga,2425,Las Palmas,Arturo Rodríguez,ESP,FW,17.0,2006.0,1,0,21.0,0.2,0,0,0,0,0,0,0,0,0.0,0.0,0.0,0.0,0.0
ESP-La Liga,2425,Las Palmas,Benito Ramírez,ESP,"MF,DF",29.0,1995.0,19,2,478.0,5.3,0,0,0,0,0,0,2,1,0.0,0.0,0.0,0.0,0.0
ESP-La Liga,2425,Las Palmas,Daley Sinkgraven,NED,DF,29.0,1995.0,2,1,91.0,1.0,0,0,0,0,0,0,0,0,0.0,0.0,0.0,0.0,0.0
ESP-La Liga,2425,Las Palmas,Dario Essugo,POR,MF,19.0,2005.0,27,25,1938.0,21.5,1,0,1,1,0,0,11,2,0.05,0.0,0.05,0.05,0.05
ESP-La Liga,2425,Las Palmas,Diego Martín,ESP,FW,20.0,2003.0,2,0,40.0,0.4,0,0,0,0,0,0,0,0,0.0,0.0,0.0,0.0,0.0
ESP-La Liga,2425,Las Palmas,Dinko Horkaš,CRO,GK,25.0,1999.0,13,11,1085.0,12.1,0,0,0,0,0,0,1,0,0.0,0.0,0.0,0.0,0.0
ESP-La Liga,2425,Las Palmas,Enzo Loiodice,FRA,MF,23.0,2000.0,17,7,684.0,7.6,0,0,0,0,0,0,3,0,0.0,0.0,0.0,0.0,0.0
ESP-La Liga,2425,Las Palmas,Fabio González,ESP,MF,27.0,1997.0,2,0,53.0,0.6,0,0,0,0,0,0,0,0,0.0,0.0,0.0,0.0,0.0
ESP-La Liga,2425,Las Palmas,Fábio Silva,POR,FW,22.0,2002.0,24,22,1866.0,20.7,10,3,13,8,2,3,7,0,0.48,0.14,0.63,0.39,0.53
ESP-La Liga,2425,Las Palmas,Jaime Mata,ESP,"MF,FW",35.0,1988.0,30,4,656.0,7.3,0,0,0,0,0,0,9,0,0.0,0.0,0.0,0.0,0.0
ESP-La Liga,2425,Las Palmas,Jasper Cillessen,NED,GK,35.0,1989.0,27,27,2335.0,25.9,0,0,0,0,0,0,1,0,0.0,0.0,0.0,0.0,0.0
ESP-La Liga,2425,Las Palmas,Javier Muñoz,ESP,"MF,DF",29.0,1995.0,35,28,2588.0,28.8,1,3,4,1,0,0,5,0,0.03,0.1,0.14,0.03,0.14
ESP-La Liga,2425,Las Palmas,José Campaña,ESP,MF,31.0,1993.0,25,15,1189.0,13.2,0,3,3,0,0,0,5,0,0.0,0.23,0.23,0.0,0.23
ESP-La Liga,2425,Las Palmas,José Carlos González,ESP,MF,18.0,2006.0,1,0,11.0,0.1,0,0,0,0,0,0,0,0,0.0,0.0,0.0,0.0,0.0
ESP-La Liga,2425,Las Palmas,Juanma Herzog,ESP,DF,20.0,2004.0,19,15,1315.0,14.6,0,0,0,0,0,0,1,0,0.0,0.0,0.0,0.0,0.0
ESP-La Liga,2425,Las Palmas,Kirian Rodríguez,ESP,MF,28.0,1996.0,21,21,1758.0,19.5,0,3,3,0,0,0,2,0,0.0,0.15,0.15,0.0,0.15
ESP-La Liga,2425,Las Palmas,Manuel Fuster,ESP,"MF,FW",26.0,1997.0,28,8,1003.0,11.1,2,1,3,2,0,0,2,0,0.18,0.09,0.27,0.18,0.27
ESP-La Liga,2425,Las Palmas,Marc Cardona,ESP,FW,29.0,1995.0,11,0,132.0,1.5,0,0,0,0,0,0,2,0,0.0,0.0,0.0,0.0,0.0
ESP-La Liga,2425,Las Palmas,Marvin,ESP,"DF,MF",24.0,2000.0,23,9,1038.0,11.5,0,0,0,0,0,0,4,0,0.0,0.0,0.0,0.0,0.0
ESP-La Liga,2425,Las Palmas,Mika Mármol,ESP,DF,23.0,2001.0,30,27,2399.0,26.7,0,1,1,0,0,0,5,0,0.0,0.04,0.04,0.0,0.04
ESP-La Liga,2425,Las Palmas,Oliver McBurnie,SCO,FW,28.0,1996.0,34,20,1837.0,20.4,3,6,9,3,0,0,3,0,0.15,0.29,0.44,0.15,0.44
ESP-La Liga,2425,Las Palmas,Pejiño,ESP,MF,28.0,1996.0,1,0,16.0,0.2,0,0,0,0,0,0,0,0,0.0,0.0,0.0,0.0,0.0
ESP-La Liga,2425,Las Palmas,Sandro Ramírez,ESP,"MF,FW",29.0,1995.0,31,25,2034.0,22.6,9,3,12,8,1,1,6,0,0.4,0.13,0.53,0.35,0.49
ESP-La Liga,2425,Las Palmas,Scott McKenna,SCO,DF,27.0,1996.0,29,28,2466.0,27.4,0,0,0,0,0,0,5,1,0.0,0.0,0.0,0.0,0.0
ESP-La Liga,2425,Las Palmas,Sergio Viera,ESP,MF,19.0,2005.0,2,1,96.0,1.1,0,0,0,0,0,0,1,0,0.0,0.0,0.0,0.0,0.0
ESP-La Liga,2425,Las Palmas,Stefan Bajcetic,ESP,"MF,DF",19.0,2004.0,14,12,969.0,10.8,1,0,1,1,0,0,4,0,0.09,0.0,0.09,0.09,0.09
ESP-La Liga,2425,Las Palmas,Valentín Pezzolesi,ESP,DF,17.0,2007.0,1,0,6.0,0.1,0,0,0,0,0,0,0,0,0.0,0.0,0.0,0.0,0.0
ESP-La Liga,2425,Las Palmas,Viti,ESP,DF,26.0,1997.0,29,23,1982.0,22.0,0,2,2,0,0,0,5,0,0.0,0.09,0.09,0.0,0.09
ESP-La Liga,2425,Las Palmas,Álex Muñoz,ESP,DF,30.0,1994.0,21,18,1415.0,15.7,3,0,3,3,0,0,3,0,0.19,0.0,0.19,0.19,0.19
ESP-La Liga,2425,Las Palmas,Álex Suárez,ESP,DF,31.0,1993.0,30,30,2460.0,27.3,0,0,0,0,0,0,12,0,0.0,0.0,0.0,0.0,0.0
ESP-La Liga,2425,Leganés,Adrià Altimira,ESP,"DF,MF",23.0,2001.0,22,19,1630.0,18.1,0,0,0,0,0,0,6,0,0.0,0.0,0.0,0.0,0.0
ESP-La Liga,2425,Leganés,Aritz Arambarri,ESP,DF,26.0,1998.0,2,2,177.0,2.0,0,0,0,0,0,0,0,0,0.0,0.0,0.0,0.0,0.0
ESP-La Liga,2425,Leganés,Borna Barišić,CRO,DF,31.0,1992.0,1,1,9.0,0.1,0,0,0,0,0,0,0,0,0.0,0.0,0.0,0.0,0.0
ESP-La Liga,2425,Leganés,Dani Raba,ESP,"MF,FW",28.0,1995.0,29,24,1879.0,20.9,8,6,14,4,4,5,6,0,0.38,0.29,0.67,0.19,0.48
ESP-La Liga,2425,Leganés,Darko Brašanac,SRB,MF,32.0,1992.0,30,15,1617.0,18.0,1,2,3,1,0,0,4,0,0.06,0.11,0.17,0.06,0.17
ESP-La Liga,2425,Leganés,Diego,ESP,"FW,MF",24.0,2000.0,28,13,1195.0,13.3,3,0,3,3,0,0,2,0,0.23,0.0,0.23,0.23,0.23
ESP-La Liga,2425,Leganés,Duk,CPV,MF,24.0,2000.0,10,1,179.0,2.0,0,0,0,0,0,0,1,0,0.0,0.0,0.0,0.0,0.0
ESP-La Liga,2425,Leganés,Enric Franquesa,ESP,"MF,DF",27.0,1997.0,12,7,616.0,6.8,1,0,1,1,0,0,1,0,0.15,0.0,0.15,0.15,0.15
ESP-La Liga,2425,Leganés,Javi Hernández,ESP,DF,26.0,1998.0,31,27,2389.0,26.5,2,1,3,2,0,0,6,0,0.08,0.04,0.11,0.08,0.11
ESP-La Liga,2425,Leganés,Jorge Sáenz,ESP,DF,27.0,1996.0,23,19,1690.0,18.8,1,0,1,1,0,0,4,1,0.05,0.0,0.05,0.05,0.05
ESP-La Liga,2425,Leganés,Juan Cruz,ESP,"MF,DF",24.0,2000.0,34,26,2257.0,25.1,5,4,9,5,0,0,2,0,0.2,0.16,0.36,0.2,0.36
ESP-La Liga,2425,Leganés,Juan Soriano,ESP,GK,26.0,1997.0,6,6,540.0,6.0,0,0,0,0,0,0,1,1,0.0,0.0,0.0,0.0,0.0
ESP-La Liga,2425,Leganés,Julián Chicco,ARG,"MF,DF",26.0,1998.0,14,2,302.0,3.4,0,1,1,0,0,0,0,0,0.0,0.3,0.3,0.0,0.3
ESP-La Liga,2425,Leganés,Marko Dmitrović,SRB,GK,32.0,1992.0,32,32,2880.0,32.0,0,0,0,0,0,0,0,0,0.0,0.0,0.0,0.0,0.0
ESP-La Liga,2425,Leganés,Matija Nastasić,SRB,DF,31.0,1993.0,26,24,2110.0,23.4,1,0,1,1,0,0,3,0,0.04,0.0,0.04,0.04,0.04
ESP-La Liga,2425,Leganés,Miguel,ESP,FW,24.0,1999.0,34,17,1724.0,19.2,1,3,4,0,1,2,3,0,0.05,0.16,0.21,0.0,0.16
ESP-La Liga,2425,Leganés,Munir El Haddadi,MAR,"MF,FW",28.0,1995.0,25,10,862.0,9.6,4,0,4,4,0,0,1,1,0.42,0.0,0.42,0.42,0.42
ESP-La Liga,2425,Leganés,Renato Tapia,PER,"MF,DF",29.0,1995.0,34,28,2424.0,26.9,1,0,1,1,0,0,8,0,0.04,0.0,0.04,0.04,0.04
ESP-La Liga,2425,Leganés,Roberto López,ESP,MF,24.0,2000.0,13,3,396.0,4.4,0,1,1,0,0,0,0,0,0.0,0.23,0.23,0.0,0.23
ESP-La Liga,2425,Leganés,Sergi,ESP,DF,32.0,1992.0,36,33,2957.0,32.9,2,0,2,2,0,0,2,1,0.06,0.0,0.06,0.06,0.06
ESP-La Liga,2425,Leganés,Seydouba Cissé,GUI,MF,23.0,2001.0,34,31,2435.0,27.1,3,1,4,3,0,0,3,1,0.11,0.04,0.15,0.11,0.15
ESP-La Liga,2425,Leganés,Sébastien Haller,CIV,FW,30.0,1994.0,8,5,404.0,4.5,0,0,0,0,0,0,0,0,0.0,0.0,0.0,0.0,0.0
ESP-La Liga,2425,Leganés,Valentin Rosier,FRA,DF,27.0,1996.0,32,28,2595.0,28.8,1,2,3,1,0,0,8,0,0.03,0.07,0.1,0.03,0.1
ESP-La Liga,2425,Leganés,Yan Diomandé,CIV,MF,17.0,2006.0,10,6,545.0,6.1,2,1,3,2,0,0,1,0,0.33,0.17,0.5,0.33,0.5
ESP-La Liga,2425,Leganés,Yvan Neyou,CMR,MF,27.0,1997.0,30,27,2312.0,25.7,1,1,2,1,0,0,14,0,0.04,0.04,0.08,0.04,0.08
ESP-La Liga,2425,Leganés,Óscar Rodríguez Arnaiz,ESP,MF,26.0,1998.0,29,12,1330.0,14.8,1,4,5,1,0,0,6,1,0.07,0.27,0.34,0.07,0.34
ESP-La Liga,2425,Mallorca,Abdón Prats,ESP,"FW,MF",31.0,1992.0,24,3,456.0,5.1,2,0,2,1,1,1,4,0,0.39,0.0,0.39,0.2,0.2
ESP-La Liga,2425,Mallorca,Antonio Raillo,ESP,DF,32.0,1991.0,36,36,3207.0,35.6,2,0,2,2,0,0,7,1,0.06,0.0,0.06,0.06,0.06
ESP-La Liga,2425,Mallorca,Antonio Sánchez,ESP,"MF,DF",27.0,1997.0,33,12,1395.0,15.5,0,0,0,0,0,0,3,0,0.0,0.0,0.0,0.0,0.0
ESP-La Liga,2425,Mallorca,Chiquinho,POR,MF,24.0,2000.0,8,1,146.0,1.6,0,0,0,0,0,0,2,0,0.0,0.0,0.0,0.0,0.0
ESP-La Liga,2425,Mallorca,Copete,ESP,DF,24.0,1999.0,25,16,1528.0,17.0,0,0,0,0,0,0,6,0,0.0,0.0,0.0,0.0,0.0
ESP-La Liga,2425,Mallorca,Cyle Larin,CAN,FW,29.0,1995.0,32,21,1764.0,19.6,7,2,9,6,1,1,4,0,0.36,0.1,0.46,0.31,0.41
ESP-La Liga,2425,Mallorca,Dani Rodríguez,ESP,"MF,FW",36.0,1988.0,37,26,2162.0,24.0,4,7,11,4,0,0,5,0,0.17,0.29,0.46,0.17,0.46
ESP-La Liga,2425,Mallorca,Daniel Luna,COL,MF,21.0,2003.0,2,0,20.0,0.2,0,0,0,0,0,0,0,0,0.0,0.0,0.0,0.0,0.0
ESP-La Liga,2425,Mallorca,David López,ESP,DF,21.0,2003.0,2,2,169.0,1.9,0,0,0,0,0,0,0,0,0.0,0.0,0.0,0.0,0.0
ESP-La Liga,2425,Mallorca,Dominik Greif,SVK,GK,27.0,1997.0,31,31,2790.0,31.0,0,0,0,0,0,0,1,0,0.0,0.0,0.0,0.0,0.0
ESP-La Liga,2425,Mallorca,Jan Salas,ESP,MF,18.0,2005.0,4,0,43.0,0.5,0,0,0,0,0,0,0,0,0.0,0.0,0.0,0.0,0.0
ESP-La Liga,2425,Mallorca,Javier Llabrés,ESP,MF,21.0,2002.0,1,1,57.0,0.6,0,0,0,0,0,0,0,0,0.0,0.0,0.0,0.0,0.0
ESP-La Liga,2425,Mallorca,Johan Mojica,COL,DF,31.0,1992.0,36,30,2755.0,30.6,1,2,3,1,0,0,5,0,0.03,0.07,0.1,0.03,0.1
ESP-La Liga,2425,Mallorca,Leo Román,ESP,GK,24.0,2000.0,7,7,630.0,7.0,0,0,0,0,0,0,0,0,0.0,0.0,0.0,0.0,0.0
ESP-La Liga,2425,Mallorca,Manu Morlanes,ESP,MF,25.0,1999.0,23,15,1338.0,14.9,0,0,0,0,0,0,7,0,0.0,0.0,0.0,0.0,0.0
ESP-La Liga,2425,Mallorca,Marc Domenech,ESP,"FW,MF",18.0,2006.0,10,3,303.0,3.4,0,0,0,0,0,0,0,0,0.0,0.0,0.0,0.0,0.0
ESP-La Liga,2425,Mallorca,Martin Valjent,SVK,DF,28.0,1995.0,31,31,2763.0,30.7,3,0,3,3,0,0,4,0,0.1,0.0,0.1,0.1,0.1
ESP-La Liga,2425,Mallorca,Mateu Morey,ESP,DF,24.0,2000.0,16,8,741.0,8.2,0,0,0,0,0,0,1,0,0.0,0.0,0.0,0.0,0.0
ESP-La Liga,2425,Mallorca,Omar Mascarell,EQG,MF,31.0,1993.0,32,21,1992.0,22.1,1,0,1,1,0,0,5,1,0.05,0.0,0.05,0.05,0.05
ESP-La Liga,2425,Mallorca,Pablo Maffeo,ESP,DF,27.0,1997.0,30,28,2368.0,26.3,0,2,2,0,0,0,7,0,0.0,0.08,0.08,0.0,0.08
ESP-La Liga,2425,Mallorca,Roberto Navarro,ESP,MF,22.0,2002.0,23,15,1278.0,14.2,1,0,1,1,0,0,3,0,0.07,0.0,0.07,0.07,0.07
ESP-La Liga,2425,Mallorca,Samu Costa,POR,MF,23.0,2000.0,32,31,2649.0,29.4,0,2,2,0,0,0,10,1,0.0,0.07,0.07,0.0,0.07
ESP-La Liga,2425,Mallorca,Sergi Darder,ESP,MF,30.0,1993.0,38,34,2744.0,30.5,2,6,8,2,0,0,4,0,0.07,0.2,0.26,0.07,0.26
ESP-La Liga,2425,Mallorca,Siebe Van Der Heyden,BEL,DF,26.0,1998.0,2,1,97.0,1.1,0,0,0,0,0,0,0,0,0.0,0.0,0.0,0.0,0.0
ESP-La Liga,2425,Mallorca,Takuma Asano,JPN,"MF,FW",29.0,1994.0,21,13,1054.0,11.7,2,1,3,2,0,0,0,0,0.17,0.09,0.26,0.17,0.26
ESP-La Liga,2425,Mallorca,Toni Lato,ESP,DF,26.0,1997.0,14,7,621.0,6.9,0,0,0,0,0,0,1,1,0.0,0.0,0.0,0.0,0.0
ESP-La Liga,2425,Mallorca,Valery Fernández,ESP,MF,24.0,1999.0,18,1,309.0,3.4,2,0,2,2,0,0,1,0,0.58,0.0,0.58,0.58,0.58
ESP-La Liga,2425,Mallorca,Vedat Muriqi,KVX,FW,30.0,1994.0,29,24,2058.0,22.9,7,2,9,5,2,3,1,2,0.31,0.09,0.39,0.22,0.31
ESP-La Liga,2425,Osasuna,Abel Bretones,ESP,"DF,MF",23.0,2000.0,35,20,2074.0,23.0,2,0,2,2,0,0,3,0,0.09,0.0,0.09,0.09,0.09
ESP-La Liga,2425,Osasuna,Aimar Oroz,ESP,MF,22.0,2001.0,37,35,2966.0,33.0,5,4,9,4,1,1,8,0,0.15,0.12,0.27,0.12,0.24
ESP-La Liga,2425,Osasuna,Aitor Fernández,ESP,GK,33.0,1991.0,1,1,90.0,1.0,0,0,0,0,0,0,0,0,0.0,0.0,0.0,0.0,0.0
ESP-La Liga,2425,Osasuna,Ante Budimir,CRO,FW,33.0,1991.0,38,34,2952.0,32.8,21,4,25,13,8,8,4,0,0.64,0.12,0.76,0.4,0.52
ESP-La Liga,2425,Osasuna,Bryan Zaragoza,ESP,"MF,FW",22.0,2001.0,27,22,1836.0,20.4,1,6,7,1,0,0,4,0,0.05,0.29,0.34,0.05,0.34
ESP-La Liga,2425,Osasuna,Catena,ESP,DF,29.0,1994.0,35,35,3074.0,34.2,1,3,4,1,0,0,11,0,0.03,0.09,0.12,0.03,0.12
ESP-La Liga,2425,Osasuna,Enzo Boyomo,CMR,DF,22.0,2001.0,34,33,2987.0,33.2,2,0,2,2,0,0,5,0,0.06,0.0,0.06,0.06,0.06
ESP-La Liga,2425,Osasuna,Iker Benito,ESP,"FW,MF",21.0,2002.0,2,0,37.0,0.4,0,0,0,0,0,0,0,0,0.0,0.0,0.0,0.0,0.0
ESP-La Liga,2425,Osasuna,Iker Muñoz,ESP,MF,21.0,2002.0,23,4,610.0,6.8,0,1,1,0,0,0,2,0,0.0,0.15,0.15,0.0,0.15
ESP-La Liga,2425,Osasuna,Javi Martínez,ESP,MF,24.0,1999.0,1,0,6.0,0.1,0,0,0,0,0,0,0,0,0.0,0.0,0.0,0.0,0.0
ESP-La Liga,2425,Osasuna,Jesús Areso,ESP,DF,25.0,1999.0,36,35,3079.0,34.2,0,3,3,0,0,0,9,0,0.0,0.09,0.09,0.0,0.09
ESP-La Liga,2425,Osasuna,Jon Moncayola,ESP,MF,26.0,1998.0,32,26,2099.0,23.3,0,0,0,0,0,0,8,0,0.0,0.0,0.0,0.0,0.0
ESP-La Liga,2425,Osasuna,Jorge Herrando,ESP,DF,23.0,2001.0,18,15,1366.0,15.2,1,0,1,1,0,0,3,0,0.07,0.0,0.07,0.07,0.07
ESP-La Liga,2425,Osasuna,José Arnaiz,ESP,MF,29.0,1995.0,15,1,133.0,1.5,0,0,0,0,0,0,0,0,0.0,0.0,0.0,0.0,0.0
ESP-La Liga,2425,Osasuna,Juan Cruz Armada,ESP,DF,32.0,1992.0,25,19,1492.0,16.6,0,0,0,0,0,0,4,0,0.0,0.0,0.0,0.0,0.0
ESP-La Liga,2425,Osasuna,Kike Barja,ESP,"FW,MF",27.0,1997.0,15,3,315.0,3.5,0,1,1,0,0,0,3,0,0.0,0.29,0.29,0.0,0.29
ESP-La Liga,2425,Osasuna,Lucas Torró,ESP,MF,30.0,1994.0,35,35,2957.0,32.9,3,0,3,3,0,0,10,0,0.09,0.0,0.09,0.09,0.09
ESP-La Liga,2425,Osasuna,Moi Gómez,ESP,"MF,FW",30.0,1994.0,26,6,796.0,8.8,0,0,0,0,0,0,1,0,0.0,0.0,0.0,0.0,0.0
ESP-La Liga,2425,Osasuna,Nacho Vidal,ESP,DF,29.0,1995.0,5,1,124.0,1.4,0,0,0,0,0,0,0,0,0.0,0.0,0.0,0.0,0.0
ESP-La Liga,2425,Osasuna,Pablo Ibáñez,ESP,MF,25.0,1998.0,28,13,1294.0,14.4,1,1,2,1,0,0,4,0,0.07,0.07,0.14,0.07,0.14
ESP-La Liga,2425,Osasuna,Raúl,ESP,FW,23.0,2000.0,32,5,750.0,8.3,4,0,4,4,0,0,1,0,0.48,0.0,0.48,0.48,0.48
ESP-La Liga,2425,Osasuna,Rubén García,ESP,"FW,MF",31.0,1993.0,36,30,2413.0,26.8,5,5,10,5,0,0,2,0,0.19,0.19,0.37,0.19,0.37
ESP-La Liga,2425,Osasuna,Rubén Peña,ESP,"FW,DF",33.0,1991.0,25,7,775.0,8.6,0,0,0,0,0,0,1,0,0.0,0.0,0.0,0.0,0.0
ESP-La Liga,2425,Osasuna,Sergio Herrera,ESP,GK,31.0,1993.0,37,37,3330.0,37.0,0,0,0,0,0,0,5,0,0.0,0.0,0.0,0.0,0.0
ESP-La Liga,2425,Osasuna,Unai García,ESP,DF,32.0,1992.0,3,1,65.0,0.7,0,0,0,0,0,0,0,0,0.0,0.0,0.0,0.0,0.0
ESP-La Liga,2425,Rayo Vallecano,Abdul Mumin,GHA,DF,26.0,1998.0,24,24,2017.0,22.4,2,1,3,2,0,0,6,1,0.09,0.04,0.13,0.09,0.13
ESP-La Liga,2425,Rayo Vallecano,Adri Embarba,ESP,"MF,FW",32.0,1992.0,35,18,1607.0,17.9,1,1,2,1,0,0,4,0,0.06,0.06,0.11,0.06,0.11
ESP-La Liga,2425,Rayo Vallecano,Alfonso Espino,URU,DF,32.0,1992.0,16,9,833.0,9.3,0,1,1,0,0,0,4,0,0.0,0.11,0.11,0.0,0.11
ESP-La Liga,2425,Rayo Vallecano,Andrei Ratiu,ROU,"DF,MF",26.0,1998.0,35,34,3065.0,34.1,2,3,5,2,0,0,5,0,0.06,0.09,0.15,0.06,0.15
ESP-La Liga,2425,Rayo Vallecano,Aridane Hernández,ESP,DF,35.0,1989.0,14,11,1025.0,11.4,0,0,0,0,0,0,1,0,0.0,0.0,0.0,0.0,0.0
ESP-La Liga,2425,Rayo Vallecano,Augusto Batalla,ARG,GK,28.0,1996.0,32,32,2880.0,32.0,0,0,0,0,0,0,6,0,0.0,0.0,0.0,0.0,0.0
ESP-La Liga,2425,Rayo Vallecano,Dani Cárdenas,ESP,GK,27.0,1997.0,6,6,540.0,6.0,0,0,0,0,0,0,0,0,0.0,0.0,0.0,0.0,0.0
ESP-La Liga,2425,Rayo Vallecano,Etienne Eto'o,CMR,FW,21.0,2002.0,2,0,40.0,0.4,0,0,0,0,0,0,0,0,0.0,0.0,0.0,0.0,0.0
ESP-La Liga,2425,Rayo Vallecano,Florian Lejeune,FRA,DF,33.0,1991.0,37,37,3325.0,36.9,2,3,5,2,0,0,8,0,0.05,0.08,0.14,0.05,0.14
ESP-La Liga,2425,Rayo Vallecano,Gerard Gumbau,ESP,MF,29.0,1994.0,22,7,849.0,9.4,0,1,1,0,0,0,4,0,0.0,0.11,0.11,0.0,0.11
ESP-La Liga,2425,Rayo Vallecano,Isaac Palazón Camacho,ESP,"MF,FW",29.0,1994.0,35,25,2162.0,24.0,4,4,8,4,0,0,5,0,0.17,0.17,0.33,0.17,0.33
ESP-La Liga,2425,Rayo Vallecano,Iván Balliu,ALB,DF,32.0,1992.0,25,12,1200.0,13.3,0,0,0,0,0,0,3,0,0.0,0.0,0.0,0.0,0.0
ESP-La Liga,2425,Rayo Vallecano,James Rodríguez,COL,MF,33.0,1991.0,6,1,140.0,1.6,0,0,0,0,0,0,1,0,0.0,0.0,0.0,0.0,0.0
ESP-La Liga,2425,Rayo Vallecano,Jorge de Frutos,ESP,"MF,FW",27.0,1997.0,36,30,2495.0,27.7,6,3,9,6,0,0,3,1,0.22,0.11,0.32,0.22,0.32
ESP-La Liga,2425,Rayo Vallecano,Pathé Ciss,SEN,"MF,DF",30.0,1994.0,33,25,2140.0,23.8,4,1,5,4,0,0,12,0,0.17,0.04,0.21,0.17,0.21
ESP-La Liga,2425,Rayo Vallecano,Pedro Díaz,ESP,MF,26.0,1998.0,26,12,1211.0,13.5,3,0,3,3,0,1,2,0,0.22,0.0,0.22,0.22,0.22
ESP-La Liga,2425,Rayo Vallecano,Pelayo Fernandez,ESP,DF,21.0,2003.0,2,1,98.0,1.1,0,0,0,0,0,0,1,0,0.0,0.0,0.0,0.0,0.0
ESP-La Liga,2425,Rayo Vallecano,Pep Chavarría,ESP,DF,26.0,1998.0,34,28,2585.0,28.7,0,1,1,0,0,0,3,0,0.0,0.03,0.03,0.0,0.03
ESP-La Liga,2425,Rayo Vallecano,Randy Nteka,ANG,FW,26.0,1997.0,24,16,1129.0,12.5,3,0,3,3,0,0,6,0,0.24,0.0,0.24,0.24,0.24
ESP-La Liga,2425,Rayo Vallecano,Raúl de Tomás,ESP,FW,29.0,1994.0,2,0,22.0,0.2,0,0,0,0,0,0,0,0,0.0,0.0,0.0,0.0,0.0
ESP-La Liga,2425,Rayo Vallecano,Sergi Guardiola,ESP,FW,33.0,1991.0,16,1,362.0,4.0,0,0,0,0,0,0,1,0,0.0,0.0,0.0,0.0,0.0
ESP-La Liga,2425,Rayo Vallecano,Sergio Camello,ESP,FW,23.0,2001.0,23,14,1134.0,12.6,3,2,5,3,0,0,2,0,0.24,0.16,0.4,0.24,0.4
ESP-La Liga,2425,Rayo Vallecano,Unai López,ESP,MF,28.0,1995.0,32,23,1707.0,19.0,3,1,4,3,0,0,9,1,0.16,0.05,0.21,0.16,0.21
ESP-La Liga,2425,Rayo Vallecano,Álvaro García,ESP,"MF,FW",31.0,1992.0,36,28,2559.0,28.4,4,5,9,4,0,0,4,0,0.14,0.18,0.32,0.14,0.32
ESP-La Liga,2425,Rayo Vallecano,Óscar Trejo,ARG,MF,36.0,1988.0,19,6,496.0,5.5,1,0,1,1,0,0,1,0,0.18,0.0,0.18,0.18,0.18
ESP-La Liga,2425,Rayo Vallecano,Óscar Valentín,ESP,MF,29.0,1994.0,34,18,1835.0,20.4,0,0,0,0,0,0,5,0,0.0,0.0,0.0,0.0,0.0
ESP-La Liga,2425,Real Betis,Abde Ezzalzouli,MAR,MF,22.0,2001.0,32,23,1984.0,22.0,2,2,4,2,0,1,2,0,0.09,0.09,0.18,0.09,0.18
ESP-La Liga,2425,Real Betis,Adrián,ESP,GK,37.0,1987.0,19,19,1710.0,19.0,0,0,0,0,0,0,3,0,0.0,0.0,0.0,0.0,0.0
ESP-La Liga,2425,Real Betis,Aitor Ruibal,ESP,"DF,FW",28.0,1996.0,29,13,1313.0,14.6,1,3,4,1,0,0,5,0,0.07,0.21,0.27,0.07,0.27
ESP-La Liga,2425,Real Betis,Antony,BRA,MF,24.0,2000.0,17,15,1362.0,15.1,5,2,7,5,0,0,2,1,0.33,0.13,0.46,0.33,0.46
ESP-La Liga,2425,Real Betis,Assane Diao,SEN,FW,18.0,2005.0,10,2,277.0,3.1,1,2,3,1,0,0,0,0,0.32,0.65,0.97,0.32,0.97
ESP-La Liga,2425,Real Betis,Carlos Guirao,ESP,MF,21.0,2003.0,2,2,110.0,1.2,0,0,0,0,0,0,0,0,0.0,0.0,0.0,0.0,0.0
ESP-La Liga,2425,Real Betis,Cucho,COL,FW,25.0,1999.0,15,14,1139.0,12.7,5,1,6,5,0,0,0,0,0.4,0.08,0.47,0.4,0.47
ESP-La Liga,2425,Real Betis,Cédric Bakambu,COD,FW,33.0,1991.0,25,6,710.0,7.9,2,2,4,2,0,0,4,0,0.25,0.25,0.51,0.25,0.51
ESP-La Liga,2425,Real Betis,Diego Llorente,ESP,DF,30.0,1993.0,30,29,2519.0,28.0,2,0,2,2,0,0,4,0,0.07,0.0,0.07,0.07,0.07
ESP-La Liga,2425,Real Betis,Ezequiel Ávila,ARG,"MF,FW",30.0,1994.0,19,6,677.0,7.5,2,0,2,2,0,0,5,1,0.27,0.0,0.27,0.27,0.27
ESP-La Liga,2425,Real Betis,Fran Vieites,ESP,GK,25.0,1999.0,4,4,360.0,4.0,0,0,0,0,0,0,0,0,0.0,0.0,0.0,0.0,0.0
ESP-La Liga,2425,Real Betis,Giovani Lo Celso,ARG,MF,28.0,1996.0,25,15,1457.0,16.2,8,3,11,6,2,3,4,0,0.49,0.19,0.68,0.37,0.56
ESP-La Liga,2425,Real Betis,Héctor Bellerín,ESP,DF,29.0,1995.0,9,6,580.0,6.4,0,2,2,0,0,0,1,0,0.0,0.31,0.31,0.0,0.31
ESP-La Liga,2425,Real Betis,Iker Losada,ESP,MF,22.0,2001.0,10,3,336.0,3.7,0,0,0,0,0,0,0,0,0.0,0.0,0.0,0.0,0.0
ESP-La Liga,2425,Real Betis,Isco,ESP,MF,32.0,1992.0,22,17,1547.0,17.2,9,8,17,4,5,6,5,0,0.52,0.47,0.99,0.23,0.7
ESP-La Liga,2425,Real Betis,Jesus Rodríguez,ESP,MF,18.0,2005.0,21,15,1111.0,12.3,2,0,2,2,0,0,0,0,0.16,0.0,0.16,0.16,0.16
ESP-La Liga,2425,Real Betis,Johnny Cardoso,USA,MF,22.0,2001.0,28,24,2144.0,23.8,3,1,4,3,0,0,4,0,0.13,0.04,0.17,0.13,0.17
ESP-La Liga,2425,Real Betis,Juanmi,ESP,MF,31.0,1993.0,11,2,244.0,2.7,0,0,0,0,0,0,2,0,0.0,0.0,0.0,0.0,0.0
ESP-La Liga,2425,Real Betis,Marc Bartra,ESP,DF,33.0,1991.0,25,23,2099.0,23.3,2,1,3,2,0,0,2,0,0.09,0.04,0.13,0.09,0.13
ESP-La Liga,2425,Real Betis,Marc Roca,ESP,MF,27.0,1996.0,14,11,906.0,10.1,2,2,4,2,0,0,4,0,0.2,0.2,0.4,0.2,0.4
ESP-La Liga,2425,Real Betis,Mateo Flores,ESP,MF,20.0,2004.0,6,1,153.0,1.7,0,0,0,0,0,0,1,0,0.0,0.0,0.0,0.0,0.0
ESP-La Liga,2425,Real Betis,Nabil Fekir,FRA,MF,31.0,1993.0,2,2,180.0,2.0,0,1,1,0,0,0,0,0,0.0,0.5,0.5,0.0,0.5
ESP-La Liga,2425,Real Betis,Natan,BRA,DF,23.0,2001.0,31,23,2175.0,24.2,1,1,2,1,0,0,5,1,0.04,0.04,0.08,0.04,0.08
ESP-La Liga,2425,Real Betis,Nobel Mendy,SEN,DF,19.0,2004.0,2,1,108.0,1.2,0,0,0,0,0,0,1,0,0.0,0.0,0.0,0.0,0.0
ESP-La Liga,2425,Real Betis,Pablo Fornals,ESP,MF,28.0,1996.0,26,22,1827.0,20.3,2,0,2,2,0,0,2,0,0.1,0.0,0.1,0.1,0.1
ESP-La Liga,2425,Real Betis,Pablo Garcia,ESP,FW,18.0,2006.0,3,0,38.0,0.4,0,0,0,0,0,0,0,0,0.0,0.0,0.0,0.0,0.0
ESP-La Liga,2425,Real Betis,Ricardo Rodríguez,SUI,DF,31.0,1992.0,18,15,1274.0,14.2,0,1,1,0,0,0,0,0,0.0,0.07,0.07,0.0,0.07
ESP-La Liga,2425,Real Betis,Rodri,ESP,MF,24.0,2000.0,3,1,118.0,1.3,0,0,0,0,0,0,0,0,0.0,0.0,0.0,0.0,0.0
ESP-La Liga,2425,Real Betis,Romain Perraud,FRA,DF,26.0,1997.0,28,22,2002.0,22.2,2,2,4,2,0,0,8,1,0.09,0.09,0.18,0.09,0.18
ESP-La Liga,2425,Real Betis,Rui Silva,POR,GK,30.0,1994.0,15,15,1350.0,15.0,0,0,0,0,0,0,1,0,0.0,0.0,0.0,0.0,0.0
ESP-La Liga,2425,Real Betis,Sergi Altimira,ESP,MF,22.0,2001.0,32,22,1972.0,21.9,0,1,1,0,0,0,4,0,0.0,0.05,0.05,0.0,0.05
ESP-La Liga,2425,Real Betis,Sergio Arribas,ESP,DF,21.0,2003.0,1,1,90.0,1.0,0,0,0,0,0,0,0,0,0.0,0.0,0.0,0.0,0.0
ESP-La Liga,2425,Real Betis,Vitor Roque,BRA,FW,19.0,2005.0,22,14,1235.0,13.7,4,0,4,4,0,0,4,0,0.29,0.0,0.29,0.29,0.29
ESP-La Liga,2425,Real Betis,William Carvalho,POR,MF,32.0,1992.0,14,6,484.0,5.4,0,0,0,0,0,0,1,0,0.0,0.0,0.0,0.0,0.0
ESP-La Liga,2425,Real Betis,Youssouf Sabaly,SEN,DF,31.0,1993.0,22,20,1581.0,17.6,0,1,1,0,0,0,1,0,0.0,0.06,0.06,0.0,0.06
ESP-La Liga,2425,Real Betis,Ángel Ortíz,ESP,DF,20.0,2004.0,5,4,353.0,3.9,0,1,1,0,0,0,0,0,0.0,0.25,0.25,0.0,0.25
ESP-La Liga,2425,Real Madrid,Andriy Lunin,UKR,GK,25.0,1999.0,7,7,630.0,7.0,0,1,1,0,0,0,0,0,0.0,0.14,0.14,0.0,0.14
ESP-La Liga,2425,Real Madrid,Antonio Rüdiger,GER,DF,31.0,1993.0,29,26,2291.0,25.5,0,0,0,0,0,0,3,0,0.0,0.0,0.0,0.0,0.0
ESP-La Liga,2425,Real Madrid,Arda Güler,TUR,"MF,FW",19.0,2005.0,28,14,1250.0,13.9,3,4,7,3,0,0,1,0,0.22,0.29,0.5,0.22,0.5
ESP-La Liga,2425,Real Madrid,Aurélien Tchouaméni,FRA,"DF,MF",24.0,2000.0,32,31,2689.0,29.9,0,0,0,0,0,0,5,0,0.0,0.0,0.0,0.0,0.0
ESP-La Liga,2425,Real Madrid,Brahim Díaz,MAR,"MF,FW",24.0,1999.0,31,16,1385.0,15.4,4,2,6,4,0,0,0,0,0.26,0.13,0.39,0.26,0.39
ESP-La Liga,2425,Real Madrid,Chema,ESP,MF,19.0,2005.0,2,0,12.0,0.1,0,0,0,0,0,0,0,0,0.0,0.0,0.0,0.0,0.0
ESP-La Liga,2425,Real Madrid,Dani Carvajal,ESP,DF,32.0,1992.0,8,7,609.0,6.8,1,0,1,1,0,0,1,0,0.15,0.0,0.15,0.15,0.15
ESP-La Liga,2425,Real Madrid,Dani Ceballos,ESP,MF,27.0,1996.0,23,15,1215.0,13.5,0,0,0,0,0,0,4,0,0.0,0.0,0.0,0.0,0.0
ESP-La Liga,2425,Real Madrid,Daniel Yáñez,ESP,MF,17.0,2007.0,1,0,2.0,0.0,0,0,0,0,0,0,0,0,0.0,0.0,0.0,0.0,0.0
ESP-La Liga,2425,Real Madrid,David Alaba,AUT,DF,32.0,1992.0,7,4,317.0,3.5,0,0,0,0,0,0,1,0,0.0,0.0,0.0,0.0,0.0
ESP-La Liga,2425,Real Madrid,Eduardo Camavinga,FRA,"MF,DF",21.0,2002.0,19,11,1102.0,12.2,1,2,3,1,0,0,2,0,0.08,0.16,0.25,0.08,0.25
ESP-La Liga,2425,Real Madrid,Endrick,BRA,FW,18.0,2006.0,22,3,363.0,4.0,1,0,1,1,0,0,1,0,0.25,0.0,0.25,0.25,0.25
ESP-La Liga,2425,Real Madrid,Federico Valverde,URU,"MF,DF",26.0,1998.0,36,34,3032.0,33.7,6,4,10,6,0,0,4,0,0.18,0.12,0.3,0.18,0.3
ESP-La Liga,2425,Real Madrid,Ferland Mendy,FRA,DF,29.0,1995.0,14,12,1005.0,11.2,0,1,1,0,0,0,1,1,0.0,0.09,0.09,0.0,0.09
ESP-La Liga,2425,Real Madrid,Fran,ESP,GK,19.0,2005.0,1,1,90.0,1.0,0,0,0,0,0,0,0,0,0.0,0.0,0.0,0.0,0.0
ESP-La Liga,2425,Real Madrid,Fran Garcia,ESP,DF,24.0,1999.0,31,24,2171.0,24.1,0,2,2,0,0,0,0,0,0.0,0.08,0.08,0.0,0.08
ESP-La Liga,2425,Real Madrid,Gonzalo García,ESP,FW,20.0,2004.0,3,0,56.0,0.6,0,1,1,0,0,0,0,0,0.0,1.61,1.61,0.0,1.61
ESP-La Liga,2425,Real Madrid,Jacobo Ramón,ESP,DF,19.0,2005.0,3,2,204.0,2.3,1,0,1,1,0,0,1,0,0.44,0.0,0.44,0.44,0.44
ESP-La Liga,2425,Real Madrid,Jesús Vallejo,ESP,DF,27.0,1997.0,4,1,138.0,1.5,0,1,1,0,0,0,0,0,0.0,0.65,0.65,0.0,0.65
ESP-La Liga,2425,Real Madrid,Jude Bellingham,ENG,MF,21.0,2003.0,31,29,2488.0,27.6,9,8,17,8,1,2,5,1,0.33,0.29,0.61,0.29,0.58
ESP-La Liga,2425,Real Madrid,Kylian Mbappé,FRA,FW,25.0,1998.0,34,34,2907.0,32.3,31,3,34,24,7,9,3,1,0.96,0.09,1.05,0.74,0.84
ESP-La Liga,2425,Real Madrid,Lorenzo Aguado,ESP,DF,21.0,2002.0,2,0,5.0,0.1,0,0,0,0,0,0,0,0,0.0,0.0,0.0,0.0,0.0
ESP-La Liga,2425,Real Madrid,Lucas Vázquez,ESP,DF,33.0,1991.0,32,25,2189.0,24.3,1,5,6,1,0,0,4,0,0.04,0.21,0.25,0.04,0.25
ESP-La Liga,2425,Real Madrid,Luka Modrić,CRO,MF,38.0,1985.0,35,17,1827.0,20.3,2,6,8,2,0,0,7,0,0.1,0.3,0.39,0.1,0.39
ESP-La Liga,2425,Real Madrid,Raúl Asencio,ESP,DF,21.0,2003.0,23,18,1670.0,18.6,0,1,1,0,0,0,3,0,0.0,0.05,0.05,0.0,0.05
ESP-La Liga,2425,Real Madrid,Rodrygo,BRA,"MF,FW",23.0,2001.0,30,22,1928.0,21.4,6,5,11,6,0,0,0,0,0.28,0.23,0.51,0.28,0.51
ESP-La Liga,2425,Real Madrid,Thibaut Courtois,BEL,GK,32.0,1992.0,30,30,2700.0,30.0,0,0,0,0,0,0,1,0,0.0,0.0,0.0,0.0,0.0
ESP-La Liga,2425,Real Madrid,Vinicius Júnior,BRA,"FW,MF",24.0,2000.0,30,24,2253.0,25.0,11,8,19,9,2,3,8,1,0.44,0.32,0.76,0.36,0.68
ESP-La Liga,2425,Real Madrid,Víctor Muñoz,ESP,MF,21.0,2003.0,2,0,36.0,0.4,0,0,0,0,0,0,0,0,0.0,0.0,0.0,0.0,0.0
ESP-La Liga,2425,Real Madrid,Éder Militão,BRA,DF,26.0,1998.0,12,11,938.0,10.4,1,1,2,1,0,0,2,0,0.1,0.1,0.19,0.1,0.19
ESP-La Liga,2425,Real Sociedad,Aihen Muñoz,ESP,DF,26.0,1997.0,21,13,1098.0,12.2,0,0,0,0,0,0,5,0,0.0,0.0,0.0,0.0,0.0
ESP-La Liga,2425,Real Sociedad,Ander Barrenetxea,ESP,MF,22.0,2001.0,30,14,1263.0,14.0,1,3,4,1,0,0,6,0,0.07,0.21,0.29,0.07,0.29
ESP-La Liga,2425,Real Sociedad,Aritz Elustondo,ESP,DF,30.0,1994.0,22,16,1457.0,16.2,0,0,0,0,0,0,2,1,0.0,0.0,0.0,0.0,0.0
ESP-La Liga,2425,Real Sociedad,Arkaitz Mariezkurrena,ESP,FW,19.0,2005.0,9,1,241.0,2.7,2,0,2,2,0,0,1,0,0.75,0.0,0.75,0.75,0.75
ESP-La Liga,2425,Real Sociedad,Arsen Zakharyan,RUS,MF,21.0,2003.0,3,1,73.0,0.8,1,0,1,1,0,0,0,0,1.23,0.0,1.23,1.23,1.23
ESP-La Liga,2425,Real Sociedad,Beñat Turrientes,ESP,MF,22.0,2002.0,21,11,942.0,10.5,0,0,0,0,0,0,4,0,0.0,0.0,0.0,0.0,0.0
ESP-La Liga,2425,Real Sociedad,Brais Méndez,ESP,"MF,FW",27.0,1997.0,27,19,1531.0,17.0,3,2,5,3,0,0,4,0,0.18,0.12,0.29,0.18,0.29
ESP-La Liga,2425,Real Sociedad,Daniel Díaz,ESP,FW,18.0,2006.0,1,0,10.0,0.1,0,0,0,0,0,0,0,0,0.0,0.0,0.0,0.0,0.0
ESP-La Liga,2425,Real Sociedad,Hamari Traoré,MLI,DF,32.0,1992.0,11,9,700.0,7.8,0,1,1,0,0,0,2,0,0.0,0.13,0.13,0.0,0.13
ESP-La Liga,2425,Real Sociedad,Igor Zubeldia,ESP,DF,27.0,1997.0,28,27,2269.0,25.2,0,0,0,0,0,0,6,1,0.0,0.0,0.0,0.0,0.0
ESP-La Liga,2425,Real Sociedad,Javi López,ESP,DF,22.0,2002.0,29,21,1936.0,21.5,0,0,0,0,0,0,4,0,0.0,0.0,0.0,0.0,0.0
ESP-La Liga,2425,Real Sociedad,Jon Aramburu,VEN,DF,22.0,2002.0,35,28,2460.0,27.3,1,1,2,1,0,0,8,0,0.04,0.04,0.07,0.04,0.07
ESP-La Liga,2425,Real Sociedad,Jon Magunazelaia,ESP,MF,23.0,2001.0,2,0,7.0,0.1,0,0,0,0,0,0,0,0,0.0,0.0,0.0,0.0,0.0
ESP-La Liga,2425,Real Sociedad,Jon Martin,ESP,DF,18.0,2006.0,13,6,904.0,10.0,0,1,1,0,0,0,2,0,0.0,0.1,0.1,0.0,0.1
ESP-La Liga,2425,Real Sociedad,Jon Pacheco,ESP,DF,23.0,2001.0,14,9,854.0,9.5,0,0,0,0,0,0,3,0,0.0,0.0,0.0,0.0,0.0
ESP-La Liga,2425,Real Sociedad,Luka Sučić,CRO,MF,21.0,2002.0,29,21,1792.0,19.9,1,1,2,1,0,0,4,0,0.05,0.05,0.1,0.05,0.1
ESP-La Liga,2425,Real Sociedad,Luken Beitia,ESP,DF,20.0,2004.0,1,0,8.0,0.1,0,0,0,0,0,0,0,0,0.0,0.0,0.0,0.0,0.0
ESP-La Liga,2425,Real Sociedad,Martín Zubimendi,ESP,MF,25.0,1999.0,36,33,2962.0,32.9,2,1,3,2,0,0,6,0,0.06,0.03,0.09,0.06,0.09
ESP-La Liga,2425,Real Sociedad,Mikel Oyarzabal,ESP,FW,27.0,1997.0,35,28,2250.0,25.0,9,3,12,5,4,4,4,1,0.36,0.12,0.48,0.2,0.32
ESP-La Liga,2425,Real Sociedad,Nayef Aguerd,MAR,DF,28.0,1996.0,21,21,1760.0,19.6,0,0,0,0,0,0,5,0,0.0,0.0,0.0,0.0,0.0
ESP-La Liga,2425,Real Sociedad,Olasagasti,ESP,MF,23.0,2000.0,22,7,857.0,9.5,1,1,2,1,0,0,2,0,0.11,0.11,0.21,0.11,0.21
ESP-La Liga,2425,Real Sociedad,Orri Steinn Óskarsson,ISL,FW,19.0,2004.0,23,9,944.0,10.5,3,0,3,3,0,0,1,0,0.29,0.0,0.29,0.29,0.29
ESP-La Liga,2425,Real Sociedad,Pablo Marín,ESP,MF,21.0,2003.0,23,14,1239.0,13.8,1,2,3,1,0,0,3,0,0.07,0.15,0.22,0.07,0.22
ESP-La Liga,2425,Real Sociedad,Sergio Gómez,ESP,MF,23.0,2000.0,37,31,2738.0,30.4,2,5,7,2,0,0,4,0,0.07,0.16,0.23,0.07,0.23
ESP-La Liga,2425,Real Sociedad,Sheraldo Becker,SUR,"MF,FW",29.0,1995.0,22,11,995.0,11.1,2,1,3,2,0,0,1,1,0.18,0.09,0.27,0.18,0.27
ESP-La Liga,2425,Real Sociedad,Takefusa Kubo,JPN,"MF,FW",23.0,2001.0,36,27,2372.0,26.4,5,0,5,5,0,0,5,0,0.19,0.0,0.19,0.19,0.19
ESP-La Liga,2425,Real Sociedad,Umar Sadiq,NGA,FW,27.0,1997.0,7,2,227.0,2.5,0,0,0,0,0,0,1,0,0.0,0.0,0.0,0.0,0.0
ESP-La Liga,2425,Real Sociedad,Unai Marrero,ESP,GK,22.0,2001.0,2,2,180.0,2.0,0,0,0,0,0,0,0,0,0.0,0.0,0.0,0.0,0.0
ESP-La Liga,2425,Real Sociedad,Urko González,ESP,MF,23.0,2001.0,1,1,45.0,0.5,0,0,0,0,0,0,1,0,0.0,0.0,0.0,0.0,0.0
ESP-La Liga,2425,Real Sociedad,Álex Remiro,ESP,GK,29.0,1995.0,36,36,3240.0,36.0,0,0,0,0,0,0,0,0,0.0,0.0,0.0,0.0,0.0
ESP-La Liga,2425,Real Sociedad,Álvaro Odriozola,ESP,DF,28.0,1995.0,2,0,43.0,0.5,0,0,0,0,0,0,1,0,0.0,0.0,0.0,0.0,0.0
ESP-La Liga,2425,Sevilla,Adrià Pedrosa,ESP,DF,26.0,1998.0,31,27,2298.0,25.5,1,1,2,1,0,0,7,0,0.04,0.04,0.08,0.04,0.08
ESP-La Liga,2425,Sevilla,Akor Adams,NGA,FW,24.0,2000.0,4,1,134.0,1.5,0,0,0,0,0,0,0,0,0.0,0.0,0.0,0.0,0.0
ESP-La Liga,2425,Sevilla,Albert Sambi Lokonga,BEL,MF,24.0,1999.0,22,16,1471.0,16.3,0,2,2,0,0,0,4,0,0.0,0.12,0.12,0.0,0.12
ESP-La Liga,2425,Sevilla,Carmona,ESP,DF,22.0,2002.0,35,35,2942.0,32.7,0,0,0,0,0,0,11,0,0.0,0.0,0.0,0.0,0.0
ESP-La Liga,2425,Sevilla,Chidera Ejuke,NGA,"MF,FW",26.0,1998.0,25,9,966.0,10.7,2,1,3,2,0,0,0,0,0.19,0.09,0.28,0.19,0.28
ESP-La Liga,2425,Sevilla,Darío Fuentes,ESP,DF,21.0,2003.0,1,0,5.0,0.1,0,0,0,0,0,0,1,0,0.0,0.0,0.0,0.0,0.0
ESP-La Liga,2425,Sevilla,Diego Iturralde,ESP,MF,21.0,2003.0,1,1,37.0,0.4,0,0,0,0,0,0,0,0,0.0,0.0,0.0,0.0,0.0
ESP-La Liga,2425,Sevilla,Djibril Sow,SUI,MF,27.0,1997.0,30,24,2062.0,22.9,2,1,3,2,0,0,5,0,0.09,0.04,0.13,0.09,0.13
ESP-La Liga,2425,Sevilla,Dodi Lukebakio,BEL,"MF,FW",26.0,1997.0,38,36,3092.0,34.4,11,2,13,10,1,1,3,1,0.32,0.06,0.38,0.29,0.35
ESP-La Liga,2425,Sevilla,Gonzalo Montiel,ARG,DF,27.0,1997.0,6,1,113.0,1.3,0,0,0,0,0,0,1,0,0.0,0.0,0.0,0.0,0.0
ESP-La Liga,2425,Sevilla,Isaac Romero,ESP,FW,24.0,2000.0,31,26,2156.0,24.0,4,2,6,4,0,1,10,1,0.17,0.08,0.25,0.17,0.25
ESP-La Liga,2425,Sevilla,Israel Domínguez,ESP,MF,21.0,2003.0,1,0,18.0,0.2,0,0,0,0,0,0,0,0,0.0,0.0,0.0,0.0,0.0
ESP-La Liga,2425,Sevilla,Jesús Navas,ESP,"MF,FW",38.0,1985.0,15,3,424.0,4.7,1,0,1,1,0,0,0,0,0.21,0.0,0.21,0.21,0.21
ESP-La Liga,2425,Sevilla,Juanlu Sánchez,ESP,"MF,DF",20.0,2003.0,32,18,1722.0,19.1,4,4,8,4,0,0,6,1,0.21,0.21,0.42,0.21,0.42
ESP-La Liga,2425,Sevilla,Kelechi Iheanacho,NGA,FW,27.0,1996.0,9,5,400.0,4.4,0,0,0,0,0,0,0,0,0.0,0.0,0.0,0.0,0.0
ESP-La Liga,2425,Sevilla,Kike Salas,ESP,DF,22.0,2002.0,31,25,2238.0,24.9,3,2,5,3,0,0,6,0,0.12,0.08,0.2,0.12,0.2
ESP-La Liga,2425,Sevilla,Leandro Antonetti,PUR,FW,21.0,2003.0,2,0,28.0,0.3,0,0,0,0,0,0,0,0,0.0,0.0,0.0,0.0,0.0
ESP-La Liga,2425,Sevilla,Loïc Bade,FRA,DF,24.0,2000.0,32,31,2686.0,29.8,1,1,2,1,0,0,7,1,0.03,0.03,0.07,0.03,0.07
ESP-La Liga,2425,Sevilla,Lucas Ocampos,ARG,"MF,FW",30.0,1994.0,2,2,175.0,1.9,0,1,1,0,0,0,0,0,0.0,0.51,0.51,0.0,0.51
ESP-La Liga,2425,Sevilla,Lucien Agoume,FRA,MF,22.0,2002.0,35,24,2114.0,23.5,1,3,4,1,0,0,5,1,0.04,0.13,0.17,0.04,0.17
ESP-La Liga,2425,Sevilla,Manu Bueno,ESP,MF,20.0,2004.0,9,1,140.0,1.6,1,0,1,1,0,0,0,0,0.64,0.0,0.64,0.64,0.64
ESP-La Liga,2425,Sevilla,Marcão,BRA,DF,28.0,1996.0,12,6,552.0,6.1,0,0,0,0,0,0,6,1,0.0,0.0,0.0,0.0,0.0
ESP-La Liga,2425,Sevilla,Mateo Mejía,ESP,FW,21.0,2003.0,1,0,11.0,0.1,0,0,0,0,0,0,0,0,0.0,0.0,0.0,0.0,0.0
ESP-La Liga,2425,Sevilla,Nemanja Gudelj,SRB,"MF,DF",32.0,1991.0,31,27,2493.0,27.7,1,1,2,0,1,1,6,0,0.04,0.04,0.07,0.0,0.04
ESP-La Liga,2425,Sevilla,Peque,ESP,"MF,FW",21.0,2002.0,26,14,1134.0,12.6,1,1,2,1,0,0,1,0,0.08,0.08,0.16,0.08,0.16
ESP-La Liga,2425,Sevilla,Ramón Martínez,ESP,DF,21.0,2002.0,5,2,261.0,2.9,1,0,1,1,0,0,0,0,0.34,0.0,0.34,0.34,0.34
ESP-La Liga,2425,Sevilla,Ruben Vargas,SUI,"MF,FW",25.0,1998.0,11,9,671.0,7.5,2,1,3,2,0,0,0,0,0.27,0.13,0.4,0.27,0.4
ESP-La Liga,2425,Sevilla,Saúl Ñíguez,ESP,MF,29.0,1994.0,24,17,1553.0,17.3,1,6,7,1,0,0,8,1,0.06,0.35,0.41,0.06,0.41
ESP-La Liga,2425,Sevilla,Stanis Idumbo,BEL,MF,19.0,2005.0,14,3,284.0,3.2,1,1,2,1,0,0,0,0,0.32,0.32,0.63,0.32,0.63
ESP-La Liga,2425,Sevilla,Suso,ESP,"MF,FW",30.0,1993.0,16,4,606.0,6.7,0,2,2,0,0,0,3,0,0.0,0.3,0.3,0.0,0.3
ESP-La Liga,2425,Sevilla,Tanguy Nianzou,FRA,DF,22.0,2002.0,6,6,518.0,5.8,0,0,0,0,0,0,3,1,0.0,0.0,0.0,0.0,0.0
ESP-La Liga,2425,Sevilla,Valentín Barco,ARG,DF,20.0,2004.0,7,3,288.0,3.2,0,0,0,0,0,0,0,0,0.0,0.0,0.0,0.0,0.0
ESP-La Liga,2425,Sevilla,Álvaro Fernández,ESP,GK,26.0,1998.0,9,8,747.0,8.3,0,0,0,0,0,0,2,0,0.0,0.0,0.0,0.0,0.0
ESP-La Liga,2425,Sevilla,Álvaro Pascual,ESP,FW,22.0,2002.0,8,4,408.0,4.5,1,0,1,1,0,0,1,0,0.22,0.0,0.22,0.22,0.22
ESP-La Liga,2425,Sevilla,Ørjan Nyland,NOR,GK,33.0,1990.0,30,30,2673.0,29.7,0,0,0,0,0,0,2,0,0.0,0.0,0.0,0.0,0.0
ESP-La Liga,2425,Valencia,Alberto Marí,ESP,FW,23.0,2001.0,1,0,7.0,0.1,0,0,0,0,0,0,0,0,0.0,0.0,0.0,0.0,0.0
ESP-La Liga,2425,Valencia,André Almeida,POR,"MF,FW",24.0,2000.0,34,24,1977.0,22.0,0,4,4,0,0,0,2,0,0.0,0.18,0.18,0.0,0.18
ESP-La Liga,2425,Valencia,Cristhian Mosquera,ESP,DF,20.0,2004.0,37,37,3319.0,36.9,1,0,1,1,0,0,6,0,0.03,0.0,0.03,0.03,0.03
ESP-La Liga,2425,Valencia,César Tárrega,ESP,DF,22.0,2002.0,34,34,3026.0,33.6,2,0,2,2,0,0,7,0,0.06,0.0,0.06,0.06,0.06
ESP-La Liga,2425,Valencia,Dani Gómez,ESP,FW,26.0,1998.0,14,5,532.0,5.9,2,0,2,2,0,0,0,0,0.34,0.0,0.34,0.34,0.34
ESP-La Liga,2425,Valencia,David Otorbi,ESP,FW,16.0,2007.0,1,0,14.0,0.2,0,0,0,0,0,0,0,0,0.0,0.0,0.0,0.0,0.0
ESP-La Liga,2425,Valencia,Diego López,ESP,MF,22.0,2002.0,38,35,2737.0,30.4,8,5,13,8,0,0,3,0,0.26,0.16,0.43,0.26,0.43
ESP-La Liga,2425,Valencia,Dimitri Foulquier,FRA,DF,31.0,1993.0,32,25,2299.0,25.5,0,1,1,0,0,0,6,0,0.0,0.04,0.04,0.0,0.04
ESP-La Liga,2425,Valencia,Enzo Barrenechea,ARG,MF,23.0,2001.0,30,26,2191.0,24.3,1,2,3,1,0,0,6,0,0.04,0.08,0.12,0.04,0.12
ESP-La Liga,2425,Valencia,Francisco Perez,ESP,MF,21.0,2002.0,26,4,570.0,6.3,0,0,0,0,0,0,1,0,0.0,0.0,0.0,0.0,0.0
ESP-La Liga,2425,Valencia,Germán Valera,ESP,MF,22.0,2002.0,8,1,148.0,1.6,0,0,0,0,0,0,0,0,0.0,0.0,0.0,0.0,0.0
ESP-La Liga,2425,Valencia,Giorgi Mamardashvili,GEO,GK,23.0,2000.0,34,34,3060.0,34.0,0,0,0,0,0,0,2,0,0.0,0.0,0.0,0.0,0.0
ESP-La Liga,2425,Valencia,Hugo Duro,ESP,FW,24.0,1999.0,31,25,2166.0,24.1,11,2,13,10,1,1,5,0,0.46,0.08,0.54,0.42,0.5
ESP-La Liga,2425,Valencia,Hugo Guillamón,ESP,MF,24.0,2000.0,12,4,364.0,4.0,0,0,0,0,0,0,2,0,0.0,0.0,0.0,0.0,0.0
ESP-La Liga,2425,Valencia,Iker Córdoba,ESP,DF,18.0,2005.0,2,0,15.0,0.2,0,0,0,0,0,0,0,0,0.0,0.0,0.0,0.0,0.0
ESP-La Liga,2425,Valencia,Ivan Jaime Pajuelo,ESP,MF,23.0,2000.0,9,2,297.0,3.3,0,0,0,0,0,0,0,0,0.0,0.0,0.0,0.0,0.0
ESP-La Liga,2425,Valencia,Javier Guerra,ESP,MF,21.0,2003.0,36,31,2581.0,28.7,3,3,6,3,0,0,5,0,0.1,0.1,0.21,0.1,0.21
ESP-La Liga,2425,Valencia,Jesus Vazquez,ESP,DF,21.0,2003.0,19,10,919.0,10.2,0,0,0,0,0,0,3,0,0.0,0.0,0.0,0.0,0.0
ESP-La Liga,2425,Valencia,José Luis García Vayá,ESP,MF,25.0,1998.0,34,18,1742.0,19.4,2,2,4,0,2,2,8,1,0.1,0.1,0.21,0.0,0.1
ESP-La Liga,2425,Valencia,José Luis Gayà,ESP,DF,29.0,1995.0,23,22,1803.0,20.0,0,1,1,0,0,0,7,0,0.0,0.05,0.05,0.0,0.05
ESP-La Liga,2425,Valencia,Luis Rioja,ESP,MF,30.0,1993.0,36,33,2831.0,31.5,5,3,8,3,2,2,6,0,0.16,0.1,0.25,0.1,0.19
ESP-La Liga,2425,Valencia,Martín Tejón,ESP,MF,20.0,2004.0,4,0,49.0,0.5,0,0,0,0,0,0,0,0,0.0,0.0,0.0,0.0,0.0
ESP-La Liga,2425,Valencia,Max Aarons,ENG,DF,24.0,2000.0,4,1,120.0,1.3,0,0,0,0,0,0,2,0,0.0,0.0,0.0,0.0,0.0
ESP-La Liga,2425,Valencia,Maximiliano Caufriez,BEL,DF,27.0,1997.0,1,1,90.0,1.0,0,0,0,0,0,0,0,0,0.0,0.0,0.0,0.0,0.0
ESP-La Liga,2425,Valencia,Mouctar Diakhaby,GUI,DF,27.0,1996.0,13,7,653.0,7.3,2,0,2,2,0,0,0,0,0.28,0.0,0.28,0.28,0.28
ESP-La Liga,2425,Valencia,Rafa Mir,ESP,"FW,MF",27.0,1997.0,20,5,753.0,8.4,1,2,3,1,0,0,4,0,0.12,0.24,0.36,0.12,0.36
ESP-La Liga,2425,Valencia,Rodrigo Abajas,ESP,DF,21.0,2003.0,1,1,65.0,0.7,0,0,0,0,0,0,1,0,0.0,0.0,0.0,0.0,0.0
ESP-La Liga,2425,Valencia,Sergi Canós,ESP,MF,27.0,1997.0,17,2,370.0,4.1,0,1,1,0,0,0,3,0,0.0,0.24,0.24,0.0,0.24
ESP-La Liga,2425,Valencia,Stole Dimitrievski,MKD,GK,30.0,1993.0,4,4,360.0,4.0,0,0,0,0,0,0,1,0,0.0,0.0,0.0,0.0,0.0
ESP-La Liga,2425,Valencia,Thierry Correia,POR,DF,25.0,1999.0,11,9,768.0,8.5,0,0,0,0,0,0,1,0,0.0,0.0,0.0,0.0,0.0
ESP-La Liga,2425,Valencia,Umar Sadiq,NGA,FW,27.0,1997.0,16,9,825.0,9.2,5,0,5,5,0,0,4,0,0.55,0.0,0.55,0.55,0.55
ESP-La Liga,2425,Valencia,Yarek Gasiorowski,ESP,DF,19.0,2005.0,15,9,947.0,10.5,0,0,0,0,0,0,1,0,0.0,0.0,0.0,0.0,0.0
ESP-La Liga,2425,Valladolid,Abdulai Juma Bah,SLE,DF,18.0,2006.0,12,10,864.0,9.6,0,0,0,0,0,0,1,0,0.0,0.0,0.0,0.0,0.0
ESP-La Liga,2425,Valladolid,Adam Aznou,MAR,"DF,MF",18.0,2006.0,13,10,876.0,9.7,0,0,0,0,0,0,1,0,0.0,0.0,0.0,0.0,0.0
ESP-La Liga,2425,Valladolid,Adrian Baquerin,ESP,FW,17.0,2007.0,5,0,49.0,0.5,0,0,0,0,0,0,0,0,0.0,0.0,0.0,0.0,0.0
ESP-La Liga,2425,Valladolid,Amath,SEN,"FW,MF",28.0,1996.0,13,5,375.0,4.2,0,1,1,0,0,0,1,0,0.0,0.24,0.24,0.0,0.24
ESP-La Liga,2425,Valladolid,André Ferreira,POR,GK,28.0,1996.0,6,6,540.0,6.0,0,0,0,0,0,0,0,0,0.0,0.0,0.0,0.0,0.0
ESP-La Liga,2425,Valladolid,Antonio Candela,ITA,DF,24.0,2000.0,12,12,906.0,10.1,0,0,0,0,0,0,1,0,0.0,0.0,0.0,0.0,0.0
ESP-La Liga,2425,Valladolid,Anuar,MAR,"MF,FW",29.0,1995.0,26,21,1720.0,19.1,2,0,2,2,0,0,7,0,0.1,0.0,0.1,0.1,0.1
ESP-La Liga,2425,Valladolid,Arnau Rafús,ESP,GK,21.0,2003.0,1,1,90.0,1.0,0,0,0,0,0,0,0,0,0.0,0.0,0.0,0.0,0.0
ESP-La Liga,2425,Valladolid,Cenk Özkacar,TUR,DF,23.0,2000.0,11,8,757.0,8.4,0,0,0,0,0,0,1,0,0.0,0.0,0.0,0.0,0.0
ESP-La Liga,2425,Valladolid,Chuky san jose,ESP,"MF,FW",20.0,2004.0,18,9,728.0,8.1,2,0,2,2,0,0,1,0,0.25,0.0,0.25,0.25,0.25
ESP-La Liga,2425,Valladolid,Darwin Machís,VEN,"MF,FW",31.0,1993.0,18,7,639.0,7.1,0,1,1,0,0,0,0,0,0.0,0.14,0.14,0.0,0.14
ESP-La Liga,2425,Valladolid,David Torres,ESP,DF,21.0,2003.0,18,15,1387.0,15.4,0,0,0,0,0,0,5,0,0.0,0.0,0.0,0.0,0.0
ESP-La Liga,2425,Valladolid,Enzo Boyomo,CMR,DF,22.0,2001.0,3,3,270.0,3.0,0,0,0,0,0,0,0,0,0.0,0.0,0.0,0.0,0.0
ESP-La Liga,2425,Valladolid,Eray Cömert,SUI,"DF,MF",26.0,1998.0,25,21,1779.0,19.8,0,0,0,0,0,0,6,0,0.0,0.0,0.0,0.0,0.0
ESP-La Liga,2425,Valladolid,Florian Grillitsch,AUT,MF,28.0,1995.0,13,7,623.0,6.9,0,0,0,0,0,0,1,0,0.0,0.0,0.0,0.0,0.0
ESP-La Liga,2425,Valladolid,Henrique,BRA,DF,30.0,1994.0,5,4,352.0,3.9,0,0,0,0,0,0,0,0,0.0,0.0,0.0,0.0,0.0
ESP-La Liga,2425,Valladolid,Iago Parente,ESP,DF,18.0,2006.0,1,1,71.0,0.8,0,0,0,0,0,0,0,0,0.0,0.0,0.0,0.0,0.0
ESP-La Liga,2425,Valladolid,Ibrahim Alani,NGA,MF,18.0,2006.0,3,1,160.0,1.8,0,0,0,0,0,0,0,0,0.0,0.0,0.0,0.0,0.0
ESP-La Liga,2425,Valladolid,Iván Sánchez,ESP,MF,31.0,1992.0,32,11,1404.0,15.6,2,1,3,2,0,0,4,0,0.13,0.06,0.19,0.13,0.19
ESP-La Liga,2425,Valladolid,Javi Sánchez,ESP,DF,27.0,1997.0,25,25,2026.0,22.5,2,0,2,2,0,0,6,0,0.09,0.0,0.09,0.09,0.09
ESP-La Liga,2425,Valladolid,Joseph Aidoo,GHA,DF,28.0,1995.0,8,6,583.0,6.5,0,0,0,0,0,0,0,0,0.0,0.0,0.0,0.0,0.0
ESP-La Liga,2425,Valladolid,Juanmi Latasa,ESP,FW,23.0,2001.0,28,14,1398.0,15.5,3,0,3,3,0,0,6,1,0.19,0.0,0.19,0.19,0.19
ESP-La Liga,2425,Valladolid,Karl Jakob Hein,EST,GK,22.0,2002.0,31,31,2790.0,31.0,0,0,0,0,0,0,0,0,0.0,0.0,0.0,0.0,0.0
ESP-La Liga,2425,Valladolid,Kenedy,BRA,"FW,MF",28.0,1996.0,2,0,9.0,0.1,0,0,0,0,0,0,0,0,0.0,0.0,0.0,0.0,0.0
ESP-La Liga,2425,Valladolid,Kike Pérez,ESP,MF,27.0,1997.0,19,14,1191.0,13.2,2,0,2,2,0,0,6,0,0.15,0.0,0.15,0.15,0.15
ESP-La Liga,2425,Valladolid,Lucas Oliveira Rosa,BRA,DF,24.0,2000.0,21,21,1890.0,21.0,0,1,1,0,0,0,6,0,0.0,0.05,0.05,0.0,0.05
ESP-La Liga,2425,Valladolid,Luis Pérez,ESP,DF,29.0,1995.0,30,28,2558.0,28.4,0,0,0,0,0,0,2,0,0.0,0.0,0.0,0.0,0.0
ESP-La Liga,2425,Valladolid,Mamadou Sylla,SEN,"FW,MF",30.0,1994.0,29,17,1583.0,17.6,5,1,6,1,4,4,5,0,0.28,0.06,0.34,0.06,0.11
ESP-La Liga,2425,Valladolid,Marcos André,BRA,FW,27.0,1996.0,22,14,1188.0,13.2,1,2,3,1,0,0,5,0,0.08,0.15,0.23,0.08,0.23
ESP-La Liga,2425,Valladolid,Mario Maroto,ESP,MF,20.0,2003.0,2,0,64.0,0.7,0,1,1,0,0,0,0,0,0.0,1.41,1.41,0.0,1.41
ESP-La Liga,2425,Valladolid,Mario Martín,ESP,MF,20.0,2004.0,30,20,1748.0,19.4,0,1,1,0,0,0,8,3,0.0,0.05,0.05,0.0,0.05
ESP-La Liga,2425,Valladolid,Raúl Chasco,ESP,DF,20.0,2003.0,2,1,130.0,1.4,0,0,0,0,0,0,0,0,0.0,0.0,0.0,0.0,0.0
ESP-La Liga,2425,Valladolid,Raúl Moro,ESP,"MF,FW",21.0,2002.0,33,26,2341.0,26.0,4,5,9,4,0,0,2,0,0.15,0.19,0.35,0.15,0.35
ESP-La Liga,2425,Valladolid,Selim Amallah,MAR,MF,27.0,1996.0,24,18,1376.0,15.3,3,1,4,2,1,1,6,0,0.2,0.07,0.26,0.13,0.2
ESP-La Liga,2425,Valladolid,Stanko Jurić,CRO,MF,27.0,1996.0,26,19,1729.0,19.2,0,0,0,0,0,0,7,1,0.0,0.0,0.0,0.0,0.0
ESP-La Liga,2425,Valladolid,Tamás Nikitscher,HUN,"MF,DF",24.0,1999.0,13,9,858.0,9.5,0,0,0,0,0,0,2,0,0.0,0.0,0.0,0.0,0.0
ESP-La Liga,2425,Valladolid,Víctor Meseguer,ESP,MF,25.0,1999.0,14,2,418.0,4.6,0,0,0,0,0,0,1,0,0.0,0.0,0.0,0.0,0.0
ESP-La Liga,2425,Valladolid,Xavier Moreno,ESP,FW,19.0,2004.0,1,1,45.0,0.5,0,0,0,0,0,0,0,0,0.0,0.0,0.0,0.0,0.0
ESP-La Liga,2425,Villarreal,Alfonso Pedraza,ESP,"DF,MF",28.0,1996.0,12,4,460.0,5.1,0,2,2,0,0,0,0,0,0.0,0.39,0.39,0.0,0.39
ESP-La Liga,2425,Villarreal,Arnau Solà,ESP,DF,21.0,2003.0,1,0,13.0,0.1,0,0,0,0,0,0,0,0,0.0,0.0,0.0,0.0,0.0
ESP-La Liga,2425,Villarreal,Arnaut Danjuma,NED,FW,27.0,1997.0,3,3,200.0,2.2,2,0,2,2,0,0,1,0,0.9,0.0,0.9,0.9,0.9
ESP-La Liga,2425,Villarreal,Ayoze Pérez,ESP,FW,31.0,1993.0,30,22,1970.0,21.9,19,2,21,19,0,0,4,0,0.87,0.09,0.96,0.87,0.96
ESP-La Liga,2425,Villarreal,Daniel Parejo,ESP,MF,35.0,1989.0,36,26,2273.0,25.3,3,3,6,2,1,2,8,0,0.12,0.12,0.24,0.08,0.2
ESP-La Liga,2425,Villarreal,Daniel Requena,ESP,MF,20.0,2004.0,1,0,10.0,0.1,0,0,0,0,0,0,0,0,0.0,0.0,0.0,0.0,0.0
ESP-La Liga,2425,Villarreal,Denis Suárez,ESP,MF,30.0,1994.0,21,7,608.0,6.8,1,1,2,1,0,0,0,0,0.15,0.15,0.3,0.15,0.3
ESP-La Liga,2425,Villarreal,Diego Conde,ESP,GK,25.0,1998.0,22,22,1962.0,21.8,0,1,1,0,0,0,2,0,0.0,0.05,0.05,0.0,0.05
ESP-La Liga,2425,Villarreal,Eric Bailly,CIV,DF,30.0,1994.0,12,8,617.0,6.9,0,0,0,0,0,0,2,1,0.0,0.0,0.0,0.0,0.0
ESP-La Liga,2425,Villarreal,Gerard Moreno,ESP,FW,32.0,1992.0,17,6,721.0,8.0,3,2,5,0,3,3,0,0,0.37,0.25,0.62,0.0,0.25
ESP-La Liga,2425,Villarreal,Ilias Akhomach,MAR,MF,20.0,2004.0,11,7,584.0,6.5,1,0,1,1,0,0,1,0,0.15,0.0,0.15,0.15,0.15
ESP-La Liga,2425,Villarreal,Juan Bernat,ESP,DF,31.0,1993.0,10,1,212.0,2.4,0,1,1,0,0,0,0,0,0.0,0.42,0.42,0.0,0.42
ESP-La Liga,2425,Villarreal,Juan Foyth,ARG,DF,26.0,1998.0,19,17,1517.0,16.9,1,0,1,1,0,0,4,0,0.06,0.0,0.06,0.06,0.06
ESP-La Liga,2425,Villarreal,Karl Etta Eyong,CMR,FW,20.0,2003.0,4,0,37.0,0.4,1,0,1,1,0,0,0,0,2.43,0.0,2.43,2.43,2.43
ESP-La Liga,2425,Villarreal,Kiko Femenía,ESP,DF,33.0,1991.0,28,27,2227.0,24.7,0,1,1,0,0,0,7,0,0.0,0.04,0.04,0.0,0.04
ESP-La Liga,2425,Villarreal,Logan Costa,CPV,DF,23.0,2001.0,32,28,2587.0,28.7,2,1,3,2,0,0,3,0,0.07,0.03,0.1,0.07,0.1
ESP-La Liga,2425,Villarreal,Luiz Lúcio Reis Júnior,BRA,GK,23.0,2001.0,17,16,1458.0,16.2,0,0,0,0,0,0,2,0,0.0,0.0,0.0,0.0,0.0
ESP-La Liga,2425,Villarreal,Nicolas Pépé,CIV,"FW,MF",29.0,1995.0,28,15,1500.0,16.7,3,6,9,3,0,0,3,0,0.18,0.36,0.54,0.18,0.54
ESP-La Liga,2425,Villarreal,Pape Gueye,SEN,"MF,FW",25.0,1999.0,34,26,2224.0,24.7,4,0,4,4,0,0,6,2,0.16,0.0,0.16,0.16,0.16
ESP-La Liga,2425,Villarreal,Pau Cabanes,ESP,FW,19.0,2005.0,10,0,163.0,1.8,1,0,1,1,0,0,0,0,0.55,0.0,0.55,0.55,0.55
ESP-La Liga,2425,Villarreal,Pau Navarro,ESP,DF,19.0,2005.0,17,8,916.0,10.2,0,0,0,0,0,0,1,0,0.0,0.0,0.0,0.0,0.0
ESP-La Liga,2425,Villarreal,Ramón Terrats,ESP,FW,23.0,2000.0,11,1,131.0,1.5,0,0,0,0,0,0,1,0,0.0,0.0,0.0,0.0,0.0
ESP-La Liga,2425,Villarreal,Raúl Albiol,ESP,DF,38.0,1985.0,15,14,1188.0,13.2,0,0,0,0,0,0,5,0,0.0,0.0,0.0,0.0,0.0
ESP-La Liga,2425,Villarreal,Santi Comesaña,ESP,MF,27.0,1996.0,35,30,2560.0,28.4,4,2,6,4,0,0,7,0,0.14,0.07,0.21,0.14,0.21
ESP-La Liga,2425,Villarreal,Sergi Cardona,ESP,DF,25.0,1999.0,35,34,2945.0,32.7,1,7,8,1,0,0,11,0,0.03,0.21,0.24,0.03,0.24
ESP-La Liga,2425,Villarreal,Tajon Buchanan,CAN,MF,25.0,1999.0,13,4,416.0,4.6,1,2,3,1,0,0,2,0,0.22,0.43,0.65,0.22,0.65
ESP-La Liga,2425,Villarreal,Thiago Ojeda,ARG,MF,21.0,2003.0,1,0,8.0,0.1,0,0,0,0,0,0,1,0,0.0,0.0,0.0,0.0,0.0
ESP-La Liga,2425,Villarreal,Thierno Barry,FRA,FW,21.0,2002.0,35,25,2323.0,25.8,11,4,15,10,1,1,4,0,0.43,0.15,0.58,0.39,0.54
ESP-La Liga,2425,Villarreal,Willy Kambwala,FRA,DF,19.0,2004.0,19,12,1117.0,12.4,0,0,0,0,0,0,1,1,0.0,0.0,0.0,0.0,0.0
ESP-La Liga,2425,Villarreal,Yéremy Pino,ESP,MF,21.0,2002.0,34,25,1934.0,21.5,4,7,11,4,0,0,11,0,0.19,0.33,0.51,0.19,0.51
ESP-La Liga,2425,Villarreal,Álex Baena,ESP,"MF,FW",23.0,2001.0,32,30,2595.0,28.8,7,9,16,7,0,1,9,0,0.24,0.31,0.55,0.24,0.55
ESP-La Liga,2526,Alavés,Abde Rebbach,ALG,"MF,DF",26.0,1998.0,30,15,1496.0,16.6,1,4,5,1,0,0,8,0,0.06,0.24,0.3,0.06,0.3
ESP-La Liga,2526,Alavés,Aitor Mañas,ESP,FW,22.0,2003.0,9,0,122.0,1.4,0,0,0,0,0,0,0,0,0.0,0.0,0.0,0.0,0.0
ESP-La Liga,2526,Alavés,Ander Guevara,ESP,MF,28.0,1997.0,25,2,654.0,7.3,1,1,2,1,0,0,4,1,0.14,0.14,0.28,0.14,0.28
ESP-La Liga,2526,Alavés,Antonio Blanco,ESP,MF,25.0,2000.0,36,36,3110.0,34.6,2,3,5,2,0,0,9,0,0.06,0.09,0.14,0.06,0.14
ESP-La Liga,2526,Alavés,Antonio Sivera,ESP,GK,28.0,1996.0,38,38,3420.0,38.0,0,0,0,0,0,0,3,0,0.0,0.0,0.0,0.0,0.0
ESP-La Liga,2526,Alavés,Calebe,BRA,MF,25.0,2000.0,19,13,752.0,8.4,0,0,0,0,0,0,2,0,0.0,0.0,0.0,0.0,0.0
ESP-La Liga,2526,Alavés,Carles Aleñá,ESP,MF,27.0,1998.0,34,23,1989.0,22.1,0,4,4,0,0,0,5,0,0.0,0.18,0.18,0.0,0.18
ESP-La Liga,2526,Alavés,Carlos Ballestero,ESP,DF,21.0,2004.0,1,0,1.0,0.0,0,0,0,0,0,0,0,0,0.0,0.0,0.0,0.0,0.0
ESP-La Liga,2526,Alavés,Carlos Benavídez,URU,DF,27.0,1998.0,13,3,324.0,3.6,0,0,0,0,0,0,2,1,0.0,0.0,0.0,0.0,0.0
ESP-La Liga,2526,Alavés,Carlos Vicente,ESP,MF,26.0,1999.0,21,11,1258.0,14.0,5,0,5,2,3,3,1,0,0.36,0.0,0.36,0.14,0.14
ESP-La Liga,2526,Alavés,Denis Suárez,ESP,MF,31.0,1994.0,30,15,1406.0,15.6,1,2,3,1,0,0,6,0,0.06,0.13,0.19,0.06,0.19
ESP-La Liga,2526,Alavés,Diego Morcillo,ESP,FW,22.0,2003.0,1,0,10.0,0.1,0,0,0,0,0,0,0,0,0.0,0.0,0.0,0.0,0.0
ESP-La Liga,2526,Alavés,Facundo Garcés,MAS,DF,25.0,1999.0,10,8,793.0,8.8,0,0,0,0,0,0,3,0,0.0,0.0,0.0,0.0,0.0
ESP-La Liga,2526,Alavés,Ibrahim Diabaté,CIV,FW,25.0,1999.0,10,6,578.0,6.4,2,0,2,2,0,0,1,0,0.31,0.0,0.31,0.31,0.31
ESP-La Liga,2526,Alavés,Jon Guridi,ESP,"MF,FW",30.0,1995.0,28,15,1238.0,13.8,0,0,0,0,0,0,1,0,0.0,0.0,0.0,0.0,0.0
ESP-La Liga,2526,Alavés,Jon Pacheco,ESP,DF,24.0,2001.0,22,20,1735.0,19.3,0,0,0,0,0,0,5,1,0.0,0.0,0.0,0.0,0.0
ESP-La Liga,2526,Alavés,Jonny Castro,ESP,DF,31.0,1994.0,34,34,2994.0,33.3,0,0,0,0,0,0,7,0,0.0,0.0,0.0,0.0,0.0
ESP-La Liga,2526,Alavés,Lander Pinillos,ESP,MF,21.0,2003.0,1,0,2.0,0.0,0,0,0,0,0,0,0,0,0.0,0.0,0.0,0.0,0.0
ESP-La Liga,2526,Alavés,Lucas Boyé,ARG,FW,29.0,1996.0,29,22,1958.0,21.8,11,1,12,8,3,3,4,1,0.51,0.05,0.55,0.37,0.41
ESP-La Liga,2526,Alavés,Mariano,DOM,FW,31.0,1993.0,10,3,288.0,3.2,0,0,0,0,0,0,1,0,0.0,0.0,0.0,0.0,0.0
ESP-La Liga,2526,Alavés,Moussa Diarra,MLI,DF,24.0,2000.0,3,3,216.0,2.4,0,0,0,0,0,0,1,0,0.0,0.0,0.0,0.0,0.0
ESP-La Liga,2526,Alavés,Nahuel Tenaglia,ARG,DF,29.0,1996.0,36,36,3239.0,36.0,2,0,2,2,0,0,3,0,0.06,0.0,0.06,0.06,0.06
ESP-La Liga,2526,Alavés,Pablo Ibáñez,ESP,MF,26.0,1998.0,37,28,2236.0,24.8,1,1,2,1,0,0,7,0,0.04,0.04,0.08,0.04,0.08
ESP-La Liga,2526,Alavés,Toni Martínez,ESP,FW,28.0,1997.0,37,32,2714.0,30.2,14,3,17,13,1,1,2,0,0.46,0.1,0.56,0.43,0.53
ESP-La Liga,2526,Alavés,Victor Parada,ESP,DF,23.0,2002.0,30,25,2146.0,23.8,0,3,3,0,0,0,9,1,0.0,0.13,0.13,0.0,0.13
ESP-La Liga,2526,Alavés,Ville Koski,FIN,DF,23.0,2002.0,5,3,282.0,3.1,0,0,0,0,0,0,0,0,0.0,0.0,0.0,0.0,0.0
ESP-La Liga,2526,Alavés,Youssef Lekhedim,ESP,"DF,MF",19.0,2005.0,25,13,1335.0,14.8,0,1,1,0,0,0,7,0,0.0,0.07,0.07,0.0,0.07
ESP-La Liga,2526,Alavés,Ángel Pérez,ESP,"MF,DF",22.0,2002.0,16,14,1288.0,14.3,1,3,4,1,0,0,4,0,0.07,0.21,0.28,0.07,0.28
ESP-La Liga,2526,Athletic Club,Adama Boiro,ESP,DF,23.0,2002.0,14,8,815.0,9.1,0,0,0,0,0,0,1,0,0.0,0.0,0.0,0.0,0.0
ESP-La Liga,2526,Athletic Club,Aitor Paredes,ESP,DF,25.0,2000.0,19,18,1630.0,18.1,2,0,2,2,0,0,4,0,0.11,0.0,0.11,0.11,0.11
ESP-La Liga,2526,Athletic Club,Alejandro Rego,ESP,MF,22.0,2003.0,29,11,1279.0,14.2,1,1,2,1,0,0,6,0,0.07,0.07,0.14,0.07,0.14
ESP-La Liga,2526,Athletic Club,Alex Padilla,ESP,GK,21.0,2003.0,1,1,90.0,1.0,0,0,0,0,0,0,0,1,0.0,0.0,0.0,0.0,0.0
ESP-La Liga,2526,Athletic Club,Andoni Gorosabel,ESP,DF,28.0,1996.0,24,15,1360.0,15.1,0,1,1,0,0,0,3,0,0.0,0.07,0.07,0.0,0.07
ESP-La Liga,2526,Athletic Club,Asier Hierro,ESP,FW,20.0,2005.0,1,0,34.0,0.4,0,0,0,0,0,0,0,0,0.0,0.0,0.0,0.0,0.0
ESP-La Liga,2526,Athletic Club,Aymeric Laporte,ESP,DF,31.0,1994.0,25,24,2058.0,22.9,0,1,1,0,0,0,4,0,0.0,0.04,0.04,0.0,0.04
ESP-La Liga,2526,Athletic Club,Beñat Prados,ESP,MF,24.0,2001.0,2,1,85.0,0.9,0,0,0,0,0,0,1,0,0.0,0.0,0.0,0.0,0.0
ESP-La Liga,2526,Athletic Club,Daniel Vivian,ESP,DF,26.0,1999.0,31,28,2564.0,28.5,1,0,1,1,0,0,8,1,0.04,0.0,0.04,0.04,0.04
ESP-La Liga,2526,Athletic Club,Eder García,ESP,FW,21.0,2004.0,2,0,38.0,0.4,0,0,0,0,0,0,1,0,0.0,0.0,0.0,0.0,0.0
ESP-La Liga,2526,Athletic Club,Gorka Guruzeta,ESP,FW,28.0,1996.0,35,28,2363.0,26.3,10,3,13,9,1,1,6,1,0.38,0.11,0.5,0.34,0.46
ESP-La Liga,2526,Athletic Club,Iñaki Williams,GHA,"MF,FW",31.0,1994.0,30,25,2157.0,24.0,3,6,9,2,1,1,2,0,0.13,0.25,0.38,0.08,0.33
ESP-La Liga,2526,Athletic Club,Iñigo Lekue,ESP,DF,32.0,1993.0,11,8,600.0,6.7,0,0,0,0,0,0,2,2,0.0,0.0,0.0,0.0,0.0
ESP-La Liga,2526,Athletic Club,Iñigo Ruiz de Galarreta,ESP,MF,31.0,1993.0,34,30,2206.0,24.5,1,2,3,1,0,0,10,0,0.04,0.08,0.12,0.04,0.12
ESP-La Liga,2526,Athletic Club,Jesús Areso,ESP,DF,26.0,1999.0,26,14,1506.0,16.7,0,1,1,0,0,0,3,0,0.0,0.06,0.06,0.0,0.06
ESP-La Liga,2526,Athletic Club,Maroan Sannadi,MAR,FW,24.0,2001.0,10,2,288.0,3.2,1,0,1,1,0,0,2,0,0.31,0.0,0.31,0.31,0.31
ESP-La Liga,2526,Athletic Club,Mikel Jauregizar,ESP,MF,21.0,2003.0,36,34,2831.0,31.5,2,0,2,2,0,0,6,1,0.06,0.0,0.06,0.06,0.06
ESP-La Liga,2526,Athletic Club,Mikel Vesga,ESP,MF,32.0,1993.0,23,1,465.0,5.2,0,0,0,0,0,0,0,0,0.0,0.0,0.0,0.0,0.0
ESP-La Liga,2526,Athletic Club,Nico Williams,ESP,MF,23.0,2002.0,25,20,1674.0,18.6,6,3,9,5,1,2,2,0,0.32,0.16,0.48,0.27,0.43
ESP-La Liga,2526,Athletic Club,Nicolás Serrano,ESP,MF,22.0,2003.0,16,4,366.0,4.1,1,0,1,1,0,0,0,0,0.25,0.0,0.25,0.25,0.25
ESP-La Liga,2526,Athletic Club,Oihan Sancet,ESP,MF,25.0,2000.0,28,22,1788.0,19.9,4,0,4,2,2,2,4,1,0.2,0.0,0.2,0.1,0.1
ESP-La Liga,2526,Athletic Club,Roberto Navarro,ESP,MF,23.0,2002.0,32,10,1307.0,14.5,6,1,7,6,0,0,1,0,0.41,0.07,0.48,0.41,0.48
ESP-La Liga,2526,Athletic Club,Selton Sánchez,ESP,MF,18.0,2007.0,7,2,196.0,2.2,0,1,1,0,0,0,0,0,0.0,0.46,0.46,0.0,0.46
ESP-La Liga,2526,Athletic Club,Unai Gómez,ESP,MF,22.0,2003.0,26,12,936.0,10.4,1,1,2,1,0,0,1,0,0.1,0.1,0.19,0.1,0.19
ESP-La Liga,2526,Athletic Club,Unai Simón,ESP,GK,28.0,1997.0,37,37,3330.0,37.0,0,0,0,0,0,0,1,0,0.0,0.0,0.0,0.0,0.0
ESP-La Liga,2526,Athletic Club,Urko Izeta,ESP,FW,25.0,1999.0,13,1,193.0,2.1,1,0,1,1,0,0,2,0,0.47,0.0,0.47,0.47,0.47
ESP-La Liga,2526,Athletic Club,Yeray Álvarez,ESP,DF,30.0,1995.0,7,6,513.0,5.7,0,0,0,0,0,0,0,0,0.0,0.0,0.0,0.0,0.0
ESP-La Liga,2526,Athletic Club,Yuri Berchiche,ESP,DF,35.0,1990.0,32,31,2705.0,30.1,0,6,6,0,0,0,5,0,0.0,0.2,0.2,0.0,0.2
ESP-La Liga,2526,Athletic Club,Álex Berenguer,ESP,MF,30.0,1995.0,31,25,2154.0,23.9,2,3,5,2,0,0,4,0,0.08,0.13,0.21,0.08,0.21
ESP-La Liga,2526,Atlético Madrid,Ademola Lookman,NGA,"FW,MF",27.0,1997.0,12,9,617.0,6.9,4,0,4,3,1,1,1,0,0.58,0.0,0.58,0.44,0.44
ESP-La Liga,2526,Atlético Madrid,Aleksa Puric,SRB,DF,22.0,2003.0,2,0,46.0,0.5,0,0,0,0,0,0,0,0,0.0,0.0,0.0,0.0,0.0
ESP-La Liga,2526,Atlético Madrid,Alexander Sørloth,NOR,FW,29.0,1995.0,35,20,1980.0,22.0,13,0,13,13,0,0,4,1,0.59,0.0,0.59,0.59,0.59
ESP-La Liga,2526,Atlético Madrid,Antoine Griezmann,FRA,FW,34.0,1991.0,34,13,1481.0,16.5,7,4,11,7,0,0,1,0,0.43,0.24,0.67,0.43,0.67
ESP-La Liga,2526,Atlético Madrid,Clément Lenglet,FRA,DF,30.0,1995.0,19,17,1391.0,15.5,0,1,1,0,0,0,6,1,0.0,0.06,0.06,0.0,0.06
ESP-La Liga,2526,Atlético Madrid,Conor Gallagher,ENG,MF,25.0,2000.0,19,4,679.0,7.5,2,0,2,2,0,0,2,0,0.27,0.0,0.27,0.27,0.27
ESP-La Liga,2526,Atlético Madrid,Daniel Martinez,ESP,DF,21.0,2004.0,1,1,90.0,1.0,0,0,0,0,0,0,0,0,0.0,0.0,0.0,0.0,0.0
ESP-La Liga,2526,Atlético Madrid,Dávid Hancko,SVK,DF,27.0,1997.0,30,27,2432.0,27.0,0,2,2,0,0,0,2,0,0.0,0.07,0.07,0.0,0.07
ESP-La Liga,2526,Atlético Madrid,Giacomo Raspadori,ITA,FW,25.0,2000.0,12,1,236.0,2.6,0,1,1,0,0,0,1,0,0.0,0.38,0.38,0.0,0.38
ESP-La Liga,2526,Atlético Madrid,Giuliano Simeone,ARG,"MF,FW",22.0,2002.0,31,25,2099.0,23.3,4,6,10,4,0,0,2,0,0.17,0.26,0.43,0.17,0.43
ESP-La Liga,2526,Atlético Madrid,Iker Luque,ESP,DF,20.0,2005.0,1,0,28.0,0.3,1,0,1,1,0,0,0,0,3.21,0.0,3.21,3.21,3.21
ESP-La Liga,2526,Atlético Madrid,Jan Oblak,SVN,GK,32.0,1993.0,30,30,2700.0,30.0,0,0,0,0,0,0,0,0,0.0,0.0,0.0,0.0,0.0
ESP-La Liga,2526,Atlético Madrid,Jano Monserrate,ESP,MF,19.0,2006.0,2,0,23.0,0.3,0,0,0,0,0,0,0,0,0.0,0.0,0.0,0.0,0.0
ESP-La Liga,2526,Atlético Madrid,Javi Galán,ESP,DF,30.0,1994.0,5,1,134.0,1.5,0,0,0,0,0,0,0,0,0.0,0.0,0.0,0.0,0.0
ESP-La Liga,2526,Atlético Madrid,Javi Morcillo,ESP,MF,19.0,2006.0,5,1,172.0,1.9,0,0,0,0,0,0,2,0,0.0,0.0,0.0,0.0,0.0
ESP-La Liga,2526,Atlético Madrid,Javier Boñar,ESP,DF,20.0,2005.0,4,3,299.0,3.3,1,0,1,1,0,0,0,0,0.3,0.0,0.3,0.3,0.3
ESP-La Liga,2526,Atlético Madrid,Johnny Cardoso,USA,MF,23.0,2001.0,15,12,887.0,9.9,0,0,0,0,0,0,5,0,0.0,0.0,0.0,0.0,0.0
ESP-La Liga,2526,Atlético Madrid,José María Giménez,URU,DF,30.0,1995.0,16,13,1178.0,13.1,0,1,1,0,0,0,3,0,0.0,0.08,0.08,0.0,0.08
ESP-La Liga,2526,Atlético Madrid,Juan Musso,ARG,GK,31.0,1994.0,8,8,720.0,8.0,0,0,0,0,0,0,2,0,0.0,0.0,0.0,0.0,0.0
ESP-La Liga,2526,Atlético Madrid,Julio Diaz,ESP,DF,20.0,2005.0,4,4,310.0,3.4,0,1,1,0,0,0,2,0,0.0,0.29,0.29,0.0,0.29
ESP-La Liga,2526,Atlético Madrid,Julián Álvarez,ARG,FW,25.0,2000.0,29,22,1895.0,21.1,8,4,12,6,2,3,2,0,0.38,0.19,0.57,0.28,0.47
ESP-La Liga,2526,Atlético Madrid,Koke,ESP,MF,33.0,1992.0,34,24,2219.0,24.7,2,2,4,2,0,0,6,0,0.08,0.08,0.16,0.08,0.16
ESP-La Liga,2526,Atlético Madrid,Marc Pubill,ESP,DF,22.0,2003.0,19,15,1381.0,15.3,1,1,2,1,0,0,2,0,0.07,0.07,0.13,0.07,0.13
ESP-La Liga,2526,Atlético Madrid,Marcos Llorente,ESP,"DF,MF",30.0,1995.0,29,25,2181.0,24.2,0,4,4,0,0,0,7,1,0.0,0.17,0.17,0.0,0.17
ESP-La Liga,2526,Atlético Madrid,Matteo Ruggeri,ITA,DF,23.0,2002.0,26,20,1774.0,19.7,0,3,3,0,0,0,4,0,0.0,0.15,0.15,0.0,0.15
ESP-La Liga,2526,Atlético Madrid,Miguel Cubo,ESP,FW,17.0,2008.0,2,0,50.0,0.6,1,0,1,1,0,0,0,0,1.8,0.0,1.8,1.8,1.8
ESP-La Liga,2526,Atlético Madrid,Nahuel Molina,ARG,"DF,MF",27.0,1998.0,26,13,1331.0,14.8,2,2,4,2,0,0,4,0,0.14,0.14,0.27,0.14,0.27
ESP-La Liga,2526,Atlético Madrid,Nicolás González,ARG,"MF,DF",27.0,1998.0,24,18,1448.0,16.1,5,0,5,5,0,0,4,1,0.31,0.0,0.31,0.31,0.31
ESP-La Liga,2526,Atlético Madrid,Obed Vargas,MEX,MF,19.0,2005.0,12,8,740.0,8.2,0,1,1,0,0,0,2,0,0.0,0.12,0.12,0.0,0.12
ESP-La Liga,2526,Atlético Madrid,Pablo Barrios,ESP,MF,22.0,2003.0,23,20,1661.0,18.5,1,1,2,1,0,0,0,0,0.05,0.05,0.11,0.05,0.11
ESP-La Liga,2526,Atlético Madrid,Rayane Belaid,ESP,"MF,FW",20.0,2005.0,2,2,132.0,1.5,0,0,0,0,0,0,0,0,0.0,0.0,0.0,0.0,0.0
ESP-La Liga,2526,Atlético Madrid,Robin Le Normand,ESP,DF,28.0,1996.0,28,17,1789.0,19.9,1,1,2,1,0,0,5,0,0.05,0.05,0.1,0.05,0.1
ESP-La Liga,2526,Atlético Madrid,Rodrigo Mendoza,ESP,MF,20.0,2005.0,8,8,434.0,4.8,0,1,1,0,0,0,2,0,0.0,0.21,0.21,0.0,0.21
ESP-La Liga,2526,Atlético Madrid,Taufik Seidu,ESP,MF,17.0,2008.0,1,0,23.0,0.3,0,0,0,0,0,0,1,0,0.0,0.0,0.0,0.0,0.0
ESP-La Liga,2526,Atlético Madrid,Thiago Almada,ARG,"MF,FW",24.0,2001.0,27,16,1311.0,14.6,3,1,4,3,0,0,2,1,0.21,0.07,0.27,0.21,0.27
ESP-La Liga,2526,Atlético Madrid,Álex Baena,ESP,"MF,FW",24.0,2001.0,27,21,1560.0,17.3,2,3,5,2,0,0,5,0,0.12,0.17,0.29,0.12,0.29
ESP-La Liga,2526,Barcelona,Alejandro Balde,ESP,DF,21.0,2003.0,28,21,1869.0,20.8,0,2,2,0,0,0,2,0,0.0,0.1,0.1,0.0,0.1
ESP-La Liga,2526,Barcelona,Alvaro Cortes,ESP,DF,20.0,2005.0,1,1,90.0,1.0,0,0,0,0,0,0,0,0,0.0,0.0,0.0,0.0,0.0
ESP-La Liga,2526,Barcelona,Andreas Christensen,DEN,DF,29.0,1996.0,13,3,409.0,4.5,0,0,0,0,0,0,2,0,0.0,0.0,0.0,0.0,0.0
ESP-La Liga,2526,Barcelona,Dani Olmo,ESP,MF,27.0,1998.0,33,24,2067.0,23.0,7,8,15,7,0,0,1,0,0.3,0.35,0.65,0.3,0.65
ESP-La Liga,2526,Barcelona,Dro Fernández,ESP,MF,17.0,2008.0,4,1,92.0,1.0,0,0,0,0,0,0,0,0,0.0,0.0,0.0,0.0,0.0
ESP-La Liga,2526,Barcelona,Eric García,ESP,"DF,MF",24.0,2001.0,34,32,2721.0,30.2,1,1,2,1,0,0,6,0,0.03,0.03,0.07,0.03,0.07
ESP-La Liga,2526,Barcelona,Fermin López,ESP,MF,22.0,2003.0,30,19,1797.0,20.0,6,9,15,6,0,0,3,0,0.3,0.45,0.75,0.3,0.75
ESP-La Liga,2526,Barcelona,Ferran Torres,ESP,FW,25.0,2000.0,33,23,1965.0,21.8,16,2,18,16,0,0,2,0,0.73,0.09,0.82,0.73,0.82
ESP-La Liga,2526,Barcelona,Frenkie de Jong,NED,MF,28.0,1997.0,25,16,1636.0,18.2,1,5,6,1,0,0,4,1,0.06,0.28,0.33,0.06,0.33
ESP-La Liga,2526,Barcelona,Gavi,ESP,MF,20.0,2004.0,11,7,573.0,6.4,0,1,1,0,0,0,3,0,0.0,0.16,0.16,0.0,0.16
ESP-La Liga,2526,Barcelona,Gerard Martín,ESP,DF,23.0,2002.0,32,26,2119.0,23.5,0,0,0,0,0,0,6,0,0.0,0.0,0.0,0.0,0.0
ESP-La Liga,2526,Barcelona,Joan García,ESP,GK,24.0,2001.0,30,30,2700.0,30.0,0,0,0,0,0,0,1,0,0.0,0.0,0.0,0.0,0.0
ESP-La Liga,2526,Barcelona,Jofre Torrents,ESP,DF,18.0,2007.0,3,0,50.0,0.6,0,0,0,0,0,0,0,0,0.0,0.0,0.0,0.0,0.0
ESP-La Liga,2526,Barcelona,João Cancelo,POR,DF,31.0,1994.0,16,11,954.0,10.6,2,2,4,2,0,0,1,0,0.19,0.19,0.38,0.19,0.38
ESP-La Liga,2526,Barcelona,Jules Koundé,FRA,DF,26.0,1998.0,30,24,2261.0,25.1,1,3,4,1,0,0,6,0,0.04,0.12,0.16,0.04,0.16
ESP-La Liga,2526,Barcelona,Lamine Yamal,ESP,"MF,FW",18.0,2007.0,28,26,2262.0,25.1,16,11,27,13,3,4,1,0,0.64,0.44,1.07,0.52,0.95
ESP-La Liga,2526,Barcelona,Marc Bernal,ESP,MF,18.0,2007.0,22,9,790.0,8.8,2,1,3,2,0,0,4,0,0.23,0.11,0.34,0.23,0.34
ESP-La Liga,2526,Barcelona,Marc Casado,ESP,MF,21.0,2003.0,24,10,989.0,11.0,0,1,1,0,0,0,1,0,0.0,0.09,0.09,0.0,0.09
ESP-La Liga,2526,Barcelona,Marcus Rashford,ENG,"MF,FW",27.0,1997.0,32,18,1763.0,19.6,8,7,15,8,0,0,3,0,0.41,0.36,0.77,0.41,0.77
ESP-La Liga,2526,Barcelona,Pau Cubarsí,ESP,DF,18.0,2007.0,31,31,2703.0,30.0,1,0,1,1,0,0,3,0,0.03,0.0,0.03,0.03,0.03
ESP-La Liga,2526,Barcelona,Pedri,ESP,MF,22.0,2002.0,29,23,2104.0,23.4,2,9,11,2,0,0,2,1,0.09,0.38,0.47,0.09,0.47
ESP-La Liga,2526,Barcelona,Raphinha,BRA,"MF,FW",28.0,1996.0,22,18,1380.0,15.3,13,3,16,10,3,3,5,0,0.85,0.2,1.04,0.65,0.85
ESP-La Liga,2526,Barcelona,Robert Lewandowski,POL,FW,36.0,1988.0,31,17,1664.0,18.5,14,2,16,13,1,3,2,0,0.76,0.11,0.87,0.7,0.81
ESP-La Liga,2526,Barcelona,Ronald Araújo,URU,DF,26.0,1999.0,24,11,1071.0,11.9,3,0,3,3,0,0,2,0,0.25,0.0,0.25,0.25,0.25
ESP-La Liga,2526,Barcelona,Roony Bardghji,SWE,"MF,FW",19.0,2005.0,21,7,648.0,7.2,1,1,2,1,0,0,0,0,0.14,0.14,0.28,0.14,0.28
ESP-La Liga,2526,Barcelona,Tomas Marques,ESP,MF,18.0,2006.0,2,0,11.0,0.1,0,0,0,0,0,0,0,0,0.0,0.0,0.0,0.0,0.0
ESP-La Liga,2526,Barcelona,Toni Fernández,ESP,FW,17.0,2008.0,1,1,45.0,0.5,0,0,0,0,0,0,0,0,0.0,0.0,0.0,0.0,0.0
ESP-La Liga,2526,Barcelona,Wojciech Szczęsny,POL,GK,35.0,1990.0,8,8,720.0,8.0,0,0,0,0,0,0,0,0,0.0,0.0,0.0,0.0,0.0
ESP-La Liga,2526,Barcelona,Xavi Espart,ESP,DF,18.0,2007.0,4,1,165.0,1.8,0,0,0,0,0,0,0,0,0.0,0.0,0.0,0.0,0.0
ESP-La Liga,2526,Celta Vigo,Andrés Antañón,ESP,FW,18.0,2007.0,2,1,63.0,0.7,0,0,0,0,0,0,0,0,0.0,0.0,0.0,0.0,0.0
ESP-La Liga,2526,Celta Vigo,Borja Iglesias,ESP,FW,32.0,1993.0,35,21,1900.0,21.1,14,2,16,10,4,4,7,0,0.66,0.09,0.76,0.47,0.57
ESP-La Liga,2526,Celta Vigo,Bryan Zaragoza,ESP,"FW,MF",23.0,2001.0,19,13,1131.0,12.6,1,1,2,0,1,1,1,0,0.08,0.08,0.16,0.0,0.08
ESP-La Liga,2526,Celta Vigo,Carl Starfelt,SWE,DF,30.0,1995.0,19,17,1491.0,16.6,0,0,0,0,0,0,3,1,0.0,0.0,0.0,0.0,0.0
ESP-La Liga,2526,Celta Vigo,Carlos Dominguez,ESP,DF,24.0,2001.0,8,6,610.0,6.8,0,0,0,0,0,0,1,0,0.0,0.0,0.0,0.0,0.0
ESP-La Liga,2526,Celta Vigo,Damián Rodríguez,ESP,MF,22.0,2003.0,2,2,150.0,1.7,0,0,0,0,0,0,1,0,0.0,0.0,0.0,0.0,0.0
ESP-La Liga,2526,Celta Vigo,Fer López,ESP,"MF,FW",21.0,2004.0,17,13,1170.0,13.0,1,1,2,1,0,0,3,0,0.08,0.08,0.15,0.08,0.15
ESP-La Liga,2526,Celta Vigo,Ferran Jutglà,ESP,FW,26.0,1999.0,30,21,1652.0,18.4,9,3,12,9,0,0,4,0,0.49,0.16,0.65,0.49,0.65
ESP-La Liga,2526,Celta Vigo,Fran Beltrán,ESP,MF,26.0,1999.0,10,7,528.0,5.9,0,0,0,0,0,0,0,0,0.0,0.0,0.0,0.0,0.0
ESP-La Liga,2526,Celta Vigo,Hugo García,ESP,MF,18.0,2006.0,1,0,8.0,0.1,0,0,0,0,0,0,0,0,0.0,0.0,0.0,0.0,0.0
ESP-La Liga,2526,Celta Vigo,Hugo González,ESP,FW,22.0,2003.0,1,0,8.0,0.1,0,0,0,0,0,0,0,0,0.0,0.0,0.0,0.0,0.0
ESP-La Liga,2526,Celta Vigo,Hugo Sotelo,ESP,MF,21.0,2003.0,20,16,1338.0,14.9,0,2,2,0,0,0,3,0,0.0,0.13,0.13,0.0,0.13
ESP-La Liga,2526,Celta Vigo,Hugo Álvarez,ESP,"FW,MF",22.0,2003.0,28,15,1340.0,14.9,4,2,6,4,0,0,2,0,0.27,0.13,0.4,0.27,0.4
ESP-La Liga,2526,Celta Vigo,Iago Aspas,ESP,"FW,MF",37.0,1987.0,32,11,1140.0,12.7,5,3,8,3,2,2,4,0,0.39,0.24,0.63,0.24,0.47
ESP-La Liga,2526,Celta Vigo,Ilaix Moriba,GUI,MF,22.0,2003.0,36,26,2495.0,27.7,2,3,5,2,0,0,8,0,0.07,0.11,0.18,0.07,0.18
ESP-La Liga,2526,Celta Vigo,Ionuț Radu,ROU,GK,28.0,1997.0,38,38,3420.0,38.0,0,0,0,0,0,0,2,0,0.0,0.0,0.0,0.0,0.0
ESP-La Liga,2526,Celta Vigo,Javi Rodríguez,ESP,DF,22.0,2003.0,33,28,2558.0,28.4,0,1,1,0,0,0,5,0,0.0,0.04,0.04,0.0,0.04
ESP-La Liga,2526,Celta Vigo,Javi Rueda,ESP,MF,23.0,2002.0,26,16,1404.0,15.6,2,6,8,2,0,0,6,0,0.13,0.38,0.51,0.13,0.51
ESP-La Liga,2526,Celta Vigo,Jones El-Abdellaoui,MAR,"MF,FW",19.0,2006.0,22,4,681.0,7.6,2,0,2,2,0,0,0,0,0.26,0.0,0.26,0.26,0.26
ESP-La Liga,2526,Celta Vigo,Joseph Aidoo,GHA,DF,29.0,1995.0,8,7,639.0,7.1,0,0,0,0,0,0,0,0,0.0,0.0,0.0,0.0,0.0
ESP-La Liga,2526,Celta Vigo,Manu Fernández,ESP,DF,24.0,2001.0,14,9,758.0,8.4,0,0,0,0,0,0,2,0,0.0,0.0,0.0,0.0,0.0
ESP-La Liga,2526,Celta Vigo,Marcos Alonso,ESP,DF,34.0,1990.0,32,31,2768.0,30.8,1,0,1,0,1,1,5,0,0.03,0.0,0.03,0.0,0.0
ESP-La Liga,2526,Celta Vigo,Matías Vecino,URU,MF,33.0,1991.0,6,2,135.0,1.5,0,0,0,0,0,0,0,0,0.0,0.0,0.0,0.0,0.0
ESP-La Liga,2526,Celta Vigo,Miguel Román,ESP,MF,22.0,2002.0,19,14,1311.0,14.6,1,0,1,1,0,0,3,0,0.07,0.0,0.07,0.07,0.07
ESP-La Liga,2526,Celta Vigo,Mihailo Ristić,SRB,"MF,DF",29.0,1995.0,5,4,253.0,2.8,0,0,0,0,0,0,0,0,0.0,0.0,0.0,0.0,0.0
ESP-La Liga,2526,Celta Vigo,Pablo Durán,ESP,"FW,MF",24.0,2001.0,30,17,1425.0,15.8,2,2,4,2,0,0,1,0,0.13,0.13,0.25,0.13,0.25
ESP-La Liga,2526,Celta Vigo,Sergio Carreira,ESP,MF,24.0,2000.0,34,29,2694.0,29.9,2,1,3,2,0,0,2,0,0.07,0.03,0.1,0.07,0.1
ESP-La Liga,2526,Celta Vigo,Williot Swedberg,SWE,"FW,MF",21.0,2004.0,29,13,1270.0,14.1,5,5,10,5,0,0,2,0,0.35,0.35,0.71,0.35,0.71
ESP-La Liga,2526,Celta Vigo,Yoel Lago,ESP,DF,21.0,2004.0,12,11,938.0,10.4,0,0,0,0,0,0,4,0,0.0,0.0,0.0,0.0,0.0
ESP-La Liga,2526,Celta Vigo,Álvaro Núñez,ESP,"DF,MF",25.0,2000.0,6,5,328.0,3.6,0,0,0,0,0,0,0,0,0.0,0.0,0.0,0.0,0.0
ESP-La Liga,2526,Celta Vigo,Óscar Mingueza,ESP,MF,26.0,1999.0,34,21,1968.0,21.9,1,4,5,1,0,0,4,0,0.05,0.18,0.23,0.05,0.23
ESP-La Liga,2526,Elche,Adam Boayar,MAR,MF,19.0,2005.0,7,0,104.0,1.2,1,0,1,1,0,0,0,0,0.87,0.0,0.87,0.87,0.87
ESP-La Liga,2526,Elche,Adrià Pedrosa,ESP,"DF,MF",27.0,1998.0,26,8,1090.0,12.1,1,1,2,1,0,0,4,0,0.08,0.08,0.17,0.08,0.17
ESP-La Liga,2526,Elche,Aleix Febas,ESP,MF,29.0,1996.0,36,36,3160.0,35.1,2,2,4,2,0,0,10,0,0.06,0.06,0.11,0.06,0.11
ESP-La Liga,2526,Elche,Ali Houary,MAR,MF,19.0,2005.0,2,2,123.0,1.4,0,0,0,0,0,0,0,0,0.0,0.0,0.0,0.0,0.0
ESP-La Liga,2526,Elche,André Silva,POR,FW,29.0,1995.0,31,22,1849.0,20.5,10,0,10,7,3,3,3,0,0.49,0.0,0.49,0.34,0.34
ESP-La Liga,2526,Elche,Bambo Diaby,SEN,DF,27.0,1997.0,4,1,102.0,1.1,0,0,0,0,0,0,1,0,0.0,0.0,0.0,0.0,0.0
ESP-La Liga,2526,Elche,Buba Sangaré,ESP,"DF,MF",17.0,2007.0,12,8,538.0,6.0,0,0,0,0,0,0,3,0,0.0,0.0,0.0,0.0,0.0
ESP-La Liga,2526,Elche,David Affengruber,AUT,DF,24.0,2001.0,36,33,2949.0,32.8,1,1,2,1,0,0,7,1,0.03,0.03,0.06,0.03,0.06
ESP-La Liga,2526,Elche,Federico Redondo,ARG,MF,22.0,2003.0,11,1,179.0,2.0,0,0,0,0,0,0,0,1,0.0,0.0,0.0,0.0,0.0
ESP-La Liga,2526,Elche,Germán Valera,ESP,"MF,DF",23.0,2002.0,36,33,2857.0,31.7,4,5,9,4,0,0,5,1,0.13,0.16,0.28,0.13,0.28
ESP-La Liga,2526,Elche,Gonzalo Villar,ESP,MF,27.0,1998.0,12,8,718.0,8.0,1,0,1,1,0,0,3,0,0.13,0.0,0.13,0.13,0.13
ESP-La Liga,2526,Elche,Grady Diangana,COD,"MF,FW",27.0,1998.0,20,13,926.0,10.3,1,0,1,1,0,0,3,0,0.1,0.0,0.1,0.1,0.1
ESP-La Liga,2526,Elche,Héctor Fort,ESP,"DF,MF",18.0,2006.0,14,7,482.0,5.4,2,2,4,2,0,0,0,0,0.37,0.37,0.75,0.37,0.75
ESP-La Liga,2526,Elche,Iñaki Peña,ESP,GK,26.0,1999.0,16,16,1440.0,16.0,0,0,0,0,0,0,0,0,0.0,0.0,0.0,0.0,0.0
ESP-La Liga,2526,Elche,Jairo Izquierdo,ESP,"DF,FW",31.0,1993.0,1,0,24.0,0.3,0,0,0,0,0,0,0,0,0.0,0.0,0.0,0.0,0.0
ESP-La Liga,2526,Elche,John Donald,ESP,"DF,MF",24.0,2000.0,21,6,665.0,7.4,1,0,1,1,0,0,3,0,0.14,0.0,0.14,0.14,0.14
ESP-La Liga,2526,Elche,Josan,ESP,"MF,DF",35.0,1989.0,19,4,565.0,6.3,0,3,3,0,0,0,2,0,0.0,0.48,0.48,0.0,0.48
ESP-La Liga,2526,Elche,Lucas Cepeda,CHI,MF,22.0,2002.0,10,4,402.0,4.5,1,0,1,1,0,0,1,0,0.22,0.0,0.22,0.22,0.22
ESP-La Liga,2526,Elche,Léo Pétrot,FRA,DF,28.0,1997.0,32,18,1572.0,17.5,0,0,0,0,0,0,2,1,0.0,0.0,0.0,0.0,0.0
ESP-La Liga,2526,Elche,Marc Aguado,ESP,MF,25.0,2000.0,35,30,2500.0,27.8,1,2,3,1,0,0,3,0,0.04,0.07,0.11,0.04,0.11
ESP-La Liga,2526,Elche,Martim Neto,POR,MF,22.0,2003.0,25,15,1347.0,15.0,2,5,7,2,0,0,3,0,0.13,0.33,0.47,0.13,0.47
ESP-La Liga,2526,Elche,Matías Dituro,ARG,GK,38.0,1987.0,22,22,1980.0,22.0,0,0,0,0,0,0,1,0,0.0,0.0,0.0,0.0,0.0
ESP-La Liga,2526,Elche,Mourad El Ghezouani,MAR,FW,27.0,1998.0,2,0,50.0,0.6,0,0,0,0,0,0,0,0,0.0,0.0,0.0,0.0,0.0
ESP-La Liga,2526,Elche,Pedro Bigas,ESP,DF,34.0,1990.0,28,25,2063.0,22.9,1,3,4,1,0,0,5,1,0.04,0.13,0.17,0.04,0.17
ESP-La Liga,2526,Elche,Rafa Mir,ESP,"FW,MF",28.0,1997.0,27,21,1803.0,20.0,8,0,8,7,1,2,4,0,0.4,0.0,0.4,0.35,0.35
ESP-La Liga,2526,Elche,Rodrigo Mendoza,ESP,"MF,FW",20.0,2005.0,16,6,794.0,8.8,1,0,1,1,0,0,4,0,0.11,0.0,0.11,0.11,0.11
ESP-La Liga,2526,Elche,Tete Morente,ESP,MF,28.0,1996.0,13,11,929.0,10.3,1,1,2,1,0,0,1,0,0.1,0.1,0.19,0.1,0.19
ESP-La Liga,2526,Elche,Víctor Chust,ESP,DF,25.0,2000.0,31,22,2166.0,24.1,1,0,1,1,0,0,8,1,0.04,0.0,0.04,0.04,0.04
ESP-La Liga,2526,Elche,Yago Santiago,ESP,MF,22.0,2003.0,9,3,281.0,3.1,0,0,0,0,0,0,1,0,0.0,0.0,0.0,0.0,0.0
ESP-La Liga,2526,Elche,Álex Sánchez,ESP,FW,19.0,2006.0,1,0,6.0,0.1,0,1,1,0,0,0,0,0,0.0,15.0,15.0,0.0,15.0
ESP-La Liga,2526,Elche,Álvaro Núñez,ESP,"DF,MF",25.0,2000.0,19,19,1647.0,18.3,0,2,2,0,0,0,2,0,0.0,0.11,0.11,0.0,0.11
ESP-La Liga,2526,Elche,Álvaro Rodríguez,URU,FW,21.0,2004.0,34,24,2201.0,24.5,7,5,12,7,0,0,2,0,0.29,0.2,0.49,0.29,0.49
ESP-La Liga,2526,Espanyol,Antoniu,ESP,MF,22.0,2002.0,13,3,289.0,3.2,0,0,0,0,0,0,2,0,0.0,0.0,0.0,0.0,0.0
ESP-La Liga,2526,Espanyol,Carlos Romero,ESP,DF,23.0,2001.0,36,36,3191.0,35.5,6,3,9,6,0,0,4,0,0.17,0.08,0.25,0.17,0.25
ESP-La Liga,2526,Espanyol,Charles Pickel,COD,MF,28.0,1997.0,24,4,707.0,7.9,1,0,1,1,0,0,4,2,0.13,0.0,0.13,0.13,0.13
ESP-La Liga,2526,Espanyol,Clemens Riedel,GER,DF,22.0,2003.0,20,16,1396.0,15.5,0,1,1,0,0,0,5,0,0.0,0.06,0.06,0.0,0.06
ESP-La Liga,2526,Espanyol,Cyril Ngonge,BEL,MF,25.0,2000.0,9,6,424.0,4.7,0,2,2,0,0,0,4,0,0.0,0.42,0.42,0.0,0.42
ESP-La Liga,2526,Espanyol,Edu Expósito,ESP,MF,28.0,1996.0,36,32,2523.0,28.0,1,6,7,1,0,0,9,0,0.04,0.21,0.25,0.04,0.25
ESP-La Liga,2526,Espanyol,Fernando Calero,ESP,DF,29.0,1995.0,28,24,2148.0,23.9,0,0,0,0,0,0,5,0,0.0,0.0,0.0,0.0,0.0
ESP-La Liga,2526,Espanyol,Fortuño,ESP,GK,23.0,2001.0,1,1,90.0,1.0,0,0,0,0,0,0,0,0,0.0,0.0,0.0,0.0,0.0
ESP-La Liga,2526,Espanyol,Javi Puado,ESP,"MF,FW",27.0,1998.0,10,8,674.0,7.5,2,0,2,1,1,2,2,0,0.27,0.0,0.27,0.13,0.13
ESP-La Liga,2526,Espanyol,Jofre,ESP,MF,24.0,2001.0,26,9,930.0,10.3,1,0,1,1,0,0,1,0,0.1,0.0,0.1,0.1,0.1
ESP-La Liga,2526,Espanyol,José Salinas,ESP,DF,24.0,2000.0,11,2,257.0,2.9,0,0,0,0,0,0,2,0,0.0,0.0,0.0,0.0,0.0
ESP-La Liga,2526,Espanyol,Kiké,ESP,FW,35.0,1989.0,37,17,1734.0,19.3,8,1,9,7,1,2,3,0,0.42,0.05,0.47,0.36,0.42
ESP-La Liga,2526,Espanyol,Leandro Cabrera,URU,DF,34.0,1991.0,37,37,3330.0,37.0,3,0,3,3,0,0,4,0,0.08,0.0,0.08,0.08,0.08
ESP-La Liga,2526,Espanyol,Lluc Castell,ESP,FW,18.0,2006.0,1,0,19.0,0.2,0,0,0,0,0,0,0,0,0.0,0.0,0.0,0.0,0.0
ESP-La Liga,2526,Espanyol,Luca Koleosho,ITA,MF,20.0,2004.0,3,0,63.0,0.7,0,0,0,0,0,0,0,0,0.0,0.0,0.0,0.0,0.0
ESP-La Liga,2526,Espanyol,Marko Dmitrović,SRB,GK,33.0,1992.0,37,37,3330.0,37.0,0,0,0,0,0,0,0,0,0.0,0.0,0.0,0.0,0.0
ESP-La Liga,2526,Espanyol,Miguel Ángel Rubio,ESP,DF,27.0,1998.0,12,1,206.0,2.3,1,0,1,1,0,0,0,0,0.44,0.0,0.44,0.44,0.44
ESP-La Liga,2526,Espanyol,Omar El Hilali,MAR,DF,21.0,2003.0,36,32,2826.0,31.4,0,2,2,0,0,0,9,0,0.0,0.06,0.06,0.0,0.06
ESP-La Liga,2526,Espanyol,Pere Milla,ESP,"MF,FW",32.0,1992.0,33,24,1973.0,21.9,7,1,8,7,0,0,6,1,0.32,0.05,0.36,0.32,0.36
ESP-La Liga,2526,Espanyol,Pol Lozano,ESP,MF,25.0,1999.0,33,28,2157.0,24.0,2,1,3,2,0,0,12,1,0.08,0.04,0.13,0.08,0.13
ESP-La Liga,2526,Espanyol,Ramón Terrats,ESP,MF,24.0,2000.0,29,12,1030.0,11.4,1,2,3,1,0,0,0,0,0.09,0.17,0.26,0.09,0.26
ESP-La Liga,2526,Espanyol,Roberto Férnandez,ESP,FW,23.0,2002.0,38,25,2382.0,26.5,7,3,10,6,1,1,3,0,0.26,0.11,0.38,0.23,0.34
ESP-La Liga,2526,Espanyol,Rubén,ESP,"DF,MF",24.0,2001.0,21,8,812.0,9.0,0,1,1,0,0,0,2,0,0.0,0.11,0.11,0.0,0.11
ESP-La Liga,2526,Espanyol,Tyrhys Dolan,ENG,MF,23.0,2001.0,36,28,2415.0,26.8,2,5,7,2,0,0,7,1,0.07,0.19,0.26,0.07,0.26
ESP-La Liga,2526,Espanyol,Urko González,ESP,MF,24.0,2001.0,35,28,2623.0,29.1,0,1,1,0,0,0,7,0,0.0,0.03,0.03,0.0,0.03
ESP-La Liga,2526,Getafe,Abdel Abqar,MAR,DF,26.0,1999.0,23,17,1437.0,16.0,0,2,2,0,0,0,10,1,0.0,0.13,0.13,0.0,0.13
ESP-La Liga,2526,Getafe,Abu Kamara,ENG,MF,22.0,2003.0,12,1,256.0,2.8,0,0,0,0,0,0,1,0,0.0,0.0,0.0,0.0,0.0
ESP-La Liga,2526,Getafe,Adrián Liso,ESP,"FW,MF",20.0,2005.0,28,21,1702.0,18.9,3,0,3,3,0,0,5,1,0.16,0.0,0.16,0.16,0.16
ESP-La Liga,2526,Getafe,Alejandro Mestanza,ESP,MF,20.0,2004.0,3,1,71.0,0.8,0,0,0,0,0,0,0,0,0.0,0.0,0.0,0.0,0.0
ESP-La Liga,2526,Getafe,Alex Sola,ESP,"DF,FW",26.0,1999.0,1,0,13.0,0.1,0,0,0,0,0,0,0,0,0.0,0.0,0.0,0.0,0.0
ESP-La Liga,2526,Getafe,Allan Nyom,CMR,DF,37.0,1988.0,15,7,523.0,5.8,0,1,1,0,0,0,6,1,0.0,0.17,0.17,0.0,0.17
ESP-La Liga,2526,Getafe,Borja Mayoral,ESP,FW,28.0,1997.0,16,12,1058.0,11.8,4,1,5,4,0,1,0,0,0.34,0.09,0.43,0.34,0.43
ESP-La Liga,2526,Getafe,Christantus Uche,NGA,FW,22.0,2003.0,3,3,270.0,3.0,1,1,2,1,0,0,1,0,0.33,0.33,0.67,0.33,0.67
ESP-La Liga,2526,Getafe,Coba da Costa,ESP,MF,23.0,2002.0,14,2,348.0,3.9,0,0,0,0,0,0,1,0,0.0,0.0,0.0,0.0,0.0
ESP-La Liga,2526,Getafe,Damián,ESP,MF,22.0,2003.0,3,2,151.0,1.7,0,0,0,0,0,0,0,0,0.0,0.0,0.0,0.0,0.0
ESP-La Liga,2526,Getafe,David Soria,ESP,GK,32.0,1993.0,38,38,3420.0,38.0,0,0,0,0,0,0,2,0,0.0,0.0,0.0,0.0,0.0
ESP-La Liga,2526,Getafe,Davinchi,ESP,DF,17.0,2007.0,14,7,700.0,7.8,0,0,0,0,0,0,2,0,0.0,0.0,0.0,0.0,0.0
ESP-La Liga,2526,Getafe,Diego Rico,ESP,DF,32.0,1993.0,28,18,1758.0,19.5,0,0,0,0,0,0,4,0,0.0,0.0,0.0,0.0,0.0
ESP-La Liga,2526,Getafe,Djené,TOG,"DF,MF",33.0,1991.0,34,32,2578.0,28.6,0,0,0,0,0,0,10,2,0.0,0.0,0.0,0.0,0.0
ESP-La Liga,2526,Getafe,Domingos Duarte,POR,DF,30.0,1995.0,34,34,2923.0,32.5,1,1,2,1,0,0,11,0,0.03,0.03,0.06,0.03,0.06
ESP-La Liga,2526,Getafe,Hugo Solozabal,ESP,MF,22.0,2003.0,1,0,11.0,0.1,0,0,0,0,0,0,0,0,0.0,0.0,0.0,0.0,0.0
ESP-La Liga,2526,Getafe,Iglesias,ESP,DF,27.0,1998.0,37,36,3185.0,35.4,1,2,3,1,0,0,4,0,0.03,0.06,0.08,0.03,0.08
ESP-La Liga,2526,Getafe,Ismael Bekhoucha,MAR,DF,20.0,2004.0,4,1,122.0,1.4,0,1,1,0,0,0,2,0,0.0,0.74,0.74,0.0,0.74
ESP-La Liga,2526,Getafe,Javier Muñoz,ESP,"MF,FW",30.0,1995.0,17,4,551.0,6.1,0,0,0,0,0,0,0,0,0.0,0.0,0.0,0.0,0.0
ESP-La Liga,2526,Getafe,Jorge Montes,ESP,DF,21.0,2004.0,1,0,27.0,0.3,0,0,0,0,0,0,0,0,0.0,0.0,0.0,0.0,0.0
ESP-La Liga,2526,Getafe,Joselu Pérez,ESP,DF,21.0,2004.0,2,0,22.0,0.2,0,0,0,0,0,0,0,0,0.0,0.0,0.0,0.0,0.0
ESP-La Liga,2526,Getafe,Juanmi,ESP,"FW,MF",32.0,1993.0,8,0,179.0,2.0,1,0,1,1,0,0,0,0,0.5,0.0,0.5,0.5,0.5
ESP-La Liga,2526,Getafe,Kiko Femenía,ESP,"DF,MF",34.0,1991.0,28,25,2008.0,22.3,1,1,2,1,0,0,6,0,0.04,0.04,0.09,0.04,0.09
ESP-La Liga,2526,Getafe,Luis Milla,ESP,MF,30.0,1994.0,37,37,3271.0,36.3,1,10,11,1,0,0,5,1,0.03,0.28,0.3,0.03,0.3
ESP-La Liga,2526,Getafe,Luis Vázquez,ARG,FW,24.0,2001.0,17,14,1194.0,13.3,3,1,4,3,0,0,2,0,0.23,0.08,0.3,0.23,0.3
ESP-La Liga,2526,Getafe,Mario Martín,ESP,"MF,FW",21.0,2004.0,35,26,2125.0,23.6,2,1,3,2,0,0,11,0,0.08,0.04,0.13,0.08,0.13
ESP-La Liga,2526,Getafe,Martin Satriano,URU,"FW,MF",24.0,2001.0,18,18,1603.0,17.8,6,1,7,6,0,0,5,0,0.34,0.06,0.39,0.34,0.39
ESP-La Liga,2526,Getafe,Mauro Arambarri,URU,MF,29.0,1995.0,37,37,3249.0,36.1,6,2,8,4,2,3,6,0,0.17,0.06,0.22,0.11,0.17
ESP-La Liga,2526,Getafe,Sebastián Boselli,URU,DF,21.0,2003.0,11,4,380.0,4.2,0,0,0,0,0,0,4,0,0.0,0.0,0.0,0.0,0.0
ESP-La Liga,2526,Getafe,Veljko Birmančević,SRB,FW,27.0,1998.0,6,1,142.0,1.6,0,0,0,0,0,0,0,0,0.0,0.0,0.0,0.0,0.0
ESP-La Liga,2526,Getafe,Yvan Neyou,CMR,MF,28.0,1997.0,5,0,67.0,0.7,0,0,0,0,0,0,2,0,0.0,0.0,0.0,0.0,0.0
ESP-La Liga,2526,Getafe,Zaid Romero,ARG,DF,25.0,1999.0,15,15,1349.0,15.0,1,0,1,1,0,0,5,1,0.07,0.0,0.07,0.07,0.07
ESP-La Liga,2526,Getafe,Álex Sancris,ESP,"MF,FW",28.0,1997.0,18,5,708.0,7.9,0,1,1,0,0,0,4,1,0.0,0.13,0.13,0.0,0.13
ESP-La Liga,2526,Girona,Abel Ruiz,ESP,FW,25.0,2000.0,9,0,187.0,2.1,0,0,0,0,0,0,0,0,0.0,0.0,0.0,0.0,0.0
ESP-La Liga,2526,Girona,Alejandro Francés,ESP,DF,22.0,2002.0,24,11,1116.0,12.4,0,2,2,0,0,0,2,1,0.0,0.16,0.16,0.0,0.16
ESP-La Liga,2526,Girona,Arnau Martinez,ESP,"DF,MF",22.0,2003.0,35,33,2666.0,29.6,2,3,5,2,0,0,6,0,0.07,0.1,0.17,0.07,0.17
ESP-La Liga,2526,Girona,Axel Witsel,BEL,MF,36.0,1989.0,32,30,2526.0,28.1,1,2,3,1,0,0,2,1,0.04,0.07,0.11,0.04,0.11
ESP-La Liga,2526,Girona,Azzedine Ounahi,MAR,MF,25.0,2000.0,24,20,1760.0,19.6,5,2,7,4,1,1,6,0,0.26,0.1,0.36,0.2,0.31
ESP-La Liga,2526,Girona,Bojan Miovski,MKD,FW,26.0,1999.0,1,1,44.0,0.5,0,0,0,0,0,0,0,0,0.0,0.0,0.0,0.0,0.0
ESP-La Liga,2526,Girona,Bryan Gil,ESP,"MF,FW",24.0,2001.0,29,20,1578.0,17.5,0,3,3,0,0,0,6,0,0.0,0.17,0.17,0.0,0.17
ESP-La Liga,2526,Girona,Claudio Echeverri,ARG,"FW,MF",19.0,2006.0,17,5,624.0,6.9,1,1,2,1,0,0,4,0,0.14,0.14,0.29,0.14,0.29
ESP-La Liga,2526,Girona,Cristhian Stuani,URU,FW,38.0,1986.0,21,1,412.0,4.6,5,0,5,2,3,4,4,0,1.09,0.0,1.09,0.44,0.44
ESP-La Liga,2526,Girona,Daley Blind,NED,DF,35.0,1990.0,31,30,2606.0,29.0,0,0,0,0,0,0,1,0,0.0,0.0,0.0,0.0,0.0
ESP-La Liga,2526,Girona,David López,ESP,DF,35.0,1989.0,6,3,293.0,3.3,0,0,0,0,0,0,0,0,0.0,0.0,0.0,0.0,0.0
ESP-La Liga,2526,Girona,Dawda Camara,MTN,FW,22.0,2002.0,2,1,72.0,0.8,0,0,0,0,0,0,0,0,0.0,0.0,0.0,0.0,0.0
ESP-La Liga,2526,Girona,Donny van de Beek,NED,MF,28.0,1997.0,2,1,41.0,0.5,0,0,0,0,0,0,0,0,0.0,0.0,0.0,0.0,0.0
ESP-La Liga,2526,Girona,Fran Beltrán,ESP,MF,26.0,1999.0,17,11,1012.0,11.2,1,0,1,1,0,0,3,0,0.09,0.0,0.09,0.09,0.09
ESP-La Liga,2526,Girona,Hugo Rincón,ESP,DF,22.0,2003.0,33,16,1750.0,19.4,1,1,2,1,0,0,4,0,0.05,0.05,0.1,0.05,0.1
ESP-La Liga,2526,Girona,Iván Martín,ESP,MF,26.0,1999.0,35,29,2532.0,28.1,0,1,1,0,0,0,5,1,0.0,0.04,0.04,0.0,0.04
ESP-La Liga,2526,Girona,Jhon Solis,COL,MF,20.0,2004.0,12,3,380.0,4.2,0,0,0,0,0,0,0,0,0.0,0.0,0.0,0.0,0.0
ESP-La Liga,2526,Girona,Joel Roca,ESP,"MF,FW",20.0,2005.0,32,16,1473.0,16.4,3,1,4,3,0,0,4,1,0.18,0.06,0.24,0.18,0.24
ESP-La Liga,2526,Girona,Juan Arango,VEN,MF,19.0,2006.0,2,0,18.0,0.2,0,0,0,0,0,0,1,0,0.0,0.0,0.0,0.0,0.0
ESP-La Liga,2526,Girona,Ladislav Krejčí,CZE,DF,26.0,1999.0,2,2,180.0,2.0,0,0,0,0,0,0,1,0,0.0,0.0,0.0,0.0,0.0
ESP-La Liga,2526,Girona,Lancinet Kourouma,GUI,FW,21.0,2004.0,5,0,43.0,0.5,0,0,0,0,0,0,0,1,0.0,0.0,0.0,0.0,0.0
ESP-La Liga,2526,Girona,Marc-André ter Stegen,GER,GK,33.0,1992.0,2,2,180.0,2.0,0,0,0,0,0,0,0,0,0.0,0.0,0.0,0.0,0.0
ESP-La Liga,2526,Girona,Paulo Gazzaniga,ARG,GK,33.0,1992.0,35,35,3102.0,34.5,0,0,0,0,0,0,4,1,0.0,0.0,0.0,0.0,0.0
ESP-La Liga,2526,Girona,Portu,ESP,"FW,MF",33.0,1992.0,10,4,474.0,5.3,0,0,0,0,0,0,2,0,0.0,0.0,0.0,0.0,0.0
ESP-La Liga,2526,Girona,Thomas Lemar,FRA,MF,29.0,1995.0,27,14,1258.0,14.0,3,1,4,3,0,0,4,0,0.21,0.07,0.29,0.21,0.29
ESP-La Liga,2526,Girona,Viktor Tsyhankov,UKR,"MF,FW",27.0,1997.0,32,31,2630.0,29.2,6,5,11,6,0,0,3,0,0.21,0.17,0.38,0.21,0.38
ESP-La Liga,2526,Girona,Vitor Reis,BRA,DF,19.0,2006.0,36,35,3138.0,34.9,1,1,2,1,0,0,9,1,0.03,0.03,0.06,0.03,0.06
ESP-La Liga,2526,Girona,Vladyslav Krapyvtsov,UKR,GK,20.0,2005.0,2,1,136.0,1.5,0,0,0,0,0,0,0,0,0.0,0.0,0.0,0.0,0.0
ESP-La Liga,2526,Girona,Vladyslav Vanat,UKR,FW,23.0,2002.0,27,27,1942.0,21.6,9,1,10,6,3,3,4,0,0.42,0.05,0.46,0.28,0.32
ESP-La Liga,2526,Girona,Yangel Herrera,VEN,MF,27.0,1998.0,2,2,110.0,1.2,0,0,0,0,0,0,0,0,0.0,0.0,0.0,0.0,0.0
ESP-La Liga,2526,Girona,Yaser Asprilla,COL,"FW,MF",21.0,2003.0,15,6,611.0,6.8,0,0,0,0,0,0,0,0,0.0,0.0,0.0,0.0,0.0
ESP-La Liga,2526,Girona,Álex Moreno,ESP,DF,32.0,1993.0,31,28,2559.0,28.4,0,3,3,0,0,0,5,0,0.0,0.11,0.11,0.0,0.11
ESP-La Liga,2526,Levante,Adrián de la Fuente,ESP,DF,26.0,1999.0,33,30,2711.0,30.1,3,1,4,2,1,3,5,0,0.1,0.03,0.13,0.07,0.1
ESP-La Liga,2526,Levante,Alan Matturro,URU,DF,20.0,2004.0,19,10,947.0,10.5,1,1,2,1,0,0,0,1,0.1,0.1,0.19,0.1,0.19
ESP-La Liga,2526,Levante,Brugui,ESP,"MF,FW",28.0,1996.0,19,10,1005.0,11.2,1,1,2,1,0,0,1,1,0.09,0.09,0.18,0.09,0.18
ESP-La Liga,2526,Levante,Carlos Espí,ESP,FW,20.0,2005.0,25,13,1343.0,14.9,11,0,11,11,0,0,3,0,0.74,0.0,0.74,0.74,0.74
ESP-La Liga,2526,Levante,Carlos Álvarez,ESP,MF,21.0,2003.0,30,23,1890.0,21.0,3,1,4,3,0,0,3,0,0.14,0.05,0.19,0.14,0.19
ESP-La Liga,2526,Levante,Diego Pampín,ESP,DF,25.0,2000.0,8,6,534.0,5.9,0,0,0,0,0,0,3,0,0.0,0.0,0.0,0.0,0.0
ESP-La Liga,2526,Levante,Goduine Koyalipou,CTA,FW,25.0,2000.0,11,2,247.0,2.7,1,0,1,1,0,0,1,0,0.36,0.0,0.36,0.36,0.36
ESP-La Liga,2526,Levante,Iker Losada,ESP,MF,23.0,2001.0,23,10,902.0,10.0,3,1,4,3,0,0,1,0,0.3,0.1,0.4,0.3,0.4
ESP-La Liga,2526,Levante,Iván Romero,ESP,"FW,MF",24.0,2001.0,32,28,2259.0,25.1,7,1,8,7,0,1,5,0,0.28,0.04,0.32,0.28,0.32
ESP-La Liga,2526,Levante,Jeremy Toljan,GER,DF,30.0,1994.0,37,37,3164.0,35.2,1,4,5,1,0,0,8,0,0.03,0.11,0.14,0.03,0.14
ESP-La Liga,2526,Levante,Jorge Cabello,ESP,DF,21.0,2004.0,5,4,362.0,4.0,0,0,0,0,0,0,1,0,0.0,0.0,0.0,0.0,0.0
ESP-La Liga,2526,Levante,José Luis Morales,ESP,MF,38.0,1987.0,20,1,363.0,4.0,1,1,2,0,1,1,1,0,0.25,0.25,0.5,0.0,0.25
ESP-La Liga,2526,Levante,Kareem Tunde,ESP,MF,19.0,2005.0,21,17,1133.0,12.6,0,1,1,0,0,0,3,0,0.0,0.08,0.08,0.0,0.08
ESP-La Liga,2526,Levante,Karl Etta Eyong,CMR,FW,21.0,2003.0,30,15,1416.0,15.7,6,2,8,6,0,1,3,0,0.38,0.13,0.51,0.38,0.51
ESP-La Liga,2526,Levante,Kervin Arriaga,HON,MF,27.0,1998.0,27,16,1532.0,17.0,3,3,6,3,0,0,8,1,0.18,0.18,0.35,0.18,0.35
ESP-La Liga,2526,Levante,Manu Sánchez,ESP,DF,24.0,2000.0,33,31,2814.0,31.3,1,2,3,1,0,0,8,0,0.03,0.06,0.1,0.03,0.1
ESP-La Liga,2526,Levante,Mathew Ryan,AUS,GK,33.0,1992.0,36,36,3240.0,36.0,0,0,0,0,0,0,4,0,0.0,0.0,0.0,0.0,0.0
ESP-La Liga,2526,Levante,Matias Moreno,ARG,DF,21.0,2003.0,28,27,2252.0,25.0,0,0,0,0,0,0,8,0,0.0,0.0,0.0,0.0,0.0
ESP-La Liga,2526,Levante,Nacho Pérez,ESP,DF,16.0,2008.0,3,1,148.0,1.6,0,0,0,0,0,0,1,0,0.0,0.0,0.0,0.0,0.0
ESP-La Liga,2526,Levante,Olasagasti,ESP,MF,24.0,2000.0,33,18,1734.0,19.3,1,5,6,1,0,0,2,1,0.05,0.26,0.31,0.05,0.31
ESP-La Liga,2526,Levante,Oriol Rey,ESP,MF,27.0,1998.0,20,14,1319.0,14.7,0,1,1,0,0,0,4,0,0.0,0.07,0.07,0.0,0.07
ESP-La Liga,2526,Levante,Pablo Cuñat,ESP,GK,23.0,2002.0,2,2,180.0,2.0,0,0,0,0,0,0,0,0,0.0,0.0,0.0,0.0,0.0
ESP-La Liga,2526,Levante,Pablo Martínez,ESP,MF,27.0,1998.0,27,21,1857.0,20.6,1,5,6,1,0,0,3,0,0.05,0.24,0.29,0.05,0.29
ESP-La Liga,2526,Levante,Paco Cortés,ESP,"MF,FW",17.0,2007.0,12,4,472.0,5.2,0,0,0,0,0,0,2,0,0.0,0.0,0.0,0.0,0.0
ESP-La Liga,2526,Levante,Sergio Lozano,ESP,MF,26.0,1999.0,1,0,12.0,0.1,0,0,0,0,0,0,0,0,0.0,0.0,0.0,0.0,0.0
ESP-La Liga,2526,Levante,Tay Abed,ISR,MF,21.0,2004.0,7,0,93.0,1.0,0,0,0,0,0,0,0,0,0.0,0.0,0.0,0.0,0.0
ESP-La Liga,2526,Levante,Ugo Raghouber,FRA,MF,22.0,2003.0,16,8,706.0,7.8,0,0,0,0,0,0,1,0,0.0,0.0,0.0,0.0,0.0
ESP-La Liga,2526,Levante,Unai Elgezabal,ESP,"DF,MF",32.0,1993.0,12,11,958.0,10.6,1,0,1,1,0,0,2,0,0.09,0.0,0.09,0.09,0.09
ESP-La Liga,2526,Levante,Unai Vencedor Paris,ESP,MF,24.0,2000.0,16,11,812.0,9.0,0,0,0,0,0,0,3,1,0.0,0.0,0.0,0.0,0.0
ESP-La Liga,2526,Levante,Víctor García,ESP,"MF,FW",27.0,1997.0,21,12,1040.0,11.6,2,1,3,2,0,0,1,0,0.17,0.09,0.26,0.17,0.26
ESP-La Liga,2526,Mallorca,Abdón Prats,ESP,FW,32.0,1992.0,15,0,143.0,1.6,0,0,0,0,0,0,0,0,0.0,0.0,0.0,0.0,0.0
ESP-La Liga,2526,Mallorca,Antonio Raillo,ESP,DF,33.0,1991.0,24,23,2070.0,23.0,0,1,1,0,0,0,4,0,0.0,0.04,0.04,0.0,0.04
ESP-La Liga,2526,Mallorca,Antonio Sánchez,ESP,"MF,DF",28.0,1997.0,30,9,1073.0,11.9,0,0,0,0,0,0,5,1,0.0,0.0,0.0,0.0,0.0
ESP-La Liga,2526,Mallorca,Dani Rodríguez,ESP,"FW,MF",37.0,1988.0,2,0,68.0,0.8,0,0,0,0,0,0,0,0,0.0,0.0,0.0,0.0,0.0
ESP-La Liga,2526,Mallorca,David López,ESP,DF,22.0,2003.0,14,9,837.0,9.3,0,0,0,0,0,0,2,0,0.0,0.0,0.0,0.0,0.0
ESP-La Liga,2526,Mallorca,Jan Salas,ESP,MF,19.0,2005.0,2,0,17.0,0.2,0,0,0,0,0,0,0,0,0.0,0.0,0.0,0.0,0.0
ESP-La Liga,2526,Mallorca,Jan Virgili,ESP,"MF,FW",19.0,2006.0,31,19,1792.0,19.9,2,4,6,2,0,0,0,1,0.1,0.2,0.3,0.1,0.3
ESP-La Liga,2526,Mallorca,Javier Llabrés,ESP,MF,22.0,2002.0,16,1,187.0,2.1,0,0,0,0,0,0,0,0,0.0,0.0,0.0,0.0,0.0
ESP-La Liga,2526,Mallorca,Javier Olaizola,ESP,DF,18.0,2007.0,2,0,51.0,0.6,0,0,0,0,0,0,0,0,0.0,0.0,0.0,0.0,0.0
ESP-La Liga,2526,Mallorca,Johan Mojica,COL,DF,32.0,1992.0,35,30,2724.0,30.3,0,4,4,0,0,0,6,1,0.0,0.13,0.13,0.0,0.13
ESP-La Liga,2526,Mallorca,Justin-Noël Kalumba,FRA,FW,20.0,2004.0,3,1,81.0,0.9,0,0,0,0,0,0,0,0,0.0,0.0,0.0,0.0,0.0
ESP-La Liga,2526,Mallorca,Leo Román,ESP,GK,25.0,2000.0,33,33,2970.0,33.0,0,0,0,0,0,0,4,0,0.0,0.0,0.0,0.0,0.0
ESP-La Liga,2526,Mallorca,Lucas Bergström,FIN,GK,22.0,2002.0,5,5,450.0,5.0,0,0,0,0,0,0,1,0,0.0,0.0,0.0,0.0,0.0
ESP-La Liga,2526,Mallorca,Luis Orejuela,,DF,,,1,1,90.0,1.0,0,0,0,0,0,0,0,0,0.0,0.0,0.0,0.0,0.0
ESP-La Liga,2526,Mallorca,Manu Morlanes,ESP,MF,26.0,1999.0,32,22,1765.0,19.6,3,0,3,3,0,0,5,1,0.15,0.0,0.15,0.15,0.15
ESP-La Liga,2526,Mallorca,Marash Kumbulla,ALB,DF,25.0,2000.0,8,5,439.0,4.9,0,0,0,0,0,0,1,0,0.0,0.0,0.0,0.0,0.0
ESP-La Liga,2526,Mallorca,Marc Domenech,ESP,MF,19.0,2006.0,7,2,214.0,2.4,0,1,1,0,0,0,0,0,0.0,0.42,0.42,0.0,0.42
ESP-La Liga,2526,Mallorca,Martin Valjent,SVK,DF,29.0,1995.0,37,37,3308.0,36.8,0,0,0,0,0,0,6,0,0.0,0.0,0.0,0.0,0.0
ESP-La Liga,2526,Mallorca,Mateo Joseph,ESP,"MF,FW",21.0,2003.0,29,19,1699.0,18.9,2,3,5,2,0,0,2,0,0.11,0.16,0.26,0.11,0.26
ESP-La Liga,2526,Mallorca,Mateu Morey,ESP,"DF,MF",25.0,2000.0,18,9,704.0,7.8,1,0,1,1,0,0,2,0,0.13,0.0,0.13,0.13,0.13
ESP-La Liga,2526,Mallorca,Miguel Calatayud,ESP,DF,19.0,2006.0,2,0,43.0,0.5,0,0,0,0,0,0,0,0,0.0,0.0,0.0,0.0,0.0
ESP-La Liga,2526,Mallorca,Omar Mascarell,EQG,"MF,DF",32.0,1993.0,30,26,2239.0,24.9,2,2,4,2,0,0,5,0,0.08,0.08,0.16,0.08,0.16
ESP-La Liga,2526,Mallorca,Pablo Maffeo,ESP,DF,28.0,1997.0,31,30,2662.0,29.6,1,2,3,1,0,0,11,0,0.03,0.07,0.1,0.03,0.1
ESP-La Liga,2526,Mallorca,Pablo Torre,ESP,"MF,FW",22.0,2003.0,35,19,1599.0,17.8,4,4,8,4,0,0,4,0,0.23,0.23,0.45,0.23,0.45
ESP-La Liga,2526,Mallorca,Samu Costa,POR,MF,24.0,2000.0,34,31,2697.0,30.0,7,2,9,7,0,0,11,0,0.23,0.07,0.3,0.23,0.3
ESP-La Liga,2526,Mallorca,Sergi Darder,ESP,MF,31.0,1993.0,38,30,2680.0,29.8,1,5,6,1,0,0,3,0,0.03,0.17,0.2,0.03,0.2
ESP-La Liga,2526,Mallorca,Takuma Asano,JPN,"MF,FW",30.0,1994.0,20,8,664.0,7.4,1,0,1,1,0,0,2,0,0.14,0.0,0.14,0.14,0.14
ESP-La Liga,2526,Mallorca,Toni Lato,ESP,"DF,MF",27.0,1997.0,12,7,583.0,6.5,0,1,1,0,0,0,3,0,0.0,0.15,0.15,0.0,0.15
ESP-La Liga,2526,Mallorca,Vedat Muriqi,KVX,FW,31.0,1994.0,37,36,3128.0,34.8,23,1,24,18,5,7,4,1,0.66,0.03,0.69,0.52,0.55
ESP-La Liga,2526,Mallorca,Zito Luvumbo,ANG,"FW,MF",23.0,2002.0,10,6,508.0,5.6,0,2,2,0,0,0,2,0,0.0,0.35,0.35,0.0,0.35
ESP-La Liga,2526,Osasuna,Abel Bretones,ESP,"MF,DF",24.0,2000.0,28,17,1624.0,18.0,1,2,3,1,0,0,5,1,0.06,0.11,0.17,0.06,0.17
ESP-La Liga,2526,Osasuna,Aimar Oroz,ESP,"MF,FW",23.0,2001.0,31,26,2139.0,23.8,0,2,2,0,0,0,6,0,0.0,0.08,0.08,0.0,0.08
ESP-La Liga,2526,Osasuna,Aitor Fernández,ESP,GK,34.0,1991.0,2,1,136.0,1.5,0,0,0,0,0,0,3,0,0.0,0.0,0.0,0.0,0.0
ESP-La Liga,2526,Osasuna,Ante Budimir,CRO,FW,34.0,1991.0,37,35,2938.0,32.6,17,0,17,11,6,8,3,0,0.52,0.0,0.52,0.34,0.34
ESP-La Liga,2526,Osasuna,Asier Osambela,ESP,DF,21.0,2004.0,17,2,343.0,3.8,1,0,1,1,0,0,1,1,0.26,0.0,0.26,0.26,0.26
ESP-La Liga,2526,Osasuna,Catena,ESP,DF,30.0,1994.0,35,35,3071.0,34.1,3,2,5,3,0,0,11,1,0.09,0.06,0.15,0.09,0.15
ESP-La Liga,2526,Osasuna,Enzo Boyomo,CMR,DF,23.0,2001.0,30,29,2542.0,28.2,1,2,3,1,0,0,7,0,0.04,0.07,0.11,0.04,0.11
ESP-La Liga,2526,Osasuna,Iker Benito,ESP,MF,22.0,2002.0,6,1,159.0,1.8,1,0,1,1,0,0,1,0,0.57,0.0,0.57,0.57,0.57
ESP-La Liga,2526,Osasuna,Iker Muñoz,ESP,MF,22.0,2002.0,19,8,952.0,10.6,0,0,0,0,0,0,5,0,0.0,0.0,0.0,0.0,0.0
ESP-La Liga,2526,Osasuna,Iñigo Arguibide,ESP,DF,20.0,2005.0,6,2,187.0,2.1,0,0,0,0,0,0,0,1,0.0,0.0,0.0,0.0,0.0
ESP-La Liga,2526,Osasuna,Javi Galán,ESP,DF,30.0,1994.0,20,19,1672.0,18.6,0,1,1,0,0,0,3,0,0.0,0.05,0.05,0.0,0.05
ESP-La Liga,2526,Osasuna,Jon Moncayola,ESP,MF,27.0,1998.0,36,35,3016.0,33.5,0,4,4,0,0,0,9,0,0.0,0.12,0.12,0.0,0.12
ESP-La Liga,2526,Osasuna,Jorge Herrando,ESP,DF,24.0,2001.0,28,17,1600.0,17.8,0,1,1,0,0,0,3,0,0.0,0.06,0.06,0.0,0.06
ESP-La Liga,2526,Osasuna,Juan Cruz Armada,ESP,DF,33.0,1992.0,15,7,649.0,7.2,0,0,0,0,0,0,2,0,0.0,0.0,0.0,0.0,0.0
ESP-La Liga,2526,Osasuna,Kike Barja,ESP,MF,28.0,1997.0,27,2,446.0,5.0,2,2,4,2,0,0,3,0,0.4,0.4,0.81,0.4,0.81
ESP-La Liga,2526,Osasuna,Lucas Torró,ESP,MF,31.0,1994.0,34,31,2293.0,25.5,0,1,1,0,0,0,6,0,0.0,0.04,0.04,0.0,0.04
ESP-La Liga,2526,Osasuna,Moi Gómez,ESP,MF,31.0,1994.0,26,12,1201.0,13.3,0,2,2,0,0,0,3,0,0.0,0.15,0.15,0.0,0.15
ESP-La Liga,2526,Osasuna,Raúl,ESP,FW,24.0,2000.0,36,6,1041.0,11.6,7,1,8,7,0,0,2,1,0.61,0.09,0.69,0.61,0.69
ESP-La Liga,2526,Osasuna,Raúl Moro,ESP,MF,22.0,2002.0,14,7,625.0,6.9,0,2,2,0,0,0,0,0,0.0,0.29,0.29,0.0,0.29
ESP-La Liga,2526,Osasuna,Rubén García,ESP,"MF,FW",32.0,1993.0,35,28,2229.0,24.8,2,5,7,2,0,0,6,0,0.08,0.2,0.28,0.08,0.28
ESP-La Liga,2526,Osasuna,Sergio Herrera,ESP,GK,32.0,1993.0,37,37,3284.0,36.5,0,0,0,0,0,0,3,1,0.0,0.0,0.0,0.0,0.0
ESP-La Liga,2526,Osasuna,Sheraldo Becker,SUR,"FW,MF",30.0,1995.0,9,0,158.0,1.8,0,0,0,0,0,0,0,0,0.0,0.0,0.0,0.0,0.0
ESP-La Liga,2526,Osasuna,Valentin Rosier,FRA,"DF,MF",28.0,1996.0,31,30,2547.0,28.3,1,1,2,1,0,0,6,1,0.04,0.04,0.07,0.04,0.07
ESP-La Liga,2526,Osasuna,Víctor Muñoz,ESP,"MF,FW",22.0,2003.0,34,31,2656.0,29.5,6,2,8,6,0,0,3,0,0.2,0.07,0.27,0.2,0.27
ESP-La Liga,2526,Oviedo,Aarón Escandell,ESP,GK,29.0,1995.0,36,36,3240.0,36.0,0,1,1,0,0,0,3,0,0.0,0.03,0.03,0.0,0.03
ESP-La Liga,2526,Oviedo,Alberto Reina,ESP,MF,27.0,1997.0,37,31,2462.0,27.4,4,1,5,4,0,0,6,1,0.15,0.04,0.18,0.15,0.18
ESP-La Liga,2526,Oviedo,Borja Sánchez Laborde,ESP,MF,29.0,1996.0,1,0,14.0,0.2,0,0,0,0,0,0,0,0,0.0,0.0,0.0,0.0,0.0
ESP-La Liga,2526,Oviedo,Dani Calvo,ESP,DF,31.0,1994.0,20,17,1611.0,17.9,0,0,0,0,0,0,3,0,0.0,0.0,0.0,0.0,0.0
ESP-La Liga,2526,Oviedo,David Carmo,ANG,DF,26.0,1999.0,22,20,1786.0,19.8,1,0,1,1,0,0,8,1,0.05,0.0,0.05,0.05,0.05
ESP-La Liga,2526,Oviedo,David Costas,ESP,DF,30.0,1995.0,25,22,2066.0,23.0,1,0,1,1,0,0,3,0,0.04,0.0,0.04,0.04,0.04
ESP-La Liga,2526,Oviedo,Eric Bailly,CIV,DF,31.0,1994.0,15,15,1234.0,13.7,1,0,1,1,0,0,3,0,0.07,0.0,0.07,0.07,0.07
ESP-La Liga,2526,Oviedo,Federico Viñas,URU,"FW,MF",27.0,1998.0,33,28,2439.0,27.1,9,1,10,7,2,2,7,3,0.33,0.04,0.37,0.26,0.3
ESP-La Liga,2526,Oviedo,Haissem Hassan,EGY,"MF,FW",23.0,2002.0,37,20,1942.0,21.6,0,3,3,0,0,0,1,0,0.0,0.14,0.14,0.0,0.14
ESP-La Liga,2526,Oviedo,Horaţiu Moldovan,ROU,GK,27.0,1998.0,2,2,180.0,2.0,0,0,0,0,0,0,0,0,0.0,0.0,0.0,0.0,0.0
ESP-La Liga,2526,Oviedo,Ilyas Chaira,MAR,"MF,FW",24.0,2001.0,36,30,2447.0,27.2,6,2,8,6,0,0,2,1,0.22,0.07,0.29,0.22,0.29
ESP-La Liga,2526,Oviedo,Javi López,ESP,DF,23.0,2002.0,25,20,1711.0,19.0,0,1,1,0,0,0,3,1,0.0,0.05,0.05,0.0,0.05
ESP-La Liga,2526,Oviedo,Josip Brekalo,CRO,"MF,FW",27.0,1998.0,14,6,486.0,5.4,0,0,0,0,0,0,1,0,0.0,0.0,0.0,0.0,0.0
ESP-La Liga,2526,Oviedo,Kwasi Sibo,GHA,MF,27.0,1998.0,26,21,1681.0,18.7,0,0,0,0,0,0,3,1,0.0,0.0,0.0,0.0,0.0
ESP-La Liga,2526,Oviedo,Leander Dendoncker,BEL,MF,30.0,1995.0,19,15,1330.0,14.8,1,0,1,1,0,0,2,0,0.07,0.0,0.07,0.07,0.07
ESP-La Liga,2526,Oviedo,Lucas Ahijado,ESP,DF,30.0,1995.0,20,11,1098.0,12.2,0,1,1,0,0,0,3,0,0.0,0.08,0.08,0.0,0.08
ESP-La Liga,2526,Oviedo,Luka Ilić,SRB,"MF,FW",26.0,1999.0,19,8,742.0,8.2,1,0,1,1,0,0,4,1,0.12,0.0,0.12,0.12,0.12
ESP-La Liga,2526,Oviedo,Marco Esteban,ESP,DF,19.0,2006.0,1,0,45.0,0.5,0,0,0,0,0,0,0,0,0.0,0.0,0.0,0.0,0.0
ESP-La Liga,2526,Oviedo,Nacho Vidal,ESP,DF,30.0,1995.0,29,27,2263.0,25.1,0,0,0,0,0,0,4,0,0.0,0.0,0.0,0.0,0.0
ESP-La Liga,2526,Oviedo,Nicolas Fonseca,URU,MF,26.0,1998.0,19,12,1018.0,11.3,0,0,0,0,0,0,6,0,0.0,0.0,0.0,0.0,0.0
ESP-La Liga,2526,Oviedo,Oier Luengo,ESP,DF,27.0,1997.0,3,3,225.0,2.5,0,1,1,0,0,0,1,0,0.0,0.4,0.4,0.0,0.4
ESP-La Liga,2526,Oviedo,Omar Falah,ESP,DF,21.0,2003.0,1,0,14.0,0.2,0,0,0,0,0,0,0,0,0.0,0.0,0.0,0.0,0.0
ESP-La Liga,2526,Oviedo,Ovie Ejaria,ENG,MF,27.0,1997.0,8,2,200.0,2.2,0,0,0,0,0,0,1,0,0.0,0.0,0.0,0.0,0.0
ESP-La Liga,2526,Oviedo,Pablo Agudín,ESP,MF,17.0,2007.0,7,0,90.0,1.0,0,0,0,0,0,0,0,0,0.0,0.0,0.0,0.0,0.0
ESP-La Liga,2526,Oviedo,Rahim Bonkano,NIG,DF,23.0,2002.0,27,18,1713.0,19.0,0,0,0,0,0,0,2,0,0.0,0.0,0.0,0.0,0.0
ESP-La Liga,2526,Oviedo,Salomón Rondón,VEN,FW,35.0,1989.0,16,13,1032.0,11.5,2,0,2,2,0,1,2,0,0.17,0.0,0.17,0.17,0.17
ESP-La Liga,2526,Oviedo,Santi Cazorla,ESP,MF,40.0,1984.0,28,6,940.0,10.4,0,1,1,0,0,0,2,1,0.0,0.1,0.1,0.0,0.1
ESP-La Liga,2526,Oviedo,Santiago Colombatto,ARG,MF,28.0,1997.0,32,23,2064.0,22.9,0,1,1,0,0,0,6,0,0.0,0.04,0.04,0.0,0.04
ESP-La Liga,2526,Oviedo,Thiago Borbas,URU,FW,23.0,2002.0,12,0,179.0,2.0,0,0,0,0,0,0,1,0,0.0,0.0,0.0,0.0,0.0
ESP-La Liga,2526,Oviedo,Thiago Fernández,ARG,"MF,FW",21.0,2004.0,16,9,817.0,9.1,0,4,4,0,0,0,4,0,0.0,0.44,0.44,0.0,0.44
ESP-La Liga,2526,Oviedo,Álex Forés,ESP,FW,24.0,2001.0,18,3,360.0,4.0,0,1,1,0,0,0,0,0,0.0,0.25,0.25,0.0,0.25
ESP-La Liga,2526,Rayo Vallecano,Abdul Mumin,GHA,DF,27.0,1998.0,3,1,79.0,0.9,0,0,0,0,0,0,0,0,0.0,0.0,0.0,0.0,0.0
ESP-La Liga,2526,Rayo Vallecano,Alexandre Alemão,BRA,FW,27.0,1998.0,26,11,1136.0,12.6,4,0,4,4,0,0,3,0,0.32,0.0,0.32,0.32,0.32
ESP-La Liga,2526,Rayo Vallecano,Alfonso Espino,URU,"DF,MF",33.0,1992.0,30,15,1486.0,16.5,2,0,2,2,0,0,3,0,0.12,0.0,0.12,0.12,0.12
ESP-La Liga,2526,Rayo Vallecano,Andrei Ratiu,ROU,DF,27.0,1998.0,35,31,2807.0,31.2,0,4,4,0,0,0,9,0,0.0,0.13,0.13,0.0,0.13
ESP-La Liga,2526,Rayo Vallecano,Augusto Batalla,ARG,GK,29.0,1996.0,34,34,3060.0,34.0,0,0,0,0,0,0,6,0,0.0,0.0,0.0,0.0,0.0
ESP-La Liga,2526,Rayo Vallecano,Carlos Martín,ESP,"MF,FW",23.0,2002.0,11,7,450.0,5.0,0,0,0,0,0,0,1,0,0.0,0.0,0.0,0.0,0.0
ESP-La Liga,2526,Rayo Vallecano,Dani Cárdenas,ESP,GK,28.0,1997.0,4,4,360.0,4.0,0,0,0,0,0,0,0,0,0.0,0.0,0.0,0.0,0.0
ESP-La Liga,2526,Rayo Vallecano,Florian Lejeune,FRA,DF,34.0,1991.0,36,36,3230.0,35.9,2,1,3,2,0,0,7,0,0.06,0.03,0.08,0.06,0.08
ESP-La Liga,2526,Rayo Vallecano,Francisco Perez,ESP,"MF,FW",22.0,2002.0,29,12,1237.0,13.7,2,1,3,2,0,0,4,0,0.15,0.07,0.22,0.15,0.22
ESP-La Liga,2526,Rayo Vallecano,Gerard Gumbau,ESP,MF,30.0,1994.0,28,14,1175.0,13.1,0,3,3,0,0,0,4,0,0.0,0.23,0.23,0.0,0.23
ESP-La Liga,2526,Rayo Vallecano,Ilias Akhomach,MAR,"MF,FW",21.0,2004.0,11,7,709.0,7.9,0,1,1,0,0,0,2,0,0.0,0.13,0.13,0.0,0.13
ESP-La Liga,2526,Rayo Vallecano,Isaac Palazón Camacho,ESP,"MF,FW",30.0,1994.0,31,27,2248.0,25.0,3,3,6,1,2,3,10,1,0.12,0.12,0.24,0.04,0.16
ESP-La Liga,2526,Rayo Vallecano,Iván Balliu,ALB,DF,33.0,1992.0,14,6,582.0,6.5,0,0,0,0,0,0,2,0,0.0,0.0,0.0,0.0,0.0
ESP-La Liga,2526,Rayo Vallecano,Jorge de Frutos,ESP,"FW,MF",28.0,1997.0,36,31,2463.0,27.4,10,1,11,9,1,1,3,0,0.37,0.04,0.4,0.33,0.37
ESP-La Liga,2526,Rayo Vallecano,Jozhua Vertrouwd,NED,DF,20.0,2004.0,9,3,446.0,5.0,0,0,0,0,0,0,0,0,0.0,0.0,0.0,0.0,0.0
ESP-La Liga,2526,Rayo Vallecano,Luiz Felipe,ITA,DF,28.0,1997.0,10,7,470.0,5.2,0,0,0,0,0,0,1,0,0.0,0.0,0.0,0.0,0.0
ESP-La Liga,2526,Rayo Vallecano,Nobel Mendy,SEN,DF,20.0,2004.0,24,22,1797.0,20.0,2,0,2,2,0,0,9,2,0.1,0.0,0.1,0.1,0.1
ESP-La Liga,2526,Rayo Vallecano,Pathé Ciss,SEN,"MF,DF",31.0,1994.0,29,20,1999.0,22.2,2,1,3,2,0,0,9,2,0.09,0.05,0.14,0.09,0.14
ESP-La Liga,2526,Rayo Vallecano,Pedro Díaz,ESP,MF,27.0,1998.0,34,21,1870.0,20.8,0,1,1,0,0,0,2,0,0.0,0.05,0.05,0.0,0.05
ESP-La Liga,2526,Rayo Vallecano,Pelayo Fernandez,ESP,DF,22.0,2003.0,1,0,45.0,0.5,0,0,0,0,0,0,0,0,0.0,0.0,0.0,0.0,0.0
ESP-La Liga,2526,Rayo Vallecano,Pep Chavarría,ESP,DF,27.0,1998.0,33,29,2682.0,29.8,1,2,3,1,0,0,6,1,0.03,0.07,0.1,0.03,0.1
ESP-La Liga,2526,Rayo Vallecano,Randy Nteka,ANG,FW,27.0,1997.0,13,3,374.0,4.2,3,0,3,3,0,1,3,0,0.72,0.0,0.72,0.72,0.72
ESP-La Liga,2526,Rayo Vallecano,Samu Becerra,ESP,MF,19.0,2006.0,3,0,12.0,0.1,0,0,0,0,0,0,0,0,0.0,0.0,0.0,0.0,0.0
ESP-La Liga,2526,Rayo Vallecano,Sergio Camello,ESP,"FW,MF",24.0,2001.0,22,8,823.0,9.1,5,1,6,5,0,0,3,1,0.55,0.11,0.66,0.55,0.66
ESP-La Liga,2526,Rayo Vallecano,Unai López,ESP,MF,29.0,1995.0,28,19,1612.0,17.9,0,4,4,0,0,0,8,1,0.0,0.22,0.22,0.0,0.22
ESP-La Liga,2526,Rayo Vallecano,Álvaro García,ESP,"MF,FW",32.0,1992.0,32,23,2101.0,23.3,4,5,9,4,0,0,3,0,0.17,0.21,0.39,0.17,0.39
ESP-La Liga,2526,Rayo Vallecano,Óscar Trejo,ARG,MF,37.0,1988.0,7,1,144.0,1.6,0,1,1,0,0,0,2,0,0.0,0.62,0.62,0.0,0.62
ESP-La Liga,2526,Rayo Vallecano,Óscar Valentín,ESP,MF,30.0,1994.0,33,26,2108.0,23.4,1,0,1,1,0,0,3,1,0.04,0.0,0.04,0.04,0.04
ESP-La Liga,2526,Real Betis,Abde Ezzalzouli,MAR,"MF,FW",23.0,2001.0,29,26,2247.0,25.0,10,8,18,10,0,0,3,0,0.4,0.32,0.72,0.4,0.72
ESP-La Liga,2526,Real Betis,Adrián,ESP,GK,38.0,1987.0,1,1,90.0,1.0,0,0,0,0,0,0,0,0,0.0,0.0,0.0,0.0,0.0
ESP-La Liga,2526,Real Betis,Aitor Ruibal,ESP,"DF,MF",29.0,1996.0,27,20,1808.0,20.1,4,2,6,4,0,0,6,1,0.2,0.1,0.3,0.2,0.3
ESP-La Liga,2526,Real Betis,Antony,BRA,"MF,FW",25.0,2000.0,32,30,2447.0,27.2,8,6,14,8,0,0,6,1,0.29,0.22,0.51,0.29,0.51
ESP-La Liga,2526,Real Betis,Cucho,COL,FW,26.0,1999.0,32,30,2580.0,28.7,11,3,14,10,1,1,5,0,0.38,0.1,0.49,0.35,0.45
ESP-La Liga,2526,Real Betis,Cédric Bakambu,COD,FW,34.0,1991.0,18,5,569.0,6.3,3,1,4,3,0,0,1,0,0.47,0.16,0.63,0.47,0.63
ESP-La Liga,2526,Real Betis,Daniel Guerrero,ESP,MF,20.0,2005.0,1,0,1.0,0.0,0,0,0,0,0,0,0,0,0.0,0.0,0.0,0.0,0.0
ESP-La Liga,2526,Real Betis,Diego Llorente,ESP,DF,31.0,1993.0,18,14,1229.0,13.7,1,0,1,1,0,0,5,0,0.07,0.0,0.07,0.07,0.07
ESP-La Liga,2526,Real Betis,Ezequiel Ávila,ARG,FW,31.0,1994.0,16,3,380.0,4.2,1,0,1,0,1,1,3,0,0.24,0.0,0.24,0.0,0.0
ESP-La Liga,2526,Real Betis,Giovani Lo Celso,ARG,MF,29.0,1996.0,24,15,1393.0,15.5,2,3,5,2,0,0,4,0,0.13,0.19,0.32,0.13,0.32
ESP-La Liga,2526,Real Betis,Héctor Bellerín,ESP,DF,30.0,1995.0,27,20,1822.0,20.2,2,3,5,2,0,0,2,0,0.1,0.15,0.25,0.1,0.25
ESP-La Liga,2526,Real Betis,Isco,ESP,MF,33.0,1992.0,8,1,233.0,2.6,1,1,2,0,1,1,0,0,0.39,0.39,0.77,0.0,0.39
ESP-La Liga,2526,Real Betis,Iván Corralejo,ESP,MF,18.0,2007.0,1,0,15.0,0.2,0,0,0,0,0,0,0,0,0.0,0.0,0.0,0.0,0.0
ESP-La Liga,2526,Real Betis,Junior Firpo,DOM,DF,28.0,1996.0,12,10,827.0,9.2,0,1,1,0,0,0,2,0,0.0,0.11,0.11,0.0,0.11
ESP-La Liga,2526,Real Betis,Marc Bartra,ESP,DF,34.0,1991.0,25,21,1978.0,22.0,1,0,1,1,0,0,3,0,0.05,0.0,0.05,0.05,0.05
ESP-La Liga,2526,Real Betis,Marc Roca,ESP,MF,28.0,1996.0,29,23,2026.0,22.5,1,1,2,1,0,0,1,0,0.04,0.04,0.09,0.04,0.09
ESP-La Liga,2526,Real Betis,Natan,BRA,DF,24.0,2001.0,33,32,2807.0,31.2,0,0,0,0,0,0,8,0,0.0,0.0,0.0,0.0,0.0
ESP-La Liga,2526,Real Betis,Nelson Deossa,COL,MF,25.0,2000.0,20,8,743.0,8.3,0,0,0,0,0,0,3,0,0.0,0.0,0.0,0.0,0.0
ESP-La Liga,2526,Real Betis,Pablo Fornals,ESP,MF,29.0,1996.0,37,34,2848.0,31.6,9,6,15,9,0,0,2,0,0.28,0.19,0.47,0.28,0.47
ESP-La Liga,2526,Real Betis,Pablo Garcia,ESP,MF,19.0,2006.0,15,2,388.0,4.3,0,0,0,0,0,0,1,0,0.0,0.0,0.0,0.0,0.0
ESP-La Liga,2526,Real Betis,Pau López,ESP,GK,30.0,1994.0,9,9,810.0,9.0,0,0,0,0,0,0,1,0,0.0,0.0,0.0,0.0,0.0
ESP-La Liga,2526,Real Betis,Ricardo Rodríguez,SUI,DF,32.0,1992.0,23,18,1547.0,17.2,0,1,1,0,0,0,0,0,0.0,0.06,0.06,0.0,0.06
ESP-La Liga,2526,Real Betis,Rodrigo Riquelme,ESP,MF,25.0,2000.0,25,7,821.0,9.1,1,1,2,1,0,0,2,0,0.11,0.11,0.22,0.11,0.22
ESP-La Liga,2526,Real Betis,Sergi Altimira,ESP,MF,23.0,2001.0,24,13,1186.0,13.2,1,2,3,1,0,0,3,0,0.08,0.15,0.23,0.08,0.23
ESP-La Liga,2526,Real Betis,Sofyan Amrabat,MAR,MF,28.0,1996.0,17,14,1295.0,14.4,0,0,0,0,0,0,4,0,0.0,0.0,0.0,0.0,0.0
ESP-La Liga,2526,Real Betis,Valentín Gómez,ARG,DF,22.0,2003.0,28,19,1882.0,20.9,1,0,1,1,0,0,5,0,0.05,0.0,0.05,0.05,0.05
ESP-La Liga,2526,Real Betis,Álvaro Fidalgo,MEX,MF,28.0,1997.0,9,8,542.0,6.0,1,0,1,1,0,0,0,0,0.17,0.0,0.17,0.17,0.17
ESP-La Liga,2526,Real Betis,Álvaro Vallés,ESP,GK,28.0,1997.0,28,28,2520.0,28.0,0,0,0,0,0,0,1,0,0.0,0.0,0.0,0.0,0.0
ESP-La Liga,2526,Real Betis,Ángel Ortíz,ESP,DF,21.0,2004.0,13,7,584.0,6.5,0,0,0,0,0,0,1,0,0.0,0.0,0.0,0.0,0.0
ESP-La Liga,2526,Real Madrid,Andriy Lunin,UKR,GK,26.0,1999.0,6,6,540.0,6.0,0,0,0,0,0,0,0,1,0.0,0.0,0.0,0.0,0.0
ESP-La Liga,2526,Real Madrid,Antonio Rüdiger,GER,DF,32.0,1993.0,18,16,1490.0,16.6,1,0,1,1,0,0,0,0,0.06,0.0,0.06,0.06,0.06
ESP-La Liga,2526,Real Madrid,Arda Güler,TUR,MF,20.0,2005.0,33,25,2014.0,22.4,4,9,13,4,0,0,1,0,0.18,0.4,0.58,0.18,0.58
ESP-La Liga,2526,Real Madrid,Aurélien Tchouaméni,FRA,MF,25.0,2000.0,33,31,2615.0,29.1,1,0,1,1,0,0,8,0,0.03,0.0,0.03,0.03,0.03
ESP-La Liga,2526,Real Madrid,Brahim Díaz,MAR,"FW,MF",25.0,1999.0,30,13,1257.0,14.0,1,6,7,1,0,0,2,0,0.07,0.43,0.5,0.07,0.5
ESP-La Liga,2526,Real Madrid,César Palacios,ESP,MF,20.0,2004.0,5,0,86.0,1.0,0,0,0,0,0,0,0,0,0.0,0.0,0.0,0.0,0.0
ESP-La Liga,2526,Real Madrid,Dani Carvajal,ESP,DF,33.0,1992.0,17,10,977.0,10.9,0,1,1,0,0,0,0,0,0.0,0.09,0.09,0.0,0.09
ESP-La Liga,2526,Real Madrid,Dani Ceballos,ESP,MF,28.0,1996.0,16,4,486.0,5.4,0,0,0,0,0,0,1,0,0.0,0.0,0.0,0.0,0.0
ESP-La Liga,2526,Real Madrid,Daniel Yáñez,ESP,MF,18.0,2007.0,2,0,47.0,0.5,0,1,1,0,0,0,0,0,0.0,1.91,1.91,0.0,1.91
ESP-La Liga,2526,Real Madrid,David Alaba,AUT,DF,33.0,1992.0,11,5,424.0,4.7,0,0,0,0,0,0,1,0,0.0,0.0,0.0,0.0,0.0
ESP-La Liga,2526,Real Madrid,David Jiménez,ESP,DF,21.0,2004.0,2,1,76.0,0.8,0,0,0,0,0,0,0,0,0.0,0.0,0.0,0.0,0.0
ESP-La Liga,2526,Real Madrid,Dean Huijsen,ESP,DF,20.0,2005.0,28,24,2034.0,22.6,2,2,4,2,0,0,7,1,0.09,0.09,0.18,0.09,0.18
ESP-La Liga,2526,Real Madrid,Diego Aguado,ESP,DF,18.0,2007.0,1,0,30.0,0.3,0,0,0,0,0,0,0,0,0.0,0.0,0.0,0.0,0.0
ESP-La Liga,2526,Real Madrid,Eduardo Camavinga,FRA,MF,22.0,2002.0,29,16,1528.0,17.0,1,0,1,1,0,0,2,0,0.06,0.0,0.06,0.06,0.06
ESP-La Liga,2526,Real Madrid,Endrick,BRA,FW,19.0,2006.0,1,0,12.0,0.1,0,0,0,0,0,0,0,1,0.0,0.0,0.0,0.0,0.0
ESP-La Liga,2526,Real Madrid,Federico Valverde,URU,"MF,DF",27.0,1998.0,33,31,2740.0,30.4,5,8,13,5,0,0,3,1,0.16,0.26,0.43,0.16,0.43
ESP-La Liga,2526,Real Madrid,Ferland Mendy,FRA,DF,30.0,1995.0,5,3,207.0,2.3,0,0,0,0,0,0,0,0,0.0,0.0,0.0,0.0,0.0
ESP-La Liga,2526,Real Madrid,Fran Garcia,ESP,"DF,MF",25.0,1999.0,13,10,929.0,10.3,1,1,2,1,0,0,2,1,0.1,0.1,0.19,0.1,0.19
ESP-La Liga,2526,Real Madrid,Franco Mastantuono,ARG,"MF,FW",17.0,2007.0,23,11,1037.0,11.5,1,0,1,1,0,0,5,1,0.09,0.0,0.09,0.09,0.09
ESP-La Liga,2526,Real Madrid,Gonzalo García,ESP,FW,21.0,2004.0,30,9,964.0,10.7,6,1,7,6,0,0,2,0,0.56,0.09,0.65,0.56,0.65
ESP-La Liga,2526,Real Madrid,Jorge Cestero,ESP,MF,19.0,2006.0,2,0,13.0,0.1,0,0,0,0,0,0,0,0,0.0,0.0,0.0,0.0,0.0
ESP-La Liga,2526,Real Madrid,Jude Bellingham,ENG,MF,22.0,2003.0,28,22,1916.0,21.3,6,4,10,6,0,0,3,0,0.28,0.19,0.47,0.28,0.47
ESP-La Liga,2526,Real Madrid,Kylian Mbappé,FRA,FW,26.0,1998.0,31,29,2599.0,28.9,25,5,30,17,8,9,4,0,0.87,0.17,1.04,0.59,0.76
ESP-La Liga,2526,Real Madrid,Manuel Serrano,ESP,DF,21.0,2004.0,1,0,7.0,0.1,0,0,0,0,0,0,0,0,0.0,0.0,0.0,0.0,0.0
ESP-La Liga,2526,Real Madrid,Manuel Ángel,ESP,MF,21.0,2004.0,4,1,96.0,1.1,0,0,0,0,0,0,0,0,0.0,0.0,0.0,0.0,0.0
ESP-La Liga,2526,Real Madrid,Raúl Asencio,ESP,DF,22.0,2003.0,23,18,1708.0,19.0,2,0,2,2,0,0,4,0,0.11,0.0,0.11,0.11,0.11
ESP-La Liga,2526,Real Madrid,Rodrygo,BRA,"MF,FW",24.0,2001.0,19,6,684.0,7.6,1,3,4,1,0,0,3,0,0.13,0.39,0.53,0.13,0.53
ESP-La Liga,2526,Real Madrid,Thiago Pinar,ESP,MF,17.0,2007.0,10,8,592.0,6.6,0,2,2,0,0,0,2,0,0.0,0.3,0.3,0.0,0.3
ESP-La Liga,2526,Real Madrid,Thibaut Courtois,BEL,GK,33.0,1992.0,32,32,2880.0,32.0,0,0,0,0,0,0,1,0,0.0,0.0,0.0,0.0,0.0
ESP-La Liga,2526,Real Madrid,Trent Alexander-Arnold,ENG,DF,26.0,1998.0,21,14,1163.0,12.9,0,4,4,0,0,0,4,0,0.0,0.31,0.31,0.0,0.31
ESP-La Liga,2526,Real Madrid,Victor Valdepeñas,ESP,DF,18.0,2006.0,1,1,77.0,0.9,0,0,0,0,0,0,0,0,0.0,0.0,0.0,0.0,0.0
ESP-La Liga,2526,Real Madrid,Vinicius Júnior,BRA,"FW,MF",25.0,2000.0,36,32,2815.0,31.3,16,5,21,12,4,5,8,0,0.51,0.16,0.67,0.38,0.54
ESP-La Liga,2526,Real Madrid,Álvaro Carreras,ESP,DF,22.0,2003.0,28,26,2332.0,25.9,2,3,5,2,0,0,5,1,0.08,0.12,0.19,0.08,0.19
ESP-La Liga,2526,Real Madrid,Álvaro Leiva,ESP,FW,22.0,2002.0,1,0,4.0,0.0,0,0,0,0,0,0,0,0,0.0,0.0,0.0,0.0,0.0
ESP-La Liga,2526,Real Madrid,Éder Militão,BRA,DF,27.0,1998.0,16,14,1139.0,12.7,2,1,3,2,0,0,2,0,0.16,0.08,0.24,0.16,0.24
ESP-La Liga,2526,Real Sociedad,Aihen Muñoz,ESP,DF,27.0,1997.0,21,9,848.0,9.4,1,0,1,1,0,0,1,0,0.11,0.0,0.11,0.11,0.11
ESP-La Liga,2526,Real Sociedad,Ander Barrenetxea,ESP,MF,23.0,2001.0,30,22,1763.0,19.6,3,5,8,3,0,0,5,0,0.15,0.26,0.41,0.15,0.41
ESP-La Liga,2526,Real Sociedad,Aritz Elustondo,ESP,DF,31.0,1994.0,16,8,720.0,8.0,0,1,1,0,0,0,0,0,0.0,0.12,0.12,0.0,0.12
ESP-La Liga,2526,Real Sociedad,Arkaitz Mariezkurrena,ESP,FW,20.0,2005.0,1,0,1.0,0.0,0,0,0,0,0,0,0,0,0.0,0.0,0.0,0.0,0.0
ESP-La Liga,2526,Real Sociedad,Arsen Zakharyan,RUS,MF,22.0,2003.0,17,3,458.0,5.1,0,0,0,0,0,0,2,0,0.0,0.0,0.0,0.0,0.0
ESP-La Liga,2526,Real Sociedad,Beñat Turrientes,ESP,MF,23.0,2002.0,27,16,1348.0,15.0,0,3,3,0,0,0,7,0,0.0,0.2,0.2,0.0,0.2
ESP-La Liga,2526,Real Sociedad,Brais Méndez,ESP,"MF,FW",28.0,1997.0,29,21,1660.0,18.4,6,2,8,5,1,2,4,1,0.33,0.11,0.43,0.27,0.38
ESP-La Liga,2526,Real Sociedad,Carlos Soler,ESP,MF,28.0,1997.0,33,26,2317.0,25.7,4,3,7,4,0,0,3,1,0.16,0.12,0.27,0.16,0.27
ESP-La Liga,2526,Real Sociedad,Daniel Díaz,ESP,FW,19.0,2006.0,1,0,18.0,0.2,0,0,0,0,0,0,0,0,0.0,0.0,0.0,0.0,0.0
ESP-La Liga,2526,Real Sociedad,Duje Ćaleta-Car,CRO,DF,28.0,1996.0,27,24,2150.0,23.9,1,0,1,1,0,0,6,1,0.04,0.0,0.04,0.04,0.04
ESP-La Liga,2526,Real Sociedad,Gonçalo Guedes,POR,MF,28.0,1996.0,32,22,1823.0,20.3,8,4,12,8,0,0,3,0,0.39,0.2,0.59,0.39,0.59
ESP-La Liga,2526,Real Sociedad,Gorka Carrera,ESP,FW,20.0,2005.0,3,0,62.0,0.7,0,0,0,0,0,0,1,0,0.0,0.0,0.0,0.0,0.0
ESP-La Liga,2526,Real Sociedad,Ibai Aguirre,ESP,MF,18.0,2007.0,1,0,6.0,0.1,0,0,0,0,0,0,0,0,0.0,0.0,0.0,0.0,0.0
ESP-La Liga,2526,Real Sociedad,Igor Zubeldia,ESP,DF,28.0,1997.0,25,23,2082.0,23.1,0,1,1,0,0,0,9,0,0.0,0.04,0.04,0.0,0.04
ESP-La Liga,2526,Real Sociedad,Iñaki Rupérez,ESP,DF,22.0,2003.0,1,0,1.0,0.0,0,0,0,0,0,0,0,0,0.0,0.0,0.0,0.0,0.0
ESP-La Liga,2526,Real Sociedad,Job Ochieng',KEN,MF,22.0,2003.0,2,1,93.0,1.0,0,0,0,0,0,0,0,0,0.0,0.0,0.0,0.0,0.0
ESP-La Liga,2526,Real Sociedad,Jon Aramburu,VEN,DF,23.0,2002.0,35,31,2773.0,30.8,1,0,1,1,0,0,11,0,0.03,0.0,0.03,0.03,0.03
ESP-La Liga,2526,Real Sociedad,Jon Gorrotxategi,ESP,MF,23.0,2002.0,30,26,2210.0,24.6,1,3,4,1,0,0,7,0,0.04,0.12,0.16,0.04,0.16
ESP-La Liga,2526,Real Sociedad,Jon Karrikaburu,ESP,FW,22.0,2002.0,7,0,135.0,1.5,0,0,0,0,0,0,0,0,0.0,0.0,0.0,0.0,0.0
ESP-La Liga,2526,Real Sociedad,Jon Martin,ESP,DF,19.0,2006.0,25,25,2250.0,25.0,2,0,2,2,0,0,6,0,0.08,0.0,0.08,0.08,0.08
ESP-La Liga,2526,Real Sociedad,Lander Astiazaran,ESP,MF,19.0,2006.0,1,0,1.0,0.0,0,0,0,0,0,0,0,0,0.0,0.0,0.0,0.0,0.0
ESP-La Liga,2526,Real Sociedad,Luka Sučić,CRO,"MF,FW",22.0,2002.0,22,10,1022.0,11.4,3,1,4,3,0,0,1,0,0.26,0.09,0.35,0.26,0.35
ESP-La Liga,2526,Real Sociedad,Luken Beitia,ESP,DF,21.0,2004.0,2,1,95.0,1.1,0,0,0,0,0,0,0,0,0.0,0.0,0.0,0.0,0.0
ESP-La Liga,2526,Real Sociedad,Mikel Goti,ESP,MF,23.0,2002.0,4,1,76.0,0.8,0,0,0,0,0,0,0,0,0.0,0.0,0.0,0.0,0.0
ESP-La Liga,2526,Real Sociedad,Mikel Oyarzabal,ESP,FW,28.0,1997.0,34,30,2710.0,30.1,15,4,19,8,7,7,3,0,0.5,0.13,0.63,0.27,0.4
ESP-La Liga,2526,Real Sociedad,Orri Steinn Óskarsson,ISL,FW,20.0,2004.0,20,8,835.0,9.3,9,0,9,9,0,0,5,0,0.97,0.0,0.97,0.97,0.97
ESP-La Liga,2526,Real Sociedad,Pablo Marín,ESP,MF,22.0,2003.0,34,15,1502.0,16.7,0,1,1,0,0,0,2,0,0.0,0.06,0.06,0.0,0.06
ESP-La Liga,2526,Real Sociedad,Sergio Gómez,ESP,DF,24.0,2000.0,35,30,2701.0,30.0,0,6,6,0,0,0,5,1,0.0,0.2,0.2,0.0,0.2
ESP-La Liga,2526,Real Sociedad,Takefusa Kubo,JPN,MF,24.0,2001.0,24,17,1503.0,16.7,2,4,6,2,0,0,2,0,0.12,0.24,0.36,0.12,0.36
ESP-La Liga,2526,Real Sociedad,Umar Sadiq,NGA,FW,28.0,1997.0,5,2,153.0,1.7,0,0,0,0,0,0,1,0,0.0,0.0,0.0,0.0,0.0
ESP-La Liga,2526,Real Sociedad,Unai Marrero,ESP,GK,23.0,2001.0,1,1,90.0,1.0,0,0,0,0,0,0,1,0,0.0,0.0,0.0,0.0,0.0
ESP-La Liga,2526,Real Sociedad,Urko González,ESP,"DF,MF",24.0,2001.0,1,0,11.0,0.1,0,0,0,0,0,0,0,0,0.0,0.0,0.0,0.0,0.0
ESP-La Liga,2526,Real Sociedad,Wesley,BRA,MF,20.0,2005.0,5,1,88.0,1.0,0,0,0,0,0,0,0,0,0.0,0.0,0.0,0.0,0.0
ESP-La Liga,2526,Real Sociedad,Yangel Herrera,VEN,MF,27.0,1998.0,12,6,526.0,5.8,0,0,0,0,0,0,2,0,0.0,0.0,0.0,0.0,0.0
ESP-La Liga,2526,Real Sociedad,Álex Remiro,ESP,GK,30.0,1995.0,37,37,3330.0,37.0,0,0,0,0,0,0,1,0,0.0,0.0,0.0,0.0,0.0
ESP-La Liga,2526,Real Sociedad,Álvaro Odriozola,ESP,DF,29.0,1995.0,5,2,201.0,2.2,1,0,1,1,0,0,0,0,0.45,0.0,0.45,0.45,0.45
ESP-La Liga,2526,Sevilla,Adnan Januzaj,BEL,"MF,FW",30.0,1995.0,12,2,321.0,3.6,0,0,0,0,0,0,1,0,0.0,0.0,0.0,0.0,0.0
ESP-La Liga,2526,Sevilla,Adrià Pedrosa,ESP,"DF,MF",27.0,1998.0,1,0,6.0,0.1,0,0,0,0,0,0,0,0,0.0,0.0,0.0,0.0,0.0
ESP-La Liga,2526,Sevilla,Akor Adams,NGA,FW,25.0,2000.0,32,21,2064.0,22.9,10,3,13,7,3,3,3,0,0.44,0.13,0.57,0.31,0.44
ESP-La Liga,2526,Sevilla,Alexis Sánchez,CHI,"FW,MF",36.0,1988.0,28,11,1308.0,14.5,4,2,6,3,1,1,3,0,0.28,0.14,0.41,0.21,0.34
ESP-La Liga,2526,Sevilla,Alfon,ESP,MF,26.0,1999.0,10,4,312.0,3.5,1,0,1,1,0,0,0,0,0.29,0.0,0.29,0.29,0.29
ESP-La Liga,2526,Sevilla,Batista Mendy,FRA,MF,25.0,2000.0,27,19,1617.0,18.0,1,0,1,1,0,0,6,0,0.06,0.0,0.06,0.06,0.06
ESP-La Liga,2526,Sevilla,Carmona,ESP,"DF,MF",23.0,2002.0,35,29,2565.0,28.5,1,3,4,1,0,0,13,0,0.04,0.11,0.14,0.04,0.14
ESP-La Liga,2526,Sevilla,Castrin,ESP,DF,22.0,2003.0,19,13,1277.0,14.2,1,0,1,1,0,0,4,0,0.07,0.0,0.07,0.07,0.07
ESP-La Liga,2526,Sevilla,Chidera Ejuke,NGA,"MF,FW",27.0,1998.0,27,6,932.0,10.4,1,1,2,1,0,0,0,0,0.1,0.1,0.19,0.1,0.19
ESP-La Liga,2526,Sevilla,César Azpilicueta,ESP,DF,35.0,1989.0,17,17,1213.0,13.5,0,1,1,0,0,0,4,0,0.0,0.07,0.07,0.0,0.07
ESP-La Liga,2526,Sevilla,Djibril Sow,SUI,MF,28.0,1997.0,33,27,2187.0,24.3,5,4,9,5,0,0,6,0,0.21,0.16,0.37,0.21,0.37
ESP-La Liga,2526,Sevilla,Dodi Lukebakio,BEL,MF,27.0,1997.0,2,2,180.0,2.0,1,0,1,1,0,0,0,0,0.5,0.0,0.5,0.5,0.5
ESP-La Liga,2526,Sevilla,Federico Gattoni,ARG,DF,26.0,1999.0,1,0,10.0,0.1,0,0,0,0,0,0,0,0,0.0,0.0,0.0,0.0,0.0
ESP-La Liga,2526,Sevilla,Fábio Cardoso,POR,DF,31.0,1994.0,4,4,295.0,3.3,0,0,0,0,0,0,0,0,0.0,0.0,0.0,0.0,0.0
ESP-La Liga,2526,Sevilla,Gabriel Suazo,CHI,"DF,MF",27.0,1997.0,29,25,2096.0,23.3,0,2,2,0,0,0,7,0,0.0,0.09,0.09,0.0,0.09
ESP-La Liga,2526,Sevilla,Isaac Romero,ESP,"FW,MF",25.0,2000.0,29,18,1484.0,16.5,4,0,4,4,0,1,6,1,0.24,0.0,0.24,0.24,0.24
ESP-La Liga,2526,Sevilla,Joan Jordán,ESP,MF,31.0,1994.0,3,0,25.0,0.3,0,0,0,0,0,0,1,1,0.0,0.0,0.0,0.0,0.0
ESP-La Liga,2526,Sevilla,Joaquín Martínez Gauna,ESP,"MF,DF",22.0,2003.0,21,14,1408.0,15.6,2,3,5,2,0,0,1,0,0.13,0.19,0.32,0.13,0.32
ESP-La Liga,2526,Sevilla,Juanlu Sánchez,ESP,"MF,DF",21.0,2003.0,32,23,1990.0,22.1,0,3,3,0,0,0,6,1,0.0,0.14,0.14,0.0,0.14
ESP-La Liga,2526,Sevilla,Kike Salas,ESP,DF,23.0,2002.0,26,24,2203.0,24.5,2,0,2,2,0,0,1,0,0.08,0.0,0.08,0.08,0.08
ESP-La Liga,2526,Sevilla,Lucien Agoume,FRA,MF,23.0,2002.0,34,31,2686.0,29.8,1,3,4,1,0,0,12,0,0.03,0.1,0.13,0.03,0.13
ESP-La Liga,2526,Sevilla,Manu Bueno,ESP,MF,21.0,2004.0,8,2,272.0,3.0,0,0,0,0,0,0,2,0,0.0,0.0,0.0,0.0,0.0
ESP-La Liga,2526,Sevilla,Marcão,BRA,DF,29.0,1996.0,13,11,938.0,10.4,1,0,1,1,0,0,5,1,0.1,0.0,0.1,0.1,0.1
ESP-La Liga,2526,Sevilla,Miguel Ángel Sierra,ESP,FW,21.0,2004.0,4,0,62.0,0.7,0,0,0,0,0,0,0,0,0.0,0.0,0.0,0.0,0.0
ESP-La Liga,2526,Sevilla,Neal Maupay,FRA,FW,28.0,1996.0,12,10,865.0,9.6,2,1,3,2,0,0,2,0,0.21,0.1,0.31,0.21,0.31
ESP-La Liga,2526,Sevilla,Nemanja Gudelj,SRB,"DF,MF",33.0,1991.0,34,26,2348.0,26.1,2,0,2,2,0,0,9,0,0.08,0.0,0.08,0.08,0.08
ESP-La Liga,2526,Sevilla,Odysseas Vlachodimos,GRE,GK,31.0,1994.0,33,33,2970.0,33.0,0,0,0,0,0,0,1,0,0.0,0.0,0.0,0.0,0.0
ESP-La Liga,2526,Sevilla,Peque,ESP,"MF,FW",22.0,2002.0,26,12,982.0,10.9,2,1,3,2,0,0,7,0,0.18,0.09,0.27,0.18,0.27
ESP-La Liga,2526,Sevilla,Ramón Martínez,ESP,DF,22.0,2002.0,2,0,102.0,1.1,0,0,0,0,0,0,0,0,0.0,0.0,0.0,0.0,0.0
ESP-La Liga,2526,Sevilla,Ruben Vargas,SUI,"MF,FW",26.0,1998.0,24,20,1594.0,17.7,3,6,9,2,1,1,2,0,0.17,0.34,0.51,0.11,0.45
ESP-La Liga,2526,Sevilla,Stanis Idumbo,BEL,MF,20.0,2005.0,1,1,45.0,0.5,0,0,0,0,0,0,0,0,0.0,0.0,0.0,0.0,0.0
ESP-La Liga,2526,Sevilla,Tanguy Nianzou,FRA,DF,23.0,2002.0,12,8,655.0,7.3,0,0,0,0,0,0,5,1,0.0,0.0,0.0,0.0,0.0
ESP-La Liga,2526,Sevilla,Ørjan Nyland,NOR,GK,34.0,1990.0,5,5,450.0,5.0,0,0,0,0,0,0,1,0,0.0,0.0,0.0,0.0,0.0
ESP-La Liga,2526,Valencia,André Almeida,POR,MF,25.0,2000.0,22,11,1017.0,11.3,0,2,2,0,0,0,0,0,0.0,0.18,0.18,0.0,0.18
ESP-La Liga,2526,Valencia,Arnaut Danjuma,NED,"MF,FW",28.0,1997.0,30,18,1628.0,18.1,3,2,5,3,0,1,0,0,0.17,0.11,0.28,0.17,0.28
ESP-La Liga,2526,Valencia,Baptiste Santamaria,FRA,MF,30.0,1995.0,19,7,754.0,8.4,1,1,2,1,0,0,2,0,0.12,0.12,0.24,0.12,0.24
ESP-La Liga,2526,Valencia,Copete,ESP,DF,25.0,1999.0,21,19,1759.0,19.5,0,0,0,0,0,0,5,0,0.0,0.0,0.0,0.0,0.0
ESP-La Liga,2526,Valencia,César Tárrega,ESP,DF,23.0,2002.0,32,29,2598.0,28.9,0,0,0,0,0,0,7,0,0.0,0.0,0.0,0.0,0.0
ESP-La Liga,2526,Valencia,Dani Raba,ESP,FW,29.0,1995.0,13,3,270.0,3.0,0,1,1,0,0,0,0,0,0.0,0.33,0.33,0.0,0.33
ESP-La Liga,2526,Valencia,Diego López,ESP,"MF,FW",23.0,2002.0,34,20,1762.0,19.6,4,1,5,4,0,0,2,0,0.2,0.05,0.26,0.2,0.26
ESP-La Liga,2526,Valencia,Dimitri Foulquier,FRA,DF,32.0,1993.0,15,12,1150.0,12.8,0,0,0,0,0,0,1,0,0.0,0.0,0.0,0.0,0.0
ESP-La Liga,2526,Valencia,Eray Cömert,SUI,DF,27.0,1998.0,17,15,1337.0,14.9,2,1,3,2,0,0,3,1,0.13,0.07,0.2,0.13,0.2
ESP-La Liga,2526,Valencia,Filip Ugrinic,SUI,MF,26.0,1999.0,27,17,1504.0,16.7,0,3,3,0,0,0,3,0,0.0,0.18,0.18,0.0,0.18
ESP-La Liga,2526,Valencia,Guido Rodríguez,ARG,MF,31.0,1994.0,16,14,1309.0,14.5,4,0,4,4,0,0,4,0,0.28,0.0,0.28,0.28,0.28
ESP-La Liga,2526,Valencia,Hugo Duro,ESP,FW,25.0,1999.0,36,22,1979.0,22.0,10,0,10,9,1,2,4,0,0.45,0.0,0.45,0.41,0.41
ESP-La Liga,2526,Valencia,Javier Guerra,ESP,"MF,FW",22.0,2003.0,36,25,2061.0,22.9,4,6,10,4,0,0,3,0,0.17,0.26,0.44,0.17,0.44
ESP-La Liga,2526,Valencia,Jesus Vazquez,ESP,"DF,MF",22.0,2003.0,24,7,974.0,10.8,0,0,0,0,0,0,2,0,0.0,0.0,0.0,0.0,0.0
ESP-La Liga,2526,Valencia,José Luis García Vayá,ESP,"MF,DF",26.0,1998.0,31,26,2225.0,24.7,2,0,2,1,1,3,4,0,0.08,0.0,0.08,0.04,0.04
ESP-La Liga,2526,Valencia,José Luis Gayà,ESP,DF,30.0,1995.0,32,31,2448.0,27.2,1,2,3,1,0,0,6,1,0.04,0.07,0.11,0.04,0.11
ESP-La Liga,2526,Valencia,Julen Agirrezabala,ESP,GK,24.0,2000.0,18,18,1620.0,18.0,0,0,0,0,0,0,1,0,0.0,0.0,0.0,0.0,0.0
ESP-La Liga,2526,Valencia,Largie Ramazani,BEL,"MF,FW",24.0,2001.0,27,11,1234.0,13.7,6,1,7,3,3,3,4,0,0.44,0.07,0.51,0.22,0.29
ESP-La Liga,2526,Valencia,Lucas Beltrán,ARG,FW,24.0,2001.0,27,16,1365.0,15.2,1,2,3,1,0,0,1,0,0.07,0.13,0.2,0.07,0.2
ESP-La Liga,2526,Valencia,Luis Rioja,ESP,MF,31.0,1993.0,37,31,2624.0,29.2,3,6,9,3,0,0,1,0,0.1,0.21,0.31,0.1,0.31
ESP-La Liga,2526,Valencia,Mouctar Diakhaby,GUI,DF,28.0,1996.0,8,7,543.0,6.0,1,0,1,1,0,0,3,0,0.17,0.0,0.17,0.17,0.17
ESP-La Liga,2526,Valencia,Renzo Saravia,ARG,DF,32.0,1993.0,5,4,351.0,3.9,0,0,0,0,0,0,2,0,0.0,0.0,0.0,0.0,0.0
ESP-La Liga,2526,Valencia,Ruben Lendinez,ESP,DF,22.0,2003.0,1,0,4.0,0.0,0,0,0,0,0,0,0,0,0.0,0.0,0.0,0.0,0.0
ESP-La Liga,2526,Valencia,Stole Dimitrievski,MKD,GK,31.0,1993.0,20,20,1800.0,20.0,0,0,0,0,0,0,1,0,0.0,0.0,0.0,0.0,0.0
ESP-La Liga,2526,Valencia,Thierry Correia,POR,"DF,MF",26.0,1999.0,24,17,1392.0,15.5,0,2,2,0,0,0,5,0,0.0,0.13,0.13,0.0,0.13
ESP-La Liga,2526,Valencia,Umar Sadiq,NGA,FW,28.0,1997.0,20,8,911.0,10.1,4,2,6,4,0,0,3,0,0.4,0.2,0.59,0.4,0.59
ESP-La Liga,2526,Valencia,Unai Núñez,ESP,DF,28.0,1997.0,13,10,911.0,10.1,0,0,0,0,0,0,3,0,0.0,0.0,0.0,0.0,0.0
ESP-La Liga,2526,Villarreal,Adrià Altimira,ESP,"DF,MF",24.0,2001.0,1,0,9.0,0.1,0,0,0,0,0,0,0,0,0.0,0.0,0.0,0.0,0.0
ESP-La Liga,2526,Villarreal,Alassane Diatta,SEN,MF,20.0,2005.0,1,0,25.0,0.3,0,0,0,0,0,0,0,0,0.0,0.0,0.0,0.0,0.0
ESP-La Liga,2526,Villarreal,Alberto Moleiro,ESP,MF,21.0,2003.0,37,30,2478.0,27.5,10,5,15,10,0,0,4,0,0.36,0.18,0.54,0.36,0.54
ESP-La Liga,2526,Villarreal,Alex Freeman,USA,DF,20.0,2004.0,9,3,346.0,3.8,0,0,0,0,0,0,0,0,0.0,0.0,0.0,0.0,0.0
ESP-La Liga,2526,Villarreal,Alfon,ESP,MF,26.0,1999.0,10,3,333.0,3.7,1,0,1,1,0,0,0,0,0.27,0.0,0.27,0.27,0.27
ESP-La Liga,2526,Villarreal,Alfonso Pedraza,ESP,DF,29.0,1996.0,27,19,1689.0,18.8,1,3,4,1,0,0,8,0,0.05,0.16,0.21,0.05,0.21
ESP-La Liga,2526,Villarreal,Arnau Tenas,ESP,GK,24.0,2001.0,10,10,900.0,10.0,0,0,0,0,0,0,0,0,0.0,0.0,0.0,0.0,0.0
ESP-La Liga,2526,Villarreal,Ayoze Pérez,ESP,FW,32.0,1993.0,25,12,1124.0,12.5,5,4,9,4,1,1,4,0,0.4,0.32,0.72,0.32,0.64
ESP-La Liga,2526,Villarreal,Carlos Macià,ESP,MF,16.0,2008.0,5,0,83.0,0.9,0,0,0,0,0,0,1,0,0.0,0.0,0.0,0.0,0.0
ESP-La Liga,2526,Villarreal,Daniel Parejo,ESP,MF,36.0,1989.0,32,16,1392.0,15.5,1,0,1,0,1,1,3,0,0.06,0.0,0.06,0.0,0.0
ESP-La Liga,2526,Villarreal,Georges Mikautadze,GEO,FW,24.0,2000.0,32,23,2109.0,23.4,13,6,19,13,0,0,1,0,0.55,0.26,0.81,0.55,0.81
ESP-La Liga,2526,Villarreal,Gerard Moreno,ESP,FW,33.0,1992.0,22,16,1343.0,14.9,10,0,10,7,3,3,0,0,0.67,0.0,0.67,0.47,0.47
ESP-La Liga,2526,Villarreal,Hugo López,ESP,MF,18.0,2007.0,2,1,56.0,0.6,0,0,0,0,0,0,0,0,0.0,0.0,0.0,0.0,0.0
ESP-La Liga,2526,Villarreal,Ilias Akhomach,MAR,MF,21.0,2004.0,9,2,188.0,2.1,0,0,0,0,0,0,0,0,0.0,0.0,0.0,0.0,0.0
ESP-La Liga,2526,Villarreal,Juan Foyth,ARG,DF,27.0,1998.0,13,12,934.0,10.4,0,0,0,0,0,0,2,0,0.0,0.0,0.0,0.0,0.0
ESP-La Liga,2526,Villarreal,Karl Etta Eyong,CMR,FW,21.0,2003.0,3,3,256.0,2.8,1,2,3,1,0,0,0,0,0.35,0.7,1.05,0.35,1.05
ESP-La Liga,2526,Villarreal,Logan Costa,CPV,DF,24.0,2001.0,2,0,30.0,0.3,0,0,0,0,0,0,0,0,0.0,0.0,0.0,0.0,0.0
ESP-La Liga,2526,Villarreal,Luiz Lúcio Reis Júnior,BRA,GK,24.0,2001.0,28,28,2520.0,28.0,0,0,0,0,0,0,3,0,0.0,0.0,0.0,0.0,0.0
ESP-La Liga,2526,Villarreal,Manor Solomon,ISR,MF,26.0,1999.0,6,1,150.0,1.7,1,1,2,1,0,0,0,0,0.6,0.6,1.2,0.6,1.2
ESP-La Liga,2526,Villarreal,Nicolas Pépé,CIV,"MF,FW",30.0,1995.0,36,26,2393.0,26.6,8,8,16,7,1,1,4,0,0.3,0.3,0.6,0.26,0.56
ESP-La Liga,2526,Villarreal,Pape Gueye,SEN,MF,26.0,1999.0,30,26,2131.0,23.7,5,2,7,4,1,1,8,0,0.21,0.08,0.3,0.17,0.25
ESP-La Liga,2526,Villarreal,Pau Cabanes,ESP,FW,20.0,2005.0,1,0,16.0,0.2,0,0,0,0,0,0,0,0,0.0,0.0,0.0,0.0,0.0
ESP-La Liga,2526,Villarreal,Pau Navarro,ESP,DF,20.0,2005.0,23,23,1921.0,21.3,0,0,0,0,0,0,4,0,0.0,0.0,0.0,0.0,0.0
ESP-La Liga,2526,Villarreal,Rafa Marín,ESP,DF,23.0,2002.0,23,21,1979.0,22.0,1,0,1,1,0,0,1,0,0.05,0.0,0.05,0.05,0.05
ESP-La Liga,2526,Villarreal,Renato Veiga,POR,DF,22.0,2003.0,32,27,2481.0,27.6,0,0,0,0,0,0,5,1,0.0,0.0,0.0,0.0,0.0
ESP-La Liga,2526,Villarreal,Santi Comesaña,ESP,MF,28.0,1996.0,34,28,2407.0,26.7,3,6,9,3,0,0,5,1,0.11,0.22,0.34,0.11,0.34
ESP-La Liga,2526,Villarreal,Santiago Mouriño,URU,DF,23.0,2002.0,28,27,2377.0,26.4,1,2,3,1,0,0,11,1,0.04,0.08,0.11,0.04,0.11
ESP-La Liga,2526,Villarreal,Sergi Cardona,ESP,DF,26.0,1999.0,31,20,1970.0,21.9,1,4,5,1,0,0,4,0,0.05,0.18,0.23,0.05,0.23
ESP-La Liga,2526,Villarreal,Tajon Buchanan,CAN,MF,26.0,1999.0,34,21,1819.0,20.2,7,1,8,7,0,0,8,0,0.35,0.05,0.4,0.35,0.4
ESP-La Liga,2526,Villarreal,Tani Oluwaseyi,CAN,FW,25.0,2000.0,27,9,901.0,10.0,2,2,4,2,0,0,1,0,0.2,0.2,0.4,0.2,0.4
ESP-La Liga,2526,Villarreal,Thomas Partey,GHA,MF,32.0,1993.0,25,8,934.0,10.4,0,0,0,0,0,0,1,0,0.0,0.0,0.0,0.0,0.0
ESP-La Liga,2526,Villarreal,Willy Kambwala,FRA,DF,20.0,2004.0,2,1,86.0,1.0,0,0,0,0,0,0,0,0,0.0,0.0,0.0,0.0,0.0
ESP-La Liga,2526,Villarreal,Yéremy Pino,ESP,MF,22.0,2002.0,2,2,159.0,1.8,0,1,1,0,0,0,0,0,0.0,0.57,0.57,0.0,0.57
FRA-Ligue 1,2425,Angers,Abdoulaye Bamba,CIV,DF,34.0,1990.0,19,16,1510.0,16.8,0,0,0,0,0,0,2,0,0.0,0.0,0.0,0.0,0.0
FRA-Ligue 1,2425,Angers,Bamba Dieng,SEN,FW,24.0,2000.0,18,5,532.0,5.9,3,0,3,2,1,1,1,0,0.51,0.0,0.51,0.34,0.34
FRA-Ligue 1,2425,Angers,Carlens Arcus,HAI,DF,28.0,1996.0,28,25,2047.0,22.7,0,1,1,0,0,0,3,0,0.0,0.04,0.04,0.0,0.04
FRA-Ligue 1,2425,Angers,Cédric Hountondji,BEN,DF,30.0,1994.0,3,3,270.0,3.0,0,0,0,0,0,0,0,0,0.0,0.0,0.0,0.0,0.0
FRA-Ligue 1,2425,Angers,Emmanuel Biumla,FRA,DF,19.0,2005.0,17,15,1336.0,14.8,1,0,1,1,0,0,2,0,0.07,0.0,0.07,0.07,0.07
FRA-Ligue 1,2425,Angers,Enzo Caumont,FRA,MF,20.0,2004.0,2,0,34.0,0.4,0,0,0,0,0,0,1,0,0.0,0.0,0.0,0.0,0.0
FRA-Ligue 1,2425,Angers,Esteban Lepaul,FRA,FW,24.0,2000.0,28,18,1629.0,18.1,9,0,9,9,0,0,2,0,0.5,0.0,0.5,0.5,0.5
FRA-Ligue 1,2425,Angers,Farid El Melali,ALG,"MF,FW",27.0,1997.0,32,22,1893.0,21.0,2,3,5,2,0,0,1,0,0.1,0.14,0.24,0.1,0.24
FRA-Ligue 1,2425,Angers,Florent Hanin,ALG,DF,34.0,1990.0,33,31,2672.0,29.7,1,2,3,1,0,0,2,0,0.03,0.07,0.1,0.03,0.1
FRA-Ligue 1,2425,Angers,Haris Belkebla,ALG,MF,30.0,1994.0,22,21,1792.0,19.9,0,1,1,0,0,0,1,0,0.0,0.05,0.05,0.0,0.05
FRA-Ligue 1,2425,Angers,Himad Abdelli,ALG,MF,24.0,1999.0,32,32,2842.0,31.6,6,1,7,3,3,4,4,0,0.19,0.03,0.22,0.1,0.13
FRA-Ligue 1,2425,Angers,Ibrahima Niane,SEN,FW,25.0,1999.0,24,8,943.0,10.5,3,1,4,2,1,1,0,0,0.29,0.1,0.38,0.19,0.29
FRA-Ligue 1,2425,Angers,Jacques Ekomie,GAB,"DF,MF",20.0,2003.0,18,7,697.0,7.7,0,0,0,0,0,0,1,0,0.0,0.0,0.0,0.0,0.0
FRA-Ligue 1,2425,Angers,Jean-Eudes Aholou,CIV,MF,30.0,1994.0,26,26,1959.0,21.8,2,0,2,2,0,0,7,0,0.09,0.0,0.09,0.09,0.09
FRA-Ligue 1,2425,Angers,Jim Allevinah,GAB,MF,29.0,1995.0,28,23,1750.0,19.4,1,3,4,1,0,0,3,0,0.05,0.15,0.21,0.05,0.21
FRA-Ligue 1,2425,Angers,Jordan Lefort,MTN,DF,30.0,1993.0,34,34,3060.0,34.0,0,1,1,0,0,0,3,0,0.0,0.03,0.03,0.0,0.03
FRA-Ligue 1,2425,Angers,Justin-Noël Kalumba,FRA,FW,19.0,2004.0,2,0,31.0,0.3,0,0,0,0,0,0,0,0,0.0,0.0,0.0,0.0,0.0
FRA-Ligue 1,2425,Angers,Lanroy Machine,FRA,MF,18.0,2005.0,2,0,8.0,0.1,0,0,0,0,0,0,0,0,0.0,0.0,0.0,0.0,0.0
FRA-Ligue 1,2425,Angers,Lilian Raolisoa,FRA,"DF,MF",24.0,2000.0,29,14,1318.0,14.6,0,3,3,0,0,0,1,2,0.0,0.2,0.2,0.0,0.2
FRA-Ligue 1,2425,Angers,Lois Diony,FRA,FW,31.0,1992.0,1,0,21.0,0.2,0,0,0,0,0,0,0,0,0.0,0.0,0.0,0.0,0.0
FRA-Ligue 1,2425,Angers,Marius Courcoul,FRA,MF,17.0,2007.0,8,3,309.0,3.4,0,0,0,0,0,0,0,0,0.0,0.0,0.0,0.0,0.0
FRA-Ligue 1,2425,Angers,Melvin Zinga,FRA,GK,22.0,2002.0,1,1,90.0,1.0,0,0,0,0,0,0,0,0,0.0,0.0,0.0,0.0,0.0
FRA-Ligue 1,2425,Angers,Ousmane Camara,MLI,DF,21.0,2003.0,3,3,252.0,2.8,0,0,0,0,0,0,1,0,0.0,0.0,0.0,0.0,0.0
FRA-Ligue 1,2425,Angers,Pierrick Capelle,FRA,MF,37.0,1987.0,16,3,483.0,5.4,0,0,0,0,0,0,4,0,0.0,0.0,0.0,0.0,0.0
FRA-Ligue 1,2425,Angers,Prosper Peter,NGA,FW,16.0,2007.0,2,0,27.0,0.3,0,0,0,0,0,0,0,0,0.0,0.0,0.0,0.0,0.0
FRA-Ligue 1,2425,Angers,Sidiki Cherif,FRA,FW,17.0,2006.0,7,3,324.0,3.6,0,0,0,0,0,0,0,0,0.0,0.0,0.0,0.0,0.0
FRA-Ligue 1,2425,Angers,Yahia Fofana,CIV,GK,23.0,2000.0,33,33,2970.0,33.0,0,0,0,0,0,0,4,0,0.0,0.0,0.0,0.0,0.0
FRA-Ligue 1,2425,Angers,Yassin Belkhdim,FRA,MF,22.0,2002.0,29,16,1523.0,16.9,1,1,2,1,0,0,4,0,0.06,0.06,0.12,0.06,0.12
FRA-Ligue 1,2425,Angers,Zinedine Ferhat,ALG,MF,31.0,1993.0,24,8,849.0,9.4,2,0,2,2,0,0,1,0,0.21,0.0,0.21,0.21,0.21
FRA-Ligue 1,2425,Angers,Zinédine Ould Khaled,FRA,MF,24.0,2000.0,10,4,343.0,3.8,0,0,0,0,0,0,1,0,0.0,0.0,0.0,0.0,0.0
FRA-Ligue 1,2425,Auxerre,Ado Onaiwu,JPN,"MF,FW",28.0,1995.0,31,9,957.0,10.6,4,1,5,4,0,0,1,1,0.38,0.09,0.47,0.38,0.47
FRA-Ligue 1,2425,Auxerre,Aristide Zossou,CIV,MF,19.0,2005.0,3,0,16.0,0.2,0,0,0,0,0,0,0,0,0.0,0.0,0.0,0.0,0.0
FRA-Ligue 1,2425,Auxerre,Assane Dioussé,SEN,MF,26.0,1997.0,17,7,663.0,7.4,0,0,0,0,0,0,1,0,0.0,0.0,0.0,0.0,0.0
FRA-Ligue 1,2425,Auxerre,Ben Viadere,FRA,FW,18.0,2005.0,1,0,5.0,0.1,0,0,0,0,0,0,0,0,0.0,0.0,0.0,0.0,0.0
FRA-Ligue 1,2425,Auxerre,Clément Akpa,CIV,DF,22.0,2001.0,31,29,2486.0,27.6,0,1,1,0,0,0,7,0,0.0,0.04,0.04,0.0,0.04
FRA-Ligue 1,2425,Auxerre,Donovan Léon,GUF,GK,31.0,1992.0,32,32,2880.0,32.0,0,2,2,0,0,0,4,0,0.0,0.06,0.06,0.0,0.06
FRA-Ligue 1,2425,Auxerre,Elisha Owusu,GHA,MF,26.0,1997.0,28,28,2344.0,26.0,1,3,4,1,0,0,7,0,0.04,0.12,0.15,0.04,0.15
FRA-Ligue 1,2425,Auxerre,Eros Maddy,NED,"FW,MF",23.0,2001.0,2,0,15.0,0.2,0,0,0,0,0,0,1,0,0.0,0.0,0.0,0.0,0.0
FRA-Ligue 1,2425,Auxerre,Florian Ayé,FRA,FW,27.0,1997.0,26,4,575.0,6.4,2,0,2,2,0,0,0,0,0.31,0.0,0.31,0.31,0.31
FRA-Ligue 1,2425,Auxerre,Fredrik Oppegard,NOR,"MF,DF",21.0,2002.0,9,2,273.0,3.0,0,0,0,0,0,0,0,0,0.0,0.0,0.0,0.0,0.0
FRA-Ligue 1,2425,Auxerre,Gabriel Osho,NGA,DF,25.0,1998.0,20,20,1654.0,18.4,1,0,1,1,0,0,1,1,0.05,0.0,0.05,0.05,0.05
FRA-Ligue 1,2425,Auxerre,Gaëtan Perrin,FRA,MF,28.0,1996.0,34,31,2691.0,29.9,10,11,21,10,0,0,2,0,0.33,0.37,0.7,0.33,0.7
FRA-Ligue 1,2425,Auxerre,Gideon Mensah,GHA,"DF,MF",26.0,1998.0,29,26,2280.0,25.3,0,1,1,0,0,0,2,0,0.0,0.04,0.04,0.0,0.04
FRA-Ligue 1,2425,Auxerre,Hamed Junior Traorè,CIV,MF,24.0,2000.0,26,26,2093.0,23.3,10,2,12,10,0,0,5,0,0.43,0.09,0.52,0.43,0.52
FRA-Ligue 1,2425,Auxerre,Han-Noah Massengo,FRA,MF,23.0,2001.0,17,11,1046.0,11.6,0,0,0,0,0,0,5,0,0.0,0.0,0.0,0.0,0.0
FRA-Ligue 1,2425,Auxerre,Jubal,BRA,DF,30.0,1993.0,30,30,2640.0,29.3,6,0,6,3,3,4,7,0,0.2,0.0,0.2,0.1,0.1
FRA-Ligue 1,2425,Auxerre,Ki-Jana Hoever,NED,"DF,MF",22.0,2002.0,30,26,2124.0,23.6,1,2,3,1,0,0,4,1,0.04,0.08,0.13,0.04,0.13
FRA-Ligue 1,2425,Auxerre,Kévin Danois,FRA,MF,20.0,2004.0,22,16,1460.0,16.2,0,0,0,0,0,0,1,0,0.0,0.0,0.0,0.0,0.0
FRA-Ligue 1,2425,Auxerre,Lassine Sinayoko,MLI,"FW,MF",24.0,1999.0,34,25,2299.0,25.5,5,8,13,4,1,1,5,0,0.2,0.31,0.51,0.16,0.47
FRA-Ligue 1,2425,Auxerre,Lasso Coulibaly,CIV,MF,21.0,2002.0,3,0,45.0,0.5,1,0,1,1,0,0,0,0,2.0,0.0,2.0,2.0,2.0
FRA-Ligue 1,2425,Auxerre,Loïc N'Gatta,FRA,DF,20.0,2003.0,2,0,13.0,0.1,0,0,0,0,0,0,1,0,0.0,0.0,0.0,0.0,0.0
FRA-Ligue 1,2425,Auxerre,Paul Joly,FRA,"DF,MF",24.0,2000.0,26,10,1009.0,11.2,0,1,1,0,0,0,3,1,0.0,0.09,0.09,0.0,0.09
FRA-Ligue 1,2425,Auxerre,Rayan Raveloson,MAD,"MF,DF",27.0,1997.0,13,7,724.0,8.0,1,0,1,1,0,0,3,0,0.12,0.0,0.12,0.12,0.12
FRA-Ligue 1,2425,Auxerre,Rudy Matondo,FRA,MF,16.0,2008.0,5,0,66.0,0.7,0,0,0,0,0,0,1,0,0.0,0.0,0.0,0.0,0.0
FRA-Ligue 1,2425,Auxerre,Sinaly Diomande,CIV,DF,23.0,2001.0,23,22,1945.0,21.6,3,2,5,3,0,0,6,0,0.14,0.09,0.23,0.14,0.23
FRA-Ligue 1,2425,Auxerre,Theo Bair,CAN,FW,24.0,1999.0,29,11,939.0,10.4,2,1,3,2,0,0,1,0,0.19,0.1,0.29,0.19,0.29
FRA-Ligue 1,2425,Auxerre,Théo De Percin,MTQ,GK,23.0,2001.0,2,2,180.0,2.0,0,0,0,0,0,0,0,0,0.0,0.0,0.0,0.0,0.0
FRA-Ligue 1,2425,Auxerre,Théo Pellenard,FRA,DF,30.0,1994.0,2,0,45.0,0.5,0,0,0,0,0,0,0,0,0.0,0.0,0.0,0.0,0.0
FRA-Ligue 1,2425,Auxerre,Yoann Cissé,FRA,MF,19.0,2004.0,2,0,5.0,0.1,0,0,0,0,0,0,0,0,0.0,0.0,0.0,0.0,0.0
FRA-Ligue 1,2425,Brest,Abdallah Sima,SEN,"FW,MF",23.0,2001.0,27,14,1238.0,13.8,7,2,9,7,0,0,2,0,0.51,0.15,0.65,0.51,0.65
FRA-Ligue 1,2425,Brest,Abdoulaye Ndiaye,SEN,DF,22.0,2002.0,22,19,1707.0,19.0,1,0,1,1,0,0,4,1,0.05,0.0,0.05,0.05,0.05
FRA-Ligue 1,2425,Brest,Axel Camblan,FRA,FW,20.0,2003.0,2,0,26.0,0.3,0,0,0,0,0,0,0,0,0.0,0.0,0.0,0.0,0.0
FRA-Ligue 1,2425,Brest,Bradley Locko,FRA,DF,22.0,2002.0,2,1,97.0,1.1,0,0,0,0,0,0,1,0,0.0,0.0,0.0,0.0,0.0
FRA-Ligue 1,2425,Brest,Brendan Chardonnet,FRA,DF,29.0,1994.0,27,27,2416.0,26.8,1,0,1,1,0,0,6,0,0.04,0.0,0.04,0.04,0.04
FRA-Ligue 1,2425,Brest,Edimilson Fernandes,SUI,"MF,DF",28.0,1996.0,19,12,1105.0,12.3,0,1,1,0,0,0,1,0,0.0,0.08,0.08,0.0,0.08
FRA-Ligue 1,2425,Brest,Grégoire Coudert,FRA,GK,25.0,1999.0,2,2,180.0,2.0,0,0,0,0,0,0,0,0,0.0,0.0,0.0,0.0,0.0
FRA-Ligue 1,2425,Brest,Hamidou Makalou,MLI,MF,18.0,2006.0,4,0,32.0,0.4,0,0,0,0,0,0,0,0,0.0,0.0,0.0,0.0,0.0
FRA-Ligue 1,2425,Brest,Hianga'a Mbock,FRA,MF,24.0,1999.0,1,0,21.0,0.2,0,0,0,0,0,0,0,0,0.0,0.0,0.0,0.0,0.0
FRA-Ligue 1,2425,Brest,Hugo Magnetti,FRA,MF,26.0,1998.0,32,27,2323.0,25.8,1,0,1,1,0,0,5,0,0.04,0.0,0.04,0.04,0.04
FRA-Ligue 1,2425,Brest,Ibrahim Salah,MAR,"MF,FW",22.0,2001.0,12,4,358.0,4.0,1,1,2,1,0,0,0,0,0.25,0.25,0.5,0.25,0.5
FRA-Ligue 1,2425,Brest,Jonas Martin,FRA,MF,34.0,1990.0,17,5,496.0,5.5,1,0,1,1,0,0,2,0,0.18,0.0,0.18,0.18,0.18
FRA-Ligue 1,2425,Brest,Jordan Amavi,FRA,DF,30.0,1994.0,11,8,790.0,8.8,0,0,0,0,0,0,2,0,0.0,0.0,0.0,0.0,0.0
FRA-Ligue 1,2425,Brest,Julien Le Cardinal,FRA,DF,26.0,1997.0,16,15,1378.0,15.3,0,1,1,0,0,0,3,0,0.0,0.07,0.07,0.0,0.07
FRA-Ligue 1,2425,Brest,Justin Bourgault,FRA,DF,18.0,2005.0,2,2,122.0,1.4,1,0,1,1,0,0,0,0,0.74,0.0,0.74,0.74,0.74
FRA-Ligue 1,2425,Brest,Jérémy Le Douaron,FRA,FW,26.0,1998.0,2,1,102.0,1.1,0,0,0,0,0,0,0,0,0.0,0.0,0.0,0.0,0.0
FRA-Ligue 1,2425,Brest,Kamory Doumbia,MLI,"MF,FW",21.0,2003.0,30,13,1322.0,14.7,3,2,5,3,0,0,1,0,0.2,0.14,0.34,0.2,0.34
FRA-Ligue 1,2425,Brest,Kenny Lala,MAD,DF,32.0,1991.0,30,29,2686.0,29.8,3,2,5,0,3,3,5,0,0.1,0.07,0.17,0.0,0.07
FRA-Ligue 1,2425,Brest,Luck Zogbé,CIV,DF,19.0,2005.0,13,7,638.0,7.1,0,0,0,0,0,0,2,0,0.0,0.0,0.0,0.0,0.0
FRA-Ligue 1,2425,Brest,Ludovic Ajorque,FRA,FW,30.0,1994.0,31,29,2495.0,27.7,13,2,15,13,0,1,5,0,0.47,0.07,0.54,0.47,0.54
FRA-Ligue 1,2425,Brest,Mahdi Camara,FRA,MF,26.0,1998.0,34,31,2659.0,29.5,5,3,8,5,0,0,5,0,0.17,0.1,0.27,0.17,0.27
FRA-Ligue 1,2425,Brest,Mama Samba Baldé,GNB,"FW,MF",28.0,1995.0,27,12,1149.0,12.8,2,3,5,2,0,0,4,0,0.16,0.23,0.39,0.16,0.39
FRA-Ligue 1,2425,Brest,Marco Bizot,NED,GK,33.0,1991.0,32,32,2880.0,32.0,0,0,0,0,0,0,4,0,0.0,0.0,0.0,0.0,0.0
FRA-Ligue 1,2425,Brest,Massadio Haïdara,MLI,DF,31.0,1992.0,22,20,1678.0,18.6,0,0,0,0,0,0,3,2,0.0,0.0,0.0,0.0,0.0
FRA-Ligue 1,2425,Brest,Mathias Pereira Lage,POR,"MF,FW",27.0,1996.0,29,18,1571.0,17.5,2,7,9,2,0,0,4,0,0.11,0.4,0.52,0.11,0.52
FRA-Ligue 1,2425,Brest,Pierre Lees-Melou,FRA,MF,31.0,1993.0,20,17,1526.0,17.0,2,2,4,2,0,0,7,0,0.12,0.12,0.24,0.12,0.24
FRA-Ligue 1,2425,Brest,Romain Del Castillo,FRA,"FW,MF",28.0,1996.0,26,14,1259.0,14.0,6,4,10,3,3,4,0,0,0.43,0.29,0.71,0.21,0.5
FRA-Ligue 1,2425,Brest,Romain Faivre,FRA,"MF,FW",26.0,1998.0,20,10,899.0,10.0,3,2,5,2,1,1,2,0,0.3,0.2,0.5,0.2,0.4
FRA-Ligue 1,2425,Brest,Soumaïla Coulibaly,FRA,DF,20.0,2003.0,7,5,438.0,4.9,0,0,0,0,0,0,1,0,0.0,0.0,0.0,0.0,0.0
FRA-Ligue 1,2425,Brest,Sérigné Diop,SEN,FW,19.0,2005.0,2,0,4.0,0.0,0,0,0,0,0,0,0,0,0.0,0.0,0.0,0.0,0.0
FRA-Ligue 1,2425,Le Havre,Abdoulaye Touré,GUI,MF,30.0,1994.0,28,26,2324.0,25.8,10,1,11,2,8,9,5,0,0.39,0.04,0.43,0.08,0.12
FRA-Ligue 1,2425,Le Havre,Alois Confais,FRA,"DF,MF",27.0,1996.0,1,0,3.0,0.0,0,0,0,0,0,0,0,0,0.0,0.0,0.0,0.0,0.0
FRA-Ligue 1,2425,Le Havre,André Ayew,GHA,FW,34.0,1989.0,27,15,1453.0,16.1,4,1,5,4,0,0,2,0,0.25,0.06,0.31,0.25,0.31
FRA-Ligue 1,2425,Le Havre,Antoine Joujou,FRA,"MF,FW",21.0,2003.0,26,9,943.0,10.5,0,2,2,0,0,0,1,0,0.0,0.19,0.19,0.0,0.19
FRA-Ligue 1,2425,Le Havre,Arouna Sangante,SEN,DF,22.0,2002.0,16,16,1244.0,13.8,3,0,3,3,0,0,4,1,0.22,0.0,0.22,0.22,0.22
FRA-Ligue 1,2425,Le Havre,Arthur Desmas,FRA,GK,30.0,1994.0,18,18,1620.0,18.0,0,0,0,0,0,0,2,0,0.0,0.0,0.0,0.0,0.0
FRA-Ligue 1,2425,Le Havre,Christopher Opéri,CIV,"MF,DF",27.0,1997.0,13,13,1169.0,13.0,0,2,2,0,0,0,2,1,0.0,0.15,0.15,0.0,0.15
FRA-Ligue 1,2425,Le Havre,Daler Kuzyaev,RUS,MF,31.0,1993.0,12,6,567.0,6.3,1,0,1,1,0,0,1,0,0.16,0.0,0.16,0.16,0.16
FRA-Ligue 1,2425,Le Havre,Elysée Logbo,FRA,FW,20.0,2004.0,1,0,27.0,0.3,0,0,0,0,0,0,0,0,0.0,0.0,0.0,0.0,0.0
FRA-Ligue 1,2425,Le Havre,Emmanuel Sabbi,USA,"MF,FW",26.0,1997.0,15,7,653.0,7.3,0,0,0,0,0,0,1,0,0.0,0.0,0.0,0.0,0.0
FRA-Ligue 1,2425,Le Havre,Etienne Youte Kinkoue,FRA,DF,22.0,2002.0,28,26,2320.0,25.8,0,0,0,0,0,0,4,1,0.0,0.0,0.0,0.0,0.0
FRA-Ligue 1,2425,Le Havre,Fodé Ballo-Touré,SEN,"DF,MF",27.0,1997.0,10,9,589.0,6.5,0,0,0,0,0,0,0,0,0.0,0.0,0.0,0.0,0.0
FRA-Ligue 1,2425,Le Havre,Gautier Lloris,FRA,DF,29.0,1995.0,31,31,2768.0,30.8,2,1,3,2,0,0,5,0,0.07,0.03,0.1,0.07,0.1
FRA-Ligue 1,2425,Le Havre,Ilyes Housni,FRA,FW,19.0,2005.0,12,3,230.0,2.6,0,0,0,0,0,0,0,0,0.0,0.0,0.0,0.0,0.0
FRA-Ligue 1,2425,Le Havre,Issa Soumaré,SEN,"MF,FW",23.0,2000.0,29,21,1902.0,21.1,5,4,9,5,0,0,0,0,0.24,0.19,0.43,0.24,0.43
FRA-Ligue 1,2425,Le Havre,Josué Casimir,HAI,"MF,FW",22.0,2001.0,27,23,1997.0,22.2,4,4,8,4,0,0,5,0,0.18,0.18,0.36,0.18,0.36
FRA-Ligue 1,2425,Le Havre,Junior Mwanga,FRA,MF,21.0,2003.0,11,11,952.0,10.6,1,2,3,1,0,0,1,1,0.09,0.19,0.28,0.09,0.28
FRA-Ligue 1,2425,Le Havre,Kandet Diawara,GUI,MF,24.0,2000.0,1,0,4.0,0.0,0,0,0,0,0,0,0,0,0.0,0.0,0.0,0.0,0.0
FRA-Ligue 1,2425,Le Havre,Koka,EGY,FW,31.0,1993.0,16,10,851.0,9.5,3,1,4,2,1,1,2,0,0.32,0.11,0.42,0.21,0.32
FRA-Ligue 1,2425,Le Havre,Loïc Nego,HUN,"DF,MF",33.0,1991.0,31,28,2459.0,27.3,0,0,0,0,0,0,4,0,0.0,0.0,0.0,0.0,0.0
FRA-Ligue 1,2425,Le Havre,Mahamadou Diawara,FRA,MF,19.0,2005.0,15,6,582.0,6.5,0,1,1,0,0,0,0,0,0.0,0.15,0.15,0.0,0.15
FRA-Ligue 1,2425,Le Havre,Mathieu Gorgelin,FRA,GK,33.0,1990.0,16,16,1440.0,16.0,0,0,0,0,0,0,2,0,0.0,0.0,0.0,0.0,0.0
FRA-Ligue 1,2425,Le Havre,Mathéo Bodmer,FRA,DF,20.0,2004.0,1,0,6.0,0.1,0,0,0,0,0,0,0,0,0.0,0.0,0.0,0.0,0.0
FRA-Ligue 1,2425,Le Havre,Oussama Targhalline,MAR,MF,22.0,2002.0,14,12,990.0,11.0,0,0,0,0,0,0,0,0,0.0,0.0,0.0,0.0,0.0
FRA-Ligue 1,2425,Le Havre,Rassoul Ndiaye,SEN,MF,22.0,2001.0,27,11,1061.0,11.8,1,0,1,1,0,0,2,0,0.08,0.0,0.08,0.08,0.08
FRA-Ligue 1,2425,Le Havre,Samuel Grandsir,FRA,"FW,MF",27.0,1996.0,6,0,84.0,0.9,0,0,0,0,0,0,0,0,0.0,0.0,0.0,0.0,0.0
FRA-Ligue 1,2425,Le Havre,Steve Ngoura,FRA,FW,19.0,2005.0,8,2,289.0,3.2,1,0,1,1,0,0,0,0,0.31,0.0,0.31,0.31,0.31
FRA-Ligue 1,2425,Le Havre,Timothee Pembele,FRA,"DF,MF",21.0,2002.0,20,12,1113.0,12.4,1,0,1,1,0,0,3,0,0.08,0.0,0.08,0.08,0.08
FRA-Ligue 1,2425,Le Havre,Yanis Zouaoui,ALG,"DF,MF",26.0,1998.0,17,9,976.0,10.8,0,2,2,0,0,0,3,0,0.0,0.18,0.18,0.0,0.18
FRA-Ligue 1,2425,Le Havre,Yassine Kechta,MAR,"MF,FW",22.0,2002.0,31,25,2096.0,23.3,2,0,2,2,0,0,4,0,0.09,0.0,0.09,0.09,0.09
FRA-Ligue 1,2425,Le Havre,Yoann Salmier,GUF,DF,31.0,1992.0,13,9,797.0,8.9,0,0,0,0,0,0,3,0,0.0,0.0,0.0,0.0,0.0
FRA-Ligue 1,2425,Lens,Abdukodir Khusanov,UZB,DF,20.0,2004.0,13,11,975.0,10.8,0,0,0,0,0,0,2,1,0.0,0.0,0.0,0.0,0.0
FRA-Ligue 1,2425,Lens,Abdulai Juma Bah,SLE,DF,18.0,2006.0,10,8,686.0,7.6,0,0,0,0,0,0,2,0,0.0,0.0,0.0,0.0,0.0
FRA-Ligue 1,2425,Lens,Adrien Thomasson,FRA,MF,30.0,1993.0,33,31,2615.0,29.1,3,7,10,3,0,0,7,0,0.1,0.24,0.34,0.1,0.34
FRA-Ligue 1,2425,Lens,Anass Zaroury,MAR,"MF,FW",23.0,2000.0,28,16,1405.0,15.6,2,2,4,2,0,0,3,1,0.13,0.13,0.26,0.13,0.26
FRA-Ligue 1,2425,Lens,Andy Diouf,FRA,MF,21.0,2003.0,34,27,2225.0,24.7,1,2,3,1,0,0,2,0,0.04,0.08,0.12,0.04,0.12
FRA-Ligue 1,2425,Lens,Angelo Fulgini,NCL,MF,27.0,1996.0,23,11,1045.0,11.6,1,1,2,1,0,0,3,0,0.09,0.09,0.17,0.09,0.17
FRA-Ligue 1,2425,Lens,Brice Samba,FRA,GK,30.0,1994.0,15,15,1350.0,15.0,0,0,0,0,0,0,1,0,0.0,0.0,0.0,0.0,0.0
FRA-Ligue 1,2425,Lens,David Costa,POR,MF,23.0,2001.0,11,3,352.0,3.9,0,0,0,0,0,0,0,1,0.0,0.0,0.0,0.0,0.0
FRA-Ligue 1,2425,Lens,Deiver Machado,COL,"DF,MF",30.0,1993.0,27,20,1805.0,20.1,1,4,5,1,0,0,7,2,0.05,0.2,0.25,0.05,0.25
FRA-Ligue 1,2425,Lens,Facundo Medina,ARG,DF,25.0,1999.0,29,29,2543.0,28.3,0,1,1,0,0,0,15,1,0.0,0.04,0.04,0.0,0.04
FRA-Ligue 1,2425,Lens,Florian Sotoca,FRA,"FW,MF",33.0,1990.0,31,22,1794.0,19.9,1,1,2,1,0,0,2,1,0.05,0.05,0.1,0.05,0.1
FRA-Ligue 1,2425,Lens,Gabin Capuano,FRA,FW,18.0,2006.0,1,0,11.0,0.1,0,0,0,0,0,0,0,0,0.0,0.0,0.0,0.0,0.0
FRA-Ligue 1,2425,Lens,Goduine Koyalipou,CTA,FW,24.0,2000.0,15,12,885.0,9.8,4,0,4,4,0,0,0,0,0.41,0.0,0.41,0.41,0.41
FRA-Ligue 1,2425,Lens,Hamzat Ojediran,NGA,MF,20.0,2003.0,17,1,416.0,4.6,1,0,1,1,0,0,5,0,0.22,0.0,0.22,0.22,0.22
FRA-Ligue 1,2425,Lens,Hervé Koffi,BFA,GK,27.0,1996.0,5,5,450.0,5.0,0,0,0,0,0,0,2,0,0.0,0.0,0.0,0.0,0.0
FRA-Ligue 1,2425,Lens,Jeremy Agbonifo,SWE,FW,18.0,2005.0,8,1,300.0,3.3,1,0,1,1,0,0,1,0,0.3,0.0,0.3,0.3,0.3
FRA-Ligue 1,2425,Lens,Jhoanner Chávez,ECU,MF,22.0,2002.0,10,7,596.0,6.6,1,0,1,1,0,0,1,0,0.15,0.0,0.15,0.15,0.15
FRA-Ligue 1,2425,Lens,Jonathan Gradit,FRA,DF,31.0,1992.0,25,24,2112.0,23.5,0,0,0,0,0,0,4,0,0.0,0.0,0.0,0.0,0.0
FRA-Ligue 1,2425,Lens,Kembo Diliwidi,FRA,FW,18.0,2006.0,1,0,4.0,0.0,0,0,0,0,0,0,0,0,0.0,0.0,0.0,0.0,0.0
FRA-Ligue 1,2425,Lens,Kevin Danso,AUT,DF,25.0,1998.0,12,12,1080.0,12.0,0,0,0,0,0,0,3,0,0.0,0.0,0.0,0.0,0.0
FRA-Ligue 1,2425,Lens,Kyllian Antonio,FRA,"MF,DF",16.0,2008.0,3,2,139.0,1.5,0,0,0,0,0,0,0,0,0.0,0.0,0.0,0.0,0.0
FRA-Ligue 1,2425,Lens,M'Bala Nzola,ANG,FW,27.0,1996.0,21,16,1460.0,16.2,6,1,7,6,0,0,3,1,0.37,0.06,0.43,0.37,0.43
FRA-Ligue 1,2425,Lens,Malang Sarr,FRA,DF,25.0,1999.0,21,15,1385.0,15.4,0,0,0,0,0,0,0,0,0.0,0.0,0.0,0.0,0.0
FRA-Ligue 1,2425,Lens,Martin Satriano,URU,FW,23.0,2001.0,7,0,88.0,1.0,0,0,0,0,0,0,0,0,0.0,0.0,0.0,0.0,0.0
FRA-Ligue 1,2425,Lens,Mathew Ryan,AUS,GK,32.0,1992.0,14,14,1260.0,14.0,0,0,0,0,0,0,0,0,0.0,0.0,0.0,0.0,0.0
FRA-Ligue 1,2425,Lens,Nampalys Mendy,SEN,MF,32.0,1992.0,10,7,588.0,6.5,0,1,1,0,0,0,2,0,0.0,0.15,0.15,0.0,0.15
FRA-Ligue 1,2425,Lens,Neil El Aynaoui,MAR,MF,23.0,2001.0,24,17,1588.0,17.6,8,1,9,5,3,3,4,0,0.45,0.06,0.51,0.28,0.34
FRA-Ligue 1,2425,Lens,Przemysław Frankowski,POL,"MF,DF",29.0,1995.0,18,16,1387.0,15.4,4,2,6,2,2,2,3,0,0.26,0.13,0.39,0.13,0.26
FRA-Ligue 1,2425,Lens,Rayan Fofana,FRA,MF,18.0,2006.0,2,0,25.0,0.3,0,0,0,0,0,0,0,0,0.0,0.0,0.0,0.0,0.0
FRA-Ligue 1,2425,Lens,Ruben Aguilar,FRA,"MF,DF",31.0,1993.0,16,13,1124.0,12.5,1,2,3,1,0,0,4,0,0.08,0.16,0.24,0.08,0.24
FRA-Ligue 1,2425,Lens,Rémy Labeau Lascary,GLP,"MF,FW",21.0,2003.0,14,6,637.0,7.1,2,1,3,2,0,0,5,0,0.28,0.14,0.42,0.28,0.42
FRA-Ligue 1,2425,Lens,Tom Pouilly,FRA,DF,21.0,2003.0,10,2,273.0,3.0,0,0,0,0,0,0,1,0,0.0,0.0,0.0,0.0,0.0
FRA-Ligue 1,2425,Lens,Wesley Saïd,FRA,FW,29.0,1995.0,24,11,905.0,10.1,3,0,3,3,0,0,4,0,0.3,0.0,0.3,0.3,0.3
FRA-Ligue 1,2425,Lille,Aaron Malouda,FRA,FW,18.0,2005.0,1,0,2.0,0.0,0,0,0,0,0,0,0,0,0.0,0.0,0.0,0.0,0.0
FRA-Ligue 1,2425,Lille,Alexsandro Ribeiro,BRA,DF,24.0,1999.0,30,30,2700.0,30.0,1,1,2,1,0,0,10,0,0.03,0.03,0.07,0.03,0.07
FRA-Ligue 1,2425,Lille,André Gomes,POR,MF,31.0,1993.0,20,16,1276.0,14.2,0,0,0,0,0,0,3,0,0.0,0.0,0.0,0.0,0.0
FRA-Ligue 1,2425,Lille,Angel Gomes,ENG,MF,23.0,2000.0,14,10,736.0,8.2,1,1,2,1,0,1,1,0,0.12,0.12,0.24,0.12,0.24
FRA-Ligue 1,2425,Lille,Ayyoub Bouaddi,MAR,MF,16.0,2007.0,24,11,1151.0,12.8,0,1,1,0,0,0,2,0,0.0,0.08,0.08,0.0,0.08
FRA-Ligue 1,2425,Lille,Aïssa Mandi,ALG,DF,32.0,1991.0,24,20,1733.0,19.3,0,0,0,0,0,0,3,0,0.0,0.0,0.0,0.0,0.0
FRA-Ligue 1,2425,Lille,Bafodé Diakité,FRA,DF,23.0,2001.0,31,31,2766.0,30.7,4,1,5,4,0,0,8,1,0.13,0.03,0.16,0.13,0.16
FRA-Ligue 1,2425,Lille,Benjamin André,FRA,MF,33.0,1990.0,30,30,2692.0,29.9,0,3,3,0,0,0,12,0,0.0,0.1,0.1,0.0,0.1
FRA-Ligue 1,2425,Lille,Chuba Akpom,ENG,FW,28.0,1995.0,14,6,639.0,7.1,3,1,4,2,1,2,0,0,0.42,0.14,0.56,0.28,0.42
FRA-Ligue 1,2425,Lille,Edon Zhegrova,KVX,MF,25.0,1999.0,12,12,978.0,10.9,4,1,5,4,0,0,1,0,0.37,0.09,0.46,0.37,0.46
FRA-Ligue 1,2425,Lille,Ethan Mbappé,FRA,MF,17.0,2006.0,10,1,222.0,2.5,0,0,0,0,0,0,3,0,0.0,0.0,0.0,0.0,0.0
FRA-Ligue 1,2425,Lille,Gabriel Gudmundsson,SWE,"DF,MF",25.0,1999.0,30,20,1785.0,19.8,2,0,2,2,0,0,3,0,0.1,0.0,0.1,0.1,0.1
FRA-Ligue 1,2425,Lille,Hákon Haraldsson,ISL,MF,21.0,2003.0,25,21,1755.0,19.5,5,3,8,5,0,0,3,0,0.26,0.15,0.41,0.26,0.41
FRA-Ligue 1,2425,Lille,Ismaily,BRA,DF,34.0,1990.0,16,10,904.0,10.0,0,1,1,0,0,0,4,0,0.0,0.1,0.1,0.0,0.1
FRA-Ligue 1,2425,Lille,Jonathan David,CAN,FW,24.0,2000.0,32,28,2554.0,28.4,16,5,21,10,6,7,4,0,0.56,0.18,0.74,0.35,0.53
FRA-Ligue 1,2425,Lille,Lucas Chevalier,FRA,GK,22.0,2001.0,34,34,3060.0,34.0,0,0,0,0,0,0,0,0,0.0,0.0,0.0,0.0,0.0
FRA-Ligue 1,2425,Lille,Matias Fernandez-Pardo,BEL,"MF,FW",19.0,2005.0,22,12,1065.0,11.8,4,2,6,4,0,0,4,0,0.34,0.17,0.51,0.34,0.51
FRA-Ligue 1,2425,Lille,Mitchel Bakker,NED,"MF,DF",24.0,2000.0,24,14,1139.0,12.7,3,2,5,3,0,0,3,1,0.24,0.16,0.4,0.24,0.4
FRA-Ligue 1,2425,Lille,Mohamed Lamine Bayo,GUI,FW,26.0,1998.0,12,4,309.0,3.4,2,1,3,2,0,0,1,0,0.58,0.29,0.87,0.58,0.87
FRA-Ligue 1,2425,Lille,Nabil Bentaleb,ALG,MF,29.0,1994.0,10,3,329.0,3.7,1,0,1,1,0,0,0,0,0.27,0.0,0.27,0.27,0.27
FRA-Ligue 1,2425,Lille,Ngal'Ayel Mukau,COD,MF,19.0,2004.0,22,14,1190.0,13.2,0,1,1,0,0,0,4,0,0.0,0.08,0.08,0.0,0.08
FRA-Ligue 1,2425,Lille,Osame Sahraoui,MAR,MF,23.0,2001.0,30,10,1293.0,14.4,3,3,6,3,0,0,1,0,0.21,0.21,0.42,0.21,0.42
FRA-Ligue 1,2425,Lille,Ousmane Toure,FRA,DF,19.0,2005.0,1,0,6.0,0.1,0,0,0,0,0,0,0,0,0.0,0.0,0.0,0.0,0.0
FRA-Ligue 1,2425,Lille,Rémy Cabella,FRA,MF,34.0,1990.0,23,12,1011.0,11.2,1,2,3,1,0,0,1,0,0.09,0.18,0.27,0.09,0.27
FRA-Ligue 1,2425,Lille,Thomas Meunier,BEL,DF,32.0,1991.0,30,21,1928.0,21.4,2,0,2,2,0,0,5,0,0.09,0.0,0.09,0.09,0.09
FRA-Ligue 1,2425,Lille,Tiago Santos,POR,"DF,MF",22.0,2002.0,7,4,404.0,4.5,0,0,0,0,0,0,1,0,0.0,0.0,0.0,0.0,0.0
FRA-Ligue 1,2425,Lille,Younes Lachaab,FRA,MF,19.0,2005.0,2,0,9.0,0.1,0,0,0,0,0,0,0,0,0.0,0.0,0.0,0.0,0.0
FRA-Ligue 1,2425,Lyon,Abner,BRA,"DF,MF",24.0,2000.0,19,12,1090.0,12.1,1,1,2,1,0,0,1,0,0.08,0.08,0.17,0.08,0.17
FRA-Ligue 1,2425,Lyon,Adryelson,BRA,DF,26.0,1998.0,1,0,1.0,0.0,0,0,0,0,0,0,1,0,0.0,0.0,0.0,0.0,0.0
FRA-Ligue 1,2425,Lyon,Ainsley Maitland-Niles,ENG,"DF,MF",26.0,1997.0,32,20,1985.0,22.1,1,4,5,1,0,0,1,0,0.05,0.18,0.23,0.05,0.23
FRA-Ligue 1,2425,Lyon,Alejandro Rodriguez,POR,FW,16.0,2008.0,1,0,20.0,0.2,0,0,0,0,0,0,0,0,0.0,0.0,0.0,0.0,0.0
FRA-Ligue 1,2425,Lyon,Alexandre Lacazette,FRA,FW,33.0,1991.0,30,24,2051.0,22.8,15,2,17,10,5,6,5,0,0.66,0.09,0.75,0.44,0.53
FRA-Ligue 1,2425,Lyon,Clinton Mata,ANG,DF,31.0,1992.0,29,27,2370.0,26.3,0,4,4,0,0,0,6,0,0.0,0.15,0.15,0.0,0.15
FRA-Ligue 1,2425,Lyon,Corentin Tolisso,FRA,MF,29.0,1994.0,32,27,2329.0,25.9,7,4,11,7,0,0,4,0,0.27,0.15,0.43,0.27,0.43
FRA-Ligue 1,2425,Lyon,Duje Ćaleta-Car,CRO,DF,27.0,1996.0,19,17,1584.0,17.6,1,0,1,1,0,0,8,0,0.06,0.0,0.06,0.06,0.06
FRA-Ligue 1,2425,Lyon,Ernest Nuamah,GHA,"MF,FW",20.0,2003.0,23,13,1052.0,11.7,3,1,4,3,0,0,2,0,0.26,0.09,0.34,0.26,0.34
FRA-Ligue 1,2425,Lyon,Georges Mikautadze,GEO,"FW,MF",23.0,2000.0,34,13,1449.0,16.1,11,6,17,8,3,4,2,0,0.68,0.37,1.06,0.5,0.87
FRA-Ligue 1,2425,Lyon,Gift Orban,NGA,FW,22.0,2002.0,3,2,186.0,2.1,2,0,2,2,0,0,1,0,0.97,0.0,0.97,0.97,0.97
FRA-Ligue 1,2425,Lyon,Jordan Veretout,FRA,MF,31.0,1993.0,27,19,1553.0,17.3,2,0,2,2,0,0,3,0,0.12,0.0,0.12,0.12,0.12
FRA-Ligue 1,2425,Lyon,Lucas Perri,BRA,GK,26.0,1997.0,33,33,2970.0,33.0,0,0,0,0,0,0,1,0,0.0,0.0,0.0,0.0,0.0
FRA-Ligue 1,2425,Lyon,Mahamadou Diawara,FRA,MF,19.0,2005.0,2,0,16.0,0.2,0,0,0,0,0,0,0,0,0.0,0.0,0.0,0.0,0.0
FRA-Ligue 1,2425,Lyon,Malick Fofana,BEL,"FW,MF",19.0,2005.0,29,16,1589.0,17.7,5,4,9,5,0,0,2,0,0.28,0.23,0.51,0.28,0.51
FRA-Ligue 1,2425,Lyon,Mama Samba Baldé,GNB,"FW,MF",28.0,1995.0,2,0,33.0,0.4,0,0,0,0,0,0,0,0,0.0,0.0,0.0,0.0,0.0
FRA-Ligue 1,2425,Lyon,Maxence Caqueret,FRA,MF,24.0,2000.0,9,6,573.0,6.4,0,0,0,0,0,0,1,0,0.0,0.0,0.0,0.0,0.0
FRA-Ligue 1,2425,Lyon,Moussa Niakhaté,SEN,DF,28.0,1996.0,31,30,2726.0,30.3,0,0,0,0,0,0,2,0,0.0,0.0,0.0,0.0,0.0
FRA-Ligue 1,2425,Lyon,Nemanja Matić,SRB,MF,35.0,1988.0,29,25,2010.0,22.3,0,1,1,0,0,0,1,0,0.0,0.04,0.04,0.0,0.04
FRA-Ligue 1,2425,Lyon,Nicolás Tagliafico,ARG,DF,31.0,1992.0,24,22,1902.0,21.1,3,1,4,3,0,0,7,0,0.14,0.05,0.19,0.14,0.19
FRA-Ligue 1,2425,Lyon,Orel Mangala,BEL,MF,26.0,1998.0,1,1,67.0,0.7,0,0,0,0,0,0,0,0,0.0,0.0,0.0,0.0,0.0
FRA-Ligue 1,2425,Lyon,Paul Akouokou,CIV,MF,26.0,1997.0,2,0,19.0,0.2,0,0,0,0,0,0,1,0,0.0,0.0,0.0,0.0,0.0
FRA-Ligue 1,2425,Lyon,Rayan Cherki,FRA,"MF,FW",20.0,2003.0,30,22,2041.0,22.7,8,11,19,8,0,0,3,0,0.35,0.49,0.84,0.35,0.84
FRA-Ligue 1,2425,Lyon,Rémy Descamps,FRA,GK,28.0,1996.0,1,1,90.0,1.0,0,0,0,0,0,0,0,0,0.0,0.0,0.0,0.0,0.0
FRA-Ligue 1,2425,Lyon,Sael Kumbedi,FRA,DF,19.0,2005.0,14,12,951.0,10.6,0,0,0,0,0,0,2,0,0.0,0.0,0.0,0.0,0.0
FRA-Ligue 1,2425,Lyon,Saïd Benrahma,ALG,"FW,MF",28.0,1995.0,13,9,735.0,8.2,1,3,4,1,0,0,0,0,0.12,0.37,0.49,0.12,0.49
FRA-Ligue 1,2425,Lyon,Tanner Tessmann,USA,MF,22.0,2001.0,25,13,1234.0,13.7,1,0,1,1,0,0,3,0,0.07,0.0,0.07,0.07,0.07
FRA-Ligue 1,2425,Lyon,Thiago Almada,ARG,MF,23.0,2001.0,16,9,951.0,10.6,1,4,5,1,0,0,3,0,0.09,0.38,0.47,0.09,0.47
FRA-Ligue 1,2425,Lyon,Téo Barisic,CRO,DF,19.0,2004.0,1,0,2.0,0.0,0,0,0,0,0,0,0,0,0.0,0.0,0.0,0.0,0.0
FRA-Ligue 1,2425,Lyon,Warmed Omari,COM,DF,24.0,2000.0,1,0,8.0,0.1,0,0,0,0,0,0,0,0,0.0,0.0,0.0,0.0,0.0
FRA-Ligue 1,2425,Lyon,Wilfried Zaha,CIV,FW,31.0,1992.0,4,1,73.0,0.8,0,0,0,0,0,0,0,0,0.0,0.0,0.0,0.0,0.0
FRA-Ligue 1,2425,Marseille,Adrien Rabiot,FRA,MF,29.0,1995.0,29,27,2485.0,27.6,9,4,13,9,0,0,4,0,0.33,0.14,0.47,0.33,0.47
FRA-Ligue 1,2425,Marseille,Amar Dedić,BIH,MF,21.0,2002.0,10,2,314.0,3.5,0,1,1,0,0,0,1,0,0.0,0.29,0.29,0.0,0.29
FRA-Ligue 1,2425,Marseille,Amine Gouiri,ALG,FW,24.0,2000.0,14,12,1048.0,11.6,10,3,13,10,0,0,0,0,0.86,0.26,1.12,0.86,1.12
FRA-Ligue 1,2425,Marseille,Amine Harit,MAR,MF,27.0,1997.0,13,8,519.0,5.8,2,4,6,2,0,0,1,1,0.35,0.69,1.04,0.35,1.04
FRA-Ligue 1,2425,Marseille,Bamo Meïté,CIV,DF,22.0,2001.0,3,0,26.0,0.3,0,0,0,0,0,0,0,0,0.0,0.0,0.0,0.0,0.0
FRA-Ligue 1,2425,Marseille,Bilal Nadir,MAR,MF,20.0,2003.0,15,5,383.0,4.3,1,0,1,1,0,0,2,0,0.23,0.0,0.23,0.23,0.23
FRA-Ligue 1,2425,Marseille,Darryl Bakola,FRA,MF,16.0,2007.0,2,0,14.0,0.2,0,0,0,0,0,0,1,0,0.0,0.0,0.0,0.0,0.0
FRA-Ligue 1,2425,Marseille,Derek Cornelius,CAN,DF,26.0,1997.0,21,17,1420.0,15.8,0,0,0,0,0,0,9,2,0.0,0.0,0.0,0.0,0.0
FRA-Ligue 1,2425,Marseille,Elye Wahi,CIV,FW,21.0,2003.0,13,7,574.0,6.4,3,1,4,2,1,1,1,0,0.47,0.16,0.63,0.31,0.47
FRA-Ligue 1,2425,Marseille,Emmanuel Koum Mbondo,FRA,FW,18.0,2006.0,1,0,12.0,0.1,0,0,0,0,0,0,0,0,0.0,0.0,0.0,0.0,0.0
FRA-Ligue 1,2425,Marseille,Enzo Sternal,FRA,FW,17.0,2007.0,2,0,24.0,0.3,0,0,0,0,0,0,1,0,0.0,0.0,0.0,0.0,0.0
FRA-Ligue 1,2425,Marseille,Faris Pemi Moumbagna,CMR,FW,24.0,2000.0,1,0,8.0,0.1,0,0,0,0,0,0,0,0,0.0,0.0,0.0,0.0,0.0
FRA-Ligue 1,2425,Marseille,Geoffrey Kondogbia,CTA,"DF,MF",31.0,1993.0,25,22,2020.0,22.4,0,0,0,0,0,0,1,0,0.0,0.0,0.0,0.0,0.0
FRA-Ligue 1,2425,Marseille,Gerónimo Rulli,ARG,GK,32.0,1992.0,34,34,3060.0,34.0,0,0,0,0,0,0,1,0,0.0,0.0,0.0,0.0,0.0
FRA-Ligue 1,2425,Marseille,Ismaël Bennacer,ALG,MF,26.0,1997.0,12,8,646.0,7.2,0,2,2,0,0,0,2,0,0.0,0.28,0.28,0.0,0.28
FRA-Ligue 1,2425,Marseille,Ismaël Koné,CAN,MF,22.0,2002.0,8,3,360.0,4.0,0,0,0,0,0,0,0,0,0.0,0.0,0.0,0.0,0.0
FRA-Ligue 1,2425,Marseille,Jonathan Rowe,ENG,"MF,FW",21.0,2003.0,28,6,807.0,9.0,3,3,6,3,0,0,2,0,0.33,0.33,0.67,0.33,0.67
FRA-Ligue 1,2425,Marseille,Keyliane Abdallah,FRA,FW,18.0,2006.0,1,0,3.0,0.0,0,0,0,0,0,0,0,0,0.0,0.0,0.0,0.0,0.0
FRA-Ligue 1,2425,Marseille,Leonardo Balerdi,ARG,DF,25.0,1999.0,27,27,2273.0,25.3,0,0,0,0,0,0,9,1,0.0,0.0,0.0,0.0,0.0
FRA-Ligue 1,2425,Marseille,Lilian Brassier,FRA,DF,24.0,1999.0,12,9,779.0,8.7,0,0,0,0,0,0,3,0,0.0,0.0,0.0,0.0,0.0
FRA-Ligue 1,2425,Marseille,Luis Henrique,BRA,MF,22.0,2001.0,33,29,2613.0,29.0,7,7,14,7,0,0,0,0,0.24,0.24,0.48,0.24,0.48
FRA-Ligue 1,2425,Marseille,Luiz Felipe,ITA,DF,27.0,1997.0,4,2,122.0,1.4,0,0,0,0,0,0,1,0,0.0,0.0,0.0,0.0,0.0
FRA-Ligue 1,2425,Marseille,Mason Greenwood,ENG,"MF,FW",22.0,2001.0,34,32,2804.0,31.2,21,5,26,14,7,9,3,0,0.67,0.16,0.83,0.45,0.61
FRA-Ligue 1,2425,Marseille,Michael Amir Murillo,PAN,DF,28.0,1996.0,30,27,2437.0,27.1,1,3,4,1,0,0,3,0,0.04,0.11,0.15,0.04,0.15
FRA-Ligue 1,2425,Marseille,Neal Maupay,FRA,FW,27.0,1996.0,22,13,1042.0,11.6,4,4,8,4,0,0,3,1,0.35,0.35,0.69,0.35,0.69
FRA-Ligue 1,2425,Marseille,Pierre Højbjerg,DEN,MF,28.0,1995.0,30,30,2664.0,29.6,2,4,6,2,0,0,5,0,0.07,0.14,0.2,0.07,0.2
FRA-Ligue 1,2425,Marseille,Pol Lirola,ESP,DF,26.0,1997.0,19,5,680.0,7.6,1,2,3,1,0,0,1,1,0.13,0.26,0.4,0.13,0.4
FRA-Ligue 1,2425,Marseille,Quentin Merlin,FRA,"MF,DF",22.0,2002.0,27,21,1589.0,17.7,1,3,4,1,0,0,1,0,0.06,0.17,0.23,0.06,0.23
FRA-Ligue 1,2425,Marseille,Robinio Vaz,FRA,FW,17.0,2007.0,2,0,75.0,0.8,0,0,0,0,0,0,1,0,0.0,0.0,0.0,0.0,0.0
FRA-Ligue 1,2425,Marseille,Ulisses Garcia,SUI,"DF,MF",28.0,1996.0,20,10,930.0,10.3,2,2,4,2,0,0,2,0,0.19,0.19,0.39,0.19,0.39
FRA-Ligue 1,2425,Marseille,Valentin Carboni,ARG,MF,19.0,2005.0,4,1,103.0,1.1,0,0,0,0,0,0,1,0,0.0,0.0,0.0,0.0,0.0
FRA-Ligue 1,2425,Marseille,Valentin Rongier,FRA,"MF,DF",29.0,1994.0,25,17,1562.0,17.4,3,1,4,3,0,0,5,0,0.17,0.06,0.23,0.17,0.23
FRA-Ligue 1,2425,Monaco,Al-Musrati,LBY,MF,28.0,1996.0,10,3,386.0,4.3,1,1,2,1,0,0,0,0,0.23,0.23,0.47,0.23,0.47
FRA-Ligue 1,2425,Monaco,Aleksandr Golovin,RUS,MF,28.0,1996.0,19,13,1153.0,12.8,3,0,3,3,0,0,1,0,0.23,0.0,0.23,0.23,0.23
FRA-Ligue 1,2425,Monaco,Breel Embolo,SUI,"FW,MF",27.0,1997.0,29,19,1841.0,20.5,6,4,10,6,0,0,5,0,0.29,0.2,0.49,0.29,0.49
FRA-Ligue 1,2425,Monaco,Caio Henrique,BRA,DF,27.0,1997.0,27,21,1929.0,21.4,0,6,6,0,0,0,3,0,0.0,0.28,0.28,0.0,0.28
FRA-Ligue 1,2425,Monaco,Christian Mawissa,FRA,DF,19.0,2005.0,22,17,1501.0,16.7,0,0,0,0,0,0,3,0,0.0,0.0,0.0,0.0,0.0
FRA-Ligue 1,2425,Monaco,Denis Zakaria,SUI,MF,27.0,1996.0,26,24,2144.0,23.8,6,4,10,4,2,2,5,0,0.25,0.17,0.42,0.17,0.34
FRA-Ligue 1,2425,Monaco,Eliesse Ben Seghir,MAR,MF,19.0,2005.0,33,19,1750.0,19.4,6,3,9,4,2,2,0,0,0.31,0.15,0.46,0.21,0.36
FRA-Ligue 1,2425,Monaco,Eliot Matazo,BEL,MF,22.0,2002.0,3,1,68.0,0.8,0,0,0,0,0,0,0,0,0.0,0.0,0.0,0.0,0.0
FRA-Ligue 1,2425,Monaco,Folarin Balogun,USA,FW,23.0,2001.0,13,7,615.0,6.8,4,0,4,4,0,0,0,0,0.59,0.0,0.59,0.59,0.59
FRA-Ligue 1,2425,Monaco,George Ilenikhena,NGA,FW,17.0,2006.0,23,6,717.0,8.0,3,2,5,3,0,0,0,0,0.38,0.25,0.63,0.38,0.63
FRA-Ligue 1,2425,Monaco,Ismail Jakobs,SEN,DF,24.0,1999.0,2,2,180.0,2.0,0,0,0,0,0,0,0,0,0.0,0.0,0.0,0.0,0.0
FRA-Ligue 1,2425,Monaco,Jordan Teze,NED,"DF,MF",24.0,1999.0,16,8,569.0,6.3,1,0,1,1,0,0,2,1,0.16,0.0,0.16,0.16,0.16
FRA-Ligue 1,2425,Monaco,Kassoum Ouattara,FRA,"MF,DF",19.0,2004.0,12,5,391.0,4.3,0,1,1,0,0,0,2,0,0.0,0.23,0.23,0.0,0.23
FRA-Ligue 1,2425,Monaco,Krépin Diatta,SEN,"DF,MF",25.0,1999.0,19,3,508.0,5.6,0,0,0,0,0,0,3,0,0.0,0.0,0.0,0.0,0.0
FRA-Ligue 1,2425,Monaco,Lamine Camara,SEN,MF,20.0,2004.0,29,25,2054.0,22.8,2,7,9,2,0,0,10,1,0.09,0.31,0.39,0.09,0.39
FRA-Ligue 1,2425,Monaco,Lucas Michal,FRA,FW,19.0,2005.0,8,0,117.0,1.3,0,0,0,0,0,0,0,0,0.0,0.0,0.0,0.0,0.0
FRA-Ligue 1,2425,Monaco,Maghnes Akliouche,FRA,MF,22.0,2002.0,32,27,2406.0,26.7,5,10,15,4,1,1,2,0,0.19,0.37,0.56,0.15,0.52
FRA-Ligue 1,2425,Monaco,Mamadou Coulibaly,FRA,MF,20.0,2004.0,1,0,8.0,0.1,0,0,0,0,0,0,0,0,0.0,0.0,0.0,0.0,0.0
FRA-Ligue 1,2425,Monaco,Mika Biereth,DEN,FW,21.0,2003.0,16,16,1228.0,13.6,13,2,15,12,1,2,0,0,0.95,0.15,1.1,0.88,1.03
FRA-Ligue 1,2425,Monaco,Mohammed Salisu,GHA,DF,25.0,1999.0,15,11,1023.0,11.4,1,0,1,1,0,0,2,0,0.09,0.0,0.09,0.09,0.09
FRA-Ligue 1,2425,Monaco,Philipp Köhn,SUI,GK,26.0,1998.0,19,19,1710.0,19.0,0,0,0,0,0,0,1,0,0.0,0.0,0.0,0.0,0.0
FRA-Ligue 1,2425,Monaco,Radosław Majecki,POL,GK,24.0,1999.0,15,15,1350.0,15.0,0,0,0,0,0,0,1,0,0.0,0.0,0.0,0.0,0.0
FRA-Ligue 1,2425,Monaco,Saïmon Bouabré,FRA,MF,18.0,2006.0,3,1,97.0,1.1,0,0,0,0,0,0,0,0,0.0,0.0,0.0,0.0,0.0
FRA-Ligue 1,2425,Monaco,Soungoutou Magassa,FRA,MF,20.0,2003.0,21,12,1025.0,11.4,0,1,1,0,0,0,5,1,0.0,0.09,0.09,0.0,0.09
FRA-Ligue 1,2425,Monaco,Takumi Minamino,JPN,MF,29.0,1995.0,31,27,2231.0,24.8,6,3,9,6,0,0,4,0,0.24,0.12,0.36,0.24,0.36
FRA-Ligue 1,2425,Monaco,Thilo Kehrer,GER,DF,27.0,1996.0,27,27,2383.0,26.5,4,0,4,4,0,0,1,0,0.15,0.0,0.15,0.15,0.15
FRA-Ligue 1,2425,Monaco,Vanderson,BRA,DF,23.0,2001.0,29,23,2064.0,22.9,1,3,4,1,0,0,6,1,0.04,0.13,0.17,0.04,0.17
FRA-Ligue 1,2425,Monaco,Wilfried Singo,CIV,DF,23.0,2000.0,27,23,2096.0,23.3,1,2,3,1,0,0,4,0,0.04,0.09,0.13,0.04,0.13
FRA-Ligue 1,2425,Montpellier,Akor Adams,NGA,FW,24.0,2000.0,15,13,1075.0,11.9,3,1,4,3,0,0,2,0,0.25,0.08,0.33,0.25,0.33
FRA-Ligue 1,2425,Montpellier,Andy Delort,ALG,FW,32.0,1991.0,9,8,607.0,6.7,0,0,0,0,0,0,1,0,0.0,0.0,0.0,0.0,0.0
FRA-Ligue 1,2425,Montpellier,Arnaud Nordin,FRA,"MF,FW",26.0,1998.0,16,14,1166.0,13.0,4,1,5,3,1,2,2,0,0.31,0.08,0.39,0.23,0.31
FRA-Ligue 1,2425,Montpellier,Axel Gueguin,FRA,FW,19.0,2005.0,1,0,23.0,0.3,0,0,0,0,0,0,0,0,0.0,0.0,0.0,0.0,0.0
FRA-Ligue 1,2425,Montpellier,Bamo Meïté,CIV,DF,22.0,2001.0,7,6,424.0,4.7,0,0,0,0,0,0,2,1,0.0,0.0,0.0,0.0,0.0
FRA-Ligue 1,2425,Montpellier,Becir Omeragic,SUI,DF,22.0,2002.0,22,21,1799.0,20.0,0,0,0,0,0,0,1,0,0.0,0.0,0.0,0.0,0.0
FRA-Ligue 1,2425,Montpellier,Benjamin Lecomte,FRA,GK,33.0,1991.0,30,30,2700.0,30.0,0,0,0,0,0,0,0,0,0.0,0.0,0.0,0.0,0.0
FRA-Ligue 1,2425,Montpellier,Birama Touré,MLI,"MF,DF",32.0,1992.0,8,2,300.0,3.3,0,0,0,0,0,0,2,0,0.0,0.0,0.0,0.0,0.0
FRA-Ligue 1,2425,Montpellier,Boubakar Kouyaté,MLI,DF,27.0,1997.0,11,8,756.0,8.4,0,0,0,0,0,0,6,1,0.0,0.0,0.0,0.0,0.0
FRA-Ligue 1,2425,Montpellier,Dimitry Bertaud,COD,GK,26.0,1998.0,4,4,360.0,4.0,0,0,0,0,0,0,0,0,0.0,0.0,0.0,0.0,0.0
FRA-Ligue 1,2425,Montpellier,Enzo Tchato,CMR,"DF,MF",21.0,2002.0,27,21,1899.0,21.1,0,0,0,0,0,0,3,0,0.0,0.0,0.0,0.0,0.0
FRA-Ligue 1,2425,Montpellier,Falaye Sacko,MLI,DF,29.0,1995.0,16,14,1233.0,13.7,0,1,1,0,0,0,1,0,0.0,0.07,0.07,0.0,0.07
FRA-Ligue 1,2425,Montpellier,Gabriel Bares,SUI,MF,23.0,2000.0,6,0,56.0,0.6,0,0,0,0,0,0,0,0,0.0,0.0,0.0,0.0,0.0
FRA-Ligue 1,2425,Montpellier,Issiaga Sylla,GUI,"DF,MF",30.0,1994.0,19,15,1156.0,12.8,1,0,1,1,0,0,2,0,0.08,0.0,0.08,0.08,0.08
FRA-Ligue 1,2425,Montpellier,Jordan Ferri,FRA,MF,32.0,1992.0,25,21,1773.0,19.7,0,2,2,0,0,0,6,1,0.0,0.1,0.1,0.0,0.1
FRA-Ligue 1,2425,Montpellier,Joris Chotard,FRA,MF,22.0,2001.0,26,23,1892.0,21.0,1,0,1,1,0,0,5,0,0.05,0.0,0.05,0.05,0.05
FRA-Ligue 1,2425,Montpellier,Junior Ndiaye,UAE,FW,19.0,2005.0,15,4,441.0,4.9,0,0,0,0,0,0,0,0,0.0,0.0,0.0,0.0,0.0
FRA-Ligue 1,2425,Montpellier,Khalil Fayad,FRA,"MF,FW",20.0,2004.0,20,10,1028.0,11.4,0,0,0,0,0,0,5,0,0.0,0.0,0.0,0.0,0.0
FRA-Ligue 1,2425,Montpellier,Lucas Mincarelli,FRA,DF,20.0,2004.0,10,8,715.0,7.9,1,0,1,1,0,0,0,0,0.13,0.0,0.13,0.13,0.13
FRA-Ligue 1,2425,Montpellier,Modibo Sagnan,MLI,DF,25.0,1999.0,27,24,2141.0,23.8,2,0,2,2,0,0,10,0,0.08,0.0,0.08,0.08,0.08
FRA-Ligue 1,2425,Montpellier,Musa Al-Taamari,JOR,"MF,FW",27.0,1997.0,15,12,1116.0,12.4,2,1,3,2,0,0,3,0,0.16,0.08,0.24,0.16,0.24
FRA-Ligue 1,2425,Montpellier,Nicolas Pays,FRA,"MF,FW",20.0,2003.0,9,4,447.0,5.0,0,0,0,0,0,0,0,0,0.0,0.0,0.0,0.0,0.0
FRA-Ligue 1,2425,Montpellier,Nikola Maksimović,SRB,DF,32.0,1991.0,7,7,581.0,6.5,0,0,0,0,0,0,2,0,0.0,0.0,0.0,0.0,0.0
FRA-Ligue 1,2425,Montpellier,Othmane Maamma,MAR,MF,18.0,2005.0,12,2,361.0,4.0,1,1,2,1,0,0,1,0,0.25,0.25,0.5,0.25,0.5
FRA-Ligue 1,2425,Montpellier,Rabby Nzingoula,FRA,MF,18.0,2005.0,27,20,1689.0,18.8,1,0,1,1,0,0,11,0,0.05,0.0,0.05,0.05,0.05
FRA-Ligue 1,2425,Montpellier,Simon Cara,FRA,FW,19.0,2005.0,2,0,9.0,0.1,0,0,0,0,0,0,0,0,0.0,0.0,0.0,0.0,0.0
FRA-Ligue 1,2425,Montpellier,Stefan Džodić,SRB,DF,19.0,2005.0,7,2,242.0,2.7,0,0,0,0,0,0,2,1,0.0,0.0,0.0,0.0,0.0
FRA-Ligue 1,2425,Montpellier,Tanguy Coulibaly,FRA,"MF,FW",23.0,2001.0,25,17,1485.0,16.5,3,0,3,3,0,0,4,2,0.18,0.0,0.18,0.18,0.18
FRA-Ligue 1,2425,Montpellier,Théo Chennahi,FRA,DF,19.0,2005.0,4,2,181.0,2.0,0,0,0,0,0,0,2,0,0.0,0.0,0.0,0.0,0.0
FRA-Ligue 1,2425,Montpellier,Théo Sainte-Luce,FRA,DF,25.0,1998.0,16,11,1018.0,11.3,1,0,1,1,0,0,3,0,0.09,0.0,0.09,0.09,0.09
FRA-Ligue 1,2425,Montpellier,Téji Savanier,FRA,MF,32.0,1991.0,31,27,2363.0,26.3,2,5,7,0,2,2,4,1,0.08,0.19,0.27,0.0,0.19
FRA-Ligue 1,2425,Montpellier,Wahbi Khazri,TUN,"FW,MF",33.0,1991.0,30,10,1118.0,12.4,1,1,2,1,0,0,4,0,0.08,0.08,0.16,0.08,0.16
FRA-Ligue 1,2425,Montpellier,Wilfried Ndollo,CMR,DF,19.0,2005.0,8,3,401.0,4.5,0,0,0,0,0,0,0,0,0.0,0.0,0.0,0.0,0.0
FRA-Ligue 1,2425,Montpellier,Yael Mouanga,FRA,DF,19.0,2005.0,14,10,946.0,10.5,0,0,0,0,0,0,3,0,0.0,0.0,0.0,0.0,0.0
FRA-Ligue 1,2425,Montpellier,Yanis Issoufou,FRA,MF,17.0,2006.0,4,1,77.0,0.9,0,0,0,0,0,0,0,0,0.0,0.0,0.0,0.0,0.0
FRA-Ligue 1,2425,Nantes,Alban Lafont,CIV,GK,25.0,1999.0,12,12,1080.0,12.0,0,0,0,0,0,0,1,0,0.0,0.0,0.0,0.0,0.0
FRA-Ligue 1,2425,Nantes,Anthony Lopes,POR,GK,33.0,1990.0,18,18,1563.0,17.4,0,0,0,0,0,0,2,0,0.0,0.0,0.0,0.0,0.0
FRA-Ligue 1,2425,Nantes,Bahereba Guirassy,FRA,MF,17.0,2006.0,19,2,348.0,3.9,2,0,2,2,0,0,0,0,0.52,0.0,0.52,0.52,0.52
FRA-Ligue 1,2425,Nantes,Dehmaine Assoumani,FRA,FW,19.0,2005.0,12,0,98.0,1.1,0,0,0,0,0,0,0,0,0.0,0.0,0.0,0.0,0.0
FRA-Ligue 1,2425,Nantes,Douglas,BRA,MF,27.0,1997.0,28,28,2307.0,25.6,4,2,6,4,0,0,8,0,0.16,0.08,0.23,0.16,0.23
FRA-Ligue 1,2425,Nantes,Fabien Centonze,FRA,DF,28.0,1996.0,7,3,265.0,2.9,0,0,0,0,0,0,0,0,0.0,0.0,0.0,0.0,0.0
FRA-Ligue 1,2425,Nantes,Florent Mollet,FRA,MF,32.0,1991.0,9,3,242.0,2.7,0,0,0,0,0,0,1,0,0.0,0.0,0.0,0.0,0.0
FRA-Ligue 1,2425,Nantes,Francis Coquelin,FRA,MF,33.0,1991.0,6,3,224.0,2.5,1,1,2,1,0,0,1,0,0.4,0.4,0.8,0.4,0.8
FRA-Ligue 1,2425,Nantes,Ignatius Ganago,CMR,MF,25.0,1999.0,11,1,241.0,2.7,0,0,0,0,0,0,1,0,0.0,0.0,0.0,0.0,0.0
FRA-Ligue 1,2425,Nantes,Jean-Charles Castelletto,CMR,"DF,MF",29.0,1995.0,30,30,2620.0,29.1,0,0,0,0,0,0,5,1,0.0,0.0,0.0,0.0,0.0
FRA-Ligue 1,2425,Nantes,Jean-Kevin Duverne,HAI,DF,27.0,1997.0,9,7,537.0,6.0,0,0,0,0,0,0,2,0,0.0,0.0,0.0,0.0,0.0
FRA-Ligue 1,2425,Nantes,Jean-Philippe Gbamin,CIV,MF,28.0,1995.0,14,2,216.0,2.4,0,0,0,0,0,0,1,0,0.0,0.0,0.0,0.0,0.0
FRA-Ligue 1,2425,Nantes,Johann Lepenant,FRA,MF,21.0,2002.0,29,23,2048.0,22.8,2,1,3,2,0,0,3,0,0.09,0.04,0.13,0.09,0.13
FRA-Ligue 1,2425,Nantes,Kelvin Amian,FRA,DF,26.0,1998.0,30,23,2165.0,24.1,1,0,1,1,0,0,5,0,0.04,0.0,0.04,0.04,0.04
FRA-Ligue 1,2425,Nantes,Louis Leroux,FRA,"MF,DF",18.0,2006.0,16,8,816.0,9.1,2,1,3,2,0,0,1,0,0.22,0.11,0.33,0.22,0.33
FRA-Ligue 1,2425,Nantes,Marcus Coco,FRA,DF,28.0,1996.0,20,10,951.0,10.6,0,1,1,0,0,0,3,2,0.0,0.09,0.09,0.0,0.09
FRA-Ligue 1,2425,Nantes,Matthis Abline,FRA,FW,21.0,2003.0,34,33,2768.0,30.8,9,2,11,8,1,1,3,0,0.29,0.07,0.36,0.26,0.33
FRA-Ligue 1,2425,Nantes,Meschak Elia,COD,FW,26.0,1997.0,8,1,170.0,1.9,1,0,1,1,0,0,0,0,0.53,0.0,0.53,0.53,0.53
FRA-Ligue 1,2425,Nantes,Moses Simon,NGA,"FW,MF",29.0,1995.0,32,31,2609.0,29.0,8,10,18,4,4,4,2,0,0.28,0.34,0.62,0.14,0.48
FRA-Ligue 1,2425,Nantes,Mostafa Mohamed,EGY,FW,26.0,1997.0,30,11,1252.0,13.9,5,0,5,5,0,0,3,0,0.36,0.0,0.36,0.36,0.36
FRA-Ligue 1,2425,Nantes,Nathan Zeze,FRA,DF,19.0,2005.0,18,17,1512.0,16.8,0,0,0,0,0,0,6,0,0.0,0.0,0.0,0.0,0.0
FRA-Ligue 1,2425,Nantes,Nicolas Cozza,FRA,"DF,MF",25.0,1999.0,27,23,2051.0,22.8,1,0,1,1,0,0,3,1,0.04,0.0,0.04,0.04,0.04
FRA-Ligue 1,2425,Nantes,Nicolas Pallois,FRA,DF,36.0,1987.0,26,23,2017.0,22.4,0,2,2,0,0,0,9,0,0.0,0.09,0.09,0.0,0.09
FRA-Ligue 1,2425,Nantes,Patrik Carlgren,SWE,GK,32.0,1992.0,5,4,417.0,4.6,0,0,0,0,0,0,0,0,0.0,0.0,0.0,0.0,0.0
FRA-Ligue 1,2425,Nantes,Pedro Chirivella,ESP,MF,27.0,1997.0,30,28,2348.0,26.1,0,2,2,0,0,0,6,0,0.0,0.08,0.08,0.0,0.08
FRA-Ligue 1,2425,Nantes,Plamedi Nsingi,,FW,23.0,2000.0,1,0,16.0,0.2,0,0,0,0,0,0,0,0,0.0,0.0,0.0,0.0,0.0
FRA-Ligue 1,2425,Nantes,Saidou Sow,GUI,DF,22.0,2002.0,9,9,799.0,8.9,1,0,1,1,0,0,1,0,0.11,0.0,0.11,0.11,0.11
FRA-Ligue 1,2425,Nantes,Sorba Thomas,WAL,"MF,DF",24.0,1999.0,25,15,1321.0,14.7,1,3,4,1,0,0,3,0,0.07,0.2,0.27,0.07,0.27
FRA-Ligue 1,2425,Nantes,Sékou Doucoure,FRA,DF,19.0,2005.0,2,0,12.0,0.1,0,0,0,0,0,0,0,0,0.0,0.0,0.0,0.0,0.0
FRA-Ligue 1,2425,Nantes,Tino Kadewere,ZIM,MF,28.0,1996.0,12,6,512.0,5.7,1,2,3,1,0,0,1,0,0.18,0.35,0.53,0.18,0.53
FRA-Ligue 1,2425,Nice,Ali Abdi,TUN,MF,30.0,1993.0,25,17,1393.0,15.5,5,2,7,5,0,0,2,0,0.32,0.13,0.45,0.32,0.45
FRA-Ligue 1,2425,Nice,Amidou Doumbouya,FRA,MF,16.0,2007.0,2,0,46.0,0.5,0,0,0,0,0,0,0,0,0.0,0.0,0.0,0.0,0.0
FRA-Ligue 1,2425,Nice,Antoine Mendy,SEN,"DF,MF",20.0,2004.0,18,8,825.0,9.2,0,0,0,0,0,0,2,0,0.0,0.0,0.0,0.0,0.0
FRA-Ligue 1,2425,Nice,Badredine Bouanani,ALG,"MF,FW",19.0,2004.0,26,11,1099.0,12.2,3,3,6,2,1,1,2,0,0.25,0.25,0.49,0.16,0.41
FRA-Ligue 1,2425,Nice,Baptiste Santamaria,FRA,MF,29.0,1995.0,13,11,927.0,10.3,0,0,0,0,0,0,1,0,0.0,0.0,0.0,0.0,0.0
FRA-Ligue 1,2425,Nice,Bernard Nguene,CMR,FW,17.0,2006.0,1,0,13.0,0.1,0,0,0,0,0,0,0,0,0.0,0.0,0.0,0.0,0.0
FRA-Ligue 1,2425,Nice,Bilal Brahimi,ALG,MF,24.0,2000.0,2,1,76.0,0.8,0,0,0,0,0,0,0,0,0.0,0.0,0.0,0.0,0.0
FRA-Ligue 1,2425,Nice,Dante,BRA,DF,40.0,1983.0,25,21,1964.0,21.8,0,0,0,0,0,0,5,1,0.0,0.0,0.0,0.0,0.0
FRA-Ligue 1,2425,Nice,Evann Guessand,CIV,"MF,FW",23.0,2001.0,33,30,2565.0,28.5,12,8,20,12,0,0,2,0,0.42,0.28,0.7,0.42,0.7
FRA-Ligue 1,2425,Nice,Gaëtan Laborde,FRA,FW,30.0,1994.0,28,20,1829.0,20.3,11,4,15,7,4,4,1,0,0.54,0.2,0.74,0.34,0.54
FRA-Ligue 1,2425,Nice,Hicham Boudaoui,ALG,MF,24.0,1999.0,29,27,2435.0,27.1,2,3,5,2,0,0,9,0,0.07,0.11,0.18,0.07,0.18
FRA-Ligue 1,2425,Nice,Issiaga Camara,GUI,MF,19.0,2005.0,4,0,20.0,0.2,0,0,0,0,0,0,0,0,0.0,0.0,0.0,0.0,0.0
FRA-Ligue 1,2425,Nice,Jeremie Boga,CIV,"MF,FW",27.0,1997.0,21,12,1054.0,11.7,1,2,3,1,0,0,0,0,0.09,0.17,0.26,0.09,0.26
FRA-Ligue 1,2425,Nice,Jonathan Clauss,FRA,"MF,DF",31.0,1992.0,28,27,2303.0,25.6,3,8,11,3,0,0,7,0,0.12,0.31,0.43,0.12,0.43
FRA-Ligue 1,2425,Nice,Jordan Lotomba,SUI,"DF,MF",25.0,1998.0,2,0,35.0,0.4,0,0,0,0,0,0,0,0,0.0,0.0,0.0,0.0,0.0
FRA-Ligue 1,2425,Nice,Marcin Bułka,POL,GK,24.0,1999.0,34,34,3060.0,34.0,0,0,0,0,0,0,0,0,0.0,0.0,0.0,0.0,0.0
FRA-Ligue 1,2425,Nice,Melvin Bard,FRA,"DF,MF",23.0,2000.0,24,22,1938.0,21.5,2,1,3,2,0,0,4,2,0.09,0.05,0.14,0.09,0.14
FRA-Ligue 1,2425,Nice,Mohamed Abdelmonem,EGY,DF,25.0,1999.0,12,10,855.0,9.5,0,0,0,0,0,0,2,0,0.0,0.0,0.0,0.0,0.0
FRA-Ligue 1,2425,Nice,Mohamed Ali Cho,FRA,"FW,MF",20.0,2004.0,27,21,1621.0,18.0,3,4,7,3,0,0,2,0,0.17,0.22,0.39,0.17,0.39
FRA-Ligue 1,2425,Nice,Morgan Sanson,FRA,MF,29.0,1994.0,6,3,235.0,2.6,3,0,3,3,0,0,0,0,1.15,0.0,1.15,1.15,1.15
FRA-Ligue 1,2425,Nice,Moïse Bombito,CAN,DF,24.0,2000.0,27,25,2192.0,24.4,0,0,0,0,0,0,3,1,0.0,0.0,0.0,0.0,0.0
FRA-Ligue 1,2425,Nice,Pablo Rosario,DOM,"MF,DF",27.0,1997.0,29,21,1775.0,19.7,3,1,4,2,1,1,6,1,0.15,0.05,0.2,0.1,0.15
FRA-Ligue 1,2425,Nice,Rareş Ilie,ROU,MF,21.0,2003.0,2,0,13.0,0.1,0,0,0,0,0,0,0,0,0.0,0.0,0.0,0.0,0.0
FRA-Ligue 1,2425,Nice,Sofiane Diop,MAR,"MF,FW",24.0,2000.0,28,8,1064.0,11.8,6,4,10,6,0,0,3,0,0.51,0.34,0.85,0.51,0.85
FRA-Ligue 1,2425,Nice,Tanguy Ndombele,FRA,MF,27.0,1996.0,18,12,1131.0,12.6,1,2,3,1,0,0,2,0,0.08,0.16,0.24,0.08,0.24
FRA-Ligue 1,2425,Nice,Terem Moffi,NGA,FW,25.0,1999.0,5,0,58.0,0.6,1,0,1,1,0,0,0,0,1.55,0.0,1.55,1.55,1.55
FRA-Ligue 1,2425,Nice,Tom Louchet,FRA,"DF,MF",21.0,2003.0,22,7,775.0,8.6,1,0,1,1,0,0,1,0,0.12,0.0,0.12,0.12,0.12
FRA-Ligue 1,2425,Nice,Victor Orakpo,NGA,FW,18.0,2006.0,4,0,36.0,0.4,0,0,0,0,0,0,0,0,0.0,0.0,0.0,0.0,0.0
FRA-Ligue 1,2425,Nice,Yael Nandjou,FRA,DF,19.0,2005.0,3,2,154.0,1.7,0,0,0,0,0,0,0,0,0.0,0.0,0.0,0.0,0.0
FRA-Ligue 1,2425,Nice,Youssouf Ndayishimiye,BDI,DF,25.0,1998.0,23,22,1932.0,21.5,3,0,3,3,0,0,5,0,0.14,0.0,0.14,0.14,0.14
FRA-Ligue 1,2425,Nice,Youssoufa Moukoko,GER,FW,19.0,2004.0,11,2,204.0,2.3,2,1,3,2,0,0,0,0,0.88,0.44,1.32,0.88,1.32
FRA-Ligue 1,2425,PSG,Achraf Hakimi,MAR,DF,25.0,1998.0,25,24,2066.0,23.0,4,6,10,4,0,0,4,0,0.17,0.26,0.44,0.17,0.44
FRA-Ligue 1,2425,PSG,Arnau Tenas,ESP,GK,23.0,2001.0,1,1,90.0,1.0,0,1,1,0,0,0,0,0,0.0,1.0,1.0,0.0,1.0
FRA-Ligue 1,2425,PSG,Axel Tapé,FRA,DF,16.0,2007.0,2,2,180.0,2.0,0,0,0,0,0,0,1,0,0.0,0.0,0.0,0.0,0.0
FRA-Ligue 1,2425,PSG,Bradley Barcola,FRA,FW,21.0,2002.0,34,27,2181.0,24.2,14,10,24,14,0,0,2,0,0.58,0.41,0.99,0.58,0.99
FRA-Ligue 1,2425,PSG,Désiré Doué,FRA,"MF,FW",19.0,2005.0,31,18,1730.0,19.2,6,6,12,6,0,0,1,0,0.31,0.31,0.62,0.31,0.62
FRA-Ligue 1,2425,PSG,Fabián Ruiz Peña,ESP,MF,28.0,1996.0,30,21,1923.0,21.4,4,5,9,4,0,0,1,0,0.19,0.23,0.42,0.19,0.42
FRA-Ligue 1,2425,PSG,Gianluigi Donnarumma,ITA,GK,25.0,1999.0,24,24,2091.0,23.2,0,0,0,0,0,0,2,0,0.0,0.0,0.0,0.0,0.0
FRA-Ligue 1,2425,PSG,Gonçalo Ramos,POR,FW,23.0,2001.0,22,12,1066.0,11.8,10,3,13,8,2,3,1,0,0.84,0.25,1.1,0.68,0.93
FRA-Ligue 1,2425,PSG,Ibrahim Mbaye,SEN,FW,16.0,2008.0,9,4,340.0,3.8,1,1,2,1,0,0,0,0,0.26,0.26,0.53,0.26,0.53
FRA-Ligue 1,2425,PSG,João Neves,POR,"MF,DF",19.0,2004.0,29,22,1844.0,20.5,3,8,11,3,0,0,1,0,0.15,0.39,0.54,0.15,0.54
FRA-Ligue 1,2425,PSG,Khvicha Kvaratskhelia,GEO,FW,23.0,2001.0,14,11,916.0,10.2,4,3,7,4,0,0,0,0,0.39,0.29,0.69,0.39,0.69
FRA-Ligue 1,2425,PSG,Lee Kang-in,KOR,"FW,MF",23.0,2001.0,30,19,1663.0,18.5,6,6,12,6,0,0,1,0,0.32,0.32,0.65,0.32,0.65
FRA-Ligue 1,2425,PSG,Lucas Beraldo,BRA,DF,20.0,2003.0,25,22,2011.0,22.3,1,0,1,1,0,0,6,0,0.04,0.0,0.04,0.04,0.04
FRA-Ligue 1,2425,PSG,Lucas Hernández,FRA,DF,28.0,1996.0,16,10,877.0,9.7,0,0,0,0,0,0,2,0,0.0,0.0,0.0,0.0,0.0
FRA-Ligue 1,2425,PSG,Marco Asensio,ESP,"FW,MF",28.0,1996.0,12,8,618.0,6.9,2,4,6,2,0,0,0,0,0.29,0.58,0.87,0.29,0.87
FRA-Ligue 1,2425,PSG,Marquinhos,BRA,DF,30.0,1994.0,22,19,1725.0,19.2,2,0,2,2,0,0,3,0,0.1,0.0,0.1,0.1,0.1
FRA-Ligue 1,2425,PSG,Matvei Safonov,RUS,GK,25.0,1999.0,10,9,879.0,9.8,0,0,0,0,0,0,0,0,0.0,0.0,0.0,0.0,0.0
FRA-Ligue 1,2425,PSG,Milan Škriniar,SVK,DF,29.0,1995.0,5,4,382.0,4.2,0,0,0,0,0,0,1,0,0.0,0.0,0.0,0.0,0.0
FRA-Ligue 1,2425,PSG,Noham Kamara,FRA,DF,17.0,2007.0,2,0,76.0,0.8,0,0,0,0,0,0,0,0,0.0,0.0,0.0,0.0,0.0
FRA-Ligue 1,2425,PSG,Nuno Mendes,POR,DF,22.0,2002.0,24,19,1676.0,18.6,1,3,4,1,0,0,3,0,0.05,0.16,0.21,0.05,0.21
FRA-Ligue 1,2425,PSG,Ousmane Dembélé,FRA,FW,27.0,1997.0,29,20,1730.0,19.2,21,6,27,20,1,1,1,0,1.09,0.31,1.4,1.04,1.35
FRA-Ligue 1,2425,PSG,Presnel Kimpembe,FRA,DF,28.0,1995.0,2,0,23.0,0.3,0,0,0,0,0,0,0,0,0.0,0.0,0.0,0.0,0.0
FRA-Ligue 1,2425,PSG,Randal Kolo Muani,FRA,FW,25.0,1998.0,10,2,358.0,4.0,2,1,3,1,1,1,0,0,0.5,0.25,0.75,0.25,0.5
FRA-Ligue 1,2425,PSG,Senny Mayulu,FRA,MF,18.0,2006.0,20,8,808.0,9.0,2,2,4,2,0,0,1,0,0.22,0.22,0.45,0.22,0.45
FRA-Ligue 1,2425,PSG,Vitinha,POR,MF,24.0,2000.0,29,20,2042.0,22.7,5,1,6,3,2,2,1,0,0.22,0.04,0.26,0.13,0.18
FRA-Ligue 1,2425,PSG,Warren Zaïre-Emery,FRA,"MF,DF",18.0,2006.0,29,23,2050.0,22.8,1,2,3,1,0,0,3,0,0.04,0.09,0.13,0.04,0.13
FRA-Ligue 1,2425,PSG,Willian Pacho,ECU,DF,22.0,2001.0,28,23,2132.0,23.7,0,1,1,0,0,0,2,0,0.0,0.04,0.04,0.0,0.04
FRA-Ligue 1,2425,PSG,Yoram Zague,FRA,DF,18.0,2006.0,4,2,183.0,2.0,0,0,0,0,0,0,0,0,0.0,0.0,0.0,0.0,0.0
FRA-Ligue 1,2425,Reims,Abdoul Koné,FRA,DF,19.0,2005.0,4,1,133.0,1.5,0,0,0,0,0,0,0,0,0.0,0.0,0.0,0.0,0.0
FRA-Ligue 1,2425,Reims,Amadou Koné,MLI,MF,19.0,2005.0,24,17,1293.0,14.4,0,0,0,0,0,0,3,1,0.0,0.0,0.0,0.0,0.0
FRA-Ligue 1,2425,Reims,Amine Salama,FRA,FW,24.0,2000.0,17,2,373.0,4.1,0,0,0,0,0,0,0,0,0.0,0.0,0.0,0.0,0.0
FRA-Ligue 1,2425,Reims,Ange Martial Tia,MLI,MF,17.0,2006.0,6,2,171.0,1.9,0,0,0,0,0,0,0,0,0.0,0.0,0.0,0.0,0.0
FRA-Ligue 1,2425,Reims,Aurélio Buta,POR,DF,27.0,1997.0,27,24,1970.0,21.9,0,1,1,0,0,0,5,0,0.0,0.05,0.05,0.0,0.05
FRA-Ligue 1,2425,Reims,Cédric Kipré,CIV,DF,27.0,1996.0,28,26,2190.0,24.3,0,1,1,0,0,0,4,2,0.0,0.04,0.04,0.0,0.04
FRA-Ligue 1,2425,Reims,Eloge Zabi,CIV,MF,17.0,2006.0,2,0,18.0,0.2,0,0,0,0,0,0,0,1,0.0,0.0,0.0,0.0,0.0
FRA-Ligue 1,2425,Reims,Emmanuel Agbadou,CIV,DF,27.0,1997.0,14,14,1260.0,14.0,0,0,0,0,0,0,3,0,0.0,0.0,0.0,0.0,0.0
FRA-Ligue 1,2425,Reims,Gabriel Moscardo,BRA,MF,18.0,2005.0,6,0,84.0,0.9,0,0,0,0,0,0,1,0,0.0,0.0,0.0,0.0,0.0
FRA-Ligue 1,2425,Reims,Hafiz Ibrahim,NGA,FW,18.0,2005.0,11,2,391.0,4.3,0,1,1,0,0,0,2,1,0.0,0.23,0.23,0.0,0.23
FRA-Ligue 1,2425,Reims,Hiroki Sekine,JPN,DF,21.0,2002.0,15,9,887.0,9.9,0,0,0,0,0,0,1,0,0.0,0.0,0.0,0.0,0.0
FRA-Ligue 1,2425,Reims,Ike Orazi,IRL,FW,17.0,2007.0,1,0,3.0,0.0,0,0,0,0,0,0,0,0,0.0,0.0,0.0,0.0,0.0
FRA-Ligue 1,2425,Reims,John Joe,IRL,MF,20.0,2003.0,13,5,545.0,6.1,0,0,0,0,0,0,0,0,0.0,0.0,0.0,0.0,0.0
FRA-Ligue 1,2425,Reims,Jordan Pefok,USA,FW,28.0,1996.0,7,6,380.0,4.2,1,0,1,1,0,0,0,0,0.24,0.0,0.24,0.24,0.24
FRA-Ligue 1,2425,Reims,Joseph Okumu,KEN,DF,27.0,1997.0,22,20,1695.0,18.8,1,0,1,1,0,0,5,1,0.05,0.0,0.05,0.05,0.05
FRA-Ligue 1,2425,Reims,Junya Itō,JPN,"MF,FW",31.0,1993.0,33,31,2690.0,29.9,4,3,7,4,0,0,1,0,0.13,0.1,0.23,0.13,0.23
FRA-Ligue 1,2425,Reims,Keito Nakamura,JPN,"MF,FW",24.0,2000.0,32,31,2649.0,29.4,11,2,13,11,0,0,5,0,0.37,0.07,0.44,0.37,0.44
FRA-Ligue 1,2425,Reims,Malcolm Jeng,SWE,DF,19.0,2005.0,3,2,107.0,1.2,0,0,0,0,0,0,0,0,0.0,0.0,0.0,0.0,0.0
FRA-Ligue 1,2425,Reims,Mamadou Diakhon,SEN,"MF,FW",18.0,2005.0,28,5,858.0,9.5,2,1,3,2,0,0,2,0,0.21,0.1,0.31,0.21,0.31
FRA-Ligue 1,2425,Reims,Marshall Munetsi,ZIM,MF,28.0,1996.0,19,19,1692.0,18.8,4,2,6,4,0,0,5,0,0.21,0.11,0.32,0.21,0.32
FRA-Ligue 1,2425,Reims,Martin Adeline,FRA,MF,20.0,2003.0,1,0,26.0,0.3,0,0,0,0,0,0,0,0,0.0,0.0,0.0,0.0,0.0
FRA-Ligue 1,2425,Reims,Mohamed Bamba,CIV,MF,19.0,2004.0,2,0,10.0,0.1,0,0,0,0,0,0,0,0,0.0,0.0,0.0,0.0,0.0
FRA-Ligue 1,2425,Reims,Mohamed Daramy,DEN,"FW,MF",22.0,2002.0,2,0,16.0,0.2,0,0,0,0,0,0,0,0,0.0,0.0,0.0,0.0,0.0
FRA-Ligue 1,2425,Reims,Mory Gbane,CIV,"DF,MF",23.0,2000.0,13,13,1125.0,12.5,0,1,1,0,0,0,2,0,0.0,0.08,0.08,0.0,0.08
FRA-Ligue 1,2425,Reims,Nhoa Sangui,FRA,"DF,MF",18.0,2006.0,26,10,1158.0,12.9,0,2,2,0,0,0,3,0,0.0,0.16,0.16,0.0,0.16
FRA-Ligue 1,2425,Reims,Niama Sissoko,MLI,FW,18.0,2005.0,4,0,47.0,0.5,0,0,0,0,0,0,0,0,0.0,0.0,0.0,0.0,0.0
FRA-Ligue 1,2425,Reims,Oumar Diakité,CIV,FW,20.0,2003.0,26,20,1628.0,18.1,4,1,5,4,0,1,6,0,0.22,0.06,0.28,0.22,0.28
FRA-Ligue 1,2425,Reims,Reda Khadra,GER,"FW,MF",23.0,2001.0,4,0,78.0,0.9,0,0,0,0,0,0,0,0,0.0,0.0,0.0,0.0,0.0
FRA-Ligue 1,2425,Reims,Sergio Akieme,ESP,DF,26.0,1997.0,30,29,2523.0,28.0,2,3,5,2,0,0,5,0,0.07,0.11,0.18,0.07,0.18
FRA-Ligue 1,2425,Reims,Teddy Teuma,MLT,MF,30.0,1993.0,17,9,750.0,8.3,1,0,1,0,1,1,1,0,0.12,0.0,0.12,0.0,0.0
FRA-Ligue 1,2425,Reims,Thibault De Smet,BEL,DF,26.0,1998.0,5,2,192.0,2.1,0,0,0,0,0,0,0,0,0.0,0.0,0.0,0.0,0.0
FRA-Ligue 1,2425,Reims,Valentin Atangana Edoa,FRA,MF,18.0,2005.0,34,33,2854.0,31.7,1,0,1,1,0,0,7,0,0.03,0.0,0.03,0.03,0.03
FRA-Ligue 1,2425,Reims,Yaya Kader Fofana,MLI,"MF,FW",20.0,2004.0,12,8,634.0,7.0,1,1,2,1,0,0,4,0,0.14,0.14,0.28,0.14,0.28
FRA-Ligue 1,2425,Reims,Yehvann Diouf,SEN,GK,24.0,1999.0,34,34,3060.0,34.0,0,0,0,0,0,0,1,0,0.0,0.0,0.0,0.0,0.0
FRA-Ligue 1,2425,Rennes,Adrien Truffert,FRA,"MF,DF",22.0,2001.0,33,31,2752.0,30.6,2,2,4,2,0,0,3,0,0.07,0.07,0.13,0.07,0.13
FRA-Ligue 1,2425,Rennes,Albert Grønbaek,DEN,"MF,FW",23.0,2001.0,16,9,813.0,9.0,2,1,3,2,0,0,1,0,0.22,0.11,0.33,0.22,0.33
FRA-Ligue 1,2425,Rennes,Alidu Seidu,GHA,DF,24.0,2000.0,11,10,803.0,8.9,0,0,0,0,0,0,4,0,0.0,0.0,0.0,0.0,0.0
FRA-Ligue 1,2425,Rennes,Amine Gouiri,ALG,"MF,FW",24.0,2000.0,19,11,1037.0,11.5,3,2,5,3,0,0,2,0,0.26,0.17,0.43,0.26,0.43
FRA-Ligue 1,2425,Rennes,Andrés Gómez,COL,MF,21.0,2002.0,17,2,381.0,4.2,3,0,3,3,0,0,1,0,0.71,0.0,0.71,0.71,0.71
FRA-Ligue 1,2425,Rennes,Anthony Rouault,FRA,DF,23.0,2001.0,11,11,972.0,10.8,0,0,0,0,0,0,3,0,0.0,0.0,0.0,0.0,0.0
FRA-Ligue 1,2425,Rennes,Arnaud Kalimuendo,FRA,FW,22.0,2002.0,33,31,2578.0,28.6,17,3,20,12,5,8,2,0,0.59,0.1,0.7,0.42,0.52
FRA-Ligue 1,2425,Rennes,Ayanda Sishuba,BEL,MF,19.0,2005.0,1,0,3.0,0.0,0,0,0,0,0,0,0,0,0.0,0.0,0.0,0.0,0.0
FRA-Ligue 1,2425,Rennes,Azor Matusiwa,NED,MF,26.0,1998.0,29,23,2078.0,23.1,1,3,4,1,0,0,3,0,0.04,0.13,0.17,0.04,0.17
FRA-Ligue 1,2425,Rennes,Baptiste Santamaria,FRA,MF,29.0,1995.0,10,5,482.0,5.4,0,1,1,0,0,0,1,0,0.0,0.19,0.19,0.0,0.19
FRA-Ligue 1,2425,Rennes,Benjamin Bourigeaud,FRA,MF,30.0,1994.0,1,1,80.0,0.9,1,0,1,1,0,0,0,0,1.13,0.0,1.13,1.13,1.13
FRA-Ligue 1,2425,Rennes,Brice Samba,FRA,GK,30.0,1994.0,17,17,1529.0,17.0,0,0,0,0,0,0,3,0,0.0,0.0,0.0,0.0,0.0
FRA-Ligue 1,2425,Rennes,Christopher Wooh,CMR,DF,22.0,2001.0,20,17,1456.0,16.2,0,0,0,0,0,0,6,1,0.0,0.0,0.0,0.0,0.0
FRA-Ligue 1,2425,Rennes,Djaoui Cissé,FRA,MF,20.0,2004.0,14,14,1121.0,12.5,1,0,1,1,0,0,4,0,0.08,0.0,0.08,0.08,0.08
FRA-Ligue 1,2425,Rennes,Gauthier Gallon,FRA,GK,31.0,1993.0,1,0,45.0,0.5,0,0,0,0,0,0,0,0,0.0,0.0,0.0,0.0,0.0
FRA-Ligue 1,2425,Rennes,Glen Kamara,FIN,MF,28.0,1995.0,13,8,662.0,7.4,0,1,1,0,0,0,0,0,0.0,0.14,0.14,0.0,0.14
FRA-Ligue 1,2425,Rennes,Hans Hateboer,NED,"DF,MF",30.0,1994.0,26,18,1684.0,18.7,0,0,0,0,0,0,3,0,0.0,0.0,0.0,0.0,0.0
FRA-Ligue 1,2425,Rennes,Henrik Meister,DEN,FW,20.0,2003.0,4,0,63.0,0.7,1,0,1,1,0,0,0,0,1.43,0.0,1.43,1.43,1.43
FRA-Ligue 1,2425,Rennes,Ismaël Koné,CAN,MF,22.0,2002.0,13,4,469.0,5.2,2,1,3,2,0,0,1,0,0.38,0.19,0.58,0.38,0.58
FRA-Ligue 1,2425,Rennes,Jordan James,WAL,MF,20.0,2004.0,23,14,1178.0,13.1,0,1,1,0,0,0,4,0,0.0,0.08,0.08,0.0,0.08
FRA-Ligue 1,2425,Rennes,Jota,POR,MF,25.0,1999.0,9,3,334.0,3.7,1,0,1,1,0,0,0,0,0.27,0.0,0.27,0.27,0.27
FRA-Ligue 1,2425,Rennes,Jérémy Jacquet,FRA,DF,19.0,2005.0,11,11,927.0,10.3,0,1,1,0,0,0,0,0,0.0,0.1,0.1,0.0,0.1
FRA-Ligue 1,2425,Rennes,Kader Meïté,FRA,FW,16.0,2007.0,12,5,544.0,6.0,2,0,2,2,0,0,0,0,0.33,0.0,0.33,0.33,0.33
FRA-Ligue 1,2425,Rennes,Kazeem Olaigbe,BEL,"MF,FW",21.0,2003.0,10,3,299.0,3.3,0,2,2,0,0,0,0,0,0.0,0.6,0.6,0.0,0.6
FRA-Ligue 1,2425,Rennes,Kyogo Furuhashi,JPN,FW,29.0,1995.0,6,1,123.0,1.4,0,0,0,0,0,0,0,0,0.0,0.0,0.0,0.0,0.0
FRA-Ligue 1,2425,Rennes,Leo Østigård,NOR,DF,24.0,1999.0,16,14,1227.0,13.6,1,0,1,1,0,0,4,0,0.07,0.0,0.07,0.07,0.07
FRA-Ligue 1,2425,Rennes,Lilian Brassier,FRA,DF,24.0,1999.0,14,14,1234.0,13.7,1,1,2,1,0,0,1,0,0.07,0.07,0.15,0.07,0.15
FRA-Ligue 1,2425,Rennes,Lorenz Assignon,TOG,"MF,DF",24.0,2000.0,32,27,2357.0,26.2,3,4,7,3,0,0,9,0,0.11,0.15,0.27,0.11,0.27
FRA-Ligue 1,2425,Rennes,Ludovic Blas,FRA,"MF,FW",26.0,1997.0,29,26,2293.0,25.5,6,8,14,6,0,0,6,0,0.24,0.31,0.55,0.24,0.55
FRA-Ligue 1,2425,Rennes,Mahamadou Nagida,CMR,MF,19.0,2005.0,12,4,430.0,4.8,2,0,2,2,0,0,1,0,0.42,0.0,0.42,0.42,0.42
FRA-Ligue 1,2425,Rennes,Mikayil Ngor Faye,SEN,DF,20.0,2004.0,11,7,688.0,7.6,0,0,0,0,0,0,1,1,0.0,0.0,0.0,0.0,0.0
FRA-Ligue 1,2425,Rennes,Musa Al-Taamari,JOR,"FW,MF",27.0,1997.0,11,7,567.0,6.3,1,0,1,1,0,0,1,0,0.16,0.0,0.16,0.16,0.16
FRA-Ligue 1,2425,Rennes,Naouirou Ahamada,FRA,MF,22.0,2002.0,3,0,58.0,0.6,0,0,0,0,0,0,0,0,0.0,0.0,0.0,0.0,0.0
FRA-Ligue 1,2425,Rennes,Seko Fofana,CIV,MF,29.0,1995.0,16,9,844.0,9.4,1,1,2,1,0,0,3,0,0.11,0.11,0.21,0.11,0.21
FRA-Ligue 1,2425,Rennes,Steve Mandanda,FRA,GK,39.0,1985.0,18,17,1486.0,16.5,0,0,0,0,0,0,0,0,0.0,0.0,0.0,0.0,0.0
FRA-Ligue 1,2425,Saint-Étienne,Aimen Moueffek,FRA,MF,23.0,2001.0,22,13,1039.0,11.5,0,1,1,0,0,0,2,0,0.0,0.09,0.09,0.0,0.09
FRA-Ligue 1,2425,Saint-Étienne,Anthony Briançon,FRA,"DF,MF",29.0,1994.0,1,0,1.0,0.0,0,0,0,0,0,0,0,0,0.0,0.0,0.0,0.0,0.0
FRA-Ligue 1,2425,Saint-Étienne,Augustine Boakye,GHA,"MF,FW",23.0,2000.0,17,8,733.0,8.1,3,0,3,3,0,0,5,0,0.37,0.0,0.37,0.37,0.37
FRA-Ligue 1,2425,Saint-Étienne,Ayman Aiki,FRA,MF,19.0,2005.0,5,1,127.0,1.4,0,0,0,0,0,0,0,0,0.0,0.0,0.0,0.0,0.0
FRA-Ligue 1,2425,Saint-Étienne,Ben Old,NZL,"MF,FW",21.0,2002.0,13,4,528.0,5.9,0,0,0,0,0,0,0,0,0.0,0.0,0.0,0.0,0.0
FRA-Ligue 1,2425,Saint-Étienne,Benjamin Bouchouari,MAR,MF,22.0,2001.0,25,20,1772.0,19.7,1,0,1,1,0,0,6,0,0.05,0.0,0.05,0.05,0.05
FRA-Ligue 1,2425,Saint-Étienne,Beres Owusu,FRA,DF,20.0,2003.0,1,1,90.0,1.0,0,0,0,0,0,0,0,0,0.0,0.0,0.0,0.0,0.0
FRA-Ligue 1,2425,Saint-Étienne,Dennis Appiah,FRA,DF,32.0,1992.0,29,22,2128.0,23.6,0,1,1,0,0,0,2,0,0.0,0.04,0.04,0.0,0.04
FRA-Ligue 1,2425,Saint-Étienne,Djylian N'Guessan,FRA,FW,15.0,2008.0,8,3,181.0,2.0,0,0,0,0,0,0,0,0,0.0,0.0,0.0,0.0,0.0
FRA-Ligue 1,2425,Saint-Étienne,Dylan Batubinsika,COD,DF,28.0,1996.0,25,22,2016.0,22.4,1,0,1,1,0,0,3,1,0.04,0.0,0.04,0.04,0.04
FRA-Ligue 1,2425,Saint-Étienne,Florian Tardieu,FRA,MF,32.0,1992.0,24,13,1252.0,13.9,2,4,6,2,0,0,0,0,0.14,0.29,0.43,0.14,0.43
FRA-Ligue 1,2425,Saint-Étienne,Gautier Larsonneur,FRA,GK,27.0,1997.0,34,34,3060.0,34.0,0,0,0,0,0,0,5,0,0.0,0.0,0.0,0.0,0.0
FRA-Ligue 1,2425,Saint-Étienne,Ibrahim Sissoko,MLI,FW,28.0,1995.0,20,8,819.0,9.1,3,1,4,2,1,1,1,0,0.33,0.11,0.44,0.22,0.33
FRA-Ligue 1,2425,Saint-Étienne,Ibrahima Wadji,SEN,FW,29.0,1995.0,10,2,347.0,3.9,0,0,0,0,0,0,1,0,0.0,0.0,0.0,0.0,0.0
FRA-Ligue 1,2425,Saint-Étienne,Igor Miladinović,SRB,MF,21.0,2003.0,3,0,26.0,0.3,0,0,0,0,0,0,0,0,0.0,0.0,0.0,0.0,0.0
FRA-Ligue 1,2425,Saint-Étienne,Irvin Cardona,MLT,"FW,MF",26.0,1997.0,15,13,1063.0,11.8,5,3,8,5,0,1,2,0,0.42,0.25,0.68,0.42,0.68
FRA-Ligue 1,2425,Saint-Étienne,Jibril Othman,TUN,FW,20.0,2004.0,1,0,5.0,0.1,0,0,0,0,0,0,0,0,0.0,0.0,0.0,0.0,0.0
FRA-Ligue 1,2425,Saint-Étienne,Kévin Pedro,FRA,DF,18.0,2006.0,1,0,10.0,0.1,0,0,0,0,0,0,0,0,0.0,0.0,0.0,0.0,0.0
FRA-Ligue 1,2425,Saint-Étienne,Lamine Fomba,FRA,MF,26.0,1998.0,7,3,217.0,2.4,0,0,0,0,0,0,2,0,0.0,0.0,0.0,0.0,0.0
FRA-Ligue 1,2425,Saint-Étienne,Louis Mouton,FRA,MF,22.0,2002.0,24,12,1045.0,11.6,0,1,1,0,0,0,2,0,0.0,0.09,0.09,0.0,0.09
FRA-Ligue 1,2425,Saint-Étienne,Lucas Stassin,BEL,FW,19.0,2004.0,28,23,1887.0,21.0,12,4,16,12,0,0,4,0,0.57,0.19,0.76,0.57,0.76
FRA-Ligue 1,2425,Saint-Étienne,Léo Pétrot,FRA,DF,27.0,1997.0,31,29,2634.0,29.3,0,3,3,0,0,0,4,0,0.0,0.1,0.1,0.0,0.1
FRA-Ligue 1,2425,Saint-Étienne,Marwann Nzuzi,FRA,DF,20.0,2004.0,2,2,125.0,1.4,0,0,0,0,0,0,2,0,0.0,0.0,0.0,0.0,0.0
FRA-Ligue 1,2425,Saint-Étienne,Mathieu Cafaro,FRA,"MF,FW",27.0,1997.0,15,9,732.0,8.1,1,0,1,1,0,0,3,1,0.12,0.0,0.12,0.12,0.12
FRA-Ligue 1,2425,Saint-Étienne,Mathis Amougou,FRA,MF,18.0,2006.0,17,9,859.0,9.5,0,0,0,0,0,0,2,0,0.0,0.0,0.0,0.0,0.0
FRA-Ligue 1,2425,Saint-Étienne,Maxime Bernauer,FRA,DF,26.0,1998.0,11,9,763.0,8.5,0,0,0,0,0,0,4,1,0.0,0.0,0.0,0.0,0.0
FRA-Ligue 1,2425,Saint-Étienne,Mickael Nade,FRA,DF,25.0,1999.0,26,25,2306.0,25.6,1,2,3,1,0,0,1,0,0.04,0.08,0.12,0.04,0.12
FRA-Ligue 1,2425,Saint-Étienne,Pierre Cornud,FRA,"DF,MF",27.0,1996.0,11,7,576.0,6.4,0,0,0,0,0,0,2,0,0.0,0.0,0.0,0.0,0.0
FRA-Ligue 1,2425,Saint-Étienne,Pierre Ekwah Elimby,FRA,MF,22.0,2002.0,29,29,2575.0,28.6,1,0,1,1,0,0,3,0,0.03,0.0,0.03,0.03,0.03
FRA-Ligue 1,2425,Saint-Étienne,Yunis Abdelhamid,MAR,DF,36.0,1987.0,16,11,1033.0,11.5,0,0,0,0,0,0,2,0,0.0,0.0,0.0,0.0,0.0
FRA-Ligue 1,2425,Saint-Étienne,Yvann Macon,FRA,DF,25.0,1998.0,12,10,790.0,8.8,0,0,0,0,0,0,4,0,0.0,0.0,0.0,0.0,0.0
FRA-Ligue 1,2425,Saint-Étienne,Zuriko Davitashvili,GEO,"FW,MF",23.0,2001.0,33,32,2778.0,30.9,9,8,17,7,2,2,3,0,0.29,0.26,0.55,0.23,0.49
FRA-Ligue 1,2425,Strasbourg,Abakar Sylla,CIV,DF,21.0,2002.0,21,10,950.0,10.6,1,0,1,1,0,0,2,1,0.09,0.0,0.09,0.09,0.09
FRA-Ligue 1,2425,Strasbourg,Abdoul Ouattara,FRA,"MF,FW",18.0,2005.0,17,3,471.0,5.2,1,1,2,1,0,0,1,0,0.19,0.19,0.38,0.19,0.38
FRA-Ligue 1,2425,Strasbourg,Andrew Omobamidele,IRL,DF,22.0,2002.0,10,6,539.0,6.0,0,0,0,0,0,0,5,1,0.0,0.0,0.0,0.0,0.0
FRA-Ligue 1,2425,Strasbourg,Andrey Santos,BRA,MF,20.0,2004.0,32,32,2855.0,31.7,10,3,13,10,0,0,8,0,0.32,0.09,0.41,0.32,0.41
FRA-Ligue 1,2425,Strasbourg,Caleb Wiley,USA,"MF,DF",19.0,2004.0,6,3,266.0,3.0,0,1,1,0,0,0,1,0,0.0,0.34,0.34,0.0,0.34
FRA-Ligue 1,2425,Strasbourg,Diego Moreira,BEL,"MF,DF",19.0,2004.0,32,29,2568.0,28.5,2,7,9,2,0,0,4,1,0.07,0.25,0.32,0.07,0.32
FRA-Ligue 1,2425,Strasbourg,Dilane Bakwa,FRA,MF,21.0,2002.0,30,29,2497.0,27.7,6,8,14,6,0,0,4,0,0.22,0.29,0.5,0.22,0.5
FRA-Ligue 1,2425,Strasbourg,Eduard Sobol,UKR,"DF,MF",29.0,1995.0,10,0,95.0,1.1,0,0,0,0,0,0,2,0,0.0,0.0,0.0,0.0,0.0
FRA-Ligue 1,2425,Strasbourg,Emanuel Emegha,NED,FW,21.0,2003.0,27,27,2293.0,25.5,14,3,17,14,0,0,5,0,0.55,0.12,0.67,0.55,0.67
FRA-Ligue 1,2425,Strasbourg,Félix Lemaréchal,FRA,"MF,FW",20.0,2003.0,27,20,1779.0,19.8,4,3,7,4,0,0,2,0,0.2,0.15,0.35,0.2,0.35
FRA-Ligue 1,2425,Strasbourg,Guéla Doué,CIV,"DF,MF",21.0,2002.0,32,30,2717.0,30.2,1,2,3,1,0,0,7,0,0.03,0.07,0.1,0.03,0.1
FRA-Ligue 1,2425,Strasbourg,Habib Diarra,SEN,"MF,FW",20.0,2004.0,30,27,2352.0,26.1,4,5,9,2,2,2,6,0,0.15,0.19,0.34,0.08,0.27
FRA-Ligue 1,2425,Strasbourg,Ismaël Doukouré,FRA,"DF,MF",21.0,2003.0,31,31,2639.0,29.3,1,1,2,1,0,0,7,0,0.03,0.03,0.07,0.03,0.07
FRA-Ligue 1,2425,Strasbourg,Junior Mwanga,FRA,MF,21.0,2003.0,8,2,296.0,3.3,0,0,0,0,0,0,0,0,0.0,0.0,0.0,0.0,0.0
FRA-Ligue 1,2425,Strasbourg,Jérémy Sebas,MTQ,MF,21.0,2003.0,13,1,190.0,2.1,0,0,0,0,0,0,0,0,0.0,0.0,0.0,0.0,0.0
FRA-Ligue 1,2425,Strasbourg,Karl-Johan Johnsson,SWE,GK,34.0,1990.0,3,3,270.0,3.0,0,0,0,0,0,0,0,0,0.0,0.0,0.0,0.0,0.0
FRA-Ligue 1,2425,Strasbourg,Karol Fila,POL,DF,26.0,1998.0,1,0,5.0,0.1,0,0,0,0,0,0,1,0,0.0,0.0,0.0,0.0,0.0
FRA-Ligue 1,2425,Strasbourg,Mamadou Sarr,SEN,DF,18.0,2005.0,27,27,2365.0,26.3,0,1,1,0,0,0,4,0,0.0,0.04,0.04,0.0,0.04
FRA-Ligue 1,2425,Strasbourg,Marvin Senaya,GHA,DF,23.0,2001.0,10,1,227.0,2.5,0,0,0,0,0,0,3,0,0.0,0.0,0.0,0.0,0.0
FRA-Ligue 1,2425,Strasbourg,Milos Lukovic,SRB,FW,18.0,2005.0,2,0,12.0,0.1,0,0,0,0,0,0,0,0,0.0,0.0,0.0,0.0,0.0
FRA-Ligue 1,2425,Strasbourg,Nordine Kandil,FRA,MF,22.0,2001.0,1,0,10.0,0.1,0,0,0,0,0,0,0,0,0.0,0.0,0.0,0.0,0.0
FRA-Ligue 1,2425,Strasbourg,Pape Daouda Diongue,SEN,MF,18.0,2006.0,9,1,78.0,0.9,1,0,1,1,0,0,0,0,1.15,0.0,1.15,1.15,1.15
FRA-Ligue 1,2425,Strasbourg,Saidou Sow,GUI,DF,22.0,2002.0,12,11,1018.0,11.3,0,1,1,0,0,0,2,0,0.0,0.09,0.09,0.0,0.09
FRA-Ligue 1,2425,Strasbourg,Samuel Amo-Ameyaw,ENG,MF,18.0,2006.0,9,3,320.0,3.6,2,0,2,2,0,0,0,0,0.56,0.0,0.56,0.56,0.56
FRA-Ligue 1,2425,Strasbourg,Sebastian Nanasi,SWE,"MF,FW",22.0,2002.0,31,26,2107.0,23.4,6,4,10,6,0,0,1,0,0.26,0.17,0.43,0.26,0.43
FRA-Ligue 1,2425,Strasbourg,Sekou Mara,FRA,"FW,MF",22.0,2002.0,25,7,768.0,8.5,1,1,2,1,0,0,2,0,0.12,0.12,0.23,0.12,0.23
FRA-Ligue 1,2425,Strasbourg,Thomas Delaine,FRA,"DF,MF",32.0,1992.0,2,0,9.0,0.1,0,0,0,0,0,0,0,0,0.0,0.0,0.0,0.0,0.0
FRA-Ligue 1,2425,Strasbourg,Valentín Barco,ARG,MF,20.0,2004.0,14,14,1157.0,12.9,0,2,2,0,0,0,2,0,0.0,0.16,0.16,0.0,0.16
FRA-Ligue 1,2425,Strasbourg,Óscar Perea,COL,MF,18.0,2005.0,2,0,14.0,0.2,0,0,0,0,0,0,0,0,0.0,0.0,0.0,0.0,0.0
FRA-Ligue 1,2425,Strasbourg,Đorđe Petrović,SRB,GK,24.0,1999.0,31,31,2790.0,31.0,0,0,0,0,0,0,2,0,0.0,0.0,0.0,0.0,0.0
FRA-Ligue 1,2425,Toulouse,Aron Dønnum,NOR,MF,26.0,1998.0,32,31,2689.0,29.9,3,2,5,3,0,0,6,0,0.1,0.07,0.17,0.1,0.17
FRA-Ligue 1,2425,Toulouse,Charlie Cresswell,ENG,DF,21.0,2002.0,31,29,2592.0,28.8,3,1,4,3,0,0,5,0,0.1,0.03,0.14,0.1,0.14
FRA-Ligue 1,2425,Toulouse,Cristian Cásseres Jr.,VEN,MF,24.0,2000.0,32,31,2696.0,30.0,1,3,4,1,0,0,11,0,0.03,0.1,0.13,0.03,0.13
FRA-Ligue 1,2425,Toulouse,Denis Genreau,AUS,MF,25.0,1999.0,8,2,222.0,2.5,0,0,0,0,0,0,0,0,0.0,0.0,0.0,0.0,0.0
FRA-Ligue 1,2425,Toulouse,Djibril Sidibé,FRA,DF,32.0,1992.0,28,24,2101.0,23.3,0,3,3,0,0,0,1,0,0.0,0.13,0.13,0.0,0.13
FRA-Ligue 1,2425,Toulouse,Edhy Zuliani,FRA,MF,19.0,2004.0,1,0,9.0,0.1,0,0,0,0,0,0,0,0,0.0,0.0,0.0,0.0,0.0
FRA-Ligue 1,2425,Toulouse,Frank Magri,CMR,FW,24.0,1999.0,31,17,1516.0,16.8,5,1,6,5,0,0,5,1,0.3,0.06,0.36,0.3,0.36
FRA-Ligue 1,2425,Toulouse,Gabriel Suazo,CHI,"MF,DF",26.0,1997.0,30,23,2163.0,24.0,0,6,6,0,0,0,0,0,0.0,0.25,0.25,0.0,0.25
FRA-Ligue 1,2425,Toulouse,Guillaume Restes,FRA,GK,19.0,2005.0,29,29,2543.0,28.3,0,1,1,0,0,0,2,0,0.0,0.04,0.04,0.0,0.04
FRA-Ligue 1,2425,Toulouse,Jaydee Canvot,FRA,"DF,MF",18.0,2006.0,18,12,1106.0,12.3,0,0,0,0,0,0,2,0,0.0,0.0,0.0,0.0,0.0
FRA-Ligue 1,2425,Toulouse,Joshua King,NOR,"FW,MF",32.0,1992.0,28,21,1673.0,18.6,6,3,9,6,0,0,2,0,0.32,0.16,0.48,0.32,0.48
FRA-Ligue 1,2425,Toulouse,Kjetil Haug,NOR,GK,26.0,1998.0,6,5,498.0,5.5,0,0,0,0,0,0,0,0,0.0,0.0,0.0,0.0,0.0
FRA-Ligue 1,2425,Toulouse,Logan Costa,CPV,DF,23.0,2001.0,1,1,90.0,1.0,0,0,0,0,0,0,0,0,0.0,0.0,0.0,0.0,0.0
FRA-Ligue 1,2425,Toulouse,Mark McKenzie,USA,DF,25.0,1999.0,30,29,2496.0,27.7,1,1,2,1,0,0,1,1,0.04,0.04,0.07,0.04,0.07
FRA-Ligue 1,2425,Toulouse,Miha Zajc,SVN,MF,30.0,1994.0,19,1,262.0,2.9,0,0,0,0,0,0,2,0,0.0,0.0,0.0,0.0,0.0
FRA-Ligue 1,2425,Toulouse,Naatan Skyttä,FIN,MF,22.0,2002.0,1,0,5.0,0.1,0,0,0,0,0,0,0,0,0.0,0.0,0.0,0.0,0.0
FRA-Ligue 1,2425,Toulouse,Niklas Schmidt,GER,MF,26.0,1998.0,9,2,205.0,2.3,0,1,1,0,0,0,0,0,0.0,0.44,0.44,0.0,0.44
FRA-Ligue 1,2425,Toulouse,Noah Edjouma,FRA,MF,18.0,2005.0,10,1,171.0,1.9,2,0,2,2,0,0,0,1,1.05,0.0,1.05,1.05,1.05
FRA-Ligue 1,2425,Toulouse,Rafik Messali,FRA,MF,21.0,2003.0,13,5,456.0,5.1,0,1,1,0,0,0,0,0,0.0,0.2,0.2,0.0,0.2
FRA-Ligue 1,2425,Toulouse,Rasmus Nicolaisen,DEN,DF,27.0,1997.0,7,7,623.0,6.9,0,1,1,0,0,0,0,0,0.0,0.14,0.14,0.0,0.14
FRA-Ligue 1,2425,Toulouse,Shavy Babicka,GAB,MF,24.0,2000.0,30,11,1186.0,13.2,4,2,6,4,0,0,2,0,0.3,0.15,0.46,0.3,0.46
FRA-Ligue 1,2425,Toulouse,Vincent Sierro,SUI,MF,28.0,1995.0,29,27,2402.0,26.7,5,1,6,3,2,2,4,0,0.19,0.04,0.22,0.11,0.15
FRA-Ligue 1,2425,Toulouse,Warren Kamanzi,NOR,MF,23.0,2000.0,24,11,1022.0,11.4,1,1,2,1,0,0,3,0,0.09,0.09,0.18,0.09,0.18
FRA-Ligue 1,2425,Toulouse,Yann Gboho,FRA,"MF,FW",23.0,2001.0,31,27,2333.0,25.9,5,4,9,5,0,0,2,0,0.19,0.15,0.35,0.19,0.35
FRA-Ligue 1,2425,Toulouse,Zakaria Aboukhlal,MAR,"MF,FW",24.0,2000.0,26,22,1901.0,21.1,7,2,9,6,1,2,4,0,0.33,0.09,0.43,0.28,0.38
FRA-Ligue 1,2425,Toulouse,Álex Domínguez,ESP,GK,26.0,1998.0,1,0,19.0,0.2,0,0,0,0,0,0,0,0,0.0,0.0,0.0,0.0,0.0
FRA-Ligue 1,2425,Toulouse,Ümit Akdag,ROU,DF,20.0,2003.0,9,6,500.0,5.6,0,0,0,0,0,0,2,0,0.0,0.0,0.0,0.0,0.0
FRA-Ligue 1,2526,Angers,Abdoulaye Bamba,CIV,DF,35.0,1990.0,6,3,255.0,2.8,0,0,0,0,0,0,1,0,0.0,0.0,0.0,0.0,0.0
FRA-Ligue 1,2526,Angers,Amine Sbai,MAR,"MF,FW",24.0,2000.0,25,23,1818.0,20.2,3,1,4,3,0,1,3,1,0.15,0.05,0.2,0.15,0.2
FRA-Ligue 1,2526,Angers,Bane Diatta,FRA,MF,17.0,2008.0,1,0,5.0,0.1,0,0,0,0,0,0,0,0,0.0,0.0,0.0,0.0,0.0
FRA-Ligue 1,2526,Angers,Branco van den Boomen,NED,MF,30.0,1995.0,15,14,1238.0,13.8,0,1,1,0,0,1,3,0,0.0,0.07,0.07,0.0,0.07
FRA-Ligue 1,2526,Angers,Carlens Arcus,HAI,DF,29.0,1996.0,26,24,2040.0,22.7,0,3,3,0,0,0,7,0,0.0,0.13,0.13,0.0,0.13
FRA-Ligue 1,2526,Angers,Dan Sinaté,FRA,DF,19.0,2006.0,3,0,33.0,0.4,0,0,0,0,0,0,0,0,0.0,0.0,0.0,0.0,0.0
FRA-Ligue 1,2526,Angers,Emmanuel Biumla,FRA,DF,20.0,2005.0,9,3,387.0,4.3,0,0,0,0,0,0,0,0,0.0,0.0,0.0,0.0,0.0
FRA-Ligue 1,2526,Angers,Esteban Lepaul,FRA,FW,25.0,2000.0,2,2,174.0,1.9,1,0,1,1,0,0,0,0,0.52,0.0,0.52,0.52,0.52
FRA-Ligue 1,2526,Angers,Florent Hanin,ALG,"DF,MF",35.0,1990.0,25,9,865.0,9.6,0,0,0,0,0,0,0,0,0.0,0.0,0.0,0.0,0.0
FRA-Ligue 1,2526,Angers,Goduine Koyalipou,CTA,FW,25.0,2000.0,13,7,668.0,7.4,2,1,3,1,1,1,0,0,0.27,0.13,0.4,0.13,0.27
FRA-Ligue 1,2526,Angers,Haris Belkebla,ALG,MF,31.0,1994.0,33,33,2875.0,31.9,0,0,0,0,0,0,7,0,0.0,0.0,0.0,0.0,0.0
FRA-Ligue 1,2526,Angers,Harouna Djibrin,CMR,MF,18.0,2006.0,15,1,336.0,3.7,2,1,3,2,0,0,2,0,0.54,0.27,0.8,0.54,0.8
FRA-Ligue 1,2526,Angers,Hervé Koffi,BFA,GK,28.0,1996.0,30,30,2658.0,29.5,0,0,0,0,0,0,1,0,0.0,0.0,0.0,0.0,0.0
FRA-Ligue 1,2526,Angers,Himad Abdelli,ALG,MF,25.0,1999.0,13,11,943.0,10.5,2,0,2,0,2,2,1,0,0.19,0.0,0.19,0.0,0.0
FRA-Ligue 1,2526,Angers,Jacques Ekomie,GAB,"DF,MF",21.0,2003.0,32,25,2239.0,24.9,0,0,0,0,0,0,3,0,0.0,0.0,0.0,0.0,0.0
FRA-Ligue 1,2526,Angers,Jim Allevinah,GAB,MF,30.0,1995.0,6,0,133.0,1.5,1,0,1,1,0,0,0,0,0.68,0.0,0.68,0.68,0.68
FRA-Ligue 1,2526,Angers,Jordan Lefort,MTN,DF,31.0,1993.0,34,34,3060.0,34.0,0,2,2,0,0,0,2,0,0.0,0.06,0.06,0.0,0.06
FRA-Ligue 1,2526,Angers,Justin-Noël Kalumba,FRA,"FW,MF",20.0,2004.0,4,3,224.0,2.5,0,0,0,0,0,0,0,0,0.0,0.0,0.0,0.0,0.0
FRA-Ligue 1,2526,Angers,Lanroy Machine,FRA,FW,19.0,2005.0,22,3,519.0,5.8,1,0,1,1,0,0,1,0,0.17,0.0,0.17,0.17,0.17
FRA-Ligue 1,2526,Angers,Lilian Raolisoa,FRA,"MF,DF",25.0,2000.0,32,21,1966.0,21.8,2,4,6,2,0,0,3,0,0.09,0.18,0.27,0.09,0.27
FRA-Ligue 1,2526,Angers,Louis Mouton,FRA,MF,23.0,2002.0,32,24,1891.0,21.0,2,1,3,2,0,0,2,1,0.1,0.05,0.14,0.1,0.14
FRA-Ligue 1,2526,Angers,Marius Courcoul,FRA,MF,18.0,2007.0,18,3,374.0,4.2,0,0,0,0,0,0,0,0,0.0,0.0,0.0,0.0,0.0
FRA-Ligue 1,2526,Angers,Marius Louer,FRA,DF,18.0,2007.0,9,6,543.0,6.0,0,0,0,0,0,0,1,0,0.0,0.0,0.0,0.0,0.0
FRA-Ligue 1,2526,Angers,Melvin Zinga,FRA,GK,23.0,2002.0,3,2,222.0,2.5,0,0,0,0,0,0,0,0,0.0,0.0,0.0,0.0,0.0
FRA-Ligue 1,2526,Angers,Oumar Pona,FRA,GK,19.0,2006.0,2,2,180.0,2.0,0,0,0,0,0,0,1,0,0.0,0.0,0.0,0.0,0.0
FRA-Ligue 1,2526,Angers,Ousmane Camara,MLI,DF,22.0,2003.0,32,31,2718.0,30.2,1,0,1,1,0,0,4,0,0.03,0.0,0.03,0.03,0.03
FRA-Ligue 1,2526,Angers,Pierrick Capelle,FRA,MF,38.0,1987.0,16,6,651.0,7.2,0,1,1,0,0,0,2,0,0.0,0.14,0.14,0.0,0.14
FRA-Ligue 1,2526,Angers,Prosper Peter,NGA,FW,17.0,2007.0,29,14,1273.0,14.1,5,0,5,5,0,0,0,0,0.35,0.0,0.35,0.35,0.35
FRA-Ligue 1,2526,Angers,Sidiki Cherif,FRA,"FW,MF",18.0,2006.0,19,14,1157.0,12.9,4,0,4,4,0,0,3,0,0.31,0.0,0.31,0.31,0.31
FRA-Ligue 1,2526,Angers,Yassin Belkhdim,FRA,MF,23.0,2002.0,27,26,2135.0,23.7,2,2,4,2,0,0,5,0,0.08,0.08,0.17,0.08,0.17
FRA-Ligue 1,2526,Auxerre,Assane Dioussé,SEN,MF,27.0,1997.0,15,1,219.0,2.4,0,0,0,0,0,0,3,0,0.0,0.0,0.0,0.0,0.0
FRA-Ligue 1,2526,Auxerre,Bryan Okoh,SUI,DF,22.0,2003.0,13,12,1005.0,11.2,3,0,3,3,0,0,2,0,0.27,0.0,0.27,0.27,0.27
FRA-Ligue 1,2526,Auxerre,Clément Akpa,CIV,DF,23.0,2001.0,26,21,1944.0,21.6,0,0,0,0,0,0,4,1,0.0,0.0,0.0,0.0,0.0
FRA-Ligue 1,2526,Auxerre,Danny Loader,CMR,"MF,FW",24.0,2000.0,30,29,2517.0,28.0,3,3,6,3,0,0,9,0,0.11,0.11,0.21,0.11,0.21
FRA-Ligue 1,2526,Auxerre,Donovan Léon,GUF,GK,32.0,1992.0,29,29,2460.0,27.3,0,0,0,0,0,0,1,2,0.0,0.0,0.0,0.0,0.0
FRA-Ligue 1,2526,Auxerre,Elisha Owusu,GHA,MF,27.0,1997.0,29,27,2344.0,26.0,0,0,0,0,0,0,7,0,0.0,0.0,0.0,0.0,0.0
FRA-Ligue 1,2526,Auxerre,Francisco Sierralta,CHI,DF,28.0,1997.0,10,9,861.0,9.6,1,0,1,1,0,0,2,0,0.1,0.0,0.1,0.1,0.1
FRA-Ligue 1,2526,Auxerre,Fredrik Oppegard,NOR,"MF,DF",22.0,2002.0,23,15,1246.0,13.8,0,0,0,0,0,0,1,1,0.0,0.0,0.0,0.0,0.0
FRA-Ligue 1,2526,Auxerre,Gabriel Osho,NGA,DF,26.0,1998.0,2,2,134.0,1.5,0,0,0,0,0,0,0,0,0.0,0.0,0.0,0.0,0.0
FRA-Ligue 1,2526,Auxerre,Gideon Mensah,GHA,DF,27.0,1998.0,30,26,2327.0,25.9,0,2,2,0,0,0,8,0,0.0,0.08,0.08,0.0,0.08
FRA-Ligue 1,2526,Auxerre,Ibrahim Osman,GHA,"MF,FW",20.0,2004.0,14,7,625.0,6.9,0,2,2,0,0,0,0,0,0.0,0.29,0.29,0.0,0.29
FRA-Ligue 1,2526,Auxerre,Josué Casimir,HAI,"MF,FW",23.0,2001.0,31,16,1522.0,16.9,1,0,1,1,0,1,6,1,0.06,0.0,0.06,0.06,0.06
FRA-Ligue 1,2526,Auxerre,Kévin Danois,FRA,MF,21.0,2004.0,33,32,2830.0,31.4,3,1,4,3,0,0,3,0,0.1,0.03,0.13,0.1,0.13
FRA-Ligue 1,2526,Auxerre,Lamine Sy,MTN,DF,22.0,2002.0,24,17,1536.0,17.1,0,0,0,0,0,0,1,0,0.0,0.0,0.0,0.0,0.0
FRA-Ligue 1,2526,Auxerre,Lassine Sinayoko,MLI,"FW,MF",25.0,1999.0,32,32,2770.0,30.8,12,4,16,9,3,4,8,0,0.39,0.13,0.52,0.29,0.42
FRA-Ligue 1,2526,Auxerre,Lasso Coulibaly,CIV,MF,22.0,2002.0,17,1,321.0,3.6,0,0,0,0,0,0,1,0,0.0,0.0,0.0,0.0,0.0
FRA-Ligue 1,2526,Auxerre,Mamoudou Cissokho,FRA,FW,17.0,2007.0,2,0,2.0,0.0,0,0,0,0,0,0,0,0,0.0,0.0,0.0,0.0,0.0
FRA-Ligue 1,2526,Auxerre,Marvin Senaya,GHA,"DF,MF",24.0,2001.0,25,20,1780.0,19.8,1,0,1,1,0,0,5,0,0.05,0.0,0.05,0.05,0.05
FRA-Ligue 1,2526,Auxerre,Naouirou Ahamada,FRA,MF,23.0,2002.0,15,8,682.0,7.6,0,1,1,0,0,0,0,0,0.0,0.13,0.13,0.0,0.13
FRA-Ligue 1,2526,Auxerre,Oussama El Azzouzi,MAR,"MF,DF",24.0,2001.0,11,10,807.0,9.0,1,0,1,1,0,0,1,1,0.11,0.0,0.11,0.11,0.11
FRA-Ligue 1,2526,Auxerre,Romain Faivre,FRA,"MF,FW",27.0,1998.0,10,7,581.0,6.5,0,2,2,0,0,0,0,0,0.0,0.31,0.31,0.0,0.31
FRA-Ligue 1,2526,Auxerre,Rudy Matondo,FRA,MF,17.0,2008.0,16,6,614.0,6.8,0,0,0,0,0,0,3,0,0.0,0.0,0.0,0.0,0.0
FRA-Ligue 1,2526,Auxerre,Ryan Rodin,FRA,MF,19.0,2006.0,3,0,26.0,0.3,0,0,0,0,0,0,0,0,0.0,0.0,0.0,0.0,0.0
FRA-Ligue 1,2526,Auxerre,Sekou Mara,FRA,FW,23.0,2002.0,27,14,1226.0,13.6,3,2,5,3,0,0,0,0,0.22,0.15,0.37,0.22,0.37
FRA-Ligue 1,2526,Auxerre,Sinaly Diomande,CIV,DF,24.0,2001.0,24,24,2131.0,23.7,2,2,4,2,0,0,4,1,0.08,0.08,0.17,0.08,0.17
FRA-Ligue 1,2526,Auxerre,Telli Siwe,FRA,DF,20.0,2004.0,4,4,315.0,3.5,0,0,0,0,0,0,0,0,0.0,0.0,0.0,0.0,0.0
FRA-Ligue 1,2526,Auxerre,Theo Bair,CAN,FW,25.0,1999.0,2,0,10.0,0.1,0,0,0,0,0,0,0,0,0.0,0.0,0.0,0.0,0.0
FRA-Ligue 1,2526,Auxerre,Théo De Percin,MTQ,GK,24.0,2001.0,8,5,598.0,6.6,0,0,0,0,0,0,0,0,0.0,0.0,0.0,0.0,0.0
FRA-Ligue 1,2526,Auxerre,Tidiane Devernois,FRA,MF,17.0,2007.0,2,0,10.0,0.1,0,0,0,0,0,0,0,0,0.0,0.0,0.0,0.0,0.0
FRA-Ligue 1,2526,Auxerre,Yvan Zaddy,CIV,MF,19.0,2006.0,1,0,1.0,0.0,0,0,0,0,0,0,0,0,0.0,0.0,0.0,0.0,0.0
FRA-Ligue 1,2526,Brest,Axel Camblan,FRA,FW,21.0,2003.0,1,0,12.0,0.1,0,0,0,0,0,0,0,0,0.0,0.0,0.0,0.0,0.0
FRA-Ligue 1,2526,Brest,Bradley Locko,FRA,DF,23.0,2002.0,21,14,1286.0,14.3,0,2,2,0,0,0,0,0,0.0,0.14,0.14,0.0,0.14
FRA-Ligue 1,2526,Brest,Brendan Chardonnet,FRA,DF,30.0,1994.0,29,29,2546.0,28.3,1,3,4,1,0,0,6,0,0.04,0.11,0.14,0.04,0.14
FRA-Ligue 1,2526,Brest,Daouda Guindo,MLI,DF,22.0,2002.0,25,19,1686.0,18.7,1,1,2,1,0,0,4,1,0.05,0.05,0.11,0.05,0.11
FRA-Ligue 1,2526,Brest,Grégoire Coudert,FRA,GK,26.0,1999.0,25,24,2192.0,24.4,0,0,0,0,0,0,2,0,0.0,0.0,0.0,0.0,0.0
FRA-Ligue 1,2526,Brest,Hamidou Makalou,MLI,MF,19.0,2006.0,17,2,341.0,3.8,0,0,0,0,0,0,0,0,0.0,0.0,0.0,0.0,0.0
FRA-Ligue 1,2526,Brest,Hugo Magnetti,FRA,MF,27.0,1998.0,33,31,2688.0,29.9,1,1,2,1,0,0,4,1,0.03,0.03,0.07,0.03,0.07
FRA-Ligue 1,2526,Brest,Ibrahim Kanté,FRA,MF,18.0,2007.0,1,0,9.0,0.1,0,0,0,0,0,0,0,0,0.0,0.0,0.0,0.0,0.0
FRA-Ligue 1,2526,Brest,Joris Chotard,FRA,MF,23.0,2001.0,33,31,2773.0,30.8,2,1,3,2,0,0,2,0,0.06,0.03,0.1,0.06,0.1
FRA-Ligue 1,2526,Brest,Julien Le Cardinal,FRA,DF,27.0,1997.0,5,3,328.0,3.6,1,0,1,1,0,0,1,0,0.27,0.0,0.27,0.27,0.27
FRA-Ligue 1,2526,Brest,Junior Diaz,CIV,DF,22.0,2003.0,20,17,1562.0,17.4,0,0,0,0,0,0,4,0,0.0,0.0,0.0,0.0,0.0
FRA-Ligue 1,2526,Brest,Junior Dina Ebimbe,CMR,MF,24.0,2000.0,27,15,1165.0,12.9,5,0,5,5,0,0,3,0,0.39,0.0,0.39,0.39,0.39
FRA-Ligue 1,2526,Brest,Justin Bourgault,FRA,FW,19.0,2005.0,1,0,16.0,0.2,0,0,0,0,0,0,0,0,0.0,0.0,0.0,0.0,0.0
FRA-Ligue 1,2526,Brest,Kamory Doumbia,MLI,MF,22.0,2003.0,24,22,1750.0,19.4,5,4,9,5,0,0,6,0,0.26,0.21,0.46,0.26,0.46
FRA-Ligue 1,2526,Brest,Kenny Lala,MAD,DF,33.0,1991.0,32,31,2791.0,31.0,0,3,3,0,0,0,4,0,0.0,0.1,0.1,0.0,0.1
FRA-Ligue 1,2526,Brest,Lucas Tousart,FRA,"MF,DF",28.0,1997.0,24,9,834.0,9.3,1,0,1,1,0,0,0,0,0.11,0.0,0.11,0.11,0.11
FRA-Ligue 1,2526,Brest,Luck Zogbé,CIV,DF,20.0,2005.0,9,3,288.0,3.2,0,0,0,0,0,0,0,0,0.0,0.0,0.0,0.0,0.0
FRA-Ligue 1,2526,Brest,Ludovic Ajorque,FRA,FW,31.0,1994.0,32,32,2820.0,31.3,8,9,17,8,0,0,9,1,0.26,0.29,0.54,0.26,0.54
FRA-Ligue 1,2526,Brest,Mama Samba Baldé,GNB,"FW,MF",29.0,1995.0,18,8,716.0,8.0,2,2,4,2,0,0,0,0,0.25,0.25,0.5,0.25,0.5
FRA-Ligue 1,2526,Brest,Pathé Mboup,SEN,MF,21.0,2003.0,28,9,1054.0,11.7,1,0,1,1,0,0,6,0,0.09,0.0,0.09,0.09,0.09
FRA-Ligue 1,2526,Brest,Pierre Lees-Melou,FRA,MF,32.0,1993.0,2,2,180.0,2.0,0,0,0,0,0,0,0,0,0.0,0.0,0.0,0.0,0.0
FRA-Ligue 1,2526,Brest,Radosław Majecki,POL,GK,25.0,1999.0,10,10,864.0,9.6,0,0,0,0,0,0,0,1,0.0,0.0,0.0,0.0,0.0
FRA-Ligue 1,2526,Brest,Raphael Le Guen,FRA,DF,18.0,2006.0,6,4,375.0,4.2,0,0,0,0,0,0,0,0,0.0,0.0,0.0,0.0,0.0
FRA-Ligue 1,2526,Brest,Romain Del Castillo,FRA,"MF,FW",29.0,1996.0,32,32,2625.0,29.2,9,3,12,3,6,8,2,1,0.31,0.1,0.41,0.1,0.21
FRA-Ligue 1,2526,Brest,Rémy Labeau Lascary,GLP,"MF,FW",22.0,2003.0,27,12,1200.0,13.3,5,1,6,5,0,0,2,0,0.37,0.07,0.45,0.37,0.45
FRA-Ligue 1,2526,Brest,Soumaïla Coulibaly,FRA,DF,21.0,2003.0,16,15,1338.0,14.9,0,0,0,0,0,0,3,0,0.0,0.0,0.0,0.0,0.0
FRA-Ligue 1,2526,Brest,Sérigné Diop,SEN,FW,20.0,2005.0,2,0,12.0,0.1,0,0,0,0,0,0,0,0,0.0,0.0,0.0,0.0,0.0
FRA-Ligue 1,2526,Le Havre,Abdoulaye Touré,GUI,MF,31.0,1994.0,11,8,740.0,8.2,2,0,2,2,0,1,2,0,0.24,0.0,0.24,0.24,0.24
FRA-Ligue 1,2526,Le Havre,Arouna Sangante,SEN,DF,23.0,2002.0,28,28,2324.0,25.8,1,1,2,1,0,0,4,2,0.04,0.04,0.08,0.04,0.08
FRA-Ligue 1,2526,Le Havre,Ayumu Seko,JPN,"MF,DF",25.0,2000.0,30,29,2625.0,29.2,0,0,0,0,0,0,6,0,0.0,0.0,0.0,0.0,0.0
FRA-Ligue 1,2526,Le Havre,Damián Pizarro,CHI,FW,20.0,2005.0,2,0,28.0,0.3,0,0,0,0,0,0,0,0,0.0,0.0,0.0,0.0,0.0
FRA-Ligue 1,2526,Le Havre,Daren Mosengo,FRA,MF,18.0,2006.0,7,0,108.0,1.2,0,0,0,0,0,0,0,0,0.0,0.0,0.0,0.0,0.0
FRA-Ligue 1,2526,Le Havre,Enzo Koffi Vinette,FRA,DF,19.0,2006.0,14,4,385.0,4.3,0,0,0,0,0,0,2,0,0.0,0.0,0.0,0.0,0.0
FRA-Ligue 1,2526,Le Havre,Etienne Youte Kinkoue,FRA,"DF,MF",23.0,2002.0,9,4,419.0,4.7,0,0,0,0,0,0,2,0,0.0,0.0,0.0,0.0,0.0
FRA-Ligue 1,2526,Le Havre,Felix Mambimbi,SUI,"FW,MF",24.0,2001.0,17,7,530.0,5.9,1,0,1,1,0,0,1,0,0.17,0.0,0.17,0.17,0.17
FRA-Ligue 1,2526,Le Havre,Fodé Doucouré,MLI,"MF,FW",24.0,2001.0,26,15,1239.0,13.8,3,1,4,3,0,0,2,0,0.22,0.07,0.29,0.22,0.29
FRA-Ligue 1,2526,Le Havre,Gautier Lloris,FRA,DF,30.0,1995.0,29,28,2398.0,26.6,1,1,2,1,0,0,2,1,0.04,0.04,0.08,0.04,0.08
FRA-Ligue 1,2526,Le Havre,Georges Gomis,SEN,DF,17.0,2008.0,1,0,1.0,0.0,0,0,0,0,0,0,0,0,0.0,0.0,0.0,0.0,0.0
FRA-Ligue 1,2526,Le Havre,Godson Kyeremeh,FRA,FW,25.0,2000.0,13,3,381.0,4.2,1,1,2,1,0,0,0,0,0.24,0.24,0.47,0.24,0.47
FRA-Ligue 1,2526,Le Havre,Issa Soumaré,SEN,"FW,MF",24.0,2000.0,34,33,2948.0,32.8,8,5,13,7,1,3,3,0,0.24,0.15,0.4,0.21,0.37
FRA-Ligue 1,2526,Le Havre,Kenny Quetant,FRA,FW,19.0,2006.0,9,4,372.0,4.1,1,0,1,1,0,0,1,0,0.24,0.0,0.24,0.24,0.24
FRA-Ligue 1,2526,Le Havre,Lionel Mpasi,COD,GK,30.0,1994.0,4,3,315.0,3.5,0,0,0,0,0,0,1,0,0.0,0.0,0.0,0.0,0.0
FRA-Ligue 1,2526,Le Havre,Loïc Nego,HUN,"DF,MF",34.0,1991.0,30,26,2339.0,26.0,0,0,0,0,0,0,3,0,0.0,0.0,0.0,0.0,0.0
FRA-Ligue 1,2526,Le Havre,Lucas Gourna-Douath,FRA,MF,21.0,2003.0,15,14,1272.0,14.1,0,0,0,0,0,0,5,0,0.0,0.0,0.0,0.0,0.0
FRA-Ligue 1,2526,Le Havre,Mbwana Samatta,TAN,FW,32.0,1992.0,27,17,1542.0,17.1,2,1,3,2,0,0,4,0,0.12,0.06,0.18,0.12,0.18
FRA-Ligue 1,2526,Le Havre,Mory Diaw,SEN,GK,32.0,1993.0,30,30,2655.0,29.5,0,1,1,0,0,0,1,0,0.0,0.03,0.03,0.0,0.03
FRA-Ligue 1,2526,Le Havre,Noam Obougou Jacquet,FRA,FW,19.0,2006.0,5,0,104.0,1.2,1,0,1,1,0,0,0,0,0.87,0.0,0.87,0.87,0.87
FRA-Ligue 1,2526,Le Havre,Paul Argney,FRA,GK,19.0,2006.0,1,1,90.0,1.0,0,0,0,0,0,0,0,0,0.0,0.0,0.0,0.0,0.0
FRA-Ligue 1,2526,Le Havre,Rassoul Ndiaye,SEN,MF,23.0,2001.0,33,30,2566.0,28.5,4,4,8,4,0,0,2,0,0.14,0.14,0.28,0.14,0.28
FRA-Ligue 1,2526,Le Havre,Reda Khadra,GER,FW,24.0,2001.0,8,1,229.0,2.5,0,0,0,0,0,0,0,0,0.0,0.0,0.0,0.0,0.0
FRA-Ligue 1,2526,Le Havre,Simon Ebonog,CMR,MF,20.0,2004.0,30,21,1759.0,19.5,1,0,1,1,0,0,8,0,0.05,0.0,0.05,0.05,0.05
FRA-Ligue 1,2526,Le Havre,Sofiane Boufal,MAR,"MF,FW",31.0,1993.0,17,13,1019.0,11.3,1,4,5,1,0,1,2,0,0.09,0.35,0.44,0.09,0.44
FRA-Ligue 1,2526,Le Havre,Stephan Zagadou,FRA,DF,16.0,2008.0,8,6,495.0,5.5,1,0,1,1,0,0,0,1,0.18,0.0,0.18,0.18,0.18
FRA-Ligue 1,2526,Le Havre,Thomas Delaine,FRA,"MF,DF",33.0,1992.0,5,2,201.0,2.2,0,0,0,0,0,0,1,0,0.0,0.0,0.0,0.0,0.0
FRA-Ligue 1,2526,Le Havre,Timothee Pembele,FRA,"MF,DF",22.0,2002.0,14,2,381.0,4.2,0,0,0,0,0,0,1,0,0.0,0.0,0.0,0.0,0.0
FRA-Ligue 1,2526,Le Havre,Yanis Zouaoui,ALG,"DF,MF",27.0,1998.0,30,28,2338.0,26.0,1,1,2,0,1,1,7,0,0.04,0.04,0.08,0.0,0.04
FRA-Ligue 1,2526,Le Havre,Yassine Kechta,MAR,MF,23.0,2002.0,30,14,1332.0,14.8,2,1,3,2,0,0,3,0,0.14,0.07,0.2,0.14,0.2
FRA-Ligue 1,2526,Le Havre,Younes Namli,DEN,"FW,MF",31.0,1994.0,12,3,327.0,3.6,0,1,1,0,0,0,2,0,0.0,0.28,0.28,0.0,0.28
FRA-Ligue 1,2526,Lens,Abdallah Sima,SEN,"MF,FW",24.0,2001.0,21,6,718.0,8.0,2,2,4,2,0,0,3,0,0.25,0.25,0.5,0.25,0.5
FRA-Ligue 1,2526,Lens,Adrien Thomasson,FRA,MF,31.0,1993.0,32,31,2683.0,29.8,3,9,12,3,0,0,11,0,0.1,0.3,0.4,0.1,0.4
FRA-Ligue 1,2526,Lens,Allan Saint-Maximin,FRA,MF,28.0,1997.0,10,2,410.0,4.6,3,3,6,3,0,0,0,0,0.66,0.66,1.32,0.66,1.32
FRA-Ligue 1,2526,Lens,Amadou Haidara,MLI,MF,27.0,1998.0,7,2,259.0,2.9,1,1,2,1,0,0,0,0,0.35,0.35,0.69,0.35,0.69
FRA-Ligue 1,2526,Lens,Andrija Bulatović,MNE,MF,18.0,2006.0,19,6,762.0,8.5,0,4,4,0,0,0,2,0,0.0,0.47,0.47,0.0,0.47
FRA-Ligue 1,2526,Lens,Andy Diouf,FRA,MF,22.0,2003.0,1,1,90.0,1.0,0,0,0,0,0,0,0,0,0.0,0.0,0.0,0.0,0.0
FRA-Ligue 1,2526,Lens,Anthony Bermont,FRA,FW,20.0,2005.0,10,0,104.0,1.2,0,0,0,0,0,0,0,0,0.0,0.0,0.0,0.0,0.0
FRA-Ligue 1,2526,Lens,Arthur Masuaku,COD,"DF,MF",31.0,1993.0,4,3,227.0,2.5,0,0,0,0,0,0,1,0,0.0,0.0,0.0,0.0,0.0
FRA-Ligue 1,2526,Lens,Deiver Machado,COL,MF,31.0,1993.0,5,4,273.0,3.0,0,0,0,0,0,0,1,0,0.0,0.0,0.0,0.0,0.0
FRA-Ligue 1,2526,Lens,Erawan Garnier,THA,DF,19.0,2006.0,1,0,7.0,0.1,0,0,0,0,0,0,0,0,0.0,0.0,0.0,0.0,0.0
FRA-Ligue 1,2526,Lens,Florian Sotoca,FRA,"MF,FW",34.0,1990.0,26,4,507.0,5.6,1,0,1,1,0,0,1,0,0.18,0.0,0.18,0.18,0.18
FRA-Ligue 1,2526,Lens,Florian Thauvin,FRA,MF,32.0,1993.0,33,29,2443.0,27.1,11,6,17,9,2,3,6,0,0.41,0.22,0.63,0.33,0.55
FRA-Ligue 1,2526,Lens,Fodé Sylla,FRA,MF,19.0,2006.0,4,1,99.0,1.1,0,0,0,0,0,0,0,0,0.0,0.0,0.0,0.0,0.0
FRA-Ligue 1,2526,Lens,Ismaëlo Ganiou,FRA,DF,20.0,2005.0,23,22,2014.0,22.4,3,0,3,3,0,0,4,1,0.13,0.0,0.13,0.13,0.13
FRA-Ligue 1,2526,Lens,Jonathan Gradit,FRA,DF,32.0,1992.0,10,10,807.0,9.0,0,0,0,0,0,0,2,1,0.0,0.0,0.0,0.0,0.0
FRA-Ligue 1,2526,Lens,Kyllian Antonio,FRA,DF,17.0,2008.0,4,2,190.0,2.1,0,1,1,0,0,0,1,0,0.0,0.47,0.47,0.0,0.47
FRA-Ligue 1,2526,Lens,Malang Sarr,FRA,DF,26.0,1999.0,33,33,2925.0,32.5,0,1,1,0,0,0,4,0,0.0,0.03,0.03,0.0,0.03
FRA-Ligue 1,2526,Lens,Mamadou Sangare,MLI,MF,23.0,2002.0,29,27,2323.0,25.8,3,4,7,3,0,0,5,0,0.12,0.15,0.27,0.12,0.27
FRA-Ligue 1,2526,Lens,Mathieu Gorgelin,FRA,GK,34.0,1990.0,1,1,90.0,1.0,0,0,0,0,0,0,0,0,0.0,0.0,0.0,0.0,0.0
FRA-Ligue 1,2526,Lens,Matthieu Udol,FRA,"MF,DF",29.0,1996.0,34,33,3002.0,33.4,1,7,8,1,0,0,2,0,0.03,0.21,0.24,0.03,0.24
FRA-Ligue 1,2526,Lens,Mezian Soares,POR,MF,15.0,2009.0,1,0,12.0,0.1,1,0,1,1,0,0,0,0,7.5,0.0,7.5,7.5,7.5
FRA-Ligue 1,2526,Lens,Morgan Guilavogui,GUI,MF,27.0,1998.0,16,3,491.0,5.5,1,0,1,1,0,0,3,1,0.18,0.0,0.18,0.18,0.18
FRA-Ligue 1,2526,Lens,Nidal Čelik,BIH,DF,19.0,2006.0,8,8,616.0,6.8,0,0,0,0,0,0,2,0,0.0,0.0,0.0,0.0,0.0
FRA-Ligue 1,2526,Lens,Odsonne Édouard,FRA,FW,27.0,1998.0,29,26,1796.0,20.0,12,3,15,11,1,1,2,0,0.6,0.15,0.75,0.55,0.7
FRA-Ligue 1,2526,Lens,Rayan Fofana,FRA,"FW,MF",19.0,2006.0,25,7,798.0,8.9,5,0,5,5,0,0,0,0,0.56,0.0,0.56,0.56,0.56
FRA-Ligue 1,2526,Lens,Robin Risser,FRA,GK,20.0,2004.0,33,33,2970.0,33.0,0,1,1,0,0,0,2,0,0.0,0.03,0.03,0.0,0.03
FRA-Ligue 1,2526,Lens,Ruben Aguilar,FRA,MF,32.0,1993.0,26,20,1720.0,19.1,2,2,4,2,0,0,6,1,0.1,0.1,0.21,0.1,0.21
FRA-Ligue 1,2526,Lens,Samson Baidoo,AUT,DF,21.0,2004.0,23,20,1827.0,20.3,2,1,3,2,0,0,2,0,0.1,0.05,0.15,0.1,0.15
FRA-Ligue 1,2526,Lens,Saud Abdulhamid,KSA,MF,26.0,1999.0,25,14,1352.0,15.0,2,4,6,2,0,0,4,1,0.13,0.27,0.4,0.13,0.4
FRA-Ligue 1,2526,Lens,Wesley Saïd,FRA,MF,30.0,1995.0,29,26,1991.0,22.1,12,2,14,11,1,1,2,0,0.54,0.09,0.63,0.5,0.59
FRA-Ligue 1,2526,Lille,Alexsandro Ribeiro,BRA,DF,25.0,1999.0,9,7,509.0,5.7,0,0,0,0,0,0,0,1,0.0,0.0,0.0,0.0,0.0
FRA-Ligue 1,2526,Lille,André Gomes,POR,MF,32.0,1993.0,2,0,8.0,0.1,0,0,0,0,0,0,0,0,0.0,0.0,0.0,0.0,0.0
FRA-Ligue 1,2526,Lille,Arnaud Bodart,BEL,GK,27.0,1998.0,3,2,226.0,2.5,0,0,0,0,0,0,0,0,0.0,0.0,0.0,0.0,0.0
FRA-Ligue 1,2526,Lille,Ayyoub Bouaddi,MAR,MF,17.0,2007.0,30,28,2321.0,25.8,0,1,1,0,0,0,7,1,0.0,0.04,0.04,0.0,0.04
FRA-Ligue 1,2526,Lille,Aïssa Mandi,ALG,DF,33.0,1991.0,29,28,2424.0,26.9,1,0,1,1,0,0,8,0,0.04,0.0,0.04,0.04,0.04
FRA-Ligue 1,2526,Lille,Benjamin André,FRA,MF,34.0,1990.0,27,26,2332.0,25.9,2,2,4,2,0,0,9,0,0.08,0.08,0.15,0.08,0.15
FRA-Ligue 1,2526,Lille,Berke Özer,TUR,GK,25.0,2000.0,32,32,2834.0,31.5,0,1,1,0,0,0,5,0,0.0,0.03,0.03,0.0,0.03
FRA-Ligue 1,2526,Lille,Calvin Verdonk,IDN,DF,28.0,1997.0,18,7,790.0,8.8,0,0,0,0,0,0,3,1,0.0,0.0,0.0,0.0,0.0
FRA-Ligue 1,2526,Lille,Chancel Mbemba,COD,DF,30.0,1994.0,13,9,954.0,10.6,0,0,0,0,0,0,3,0,0.0,0.0,0.0,0.0,0.0
FRA-Ligue 1,2526,Lille,Ethan Mbappé,FRA,"MF,FW",18.0,2006.0,18,4,567.0,6.3,3,1,4,3,0,0,1,0,0.48,0.16,0.63,0.48,0.63
FRA-Ligue 1,2526,Lille,Félix Correia,POR,MF,24.0,2001.0,34,26,2053.0,22.8,4,5,9,4,0,0,2,0,0.18,0.22,0.39,0.18,0.39
FRA-Ligue 1,2526,Lille,Gaëtan Perrin,FRA,"MF,FW",29.0,1996.0,12,3,338.0,3.8,1,0,1,1,0,0,2,0,0.27,0.0,0.27,0.27,0.27
FRA-Ligue 1,2526,Lille,Hamza Igamane,MAR,FW,22.0,2002.0,13,4,432.0,4.8,5,1,6,5,0,0,2,0,1.04,0.21,1.25,1.04,1.25
FRA-Ligue 1,2526,Lille,Hákon Haraldsson,ISL,MF,22.0,2003.0,32,29,2460.0,27.3,8,2,10,8,0,0,6,0,0.29,0.07,0.37,0.29,0.37
FRA-Ligue 1,2526,Lille,Marius Broholm,NOR,MF,20.0,2004.0,11,3,279.0,3.1,1,1,2,0,1,1,0,0,0.32,0.32,0.65,0.0,0.32
FRA-Ligue 1,2526,Lille,Matias Fernandez-Pardo,BEL,"FW,MF",20.0,2005.0,29,27,2370.0,26.3,8,5,13,6,2,2,5,0,0.3,0.19,0.49,0.23,0.42
FRA-Ligue 1,2526,Lille,Maxima Goffi,FRA,DF,17.0,2008.0,1,0,39.0,0.4,0,0,0,0,0,0,0,0,0.0,0.0,0.0,0.0,0.0
FRA-Ligue 1,2526,Lille,Nabil Bentaleb,ALG,MF,30.0,1994.0,26,13,1287.0,14.3,2,2,4,1,1,1,3,0,0.14,0.14,0.28,0.07,0.21
FRA-Ligue 1,2526,Lille,Nathan Ngoy,BEL,DF,22.0,2003.0,29,27,2405.0,26.7,1,2,3,1,0,0,10,1,0.04,0.07,0.11,0.04,0.11
FRA-Ligue 1,2526,Lille,Ngal'Ayel Mukau,COD,MF,20.0,2004.0,30,19,1534.0,17.0,1,0,1,1,0,0,3,0,0.06,0.0,0.06,0.06,0.06
FRA-Ligue 1,2526,Lille,Noah Edjouma,FRA,MF,19.0,2005.0,3,1,92.0,1.0,0,0,0,0,0,0,0,0,0.0,0.0,0.0,0.0,0.0
FRA-Ligue 1,2526,Lille,Olivier Giroud,FRA,FW,38.0,1986.0,30,17,1609.0,17.9,7,1,8,4,3,4,2,0,0.39,0.06,0.45,0.22,0.28
FRA-Ligue 1,2526,Lille,Osame Sahraoui,MAR,MF,24.0,2001.0,18,4,505.0,5.6,1,2,3,1,0,0,0,0,0.18,0.36,0.53,0.18,0.53
FRA-Ligue 1,2526,Lille,Ousmane Toure,FRA,DF,20.0,2005.0,1,1,51.0,0.6,0,0,0,0,0,0,0,0,0.0,0.0,0.0,0.0,0.0
FRA-Ligue 1,2526,Lille,Romain Perraud,FRA,DF,27.0,1997.0,30,27,2241.0,24.9,3,4,7,3,0,0,4,1,0.12,0.16,0.28,0.12,0.28
FRA-Ligue 1,2526,Lille,Soriba Diaoune,FRA,MF,17.0,2007.0,10,1,185.0,2.1,1,1,2,1,0,0,0,0,0.49,0.49,0.97,0.49,0.97
FRA-Ligue 1,2526,Lille,Thomas Meunier,BEL,DF,33.0,1991.0,25,21,1909.0,21.2,2,2,4,2,0,0,3,0,0.09,0.09,0.19,0.09,0.19
FRA-Ligue 1,2526,Lille,Tiago Santos,POR,DF,23.0,2002.0,15,8,709.0,7.9,0,0,0,0,0,0,0,0,0.0,0.0,0.0,0.0,0.0
FRA-Ligue 1,2526,Lille,Ugo Raghouber,FRA,MF,22.0,2003.0,1,0,3.0,0.0,0,0,0,0,0,0,0,0,0.0,0.0,0.0,0.0,0.0
FRA-Ligue 1,2526,Lille,Vincent Burlet,BEL,DF,19.0,2005.0,1,0,19.0,0.2,0,0,0,0,0,0,0,0,0.0,0.0,0.0,0.0,0.0
FRA-Ligue 1,2526,Lorient,Abdoulaye Faye,SEN,DF,20.0,2004.0,17,16,1444.0,16.0,0,0,0,0,0,0,8,0,0.0,0.0,0.0,0.0,0.0
FRA-Ligue 1,2526,Lorient,Arsène Kouassi,BFA,MF,20.0,2004.0,31,30,2605.0,28.9,2,6,8,2,0,0,4,0,0.07,0.21,0.28,0.07,0.28
FRA-Ligue 1,2526,Lorient,Arthur Avom,CMR,MF,20.0,2004.0,31,22,2119.0,23.5,2,1,3,2,0,0,3,0,0.08,0.04,0.13,0.08,0.13
FRA-Ligue 1,2526,Lorient,Bamba Dieng,SEN,FW,25.0,2000.0,22,15,1212.0,13.5,10,1,11,9,1,2,2,0,0.74,0.07,0.82,0.67,0.74
FRA-Ligue 1,2526,Lorient,Bamo Meïté,CIV,DF,23.0,2001.0,25,22,1979.0,22.0,0,3,3,0,0,0,5,0,0.0,0.14,0.14,0.0,0.14
FRA-Ligue 1,2526,Lorient,Bingourou Kamara,SEN,GK,28.0,1996.0,3,3,270.0,3.0,0,0,0,0,0,0,0,0,0.0,0.0,0.0,0.0,0.0
FRA-Ligue 1,2526,Lorient,Daniel Xavier Semedo,FRA,MF,21.0,2003.0,1,0,11.0,0.1,0,0,0,0,0,0,0,0,0.0,0.0,0.0,0.0,0.0
FRA-Ligue 1,2526,Lorient,Darlin Yongwa,CMR,"DF,MF",24.0,2000.0,23,14,1312.0,14.6,0,1,1,0,0,0,4,1,0.0,0.07,0.07,0.0,0.07
FRA-Ligue 1,2526,Lorient,Dermane Karim,TOG,MF,21.0,2003.0,30,15,1365.0,15.2,1,2,3,1,0,0,3,0,0.07,0.13,0.2,0.07,0.2
FRA-Ligue 1,2526,Lorient,Formose Mendy,SEN,DF,24.0,2001.0,2,2,135.0,1.5,0,0,0,0,0,0,1,0,0.0,0.0,0.0,0.0,0.0
FRA-Ligue 1,2526,Lorient,Igor Carioca,BRA,DF,28.0,1996.0,17,13,1213.0,13.5,1,0,1,1,0,0,1,0,0.07,0.0,0.07,0.07,0.07
FRA-Ligue 1,2526,Lorient,Jean-Victor Makengo,FRA,MF,27.0,1998.0,31,23,1800.0,20.0,4,2,6,4,0,0,2,0,0.2,0.1,0.3,0.2,0.3
FRA-Ligue 1,2526,Lorient,Joel Mvuka,NOR,"MF,DF",22.0,2002.0,15,5,560.0,6.2,0,0,0,0,0,0,0,0,0.0,0.0,0.0,0.0,0.0
FRA-Ligue 1,2526,Lorient,Laurent Abergel,FRA,MF,32.0,1993.0,28,27,2318.0,25.8,1,0,1,1,0,0,7,0,0.04,0.0,0.04,0.04,0.04
FRA-Ligue 1,2526,Lorient,Martin Nogoto Bley,BFA,MF,19.0,2006.0,1,0,1.0,0.0,0,0,0,0,0,0,0,0,0.0,0.0,0.0,0.0,0.0
FRA-Ligue 1,2526,Lorient,Mohamed Bamba,CIV,FW,23.0,2001.0,18,7,682.0,7.6,1,2,3,1,0,1,3,0,0.13,0.26,0.4,0.13,0.4
FRA-Ligue 1,2526,Lorient,Montassar Talbi,TUN,DF,27.0,1998.0,29,29,2610.0,29.0,0,1,1,0,0,0,3,0,0.0,0.03,0.03,0.0,0.03
FRA-Ligue 1,2526,Lorient,Nathaniel Adjei,GHA,DF,22.0,2002.0,15,9,835.0,9.3,0,0,0,0,0,0,0,0,0.0,0.0,0.0,0.0,0.0
FRA-Ligue 1,2526,Lorient,Noah Cadiou,GLP,MF,26.0,1998.0,28,20,1879.0,20.9,3,1,4,3,0,0,2,0,0.14,0.05,0.19,0.14,0.19
FRA-Ligue 1,2526,Lorient,Pablo Pagis,FRA,"MF,FW",22.0,2002.0,28,22,1756.0,19.5,10,5,15,8,2,2,1,0,0.51,0.26,0.77,0.41,0.67
FRA-Ligue 1,2526,Lorient,Panos Katseris,GRE,"MF,DF",24.0,2001.0,16,8,747.0,8.3,1,2,3,1,0,0,3,0,0.12,0.24,0.36,0.12,0.36
FRA-Ligue 1,2526,Lorient,Sambou Soumano,SEN,FW,24.0,2001.0,31,8,941.0,10.5,4,2,6,4,0,1,2,0,0.38,0.19,0.57,0.38,0.57
FRA-Ligue 1,2526,Lorient,Souleymane Touré,FRA,DF,22.0,2003.0,1,0,29.0,0.3,0,0,0,0,0,0,0,0,0.0,0.0,0.0,0.0,0.0
FRA-Ligue 1,2526,Lorient,Théo Le Bris,FRA,MF,22.0,2002.0,28,22,1893.0,21.0,2,2,4,2,0,0,0,0,0.1,0.1,0.19,0.1,0.19
FRA-Ligue 1,2526,Lorient,Tosin Aiyegun,BEN,"FW,MF",27.0,1998.0,27,11,1073.0,11.9,5,0,5,5,0,1,1,0,0.42,0.0,0.42,0.42,0.42
FRA-Ligue 1,2526,Lorient,Yvon Mvogo,SUI,GK,31.0,1994.0,31,31,2790.0,31.0,0,0,0,0,0,0,0,0,0.0,0.0,0.0,0.0,0.0
FRA-Ligue 1,2526,Lyon,Abner,BRA,"DF,MF",25.0,2000.0,26,25,2150.0,23.9,3,2,5,3,0,0,4,1,0.13,0.08,0.21,0.13,0.21
FRA-Ligue 1,2526,Lyon,Adam Karabec,CZE,"MF,FW",22.0,2003.0,21,11,922.0,10.2,1,0,1,1,0,0,3,0,0.1,0.0,0.1,0.1,0.1
FRA-Ligue 1,2526,Lyon,Adil Hamdani,FRA,MF,16.0,2009.0,4,0,27.0,0.3,0,0,0,0,0,0,0,0,0.0,0.0,0.0,0.0,0.0
FRA-Ligue 1,2526,Lyon,Afonso Moreira,POR,"MF,FW",20.0,2005.0,27,18,1722.0,19.1,4,7,11,4,0,0,3,0,0.21,0.37,0.57,0.21,0.57
FRA-Ligue 1,2526,Lyon,Ainsley Maitland-Niles,ENG,"DF,MF",27.0,1997.0,30,28,2483.0,27.6,1,4,5,1,0,1,7,1,0.04,0.14,0.18,0.04,0.18
FRA-Ligue 1,2526,Lyon,Clinton Mata,ANG,DF,32.0,1992.0,32,32,2833.0,31.5,0,0,0,0,0,0,5,0,0.0,0.0,0.0,0.0,0.0
FRA-Ligue 1,2526,Lyon,Corentin Tolisso,FRA,MF,30.0,1994.0,30,26,2302.0,25.6,11,4,15,9,2,3,4,0,0.43,0.16,0.59,0.35,0.51
FRA-Ligue 1,2526,Lyon,Dominik Greif,SVK,GK,28.0,1997.0,29,29,2610.0,29.0,0,1,1,0,0,0,1,0,0.0,0.03,0.03,0.0,0.03
FRA-Ligue 1,2526,Lyon,Endrick,BRA,"FW,MF",19.0,2006.0,16,14,1215.0,13.5,5,7,12,4,1,1,4,1,0.37,0.52,0.89,0.3,0.81
FRA-Ligue 1,2526,Lyon,Enzo Molebe,FRA,FW,17.0,2007.0,1,0,10.0,0.1,0,0,0,0,0,0,0,0,0.0,0.0,0.0,0.0,0.0
FRA-Ligue 1,2526,Lyon,Ernest Nuamah,GHA,"FW,MF",21.0,2003.0,3,0,35.0,0.4,0,0,0,0,0,0,0,0,0.0,0.0,0.0,0.0,0.0
FRA-Ligue 1,2526,Lyon,Georges Mikautadze,GEO,FW,24.0,2000.0,2,2,179.0,2.0,1,0,1,1,0,0,0,0,0.5,0.0,0.5,0.5,0.5
FRA-Ligue 1,2526,Lyon,Hans Hateboer,NED,"DF,MF",31.0,1994.0,15,8,740.0,8.2,0,0,0,0,0,0,0,1,0.0,0.0,0.0,0.0,0.0
FRA-Ligue 1,2526,Lyon,Khalis Merah,FRA,"MF,FW",18.0,2007.0,22,15,1130.0,12.6,0,1,1,0,0,0,2,0,0.0,0.08,0.08,0.0,0.08
FRA-Ligue 1,2526,Lyon,Malick Fofana,BEL,"MF,FW",20.0,2005.0,12,9,749.0,8.3,2,1,3,2,0,0,1,0,0.24,0.12,0.36,0.24,0.36
FRA-Ligue 1,2526,Lyon,Martin Satriano,URU,FW,24.0,2001.0,11,8,692.0,7.7,2,1,3,2,0,0,1,0,0.26,0.13,0.39,0.26,0.39
FRA-Ligue 1,2526,Lyon,Mathys De Carvalho,FRA,MF,20.0,2005.0,11,3,295.0,3.3,0,0,0,0,0,0,1,0,0.0,0.0,0.0,0.0,0.0
FRA-Ligue 1,2526,Lyon,Moussa Niakhaté,SEN,DF,29.0,1996.0,32,30,2759.0,30.7,0,2,2,0,0,0,3,0,0.0,0.07,0.07,0.0,0.07
FRA-Ligue 1,2526,Lyon,Nicolás Tagliafico,ARG,DF,32.0,1992.0,20,14,1310.0,14.6,0,3,3,0,0,0,5,2,0.0,0.21,0.21,0.0,0.21
FRA-Ligue 1,2526,Lyon,Noah Nartey,DEN,"MF,FW",19.0,2005.0,11,5,545.0,6.1,2,0,2,2,0,0,0,0,0.33,0.0,0.33,0.33,0.33
FRA-Ligue 1,2526,Lyon,Noham Kamara,FRA,DF,18.0,2007.0,2,0,7.0,0.1,0,0,0,0,0,0,0,0,0.0,0.0,0.0,0.0,0.0
FRA-Ligue 1,2526,Lyon,Orel Mangala,BEL,MF,27.0,1998.0,9,5,414.0,4.6,0,0,0,0,0,0,0,0,0.0,0.0,0.0,0.0,0.0
FRA-Ligue 1,2526,Lyon,Pavel Šulc,CZE,"FW,MF",24.0,2000.0,27,17,1566.0,17.4,11,3,14,11,0,0,3,0,0.63,0.17,0.8,0.63,0.8
FRA-Ligue 1,2526,Lyon,Rachid Ghezzal,ALG,"MF,FW",33.0,1992.0,10,2,225.0,2.5,0,0,0,0,0,0,0,0,0.0,0.0,0.0,0.0,0.0
FRA-Ligue 1,2526,Lyon,Roman Yaremchuk,UKR,FW,29.0,1995.0,11,5,561.0,6.2,4,1,5,4,0,0,1,0,0.64,0.16,0.8,0.64,0.8
FRA-Ligue 1,2526,Lyon,Ruben Kluivert,NED,DF,24.0,2001.0,16,9,772.0,8.6,1,2,3,1,0,0,4,0,0.12,0.23,0.35,0.12,0.35
FRA-Ligue 1,2526,Lyon,Rémi Himbert,FRA,FW,17.0,2008.0,6,1,131.0,1.5,1,0,1,1,0,0,0,0,0.69,0.0,0.69,0.69,0.69
FRA-Ligue 1,2526,Lyon,Rémy Descamps,FRA,GK,29.0,1996.0,5,5,450.0,5.0,0,0,0,0,0,0,0,0,0.0,0.0,0.0,0.0,0.0
FRA-Ligue 1,2526,Lyon,Sael Kumbedi,FRA,DF,20.0,2005.0,1,1,65.0,0.7,0,0,0,0,0,0,1,0,0.0,0.0,0.0,0.0,0.0
FRA-Ligue 1,2526,Lyon,Steeve Kango,FRA,DF,18.0,2006.0,4,1,80.0,0.9,0,0,0,0,0,0,0,0,0.0,0.0,0.0,0.0,0.0
FRA-Ligue 1,2526,Lyon,Tanner Tessmann,USA,MF,23.0,2001.0,29,22,1953.0,21.7,1,0,1,1,0,0,2,0,0.05,0.0,0.05,0.05,0.05
FRA-Ligue 1,2526,Lyon,Tyler Morton,ENG,MF,22.0,2002.0,29,29,2517.0,28.0,2,2,4,2,0,0,6,1,0.07,0.07,0.14,0.07,0.14
FRA-Ligue 1,2526,Marseille,Adrien Rabiot,FRA,MF,30.0,1995.0,1,1,90.0,1.0,0,0,0,0,0,0,1,0,0.0,0.0,0.0,0.0,0.0
FRA-Ligue 1,2526,Marseille,Amine Gouiri,ALG,"FW,MF",25.0,2000.0,22,15,1326.0,14.7,8,3,11,8,0,0,1,0,0.54,0.2,0.75,0.54,0.75
FRA-Ligue 1,2526,Marseille,Angel Gomes,ENG,MF,24.0,2000.0,14,12,888.0,9.9,3,0,3,3,0,0,4,0,0.3,0.0,0.3,0.3,0.3
FRA-Ligue 1,2526,Marseille,Arthur Vermeeren,BEL,MF,20.0,2005.0,20,10,828.0,9.2,0,1,1,0,0,0,1,1,0.0,0.11,0.11,0.0,0.11
FRA-Ligue 1,2526,Marseille,Benjamin Pavard,FRA,DF,29.0,1996.0,27,22,1928.0,21.4,1,2,3,1,0,0,6,0,0.05,0.09,0.14,0.05,0.14
FRA-Ligue 1,2526,Marseille,Bilal Nadir,MAR,MF,21.0,2003.0,20,5,598.0,6.6,0,4,4,0,0,0,6,1,0.0,0.6,0.6,0.0,0.6
FRA-Ligue 1,2526,Marseille,CJ Egan-Riley,ENG,"DF,MF",22.0,2003.0,11,8,624.0,6.9,0,0,0,0,0,0,1,1,0.0,0.0,0.0,0.0,0.0
FRA-Ligue 1,2526,Marseille,Darryl Bakola,FRA,MF,17.0,2007.0,8,0,75.0,0.8,0,0,0,0,0,0,0,0,0.0,0.0,0.0,0.0,0.0
FRA-Ligue 1,2526,Marseille,Derek Cornelius,CAN,"DF,FW",27.0,1997.0,2,0,58.0,0.6,0,0,0,0,0,0,0,0,0.0,0.0,0.0,0.0,0.0
FRA-Ligue 1,2526,Marseille,Emerson Palmieri,ITA,"DF,MF",30.0,1994.0,28,23,2114.0,23.5,0,3,3,0,0,0,3,0,0.0,0.13,0.13,0.0,0.13
FRA-Ligue 1,2526,Marseille,Emmanuel Lago,CIV,FW,20.0,2004.0,2,0,49.0,0.5,0,0,0,0,0,0,1,0,0.0,0.0,0.0,0.0,0.0
FRA-Ligue 1,2526,Marseille,Ethan Nwaneri,ENG,MF,18.0,2007.0,9,3,324.0,3.6,2,1,3,2,0,0,1,0,0.56,0.28,0.83,0.56,0.83
FRA-Ligue 1,2526,Marseille,Facundo Medina,ARG,DF,26.0,1999.0,17,16,1365.0,15.2,0,1,1,0,0,0,7,0,0.0,0.07,0.07,0.0,0.07
FRA-Ligue 1,2526,Marseille,Geoffrey Kondogbia,CTA,"MF,DF",32.0,1993.0,10,9,587.0,6.5,0,0,0,0,0,0,3,0,0.0,0.0,0.0,0.0,0.0
FRA-Ligue 1,2526,Marseille,Gerónimo Rulli,ARG,GK,33.0,1992.0,29,29,2610.0,29.0,0,0,0,0,0,0,3,0,0.0,0.0,0.0,0.0,0.0
FRA-Ligue 1,2526,Marseille,Hamed Junior Traorè,CIV,MF,25.0,2000.0,13,7,619.0,6.9,2,1,3,2,0,0,1,0,0.29,0.15,0.44,0.29,0.44
FRA-Ligue 1,2526,Marseille,Hilan Hamzaoui,FRA,DF,19.0,2006.0,1,0,3.0,0.0,0,0,0,0,0,0,0,0,0.0,0.0,0.0,0.0,0.0
FRA-Ligue 1,2526,Marseille,Himad Abdelli,ALG,MF,25.0,1999.0,8,1,138.0,1.5,0,0,0,0,0,0,1,0,0.0,0.0,0.0,0.0,0.0
FRA-Ligue 1,2526,Marseille,Igor Paixão,BRA,MF,25.0,2000.0,30,22,1975.0,21.9,6,5,11,6,0,0,3,0,0.27,0.23,0.5,0.27,0.5
FRA-Ligue 1,2526,Marseille,Jeffrey De Lange,NED,GK,27.0,1998.0,5,5,450.0,5.0,0,0,0,0,0,0,0,0,0.0,0.0,0.0,0.0,0.0
FRA-Ligue 1,2526,Marseille,Jonathan Rowe,ENG,FW,22.0,2003.0,1,1,62.0,0.7,0,0,0,0,0,0,0,0,0.0,0.0,0.0,0.0,0.0
FRA-Ligue 1,2526,Marseille,Leonardo Balerdi,ARG,DF,26.0,1999.0,26,21,2001.0,22.2,0,1,1,0,0,0,5,0,0.0,0.04,0.04,0.0,0.04
FRA-Ligue 1,2526,Marseille,Mason Greenwood,ENG,MF,23.0,2001.0,32,29,2462.0,27.4,16,7,23,10,6,8,4,0,0.58,0.26,0.84,0.37,0.62
FRA-Ligue 1,2526,Marseille,Matt O'Riley,DEN,MF,24.0,2000.0,15,6,741.0,8.2,1,2,3,1,0,0,2,0,0.12,0.24,0.36,0.12,0.36
FRA-Ligue 1,2526,Marseille,Michael Amir Murillo,PAN,"DF,MF",29.0,1996.0,16,11,989.0,11.0,2,1,3,2,0,0,4,0,0.18,0.09,0.27,0.18,0.27
FRA-Ligue 1,2526,Marseille,Nayef Aguerd,MAR,DF,29.0,1996.0,16,16,1396.0,15.5,1,0,1,1,0,0,4,0,0.06,0.0,0.06,0.06,0.06
FRA-Ligue 1,2526,Marseille,Neal Maupay,FRA,"FW,MF",28.0,1996.0,1,0,2.0,0.0,0,0,0,0,0,0,0,0,0.0,0.0,0.0,0.0,0.0
FRA-Ligue 1,2526,Marseille,Nouhoum Kamissoko,MLI,MF,20.0,2004.0,3,0,24.0,0.3,0,0,0,0,0,0,0,0,0.0,0.0,0.0,0.0,0.0
FRA-Ligue 1,2526,Marseille,Pierre Højbjerg,DEN,MF,29.0,1995.0,32,30,2712.0,30.1,4,5,9,4,0,0,4,0,0.13,0.17,0.3,0.13,0.3
FRA-Ligue 1,2526,Marseille,Pierre-Emerick Aubameyang,GAB,FW,36.0,1989.0,30,23,2039.0,22.7,10,5,15,10,0,0,1,0,0.44,0.22,0.66,0.44,0.66
FRA-Ligue 1,2526,Marseille,Pol Lirola,ESP,"DF,MF",27.0,1997.0,3,0,34.0,0.4,0,0,0,0,0,0,0,0,0.0,0.0,0.0,0.0,0.0
FRA-Ligue 1,2526,Marseille,Quinten Timber,NED,MF,24.0,2001.0,15,14,1105.0,12.3,0,0,0,0,0,0,4,0,0.0,0.0,0.0,0.0,0.0
FRA-Ligue 1,2526,Marseille,Robinio Vaz,FRA,FW,18.0,2007.0,14,3,379.0,4.2,4,2,6,4,0,0,2,0,0.95,0.47,1.42,0.95,1.42
FRA-Ligue 1,2526,Marseille,Tadjidine Mmadi,FRA,FW,18.0,2007.0,3,0,45.0,0.5,0,0,0,0,0,0,0,0,0.0,0.0,0.0,0.0,0.0
FRA-Ligue 1,2526,Marseille,Timothy Weah,USA,"MF,DF",25.0,2000.0,29,26,2253.0,25.0,2,2,4,2,0,0,5,0,0.08,0.08,0.16,0.08,0.16
FRA-Ligue 1,2526,Marseille,Tochukwu Nnadi,NGA,"MF,DF",22.0,2003.0,8,4,351.0,3.9,0,1,1,0,0,0,1,0,0.0,0.26,0.26,0.0,0.26
FRA-Ligue 1,2526,Marseille,Ugo Lamare,FRA,FW,18.0,2007.0,3,0,17.0,0.2,0,0,0,0,0,0,0,0,0.0,0.0,0.0,0.0,0.0
FRA-Ligue 1,2526,Marseille,Ulisses Garcia,SUI,"MF,DF",29.0,1996.0,4,2,211.0,2.3,0,0,0,0,0,0,1,1,0.0,0.0,0.0,0.0,0.0
FRA-Ligue 1,2526,Metz,Alpha Touré,SEN,MF,19.0,2006.0,30,16,1606.0,17.8,0,1,1,0,0,0,5,0,0.0,0.06,0.06,0.0,0.06
FRA-Ligue 1,2526,Metz,Believe Munongo,FRA,MF,15.0,2009.0,11,5,431.0,4.8,0,0,0,0,0,0,1,0,0.0,0.0,0.0,0.0,0.0
FRA-Ligue 1,2526,Metz,Benjamin Stambouli,FRA,MF,34.0,1990.0,19,10,960.0,10.7,0,0,0,0,0,0,0,0,0.0,0.0,0.0,0.0,0.0
FRA-Ligue 1,2526,Metz,Boubacar Traoré,MLI,MF,23.0,2001.0,20,16,1387.0,15.4,1,0,1,1,0,0,4,0,0.06,0.0,0.06,0.06,0.06
FRA-Ligue 1,2526,Metz,Bouna Sarr,SEN,"MF,DF",33.0,1992.0,12,10,895.0,9.9,0,0,0,0,0,0,1,0,0.0,0.0,0.0,0.0,0.0
FRA-Ligue 1,2526,Metz,Brian Madjo,LUX,FW,16.0,2009.0,5,2,157.0,1.7,0,0,0,0,0,0,0,0,0.0,0.0,0.0,0.0,0.0
FRA-Ligue 1,2526,Metz,Cheikh Tidiane Sabaly,SEN,"MF,FW",26.0,1999.0,14,12,967.0,10.7,0,2,2,0,0,0,2,0,0.0,0.19,0.19,0.0,0.19
FRA-Ligue 1,2526,Metz,Cléo Melieres,FRA,FW,20.0,2005.0,2,0,31.0,0.3,0,0,0,0,0,0,1,0,0.0,0.0,0.0,0.0,0.0
FRA-Ligue 1,2526,Metz,Fodé Ballo-Touré,SEN,"DF,MF",28.0,1997.0,13,11,836.0,9.3,0,0,0,0,0,0,2,0,0.0,0.0,0.0,0.0,0.0
FRA-Ligue 1,2526,Metz,Gauthier Hein,FRA,"MF,FW",28.0,1996.0,29,26,2351.0,26.1,8,7,15,3,5,5,3,1,0.31,0.27,0.57,0.11,0.38
FRA-Ligue 1,2526,Metz,Giorgi Abuashvili,GEO,"MF,FW",22.0,2003.0,23,6,698.0,7.8,2,0,2,2,0,0,1,0,0.26,0.0,0.26,0.26,0.26
FRA-Ligue 1,2526,Metz,Giorgi Kvilitaia,GEO,FW,31.0,1993.0,10,5,495.0,5.5,2,0,2,2,0,0,1,0,0.36,0.0,0.36,0.36,0.36
FRA-Ligue 1,2526,Metz,Habib Diallo,SEN,FW,30.0,1995.0,25,21,1909.0,21.2,4,1,5,4,0,1,0,0,0.19,0.05,0.24,0.19,0.24
FRA-Ligue 1,2526,Metz,Heorhii Tsitaishvili,GEO,"MF,DF",24.0,2000.0,33,28,2449.0,27.2,3,2,5,3,0,0,3,0,0.11,0.07,0.18,0.11,0.18
FRA-Ligue 1,2526,Metz,Ibou Sané,SEN,"FW,MF",20.0,2005.0,16,5,541.0,6.0,1,1,2,1,0,0,2,0,0.17,0.17,0.33,0.17,0.33
FRA-Ligue 1,2526,Metz,Idrissa Guèye,SEN,FW,18.0,2006.0,3,1,132.0,1.5,0,0,0,0,0,0,0,0,0.0,0.0,0.0,0.0,0.0
FRA-Ligue 1,2526,Metz,Ismaël Guerti,FRA,FW,21.0,2004.0,3,0,27.0,0.3,0,0,0,0,0,0,0,0,0.0,0.0,0.0,0.0,0.0
FRA-Ligue 1,2526,Metz,Jahyann Pandore,FRA,MF,17.0,2007.0,4,0,88.0,1.0,1,0,1,1,0,0,0,0,1.02,0.0,1.02,1.02,1.02
FRA-Ligue 1,2526,Metz,Jean-Philippe Gbamin,CIV,"DF,MF",29.0,1995.0,31,30,2485.0,27.6,1,1,2,1,0,0,2,1,0.04,0.04,0.07,0.04,0.07
FRA-Ligue 1,2526,Metz,Jessy Deminguet,FRA,MF,27.0,1998.0,31,25,1995.0,22.2,2,0,2,2,0,0,4,0,0.09,0.0,0.09,0.09,0.09
FRA-Ligue 1,2526,Metz,Joel Asoro,SWE,FW,26.0,1999.0,8,2,227.0,2.5,0,0,0,0,0,0,0,0,0.0,0.0,0.0,0.0,0.0
FRA-Ligue 1,2526,Metz,Jonathan Fischer,DEN,GK,23.0,2001.0,27,26,2354.0,26.2,0,0,0,0,0,0,0,0,0.0,0.0,0.0,0.0,0.0
FRA-Ligue 1,2526,Metz,Joseph Nduquidi,FRA,MF,20.0,2004.0,1,0,7.0,0.1,0,0,0,0,0,0,0,0,0.0,0.0,0.0,0.0,0.0
FRA-Ligue 1,2526,Metz,Koffi Kouao,CIV,"DF,MF",27.0,1998.0,27,27,2265.0,25.2,2,1,3,2,0,0,10,0,0.08,0.04,0.12,0.08,0.12
FRA-Ligue 1,2526,Metz,Lucas Michal,FRA,MF,20.0,2005.0,9,2,212.0,2.4,0,0,0,0,0,0,1,0,0.0,0.0,0.0,0.0,0.0
FRA-Ligue 1,2526,Metz,Malick Mbaye,SEN,MF,21.0,2004.0,5,3,300.0,3.3,0,0,0,0,0,0,1,0,0.0,0.0,0.0,0.0,0.0
FRA-Ligue 1,2526,Metz,Maxime Colin,FRA,DF,33.0,1991.0,22,18,1692.0,18.8,0,0,0,0,0,0,1,0,0.0,0.0,0.0,0.0,0.0
FRA-Ligue 1,2526,Metz,Michel Mboula,GAB,"DF,MF",22.0,2003.0,14,10,746.0,8.3,0,0,0,0,0,0,2,0,0.0,0.0,0.0,0.0,0.0
FRA-Ligue 1,2526,Metz,Morgan Bokelé Mputu,CMR,MF,21.0,2004.0,10,1,227.0,2.5,0,0,0,0,0,0,0,0,0.0,0.0,0.0,0.0,0.0
FRA-Ligue 1,2526,Metz,Nathan Mbala,,"MF,FW",17.0,2008.0,13,4,441.0,4.9,2,2,4,2,0,0,0,0,0.41,0.41,0.82,0.41,0.82
FRA-Ligue 1,2526,Metz,Pape Mamadou Sy,SEN,GK,28.0,1997.0,8,8,706.0,7.8,0,0,0,0,0,0,0,0,0.0,0.0,0.0,0.0,0.0
FRA-Ligue 1,2526,Metz,Sadibou Sané,SEN,DF,21.0,2004.0,23,22,1940.0,21.6,2,1,3,2,0,0,5,2,0.09,0.05,0.14,0.09,0.14
FRA-Ligue 1,2526,Metz,Terry Yegbe,GHA,DF,24.0,2001.0,24,22,1963.0,21.8,0,1,1,0,0,0,3,0,0.0,0.05,0.05,0.0,0.05
FRA-Ligue 1,2526,Monaco,Aladji Bamba,FRA,MF,19.0,2006.0,18,10,816.0,9.1,0,2,2,0,0,0,2,0,0.0,0.22,0.22,0.0,0.22
FRA-Ligue 1,2526,Monaco,Aleksandr Golovin,RUS,MF,29.0,1996.0,25,21,1649.0,18.3,5,5,10,5,0,0,4,1,0.27,0.27,0.55,0.27,0.55
FRA-Ligue 1,2526,Monaco,Ansu Fati,ESP,"MF,FW",22.0,2002.0,25,10,1093.0,12.1,11,0,11,8,3,4,1,0,0.91,0.0,0.91,0.66,0.66
FRA-Ligue 1,2526,Monaco,Caio Henrique,BRA,"DF,MF",28.0,1997.0,22,17,1536.0,17.1,0,2,2,0,0,0,2,0,0.0,0.12,0.12,0.0,0.12
FRA-Ligue 1,2526,Monaco,Christian Mawissa,FRA,"DF,MF",20.0,2005.0,18,13,1191.0,13.2,0,0,0,0,0,0,4,0,0.0,0.0,0.0,0.0,0.0
FRA-Ligue 1,2526,Monaco,Denis Zakaria,SUI,"DF,MF",28.0,1996.0,24,23,2031.0,22.6,2,1,3,2,0,0,4,1,0.09,0.04,0.13,0.09,0.13
FRA-Ligue 1,2526,Monaco,Eliesse Ben Seghir,MAR,MF,20.0,2005.0,2,0,45.0,0.5,0,0,0,0,0,0,0,0,0.0,0.0,0.0,0.0,0.0
FRA-Ligue 1,2526,Monaco,Eric Dier,ENG,DF,31.0,1994.0,9,7,688.0,7.6,1,0,1,1,0,0,0,0,0.13,0.0,0.13,0.13,0.13
FRA-Ligue 1,2526,Monaco,Folarin Balogun,USA,FW,24.0,2001.0,30,26,2230.0,24.8,13,4,17,10,3,3,4,1,0.52,0.16,0.69,0.4,0.57
FRA-Ligue 1,2526,Monaco,George Ilenikhena,NGA,FW,18.0,2006.0,15,3,385.0,4.3,2,0,2,2,0,0,0,0,0.47,0.0,0.47,0.47,0.47
FRA-Ligue 1,2526,Monaco,Ilane Touré,FRA,MF,18.0,2006.0,2,0,35.0,0.4,0,0,0,0,0,0,0,0,0.0,0.0,0.0,0.0,0.0
FRA-Ligue 1,2526,Monaco,Jordan Teze,NED,"MF,DF",25.0,1999.0,33,28,2489.0,27.7,1,2,3,1,0,0,8,0,0.04,0.07,0.11,0.04,0.11
FRA-Ligue 1,2526,Monaco,Kassoum Ouattara,FRA,"MF,DF",20.0,2004.0,15,12,967.0,10.7,0,3,3,0,0,0,3,0,0.0,0.28,0.28,0.0,0.28
FRA-Ligue 1,2526,Monaco,Krépin Diatta,SEN,"MF,DF",26.0,1999.0,18,10,1013.0,11.3,0,1,1,0,0,0,2,0,0.0,0.09,0.09,0.0,0.09
FRA-Ligue 1,2526,Monaco,Lamine Camara,SEN,MF,21.0,2004.0,24,22,1847.0,20.5,3,4,7,3,0,0,6,0,0.15,0.19,0.34,0.15,0.34
FRA-Ligue 1,2526,Monaco,Lucas Michal,FRA,FW,20.0,2005.0,2,0,59.0,0.7,0,0,0,0,0,0,0,0,0.0,0.0,0.0,0.0,0.0
FRA-Ligue 1,2526,Monaco,Lukáš Hrádecký,FIN,GK,35.0,1989.0,17,17,1439.0,16.0,0,0,0,0,0,0,1,0,0.0,0.0,0.0,0.0,0.0
FRA-Ligue 1,2526,Monaco,Maghnes Akliouche,FRA,"MF,FW",23.0,2002.0,31,28,2400.0,26.7,6,6,12,6,0,0,3,0,0.23,0.23,0.45,0.23,0.45
FRA-Ligue 1,2526,Monaco,Mamadou Coulibaly,FRA,MF,21.0,2004.0,25,15,1381.0,15.3,3,3,6,3,0,0,7,1,0.2,0.2,0.39,0.2,0.39
FRA-Ligue 1,2526,Monaco,Mika Biereth,DEN,FW,22.0,2003.0,32,12,1074.0,11.9,2,2,4,2,0,0,0,0,0.17,0.17,0.34,0.17,0.34
FRA-Ligue 1,2526,Monaco,Mohammed Salisu,GHA,DF,26.0,1999.0,12,12,1080.0,12.0,1,0,1,1,0,0,3,0,0.08,0.0,0.08,0.08,0.08
FRA-Ligue 1,2526,Monaco,Pape Cabral,FRA,MF,18.0,2007.0,4,0,77.0,0.9,0,0,0,0,0,0,0,0,0.0,0.0,0.0,0.0,0.0
FRA-Ligue 1,2526,Monaco,Paris Brunner,GER,FW,19.0,2006.0,7,1,132.0,1.5,0,0,0,0,0,0,1,0,0.0,0.0,0.0,0.0,0.0
FRA-Ligue 1,2526,Monaco,Paul Pogba,FRA,MF,32.0,1993.0,6,1,119.0,1.3,0,0,0,0,0,0,0,0,0.0,0.0,0.0,0.0,0.0
FRA-Ligue 1,2526,Monaco,Philipp Köhn,SUI,GK,27.0,1998.0,19,17,1621.0,18.0,0,0,0,0,0,0,1,0,0.0,0.0,0.0,0.0,0.0
FRA-Ligue 1,2526,Monaco,Samuel Nibombé,BEL,DF,17.0,2007.0,1,0,1.0,0.0,0,0,0,0,0,0,0,0,0.0,0.0,0.0,0.0,0.0
FRA-Ligue 1,2526,Monaco,Simon Adingra,CIV,"MF,FW",23.0,2002.0,14,10,855.0,9.5,3,2,5,3,0,0,0,0,0.32,0.21,0.53,0.32,0.53
FRA-Ligue 1,2526,Monaco,Stanis Idumbo,BEL,MF,20.0,2005.0,8,0,171.0,1.9,1,1,2,1,0,0,0,0,0.53,0.53,1.05,0.53,1.05
FRA-Ligue 1,2526,Monaco,Takumi Minamino,JPN,MF,30.0,1995.0,15,11,944.0,10.5,3,2,5,3,0,0,4,0,0.29,0.19,0.48,0.29,0.48
FRA-Ligue 1,2526,Monaco,Thilo Kehrer,GER,DF,28.0,1996.0,28,28,2353.0,26.1,0,0,0,0,0,0,8,2,0.0,0.0,0.0,0.0,0.0
FRA-Ligue 1,2526,Monaco,Vanderson,BRA,"DF,MF",24.0,2001.0,14,7,616.0,6.8,0,2,2,0,0,0,4,0,0.0,0.29,0.29,0.0,0.29
FRA-Ligue 1,2526,Monaco,Wout Faes,BEL,DF,27.0,1998.0,14,13,1141.0,12.7,0,0,0,0,0,0,3,0,0.0,0.0,0.0,0.0,0.0
FRA-Ligue 1,2526,Nantes,Abakar Sylla,CIV,DF,22.0,2002.0,2,1,65.0,0.7,0,0,0,0,0,0,0,0,0.0,0.0,0.0,0.0,0.0
FRA-Ligue 1,2526,Nantes,Ali Yousuf,LBY,DF,24.0,2001.0,13,10,969.0,10.8,0,0,0,0,0,0,4,0,0.0,0.0,0.0,0.0,0.0
FRA-Ligue 1,2526,Nantes,Amady Camara,MLI,FW,20.0,2005.0,10,1,171.0,1.9,0,0,0,0,0,0,0,0,0.0,0.0,0.0,0.0,0.0
FRA-Ligue 1,2526,Nantes,Anthony Lopes,POR,GK,34.0,1990.0,31,31,2788.0,31.0,0,0,0,0,0,0,4,0,0.0,0.0,0.0,0.0,0.0
FRA-Ligue 1,2526,Nantes,Bahereba Guirassy,FRA,"FW,MF",18.0,2006.0,20,9,821.0,9.1,2,1,3,2,0,0,2,0,0.22,0.11,0.33,0.22,0.33
FRA-Ligue 1,2526,Nantes,Bahmed Deuff,MTN,MF,19.0,2006.0,11,1,250.0,2.8,0,0,0,0,0,0,1,0,0.0,0.0,0.0,0.0,0.0
FRA-Ligue 1,2526,Nantes,Chidozie Awaziem,NGA,DF,28.0,1997.0,26,25,2231.0,24.8,1,2,3,1,0,0,7,0,0.04,0.08,0.12,0.04,0.12
FRA-Ligue 1,2526,Nantes,Dehmaine Assoumani,FRA,MF,20.0,2005.0,27,14,1276.0,14.2,1,0,1,1,0,0,5,0,0.07,0.0,0.07,0.07,0.07
FRA-Ligue 1,2526,Nantes,Deiver Machado,COL,"DF,MF",31.0,1993.0,14,12,907.0,10.1,0,1,1,0,0,0,2,0,0.0,0.1,0.1,0.0,0.1
FRA-Ligue 1,2526,Nantes,Fabien Centonze,FRA,"MF,DF",29.0,1996.0,15,9,736.0,8.2,3,0,3,3,0,0,4,0,0.37,0.0,0.37,0.37,0.37
FRA-Ligue 1,2526,Nantes,Francis Coquelin,FRA,MF,34.0,1991.0,16,8,655.0,7.3,0,1,1,0,0,0,2,0,0.0,0.14,0.14,0.0,0.14
FRA-Ligue 1,2526,Nantes,Frederic Guilbert,FRA,"DF,MF",30.0,1994.0,8,7,607.0,6.7,0,0,0,0,0,0,1,0,0.0,0.0,0.0,0.0,0.0
FRA-Ligue 1,2526,Nantes,Hong Hyunseok,KOR,MF,26.0,1999.0,6,3,284.0,3.2,0,0,0,0,0,0,0,0,0.0,0.0,0.0,0.0,0.0
FRA-Ligue 1,2526,Nantes,Ibrahima Sissoko,MLI,"MF,DF",27.0,1997.0,13,9,803.0,8.9,0,0,0,0,0,0,4,0,0.0,0.0,0.0,0.0,0.0
FRA-Ligue 1,2526,Nantes,Ignatius Ganago,CMR,FW,26.0,1999.0,13,10,839.0,9.3,3,1,4,2,1,1,1,0,0.32,0.11,0.43,0.21,0.32
FRA-Ligue 1,2526,Nantes,Johann Lepenant,FRA,MF,22.0,2002.0,27,23,2173.0,24.1,0,1,1,0,0,0,4,0,0.0,0.04,0.04,0.0,0.04
FRA-Ligue 1,2526,Nantes,Junior Mwanga,FRA,MF,22.0,2003.0,15,15,1260.0,14.0,1,1,2,1,0,0,2,1,0.07,0.07,0.14,0.07,0.14
FRA-Ligue 1,2526,Nantes,Kelvin Amian,FRA,DF,27.0,1998.0,23,22,1961.0,21.8,0,1,1,0,0,0,3,0,0.0,0.05,0.05,0.0,0.05
FRA-Ligue 1,2526,Nantes,Kwon Hyeokkyu,KOR,MF,24.0,2001.0,12,9,753.0,8.4,0,0,0,0,0,0,2,0,0.0,0.0,0.0,0.0,0.0
FRA-Ligue 1,2526,Nantes,Louis Leroux,FRA,"MF,DF",19.0,2006.0,23,16,1441.0,16.0,1,1,2,1,0,0,2,0,0.06,0.06,0.12,0.06,0.12
FRA-Ligue 1,2526,Nantes,Mathieu Acapandié,MAD,"DF,MF",20.0,2004.0,6,2,261.0,2.9,0,0,0,0,0,0,0,0,0.0,0.0,0.0,0.0,0.0
FRA-Ligue 1,2526,Nantes,Matthis Abline,FRA,"FW,MF",22.0,2003.0,32,27,2494.0,27.7,6,4,10,6,0,1,6,0,0.22,0.14,0.36,0.22,0.36
FRA-Ligue 1,2526,Nantes,Mayckel Lahdo,SWE,"FW,MF",22.0,2002.0,8,5,415.0,4.6,1,1,2,1,0,0,0,0,0.22,0.22,0.43,0.22,0.43
FRA-Ligue 1,2526,Nantes,Mohamed Kaba,GUI,MF,23.0,2001.0,12,11,918.0,10.2,0,2,2,0,0,0,2,0,0.0,0.2,0.2,0.0,0.2
FRA-Ligue 1,2526,Nantes,Mostafa Mohamed,EGY,FW,27.0,1997.0,24,13,1152.0,12.8,4,0,4,4,0,0,1,0,0.31,0.0,0.31,0.31,0.31
FRA-Ligue 1,2526,Nantes,Nicolas Cozza,FRA,DF,26.0,1999.0,29,25,2301.0,25.6,0,1,1,0,0,0,2,0,0.0,0.04,0.04,0.0,0.04
FRA-Ligue 1,2526,Nantes,Patrik Carlgren,SWE,GK,33.0,1992.0,3,2,182.0,2.0,0,0,0,0,0,0,0,0,0.0,0.0,0.0,0.0,0.0
FRA-Ligue 1,2526,Nantes,Rémy Cabella,FRA,"MF,FW",35.0,1990.0,11,6,572.0,6.4,2,0,2,1,1,1,1,0,0.31,0.0,0.31,0.16,0.16
FRA-Ligue 1,2526,Nantes,Sékou Doucoure,FRA,DF,20.0,2005.0,1,0,45.0,0.5,0,0,0,0,0,0,0,0,0.0,0.0,0.0,0.0,0.0
FRA-Ligue 1,2526,Nantes,Tylel Tati,FRA,DF,17.0,2008.0,20,20,1721.0,19.1,0,0,0,0,0,0,5,1,0.0,0.0,0.0,0.0,0.0
FRA-Ligue 1,2526,Nantes,Uroš Radaković,SRB,DF,31.0,1994.0,6,1,101.0,1.1,0,0,0,0,0,0,0,0,0.0,0.0,0.0,0.0,0.0
FRA-Ligue 1,2526,Nantes,Yassine Benhattab,FRA,"MF,FW",22.0,2002.0,10,5,477.0,5.3,0,0,0,0,0,0,0,0,0.0,0.0,0.0,0.0,0.0
FRA-Ligue 1,2526,Nantes,Youssef El-Arabi,MAR,FW,38.0,1987.0,25,11,941.0,10.5,3,0,3,3,0,1,0,0,0.29,0.0,0.29,0.29,0.29
FRA-Ligue 1,2526,Nice,Abdulai Juma Bah,SLE,DF,19.0,2006.0,26,22,1958.0,21.8,0,0,0,0,0,0,7,0,0.0,0.0,0.0,0.0,0.0
FRA-Ligue 1,2526,Nice,Ali Abdi,TUN,"MF,DF",31.0,1993.0,22,13,1187.0,13.2,3,0,3,3,0,0,4,1,0.23,0.0,0.23,0.23,0.23
FRA-Ligue 1,2526,Nice,Antoine Mendy,SEN,DF,21.0,2004.0,25,24,2097.0,23.3,1,0,1,1,0,0,5,0,0.04,0.0,0.04,0.04,0.04
FRA-Ligue 1,2526,Nice,Badredine Bouanani,ALG,MF,20.0,2004.0,2,1,93.0,1.0,0,0,0,0,0,0,0,0,0.0,0.0,0.0,0.0,0.0
FRA-Ligue 1,2526,Nice,Bernard Nguene,CMR,FW,18.0,2006.0,6,0,138.0,1.5,0,0,0,0,0,0,1,0,0.0,0.0,0.0,0.0,0.0
FRA-Ligue 1,2526,Nice,Bilal Brahimi,ALG,"FW,MF",25.0,2000.0,1,0,1.0,0.0,0,0,0,0,0,0,0,0,0.0,0.0,0.0,0.0,0.0
FRA-Ligue 1,2526,Nice,Brad Mantsounga,CGO,DF,17.0,2007.0,1,1,90.0,1.0,0,0,0,0,0,0,0,0,0.0,0.0,0.0,0.0,0.0
FRA-Ligue 1,2526,Nice,Charles Vanhoutte,BEL,MF,26.0,1998.0,26,21,1772.0,19.7,0,2,2,0,0,0,7,0,0.0,0.1,0.1,0.0,0.1
FRA-Ligue 1,2526,Nice,Dante,BRA,DF,41.0,1983.0,12,9,849.0,9.4,0,1,1,0,0,0,1,0,0.0,0.11,0.11,0.0,0.11
FRA-Ligue 1,2526,Nice,Djibril Coulibaly,FRA,MF,16.0,2008.0,2,0,13.0,0.1,0,0,0,0,0,0,0,0,0.0,0.0,0.0,0.0,0.0
FRA-Ligue 1,2526,Nice,Elye Wahi,CIV,FW,22.0,2003.0,14,11,922.0,10.2,5,1,6,4,1,1,5,0,0.49,0.1,0.59,0.39,0.49
FRA-Ligue 1,2526,Nice,Everton Pereira,FRA,MF,18.0,2007.0,3,2,135.0,1.5,0,0,0,0,0,0,0,0,0.0,0.0,0.0,0.0,0.0
FRA-Ligue 1,2526,Nice,Gabin Bernardeau,FRA,MF,19.0,2006.0,4,1,95.0,1.1,0,0,0,0,0,0,0,0,0.0,0.0,0.0,0.0,0.0
FRA-Ligue 1,2526,Nice,Hamza Koutoune,MAR,DF,18.0,2006.0,1,0,1.0,0.0,0,0,0,0,0,0,0,0,0.0,0.0,0.0,0.0,0.0
FRA-Ligue 1,2526,Nice,Hicham Boudaoui,ALG,MF,25.0,1999.0,25,18,1694.0,18.8,1,2,3,1,0,0,5,0,0.05,0.11,0.16,0.05,0.16
FRA-Ligue 1,2526,Nice,Isak Jansson,SWE,"FW,MF",23.0,2002.0,22,7,644.0,7.2,1,0,1,1,0,0,3,0,0.14,0.0,0.14,0.14,0.14
FRA-Ligue 1,2526,Nice,Jeremie Boga,CIV,"MF,FW",28.0,1997.0,14,7,646.0,7.2,2,2,4,2,0,0,0,0,0.28,0.28,0.56,0.28,0.56
FRA-Ligue 1,2526,Nice,Jonathan Clauss,FRA,"MF,DF",32.0,1992.0,30,28,2530.0,28.1,1,6,7,1,0,0,0,0,0.04,0.21,0.25,0.04,0.25
FRA-Ligue 1,2526,Nice,Kaïl Boudache,FRA,"MF,FW",19.0,2006.0,13,3,531.0,5.9,1,0,1,1,0,0,1,0,0.17,0.0,0.17,0.17,0.17
FRA-Ligue 1,2526,Nice,Kevin Carlos,ESP,FW,24.0,2001.0,23,9,880.0,9.8,0,0,0,0,0,0,3,0,0.0,0.0,0.0,0.0,0.0
FRA-Ligue 1,2526,Nice,Kojo Peprah Oppong,GHA,DF,21.0,2004.0,29,28,2425.0,26.9,1,0,1,1,0,0,4,0,0.04,0.0,0.04,0.04,0.04
FRA-Ligue 1,2526,Nice,Maxime Dupé,FRA,GK,32.0,1993.0,8,8,720.0,8.0,0,0,0,0,0,0,0,0,0.0,0.0,0.0,0.0,0.0
FRA-Ligue 1,2526,Nice,Melvin Bard,FRA,"DF,MF",24.0,2000.0,29,26,2394.0,26.6,2,1,3,2,0,0,4,0,0.08,0.04,0.11,0.08,0.11
FRA-Ligue 1,2526,Nice,Mohamed Ali Cho,FRA,"FW,MF",21.0,2004.0,24,20,1667.0,18.5,4,3,7,4,0,0,1,0,0.22,0.16,0.38,0.22,0.38
FRA-Ligue 1,2526,Nice,Morgan Sanson,FRA,MF,30.0,1994.0,31,20,1772.0,19.7,0,2,2,0,0,0,4,0,0.0,0.1,0.1,0.0,0.1
FRA-Ligue 1,2526,Nice,Moïse Bombito,CAN,DF,25.0,2000.0,2,2,145.0,1.6,0,0,0,0,0,0,1,0,0.0,0.0,0.0,0.0,0.0
FRA-Ligue 1,2526,Nice,Pablo Rosario,DOM,"DF,MF",28.0,1997.0,1,0,28.0,0.3,0,0,0,0,0,0,0,0,0.0,0.0,0.0,0.0,0.0
FRA-Ligue 1,2526,Nice,Salis Abdul Samed,GHA,MF,25.0,2000.0,18,12,911.0,10.1,0,0,0,0,0,0,3,0,0.0,0.0,0.0,0.0,0.0
FRA-Ligue 1,2526,Nice,Sofiane Diop,MAR,"MF,FW",25.0,2000.0,33,26,2130.0,23.7,8,2,10,6,2,2,5,0,0.34,0.08,0.42,0.25,0.34
FRA-Ligue 1,2526,Nice,Tanguy Ndombele,FRA,MF,28.0,1996.0,8,3,275.0,3.1,0,1,1,0,0,0,0,0,0.0,0.33,0.33,0.0,0.33
FRA-Ligue 1,2526,Nice,Terem Moffi,NGA,FW,26.0,1999.0,10,6,488.0,5.4,2,0,2,2,0,0,0,0,0.37,0.0,0.37,0.37,0.37
FRA-Ligue 1,2526,Nice,Tiago Gouveia,POR,MF,24.0,2001.0,15,5,532.0,5.9,0,0,0,0,0,0,3,0,0.0,0.0,0.0,0.0,0.0
FRA-Ligue 1,2526,Nice,Tom Louchet,FRA,MF,22.0,2003.0,27,14,1367.0,15.2,3,2,5,3,0,0,1,1,0.2,0.13,0.33,0.2,0.33
FRA-Ligue 1,2526,Nice,Yehvann Diouf,SEN,GK,25.0,1999.0,26,26,2340.0,26.0,0,0,0,0,0,0,1,0,0.0,0.0,0.0,0.0,0.0
FRA-Ligue 1,2526,Nice,Youssouf Ndayishimiye,BDI,MF,26.0,1998.0,2,1,72.0,0.8,0,0,0,0,0,0,0,1,0.0,0.0,0.0,0.0,0.0
FRA-Ligue 1,2526,Nice,Zoumana Diallo,FRA,FW,20.0,2005.0,1,0,10.0,0.1,0,0,0,0,0,0,0,0,0.0,0.0,0.0,0.0,0.0
FRA-Ligue 1,2526,PSG,Achraf Hakimi,MAR,DF,26.0,1998.0,18,15,1375.0,15.3,2,2,4,2,0,0,3,1,0.13,0.13,0.26,0.13,0.26
FRA-Ligue 1,2526,PSG,Bradley Barcola,FRA,FW,22.0,2002.0,29,21,1743.0,19.4,11,1,12,11,0,0,2,0,0.57,0.05,0.62,0.57,0.62
FRA-Ligue 1,2526,PSG,Dimitri Lucea,FRA,DF,18.0,2007.0,2,1,60.0,0.7,0,0,0,0,0,0,0,0,0.0,0.0,0.0,0.0,0.0
FRA-Ligue 1,2526,PSG,Dro Fernández,ESP,MF,17.0,2008.0,12,7,682.0,7.6,1,0,1,1,0,0,0,0,0.13,0.0,0.13,0.13,0.13
FRA-Ligue 1,2526,PSG,Désiré Doué,FRA,"FW,MF",20.0,2005.0,23,16,1348.0,15.0,7,4,11,7,0,1,0,0,0.47,0.27,0.73,0.47,0.73
FRA-Ligue 1,2526,PSG,Fabián Ruiz Peña,ESP,MF,29.0,1996.0,20,13,1131.0,12.6,1,4,5,1,0,0,2,0,0.08,0.32,0.4,0.08,0.4
FRA-Ligue 1,2526,PSG,Gonçalo Ramos,POR,FW,24.0,2001.0,30,13,1318.0,14.6,6,1,7,5,1,2,4,1,0.41,0.07,0.48,0.34,0.41
FRA-Ligue 1,2526,PSG,Ibrahim Mbaye,SEN,"FW,MF",17.0,2008.0,24,10,1006.0,11.2,3,2,5,3,0,0,0,0,0.27,0.18,0.45,0.27,0.45
FRA-Ligue 1,2526,PSG,Illia Zabarnyi,UKR,DF,22.0,2002.0,28,26,2387.0,26.5,1,0,1,1,0,0,6,0,0.04,0.0,0.04,0.04,0.04
FRA-Ligue 1,2526,PSG,João Neves,POR,MF,20.0,2004.0,21,13,1287.0,14.3,5,1,6,5,0,0,0,0,0.35,0.07,0.42,0.35,0.42
FRA-Ligue 1,2526,PSG,Khvicha Kvaratskhelia,GEO,FW,24.0,2001.0,28,18,1479.0,16.4,8,4,12,7,1,1,1,0,0.49,0.24,0.73,0.43,0.67
FRA-Ligue 1,2526,PSG,Lee Kang-in,KOR,"MF,FW",24.0,2001.0,27,18,1519.0,16.9,3,4,7,3,0,0,3,0,0.18,0.24,0.41,0.18,0.41
FRA-Ligue 1,2526,PSG,Lucas Beraldo,BRA,"DF,MF",21.0,2003.0,20,18,1567.0,17.4,2,1,3,2,0,0,2,0,0.11,0.06,0.17,0.11,0.17
FRA-Ligue 1,2526,PSG,Lucas Chevalier,FRA,GK,23.0,2001.0,17,17,1530.0,17.0,0,0,0,0,0,0,0,0,0.0,0.0,0.0,0.0,0.0
FRA-Ligue 1,2526,PSG,Lucas Hernández,FRA,DF,29.0,1996.0,25,20,1747.0,19.4,0,3,3,0,0,0,4,0,0.0,0.15,0.15,0.0,0.15
FRA-Ligue 1,2526,PSG,Marquinhos,BRA,DF,31.0,1994.0,14,11,1052.0,11.7,0,0,0,0,0,0,0,0,0.0,0.0,0.0,0.0,0.0
FRA-Ligue 1,2526,PSG,Mathis Jangeal,FRA,FW,17.0,2008.0,1,0,11.0,0.1,0,0,0,0,0,0,0,0,0.0,0.0,0.0,0.0,0.0
FRA-Ligue 1,2526,PSG,Matvei Safonov,RUS,GK,26.0,1999.0,15,15,1350.0,15.0,0,0,0,0,0,0,0,0,0.0,0.0,0.0,0.0,0.0
FRA-Ligue 1,2526,PSG,Noah Nsoki,FRA,MF,18.0,2007.0,1,0,8.0,0.1,0,0,0,0,0,0,0,0,0.0,0.0,0.0,0.0,0.0
FRA-Ligue 1,2526,PSG,Nuno Mendes,POR,DF,23.0,2002.0,20,13,1256.0,14.0,4,5,9,3,1,1,1,0,0.29,0.36,0.64,0.21,0.57
FRA-Ligue 1,2526,PSG,Ousmane Dembélé,FRA,FW,28.0,1997.0,22,11,1063.0,11.8,10,7,17,8,2,3,0,0,0.85,0.59,1.44,0.68,1.27
FRA-Ligue 1,2526,PSG,Pierre Mounguengue,FRA,FW,17.0,2008.0,1,0,16.0,0.2,0,0,0,0,0,0,0,0,0.0,0.0,0.0,0.0,0.0
FRA-Ligue 1,2526,PSG,Quentin Ndjantou,FRA,MF,18.0,2007.0,10,3,360.0,4.0,1,1,2,1,0,0,1,0,0.25,0.25,0.5,0.25,0.5
FRA-Ligue 1,2526,PSG,Renato Marin,ITA,GK,19.0,2006.0,2,2,180.0,2.0,0,0,0,0,0,0,0,0,0.0,0.0,0.0,0.0,0.0
FRA-Ligue 1,2526,PSG,Senny Mayulu,FRA,"MF,FW",19.0,2006.0,26,21,1672.0,18.6,4,4,8,4,0,0,3,0,0.22,0.22,0.43,0.22,0.43
FRA-Ligue 1,2526,PSG,Vitinha,POR,MF,25.0,2000.0,29,24,2119.0,23.5,1,7,8,1,0,0,2,0,0.04,0.3,0.34,0.04,0.34
FRA-Ligue 1,2526,PSG,Warren Zaïre-Emery,FRA,"DF,MF",19.0,2006.0,32,27,2447.0,27.2,3,4,7,3,0,0,3,0,0.11,0.15,0.26,0.11,0.26
FRA-Ligue 1,2526,PSG,Willian Pacho,ECU,DF,23.0,2001.0,23,21,1914.0,21.3,0,0,0,0,0,0,0,0,0.0,0.0,0.0,0.0,0.0
FRA-Ligue 1,2526,Paris FC,Adama Camara,FRA,"MF,DF",28.0,1996.0,29,26,2159.0,24.0,1,0,1,1,0,0,8,0,0.04,0.0,0.04,0.04,0.04
FRA-Ligue 1,2526,Paris FC,Alimami Gory,MLI,"MF,DF",28.0,1996.0,24,9,982.0,10.9,5,1,6,5,0,0,3,0,0.46,0.09,0.55,0.46,0.55
FRA-Ligue 1,2526,Paris FC,Ciro Immobile,ITA,FW,35.0,1990.0,12,9,705.0,7.8,2,2,4,2,0,0,2,0,0.26,0.26,0.51,0.26,0.51
FRA-Ligue 1,2526,Paris FC,Diego Coppola,ITA,DF,21.0,2003.0,13,13,1170.0,13.0,0,2,2,0,0,0,1,0,0.0,0.15,0.15,0.0,0.15
FRA-Ligue 1,2526,Paris FC,Hamari Traoré,MLI,DF,33.0,1992.0,18,14,1150.0,12.8,0,1,1,0,0,0,4,0,0.0,0.08,0.08,0.0,0.08
FRA-Ligue 1,2526,Paris FC,Ilan Kebbal,ALG,"MF,FW",27.0,1998.0,29,26,2222.0,24.7,9,4,13,6,3,4,7,0,0.36,0.16,0.53,0.24,0.41
FRA-Ligue 1,2526,Paris FC,Jean-Philippe Krasso,CIV,FW,28.0,1997.0,25,12,1092.0,12.1,2,2,4,1,1,1,0,0,0.16,0.16,0.33,0.08,0.25
FRA-Ligue 1,2526,Paris FC,Jonathan Ikone,FRA,"MF,FW",27.0,1998.0,23,13,1100.0,12.2,3,1,4,3,0,0,2,0,0.25,0.08,0.33,0.25,0.33
FRA-Ligue 1,2526,Paris FC,Julien López,ALG,"FW,MF",33.0,1992.0,5,0,45.0,0.5,0,0,0,0,0,0,0,0,0.0,0.0,0.0,0.0,0.0
FRA-Ligue 1,2526,Paris FC,Kevin Trapp,GER,GK,35.0,1990.0,22,22,1980.0,22.0,0,0,0,0,0,0,2,0,0.0,0.0,0.0,0.0,0.0
FRA-Ligue 1,2526,Paris FC,Lohann Doucet,BFA,MF,22.0,2002.0,5,1,121.0,1.3,1,0,1,1,0,0,2,0,0.74,0.0,0.74,0.74,0.74
FRA-Ligue 1,2526,Paris FC,Luca Koleosho,ITA,MF,20.0,2004.0,16,3,554.0,6.2,3,1,4,3,0,0,0,0,0.49,0.16,0.65,0.49,0.65
FRA-Ligue 1,2526,Paris FC,Marshall Munetsi,ZIM,MF,29.0,1996.0,15,11,975.0,10.8,4,1,5,4,0,0,0,0,0.37,0.09,0.46,0.37,0.46
FRA-Ligue 1,2526,Paris FC,Mathieu Cafaro,FRA,FW,28.0,1997.0,10,1,152.0,1.7,0,0,0,0,0,0,0,0,0.0,0.0,0.0,0.0,0.0
FRA-Ligue 1,2526,Paris FC,Maxime Lopez,FRA,MF,27.0,1997.0,26,22,1960.0,21.8,0,3,3,0,0,0,11,0,0.0,0.14,0.14,0.0,0.14
FRA-Ligue 1,2526,Paris FC,Mohamed Benoit Dao,FRA,FW,18.0,2007.0,1,0,2.0,0.0,0,0,0,0,0,0,0,0,0.0,0.0,0.0,0.0,0.0
FRA-Ligue 1,2526,Paris FC,Moses Simon,NGA,"MF,FW",30.0,1995.0,29,25,2001.0,22.2,3,3,6,3,0,0,1,0,0.13,0.13,0.27,0.13,0.27
FRA-Ligue 1,2526,Paris FC,Moustapha Mbow,SEN,DF,25.0,2000.0,31,30,2717.0,30.2,0,1,1,0,0,0,5,0,0.0,0.03,0.03,0.0,0.03
FRA-Ligue 1,2526,Paris FC,Nhoa Sangui,FRA,DF,19.0,2006.0,26,18,1737.0,19.3,0,0,0,0,0,0,0,0,0.0,0.0,0.0,0.0,0.0
FRA-Ligue 1,2526,Paris FC,Nouha Dicko,MLI,"FW,MF",33.0,1992.0,8,0,72.0,0.8,1,1,2,1,0,0,0,0,1.25,1.25,2.5,1.25,2.5
FRA-Ligue 1,2526,Paris FC,Obed Nkambadio,FRA,GK,22.0,2003.0,12,12,1080.0,12.0,0,0,0,0,0,0,0,0,0.0,0.0,0.0,0.0,0.0
FRA-Ligue 1,2526,Paris FC,Otavio Ataide,BRA,DF,23.0,2002.0,23,21,1901.0,21.1,1,0,1,1,0,0,6,1,0.05,0.0,0.05,0.05,0.05
FRA-Ligue 1,2526,Paris FC,Pierre Lees-Melou,FRA,MF,32.0,1993.0,22,20,1782.0,19.8,1,3,4,1,0,0,7,1,0.05,0.15,0.2,0.05,0.2
FRA-Ligue 1,2526,Paris FC,Pierre-Yves Hamel,FRA,FW,31.0,1994.0,2,1,78.0,0.9,0,0,0,0,0,0,0,0,0.0,0.0,0.0,0.0,0.0
FRA-Ligue 1,2526,Paris FC,Rudy Matondo,FRA,MF,17.0,2008.0,11,8,743.0,8.3,2,0,2,2,0,0,1,1,0.24,0.0,0.24,0.24,0.24
FRA-Ligue 1,2526,Paris FC,Samir Chergui,ALG,DF,26.0,1999.0,15,13,1154.0,12.8,1,0,1,1,0,0,1,0,0.08,0.0,0.08,0.08,0.08
FRA-Ligue 1,2526,Paris FC,Thibault De Smet,BEL,DF,27.0,1998.0,17,13,1144.0,12.7,0,1,1,0,0,0,6,2,0.0,0.08,0.08,0.0,0.08
FRA-Ligue 1,2526,Paris FC,Timothée Kolodziejczak,FRA,DF,33.0,1991.0,11,7,662.0,7.4,0,0,0,0,0,0,2,0,0.0,0.0,0.0,0.0,0.0
FRA-Ligue 1,2526,Paris FC,Tuomas Ollila,FIN,DF,25.0,2000.0,10,3,308.0,3.4,0,0,0,0,0,0,0,0,0.0,0.0,0.0,0.0,0.0
FRA-Ligue 1,2526,Paris FC,Vincent Marchetti,FRA,MF,28.0,1997.0,23,9,825.0,9.2,2,1,3,2,0,0,1,0,0.22,0.11,0.33,0.22,0.33
FRA-Ligue 1,2526,Paris FC,Willem Geubbels,FRA,FW,23.0,2001.0,24,12,1013.0,11.3,5,0,5,4,1,1,0,0,0.44,0.0,0.44,0.36,0.36
FRA-Ligue 1,2526,Rennes,Abdelhamid Ait Boudlal,MAR,DF,19.0,2006.0,20,17,1403.0,15.6,2,1,3,2,0,0,3,1,0.13,0.06,0.19,0.13,0.19
FRA-Ligue 1,2526,Rennes,Alexander Legendre,ECU,MF,17.0,2008.0,6,0,45.0,0.5,0,0,0,0,0,0,0,0,0.0,0.0,0.0,0.0,0.0
FRA-Ligue 1,2526,Rennes,Alidu Seidu,GHA,DF,25.0,2000.0,21,13,1186.0,13.2,0,1,1,0,0,0,1,0,0.0,0.08,0.08,0.0,0.08
FRA-Ligue 1,2526,Rennes,Anthony Rouault,FRA,DF,24.0,2001.0,21,19,1724.0,19.2,1,0,1,1,0,0,4,0,0.05,0.0,0.05,0.05,0.05
FRA-Ligue 1,2526,Rennes,Arnaud Nordin,FRA,"FW,MF",27.0,1998.0,10,7,570.0,6.3,1,2,3,1,0,0,1,0,0.16,0.32,0.47,0.16,0.47
FRA-Ligue 1,2526,Rennes,Bertuğ Yıldırım,TUR,FW,23.0,2002.0,1,0,3.0,0.0,0,0,0,0,0,0,0,0,0.0,0.0,0.0,0.0,0.0
FRA-Ligue 1,2526,Rennes,Breel Embolo,SUI,FW,28.0,1997.0,31,20,1872.0,20.8,8,3,11,8,0,0,3,0,0.38,0.14,0.53,0.38,0.53
FRA-Ligue 1,2526,Rennes,Brice Samba,FRA,GK,31.0,1994.0,32,32,2880.0,32.0,0,0,0,0,0,0,5,0,0.0,0.0,0.0,0.0,0.0
FRA-Ligue 1,2526,Rennes,Christopher Wooh,CMR,DF,23.0,2001.0,2,1,64.0,0.7,0,0,0,0,0,0,0,1,0.0,0.0,0.0,0.0,0.0
FRA-Ligue 1,2526,Rennes,Djaoui Cissé,FRA,MF,21.0,2004.0,24,12,981.0,10.9,0,0,0,0,0,0,3,0,0.0,0.0,0.0,0.0,0.0
FRA-Ligue 1,2526,Rennes,Esteban Lepaul,FRA,FW,25.0,2000.0,32,31,2511.0,27.9,20,5,25,17,3,4,3,0,0.72,0.18,0.9,0.61,0.79
FRA-Ligue 1,2526,Rennes,Fabian Rieder,SUI,MF,23.0,2002.0,3,2,133.0,1.5,0,0,0,0,0,0,0,0,0.0,0.0,0.0,0.0,0.0
FRA-Ligue 1,2526,Rennes,Glen Kamara,FIN,MF,29.0,1995.0,4,0,61.0,0.7,0,0,0,0,0,0,0,0,0.0,0.0,0.0,0.0,0.0
FRA-Ligue 1,2526,Rennes,Hans Hateboer,NED,"DF,MF",31.0,1994.0,1,0,22.0,0.2,0,0,0,0,0,0,0,0,0.0,0.0,0.0,0.0,0.0
FRA-Ligue 1,2526,Rennes,Henrick Do Marcolino,FRA,FW,19.0,2006.0,1,0,3.0,0.0,0,0,0,0,0,0,0,0,0.0,0.0,0.0,0.0,0.0
FRA-Ligue 1,2526,Rennes,Ibrahim Salah,MAR,MF,23.0,2001.0,2,0,35.0,0.4,0,0,0,0,0,0,0,0,0.0,0.0,0.0,0.0,0.0
FRA-Ligue 1,2526,Rennes,Jérémy Jacquet,FRA,DF,20.0,2005.0,19,19,1671.0,18.6,0,0,0,0,0,0,6,1,0.0,0.0,0.0,0.0,0.0
FRA-Ligue 1,2526,Rennes,Kader Meïté,FRA,FW,17.0,2007.0,17,6,535.0,5.9,3,2,5,3,0,0,0,0,0.5,0.34,0.84,0.5,0.84
FRA-Ligue 1,2526,Rennes,Lilian Brassier,FRA,DF,25.0,1999.0,27,25,2250.0,25.0,0,1,1,0,0,0,2,0,0.0,0.04,0.04,0.0,0.04
FRA-Ligue 1,2526,Rennes,Lucas Rosier,FRA,FW,18.0,2007.0,2,0,2.0,0.0,0,0,0,0,0,0,0,0,0.0,0.0,0.0,0.0,0.0
FRA-Ligue 1,2526,Rennes,Ludovic Blas,FRA,"MF,FW",27.0,1997.0,32,15,1546.0,17.2,5,4,9,3,2,2,1,0,0.29,0.23,0.52,0.17,0.41
FRA-Ligue 1,2526,Rennes,Mahamadou Nagida,CMR,DF,20.0,2005.0,19,7,805.0,8.9,0,0,0,0,0,0,2,0,0.0,0.0,0.0,0.0,0.0
FRA-Ligue 1,2526,Rennes,Mahdi Camara,FRA,MF,27.0,1998.0,32,31,2653.0,29.5,3,1,4,3,0,0,5,1,0.1,0.03,0.14,0.1,0.14
FRA-Ligue 1,2526,Rennes,Mathys Silestrie,FRA,GK,19.0,2005.0,2,2,180.0,2.0,0,0,0,0,0,0,0,0,0.0,0.0,0.0,0.0,0.0
FRA-Ligue 1,2526,Rennes,Mikayil Ngor Faye,SEN,MF,21.0,2004.0,1,0,8.0,0.1,0,0,0,0,0,0,0,0,0.0,0.0,0.0,0.0,0.0
FRA-Ligue 1,2526,Rennes,Musa Al-Taamari,JOR,"MF,FW",28.0,1997.0,33,25,2212.0,24.6,6,6,12,6,0,0,4,0,0.24,0.24,0.49,0.24,0.49
FRA-Ligue 1,2526,Rennes,Nordan Mukiele,FRA,MF,19.0,2006.0,8,0,96.0,1.1,1,0,1,1,0,0,0,0,0.94,0.0,0.94,0.94,0.94
FRA-Ligue 1,2526,Rennes,Przemysław Frankowski,POL,"MF,DF",30.0,1995.0,19,15,1210.0,13.4,1,2,3,1,0,0,5,0,0.07,0.15,0.22,0.07,0.22
FRA-Ligue 1,2526,Rennes,Quentin Merlin,FRA,"DF,MF",23.0,2002.0,33,27,2533.0,28.1,1,5,6,1,0,0,2,0,0.04,0.18,0.21,0.04,0.21
FRA-Ligue 1,2526,Rennes,Sebastian Szymański,POL,MF,26.0,1999.0,16,10,776.0,8.6,1,3,4,1,0,0,2,0,0.12,0.35,0.46,0.12,0.46
FRA-Ligue 1,2526,Rennes,Seko Fofana,CIV,MF,30.0,1995.0,12,7,655.0,7.3,1,0,1,1,0,0,0,0,0.14,0.0,0.14,0.14,0.14
FRA-Ligue 1,2526,Rennes,Valentin Rongier,FRA,MF,30.0,1994.0,31,31,2745.0,30.5,2,5,7,2,0,0,6,0,0.07,0.16,0.23,0.07,0.23
FRA-Ligue 1,2526,Rennes,Yassir Zabiri,MAR,MF,20.0,2005.0,6,0,48.0,0.5,0,0,0,0,0,0,0,0,0.0,0.0,0.0,0.0,0.0
FRA-Ligue 1,2526,Strasbourg,Aaron Anselmino,ARG,DF,20.0,2005.0,3,0,16.0,0.2,0,0,0,0,0,0,0,0,0.0,0.0,0.0,0.0,0.0
FRA-Ligue 1,2526,Strasbourg,Abakar Sylla,CIV,DF,22.0,2002.0,1,0,2.0,0.0,0,0,0,0,0,0,0,0,0.0,0.0,0.0,0.0,0.0
FRA-Ligue 1,2526,Strasbourg,Abdoul Ouattara,FRA,"MF,DF",19.0,2005.0,28,19,1768.0,19.6,2,0,2,2,0,0,2,0,0.1,0.0,0.1,0.1,0.1
FRA-Ligue 1,2526,Strasbourg,Amadou Cissé,GUI,DF,19.0,2006.0,1,1,90.0,1.0,0,0,0,0,0,0,0,0,0.0,0.0,0.0,0.0,0.0
FRA-Ligue 1,2526,Strasbourg,Andrew Omobamidele,IRL,DF,23.0,2002.0,25,13,1357.0,15.1,1,0,1,1,0,0,4,0,0.07,0.0,0.07,0.07,0.07
FRA-Ligue 1,2526,Strasbourg,Ben Chilwell,ENG,"DF,MF",28.0,1996.0,20,19,1598.0,17.8,0,2,2,0,0,0,4,0,0.0,0.11,0.11,0.0,0.11
FRA-Ligue 1,2526,Strasbourg,David Datro Fofana,CIV,FW,22.0,2002.0,5,3,171.0,1.9,0,0,0,0,0,0,0,0,0.0,0.0,0.0,0.0,0.0
FRA-Ligue 1,2526,Strasbourg,Diego Moreira,BEL,MF,20.0,2004.0,27,23,2034.0,22.6,4,6,10,4,0,0,4,0,0.18,0.27,0.44,0.18,0.44
FRA-Ligue 1,2526,Strasbourg,Dilane Bakwa,FRA,"FW,MF",22.0,2002.0,3,0,107.0,1.2,1,2,3,1,0,0,0,0,0.84,1.68,2.52,0.84,2.52
FRA-Ligue 1,2526,Strasbourg,Emanuel Emegha,NED,FW,22.0,2003.0,10,4,443.0,4.9,4,2,6,4,0,0,3,0,0.81,0.41,1.22,0.81,1.22
FRA-Ligue 1,2526,Strasbourg,Félix Lemaréchal,FRA,"MF,FW",21.0,2003.0,11,7,555.0,6.2,0,2,2,0,0,0,1,0,0.0,0.32,0.32,0.0,0.32
FRA-Ligue 1,2526,Strasbourg,Gessime Yassine,MAR,MF,19.0,2005.0,12,6,510.0,5.7,0,1,1,0,0,0,0,0,0.0,0.18,0.18,0.0,0.18
FRA-Ligue 1,2526,Strasbourg,Guéla Doué,CIV,"DF,MF",22.0,2002.0,24,23,2061.0,22.9,2,6,8,2,0,0,3,0,0.09,0.26,0.35,0.09,0.35
FRA-Ligue 1,2526,Strasbourg,Idrissa Sabaly,FRA,MF,17.0,2007.0,1,1,56.0,0.6,0,0,0,0,0,0,0,0,0.0,0.0,0.0,0.0,0.0
FRA-Ligue 1,2526,Strasbourg,Ismaël Doukouré,FRA,"DF,MF",22.0,2003.0,25,25,2072.0,23.0,0,2,2,0,0,0,4,2,0.0,0.09,0.09,0.0,0.09
FRA-Ligue 1,2526,Strasbourg,Jean-Baptiste Bosey,FRA,FW,17.0,2008.0,1,0,1.0,0.0,0,0,0,0,0,0,0,0,0.0,0.0,0.0,0.0,0.0
FRA-Ligue 1,2526,Strasbourg,Joaquín Panichelli,ARG,FW,22.0,2002.0,27,24,2193.0,24.4,16,1,17,11,5,6,3,0,0.66,0.04,0.7,0.45,0.49
FRA-Ligue 1,2526,Strasbourg,Julio Enciso,PAR,"MF,FW",21.0,2004.0,27,22,1883.0,20.9,3,6,9,2,1,1,2,0,0.14,0.29,0.43,0.1,0.38
FRA-Ligue 1,2526,Strasbourg,Junior Mwanga,FRA,"DF,MF",22.0,2003.0,5,5,377.0,4.2,0,0,0,0,0,0,0,0,0.0,0.0,0.0,0.0,0.0
FRA-Ligue 1,2526,Strasbourg,Karl-Johan Johnsson,SWE,GK,35.0,1990.0,1,1,90.0,1.0,0,0,0,0,0,0,0,0,0.0,0.0,0.0,0.0,0.0
FRA-Ligue 1,2526,Strasbourg,Kendry Páez,ECU,"MF,FW",18.0,2007.0,15,4,424.0,4.7,1,0,1,1,0,0,0,0,0.21,0.0,0.21,0.21,0.21
FRA-Ligue 1,2526,Strasbourg,Lucas Høgsberg,DEN,DF,19.0,2006.0,24,21,1792.0,19.9,0,0,0,0,0,0,4,1,0.0,0.0,0.0,0.0,0.0
FRA-Ligue 1,2526,Strasbourg,Mamadou Sarr,SEN,DF,19.0,2005.0,15,15,1305.0,14.5,0,0,0,0,0,0,3,0,0.0,0.0,0.0,0.0,0.0
FRA-Ligue 1,2526,Strasbourg,Martial Godo,CIV,MF,22.0,2003.0,28,18,1584.0,17.6,10,1,11,10,0,0,2,0,0.57,0.06,0.62,0.57,0.62
FRA-Ligue 1,2526,Strasbourg,Mathis Amougou,FRA,MF,19.0,2006.0,12,4,409.0,4.5,0,0,0,0,0,0,1,0,0.0,0.0,0.0,0.0,0.0
FRA-Ligue 1,2526,Strasbourg,Max Oyedele,POL,"MF,DF",20.0,2004.0,8,6,446.0,5.0,1,0,1,1,0,0,3,0,0.2,0.0,0.2,0.2,0.2
FRA-Ligue 1,2526,Strasbourg,Mike Penders,BEL,GK,20.0,2005.0,33,33,2970.0,33.0,0,0,0,0,0,0,3,0,0.0,0.0,0.0,0.0,0.0
FRA-Ligue 1,2526,Strasbourg,Rabby Nzingoula,FRA,MF,19.0,2005.0,4,0,51.0,0.6,0,0,0,0,0,0,0,1,0.0,0.0,0.0,0.0,0.0
FRA-Ligue 1,2526,Strasbourg,Rafael Gonçalves,POR,"MF,DF",20.0,2005.0,12,6,588.0,6.5,0,1,1,0,0,0,0,0,0.0,0.15,0.15,0.0,0.15
FRA-Ligue 1,2526,Strasbourg,Samir El Mourabet,MAR,MF,19.0,2005.0,33,25,2128.0,23.6,1,2,3,1,0,0,4,0,0.04,0.08,0.13,0.04,0.13
FRA-Ligue 1,2526,Strasbourg,Samuel Amo-Ameyaw,ENG,"MF,DF",19.0,2006.0,25,9,1047.0,11.6,2,2,4,2,0,0,2,0,0.17,0.17,0.34,0.17,0.34
FRA-Ligue 1,2526,Strasbourg,Sebastian Nanasi,SWE,MF,23.0,2002.0,19,11,1050.0,11.7,7,2,9,7,0,0,0,0,0.6,0.17,0.77,0.6,0.77
FRA-Ligue 1,2526,Strasbourg,Tyrese Noubissié,FRA,MF,16.0,2009.0,4,0,58.0,0.6,0,0,0,0,0,0,1,0,0.0,0.0,0.0,0.0,0.0
FRA-Ligue 1,2526,Strasbourg,Valentín Barco,ARG,MF,21.0,2004.0,27,24,2168.0,24.1,2,4,6,2,0,0,5,1,0.08,0.17,0.25,0.08,0.25
FRA-Ligue 1,2526,Strasbourg,Yaya Diémé,SEN,FW,17.0,2007.0,3,2,154.0,1.7,0,0,0,0,0,0,2,0,0.0,0.0,0.0,0.0,0.0
FRA-Ligue 1,2526,Toulouse,Alexis Vossah,FRA,MF,17.0,2008.0,23,12,1092.0,12.1,1,1,2,1,0,0,5,1,0.08,0.08,0.16,0.08,0.16
FRA-Ligue 1,2526,Toulouse,Aron Dønnum,NOR,MF,27.0,1998.0,28,28,2419.0,26.9,4,4,8,1,3,3,10,1,0.15,0.15,0.3,0.04,0.19
FRA-Ligue 1,2526,Toulouse,Charlie Cresswell,ENG,DF,22.0,2002.0,29,28,2533.0,28.1,3,2,5,3,0,0,8,0,0.11,0.07,0.18,0.11,0.18
FRA-Ligue 1,2526,Toulouse,Cristian Cásseres Jr.,VEN,MF,25.0,2000.0,30,28,2495.0,27.7,2,3,5,2,0,1,6,0,0.07,0.11,0.18,0.07,0.18
FRA-Ligue 1,2526,Toulouse,Dayann Methalie,FRA,MF,19.0,2006.0,27,22,1871.0,20.8,2,1,3,2,0,0,9,0,0.1,0.05,0.14,0.1,0.14
FRA-Ligue 1,2526,Toulouse,Djibril Sidibé,FRA,"MF,DF",33.0,1992.0,32,25,2141.0,23.8,3,4,7,2,1,2,1,0,0.13,0.17,0.29,0.08,0.25
FRA-Ligue 1,2526,Toulouse,Emersonn,BRA,FW,21.0,2004.0,27,18,1499.0,16.7,6,2,8,6,0,0,5,1,0.36,0.12,0.48,0.36,0.48
FRA-Ligue 1,2526,Toulouse,Francis Abu,GHA,MF,24.0,2001.0,8,7,526.0,5.8,0,0,0,0,0,0,2,0,0.0,0.0,0.0,0.0,0.0
FRA-Ligue 1,2526,Toulouse,Frank Magri,CMR,"FW,MF",25.0,1999.0,17,16,1253.0,13.9,5,1,6,5,0,1,3,0,0.36,0.07,0.43,0.36,0.43
FRA-Ligue 1,2526,Toulouse,Guillaume Restes,FRA,GK,20.0,2005.0,33,33,2939.0,32.7,0,0,0,0,0,0,3,0,0.0,0.0,0.0,0.0,0.0
FRA-Ligue 1,2526,Toulouse,Ilyas Azizi,FRA,FW,17.0,2008.0,3,0,29.0,0.3,0,0,0,0,0,0,0,0,0.0,0.0,0.0,0.0,0.0
FRA-Ligue 1,2526,Toulouse,Jacen Russell-Rowe,CAN,FW,22.0,2002.0,13,5,472.0,5.2,1,0,1,1,0,0,0,0,0.19,0.0,0.19,0.19,0.19
FRA-Ligue 1,2526,Toulouse,Jaydee Canvot,FRA,"MF,DF",19.0,2006.0,2,2,180.0,2.0,0,0,0,0,0,0,1,0,0.0,0.0,0.0,0.0,0.0
FRA-Ligue 1,2526,Toulouse,Julián Vignolo,ARG,MF,18.0,2006.0,13,1,195.0,2.2,2,0,2,2,0,0,0,0,0.92,0.0,0.92,0.92,0.92
FRA-Ligue 1,2526,Toulouse,Kjetil Haug,NOR,GK,27.0,1998.0,1,0,31.0,0.3,0,0,0,0,0,0,0,0,0.0,0.0,0.0,0.0,0.0
FRA-Ligue 1,2526,Toulouse,Mario Sauer,SVK,MF,21.0,2004.0,25,6,651.0,7.2,1,0,1,1,0,0,4,0,0.14,0.0,0.14,0.14,0.14
FRA-Ligue 1,2526,Toulouse,Mark McKenzie,USA,DF,26.0,1999.0,29,27,2404.0,26.7,0,2,2,0,0,0,7,1,0.0,0.07,0.07,0.0,0.07
FRA-Ligue 1,2526,Toulouse,Mathis Saka,FRA,FW,18.0,2006.0,1,0,8.0,0.1,0,0,0,0,0,0,0,0,0.0,0.0,0.0,0.0,0.0
FRA-Ligue 1,2526,Toulouse,Noah Edjouma,FRA,FW,19.0,2005.0,12,2,256.0,2.8,0,0,0,0,0,0,0,0,0.0,0.0,0.0,0.0,0.0
FRA-Ligue 1,2526,Toulouse,Pape Demba Diop,SEN,MF,21.0,2003.0,15,13,1181.0,13.1,1,2,3,1,0,0,2,0,0.08,0.15,0.23,0.08,0.23
FRA-Ligue 1,2526,Toulouse,Rafik Messali,FRA,MF,22.0,2003.0,12,5,502.0,5.6,0,0,0,0,0,0,2,0,0.0,0.0,0.0,0.0,0.0
FRA-Ligue 1,2526,Toulouse,Rasmus Nicolaisen,DEN,DF,28.0,1997.0,32,30,2564.0,28.5,1,0,1,1,0,0,4,0,0.04,0.0,0.04,0.04,0.04
FRA-Ligue 1,2526,Toulouse,Santiago Hidalgo,ARG,"MF,FW",20.0,2005.0,28,14,1306.0,14.5,4,6,10,4,0,0,4,0,0.28,0.41,0.69,0.28,0.69
FRA-Ligue 1,2526,Toulouse,Seny Koumbassa,FRA,DF,18.0,2007.0,9,4,444.0,4.9,1,0,1,1,0,0,0,0,0.2,0.0,0.2,0.2,0.2
FRA-Ligue 1,2526,Toulouse,Warren Kamanzi,NOR,MF,24.0,2000.0,24,7,870.0,9.7,1,1,2,1,0,0,1,0,0.1,0.1,0.21,0.1,0.21
FRA-Ligue 1,2526,Toulouse,Yann Gboho,FRA,"MF,FW",24.0,2001.0,31,30,2601.0,28.9,8,3,11,8,0,0,1,1,0.28,0.1,0.38,0.28,0.38
ITA-Serie A,2425,Atalanta,Ademola Lookman,NGA,"MF,FW",26.0,1997.0,31,28,2247.0,25.0,15,5,20,14,1,1,4,0,0.6,0.2,0.8,0.56,0.76
ITA-Serie A,2425,Atalanta,Alberto Manzoni,ITA,MF,19.0,2005.0,1,0,6.0,0.1,0,0,0,0,0,0,0,0,0.0,0.0,0.0,0.0,0.0
ITA-Serie A,2425,Atalanta,Ben Godfrey,ENG,"DF,MF",26.0,1998.0,1,0,23.0,0.3,0,0,0,0,0,0,0,0,0.0,0.0,0.0,0.0,0.0
ITA-Serie A,2425,Atalanta,Berat Djimsiti,ALB,DF,31.0,1993.0,34,32,2640.0,29.3,1,2,3,1,0,0,6,0,0.03,0.07,0.1,0.03,0.1
ITA-Serie A,2425,Atalanta,Charles De Ketelaere,BEL,"MF,FW",23.0,2001.0,36,25,2070.0,23.0,7,7,14,7,0,0,1,0,0.3,0.3,0.61,0.3,0.61
ITA-Serie A,2425,Atalanta,Daniel Maldini,ITA,MF,22.0,2001.0,10,2,258.0,2.9,3,0,3,3,0,0,0,0,1.05,0.0,1.05,1.05,1.05
ITA-Serie A,2425,Atalanta,Davide Zappacosta,ITA,MF,32.0,1992.0,30,26,2067.0,23.0,4,2,6,4,0,0,3,0,0.17,0.09,0.26,0.17,0.26
ITA-Serie A,2425,Atalanta,Federico Cassa,ITA,MF,18.0,2006.0,2,0,14.0,0.2,0,0,0,0,0,0,0,0,0.0,0.0,0.0,0.0,0.0
ITA-Serie A,2425,Atalanta,Gianluca Scamacca,ITA,FW,25.0,1999.0,1,0,6.0,0.1,0,0,0,0,0,0,0,0,0.0,0.0,0.0,0.0,0.0
ITA-Serie A,2425,Atalanta,Giorgio Scalvini,ITA,DF,20.0,2003.0,6,4,272.0,3.0,0,0,0,0,0,0,2,0,0.0,0.0,0.0,0.0,0.0
ITA-Serie A,2425,Atalanta,Ibrahim Sulemana,GHA,MF,21.0,2003.0,9,3,283.0,3.1,2,0,2,2,0,0,1,0,0.64,0.0,0.64,0.64,0.64
ITA-Serie A,2425,Atalanta,Isak Hien,SWE,DF,25.0,1999.0,30,27,2327.0,25.9,0,0,0,0,0,0,10,0,0.0,0.0,0.0,0.0,0.0
ITA-Serie A,2425,Atalanta,Juan Cuadrado,COL,"MF,FW",36.0,1988.0,23,7,832.0,9.2,0,2,2,0,0,0,3,0,0.0,0.22,0.22,0.0,0.22
ITA-Serie A,2425,Atalanta,Juan Musso,ARG,GK,30.0,1994.0,1,1,90.0,1.0,0,0,0,0,0,0,0,0,0.0,0.0,0.0,0.0,0.0
ITA-Serie A,2425,Atalanta,Lazar Samardzic,SRB,MF,22.0,2002.0,31,7,1169.0,13.0,2,1,3,2,0,0,3,0,0.15,0.08,0.23,0.15,0.23
ITA-Serie A,2425,Atalanta,Marco Brescianini,ITA,MF,24.0,2000.0,29,9,991.0,11.0,4,2,6,4,0,0,1,0,0.36,0.18,0.54,0.36,0.54
ITA-Serie A,2425,Atalanta,Marco Carnesecchi,ITA,GK,24.0,2000.0,34,34,3060.0,34.0,0,0,0,0,0,0,1,0,0.0,0.0,0.0,0.0,0.0
ITA-Serie A,2425,Atalanta,Marco Palestra,ITA,MF,19.0,2005.0,9,2,222.0,2.5,0,0,0,0,0,0,0,0,0.0,0.0,0.0,0.0,0.0
ITA-Serie A,2425,Atalanta,Mario Pašalić,CRO,MF,29.0,1995.0,34,23,1967.0,21.9,3,4,7,3,0,1,1,0,0.14,0.18,0.32,0.14,0.32
ITA-Serie A,2425,Atalanta,Marten de Roon,NED,"MF,DF",33.0,1991.0,36,34,3058.0,34.0,4,4,8,4,0,0,5,0,0.12,0.12,0.24,0.12,0.24
ITA-Serie A,2425,Atalanta,Mateo Retegui,ITA,FW,25.0,1999.0,36,32,2383.0,26.5,25,8,33,21,4,5,3,0,0.94,0.3,1.25,0.79,1.1
ITA-Serie A,2425,Atalanta,Matteo Ruggeri,ITA,"MF,DF",22.0,2002.0,30,19,1751.0,19.5,0,3,3,0,0,0,2,0,0.0,0.15,0.15,0.0,0.15
ITA-Serie A,2425,Atalanta,Mitchel Bakker,NED,"DF,MF",24.0,2000.0,1,0,22.0,0.2,0,0,0,0,0,0,0,0,0.0,0.0,0.0,0.0,0.0
ITA-Serie A,2425,Atalanta,Nicolò Zaniolo,ITA,"FW,MF",25.0,1999.0,14,0,356.0,4.0,2,2,4,2,0,0,4,0,0.51,0.51,1.01,0.51,1.01
ITA-Serie A,2425,Atalanta,Odilon Kossounou,CIV,DF,23.0,2001.0,18,12,1125.0,12.5,0,0,0,0,0,0,1,0,0.0,0.0,0.0,0.0,0.0
ITA-Serie A,2425,Atalanta,Rafael Tolói,ITA,DF,33.0,1990.0,11,2,468.0,5.2,0,0,0,0,0,0,1,0,0.0,0.0,0.0,0.0,0.0
ITA-Serie A,2425,Atalanta,Raoul Bellanova,ITA,MF,24.0,2000.0,34,27,2402.0,26.7,0,9,9,0,0,0,3,0,0.0,0.34,0.34,0.0,0.34
ITA-Serie A,2425,Atalanta,Rui Patrício,POR,GK,36.0,1988.0,3,3,270.0,3.0,0,0,0,0,0,0,0,0,0.0,0.0,0.0,0.0,0.0
ITA-Serie A,2425,Atalanta,Sead Kolašinac,BIH,DF,31.0,1993.0,23,23,1903.0,21.1,0,2,2,0,0,0,7,0,0.0,0.09,0.09,0.0,0.09
ITA-Serie A,2425,Atalanta,Stefan Posch,AUT,DF,27.0,1997.0,5,4,387.0,4.3,0,0,0,0,0,0,0,0,0.0,0.0,0.0,0.0,0.0
ITA-Serie A,2425,Atalanta,Vanja Vlahović,SRB,MF,20.0,2004.0,3,0,60.0,0.7,0,0,0,0,0,0,0,0,0.0,0.0,0.0,0.0,0.0
ITA-Serie A,2425,Atalanta,Éderson Silva,BRA,MF,25.0,1999.0,37,32,2881.0,32.0,4,1,5,4,0,0,5,1,0.12,0.03,0.16,0.12,0.16
ITA-Serie A,2425,Bologna,Babis Lykogiannis,GRE,DF,30.0,1993.0,17,12,1048.0,11.6,0,4,4,0,0,0,3,0,0.0,0.34,0.34,0.0,0.34
ITA-Serie A,2425,Bologna,Benjamín Domínguez,ARG,MF,20.0,2003.0,24,16,1281.0,14.2,3,2,5,3,0,0,0,0,0.21,0.14,0.35,0.21,0.35
ITA-Serie A,2425,Bologna,Dan Ndoye,SUI,"MF,FW",23.0,2000.0,30,26,2143.0,23.8,8,4,12,6,2,2,4,0,0.34,0.17,0.5,0.25,0.42
ITA-Serie A,2425,Bologna,Davide Calabria,ITA,DF,27.0,1996.0,11,7,632.0,7.0,0,1,1,0,0,0,3,0,0.0,0.14,0.14,0.0,0.14
ITA-Serie A,2425,Bologna,Emil Holm,SWE,DF,24.0,2000.0,21,12,1137.0,12.6,1,1,2,1,0,0,3,0,0.08,0.08,0.16,0.08,0.16
ITA-Serie A,2425,Bologna,Estanis,ESP,FW,20.0,2003.0,1,0,9.0,0.1,0,0,0,0,0,0,0,0,0.0,0.0,0.0,0.0,0.0
ITA-Serie A,2425,Bologna,Federico Ravaglia,ITA,GK,24.0,1999.0,12,11,1056.0,11.7,0,0,0,0,0,0,0,0,0.0,0.0,0.0,0.0,0.0
ITA-Serie A,2425,Bologna,Giovanni Fabbian,ITA,MF,21.0,2003.0,30,9,1023.0,11.4,3,1,4,3,0,0,2,0,0.26,0.09,0.35,0.26,0.35
ITA-Serie A,2425,Bologna,Jens Odgaard,DEN,MF,25.0,1999.0,29,24,1952.0,21.7,6,1,7,6,0,0,1,0,0.28,0.05,0.32,0.28,0.32
ITA-Serie A,2425,Bologna,Jesper Karlsson,SWE,"MF,FW",26.0,1998.0,7,3,298.0,3.3,1,0,1,1,0,0,1,0,0.3,0.0,0.3,0.3,0.3
ITA-Serie A,2425,Bologna,Jhon Lucumí,COL,DF,26.0,1998.0,32,29,2614.0,29.0,0,1,1,0,0,0,8,1,0.0,0.03,0.03,0.0,0.03
ITA-Serie A,2425,Bologna,Juan Miranda,ESP,DF,24.0,2000.0,31,25,2277.0,25.3,0,6,6,0,0,0,4,1,0.0,0.24,0.24,0.0,0.24
ITA-Serie A,2425,Bologna,Kacper Urbanski,POL,MF,19.0,2004.0,7,1,247.0,2.7,1,0,1,1,0,0,2,0,0.36,0.0,0.36,0.36,0.36
ITA-Serie A,2425,Bologna,Lewis Ferguson,SCO,MF,24.0,1999.0,16,10,983.0,10.9,1,1,2,0,1,1,0,0,0.09,0.09,0.18,0.0,0.09
ITA-Serie A,2425,Bologna,Lorenzo De Silvestri,ITA,DF,36.0,1988.0,18,13,1060.0,11.8,1,0,1,1,0,0,1,0,0.08,0.0,0.08,0.08,0.08
ITA-Serie A,2425,Bologna,Martin Erlić,CRO,DF,26.0,1998.0,8,5,334.0,3.7,0,0,0,0,0,0,0,0,0.0,0.0,0.0,0.0,0.0
ITA-Serie A,2425,Bologna,Michel Aebischer,SUI,MF,27.0,1997.0,14,9,724.0,8.0,0,0,0,0,0,0,2,0,0.0,0.0,0.0,0.0,0.0
ITA-Serie A,2425,Bologna,Nicolò Cambiaghi,ITA,"MF,FW",23.0,2000.0,18,4,620.0,6.9,1,3,4,1,0,0,0,0,0.15,0.44,0.58,0.15,0.58
ITA-Serie A,2425,Bologna,Nicolò Casale,ITA,DF,26.0,1998.0,15,9,900.0,10.0,0,1,1,0,0,0,1,0,0.0,0.1,0.1,0.0,0.1
ITA-Serie A,2425,Bologna,Nikola Moro,CRO,MF,26.0,1998.0,22,15,1208.0,13.4,0,2,2,0,0,0,1,0,0.0,0.15,0.15,0.0,0.15
ITA-Serie A,2425,Bologna,Oussama El Azzouzi,MAR,MF,23.0,2001.0,2,0,19.0,0.2,0,0,0,0,0,0,0,0,0.0,0.0,0.0,0.0,0.0
ITA-Serie A,2425,Bologna,Remo Freuler,SUI,MF,32.0,1992.0,37,37,3204.0,35.6,1,2,3,1,0,0,6,0,0.03,0.06,0.08,0.03,0.08
ITA-Serie A,2425,Bologna,Riccardo Orsolini,ITA,"MF,FW",27.0,1997.0,30,23,1878.0,20.9,15,4,19,12,3,3,2,0,0.72,0.19,0.91,0.58,0.77
ITA-Serie A,2425,Bologna,Sam Beukema,NED,DF,25.0,1998.0,35,33,3012.0,33.5,0,1,1,0,0,0,1,0,0.0,0.03,0.03,0.0,0.03
ITA-Serie A,2425,Bologna,Samuel Iling-Junior,ENG,MF,20.0,2003.0,7,0,118.0,1.3,1,0,1,1,0,0,0,0,0.76,0.0,0.76,0.76,0.76
ITA-Serie A,2425,Bologna,Santiago Castro,ARG,FW,19.0,2004.0,36,27,2294.0,25.5,8,4,12,8,0,1,7,0,0.31,0.16,0.47,0.31,0.47
ITA-Serie A,2425,Bologna,Stefan Posch,AUT,DF,27.0,1997.0,14,7,714.0,7.9,0,0,0,0,0,0,1,0,0.0,0.0,0.0,0.0,0.0
ITA-Serie A,2425,Bologna,Thijs Dallinga,NED,FW,23.0,2000.0,31,11,1154.0,12.8,3,2,5,3,0,0,1,0,0.23,0.16,0.39,0.23,0.39
ITA-Serie A,2425,Bologna,Tommaso Pobega,ITA,MF,25.0,1999.0,21,13,1178.0,13.1,2,2,4,2,0,0,6,2,0.15,0.15,0.31,0.15,0.31
ITA-Serie A,2425,Bologna,Łukasz Skorupski,POL,GK,33.0,1991.0,27,27,2364.0,26.3,0,0,0,0,0,0,1,0,0.0,0.0,0.0,0.0,0.0
ITA-Serie A,2425,Cagliari,Adam Obert,SVK,"DF,MF",21.0,2002.0,21,13,1077.0,12.0,1,1,2,1,0,0,4,0,0.08,0.08,0.17,0.08,0.17
ITA-Serie A,2425,Cagliari,Alen Sherri,ALB,GK,26.0,1997.0,7,7,621.0,6.9,0,0,0,0,0,0,0,0,0.0,0.0,0.0,0.0,0.0
ITA-Serie A,2425,Cagliari,Alessandro Deiola,ITA,MF,28.0,1995.0,29,16,1432.0,15.9,2,1,3,2,0,0,6,0,0.13,0.06,0.19,0.13,0.19
ITA-Serie A,2425,Cagliari,Antoine Makoumbou,CGO,MF,26.0,1998.0,33,27,2150.0,23.9,0,3,3,0,0,0,4,1,0.0,0.13,0.13,0.0,0.13
ITA-Serie A,2425,Cagliari,Elia Caprile,ITA,GK,22.0,2001.0,18,18,1620.0,18.0,0,0,0,0,0,0,0,0,0.0,0.0,0.0,0.0,0.0
ITA-Serie A,2425,Cagliari,Florinel Coman,ROU,"MF,FW",26.0,1998.0,9,2,263.0,2.9,1,0,1,1,0,0,2,0,0.34,0.0,0.34,0.34,0.34
ITA-Serie A,2425,Cagliari,Gabriele Zappa,ITA,DF,24.0,1999.0,37,35,3060.0,34.0,2,0,2,2,0,0,4,0,0.06,0.0,0.06,0.06,0.06
ITA-Serie A,2425,Cagliari,Gianluca Gaetano,ITA,"MF,FW",24.0,2000.0,28,8,1009.0,11.2,2,4,6,2,0,0,0,0,0.18,0.36,0.54,0.18,0.54
ITA-Serie A,2425,Cagliari,Gianluca Lapadula,PER,FW,34.0,1990.0,12,1,310.0,3.4,0,0,0,0,0,0,1,0,0.0,0.0,0.0,0.0,0.0
ITA-Serie A,2425,Cagliari,Giuseppe Ciocci,ITA,GK,22.0,2002.0,1,0,9.0,0.1,0,0,0,0,0,0,0,0,0.0,0.0,0.0,0.0,0.0
ITA-Serie A,2425,Cagliari,José Luis Palomino,ARG,DF,34.0,1990.0,18,10,1081.0,12.0,1,0,1,1,0,0,3,0,0.08,0.0,0.08,0.08,0.08
ITA-Serie A,2425,Cagliari,Kingstone Mutandwa,ZAM,FW,21.0,2003.0,6,0,127.0,1.4,0,0,0,0,0,0,0,0,0.0,0.0,0.0,0.0,0.0
ITA-Serie A,2425,Cagliari,Leonardo Pavoletti,ITA,FW,35.0,1988.0,26,1,445.0,4.9,2,0,2,2,0,0,5,0,0.4,0.0,0.4,0.4,0.4
ITA-Serie A,2425,Cagliari,Mateusz Wieteska,POL,DF,27.0,1997.0,5,1,184.0,2.0,0,0,0,0,0,0,1,0,0.0,0.0,0.0,0.0,0.0
ITA-Serie A,2425,Cagliari,Matteo Prati,ITA,MF,20.0,2003.0,12,8,570.0,6.3,0,0,0,0,0,0,1,0,0.0,0.0,0.0,0.0,0.0
ITA-Serie A,2425,Cagliari,Mattia Felici,ITA,MF,23.0,2001.0,20,9,925.0,10.3,0,3,3,0,0,0,1,0,0.0,0.29,0.29,0.0,0.29
ITA-Serie A,2425,Cagliari,Michel Ndary Adopo,FRA,MF,24.0,2000.0,35,27,2409.0,26.8,1,1,2,1,0,0,5,1,0.04,0.04,0.07,0.04,0.07
ITA-Serie A,2425,Cagliari,Nadir Zortea,ITA,MF,25.0,1999.0,35,33,2713.0,30.1,6,2,8,6,0,0,2,0,0.2,0.07,0.27,0.2,0.27
ITA-Serie A,2425,Cagliari,Nicola Pintus,ITA,DF,19.0,2005.0,1,0,4.0,0.0,0,0,0,0,0,0,0,0,0.0,0.0,0.0,0.0,0.0
ITA-Serie A,2425,Cagliari,Nicolas Viola,ITA,"MF,FW",34.0,1989.0,27,18,1267.0,14.1,3,1,4,3,0,0,2,0,0.21,0.07,0.28,0.21,0.28
ITA-Serie A,2425,Cagliari,Paulo Azzi,BRA,MF,30.0,1994.0,6,5,426.0,4.7,0,0,0,0,0,0,2,0,0.0,0.0,0.0,0.0,0.0
ITA-Serie A,2425,Cagliari,Roberto Piccoli,ITA,FW,23.0,2001.0,37,37,3127.0,34.7,10,1,11,9,1,1,6,0,0.29,0.03,0.32,0.26,0.29
ITA-Serie A,2425,Cagliari,Răzvan Marin,ROU,MF,28.0,1996.0,33,13,1406.0,15.6,3,2,5,1,2,2,4,0,0.19,0.13,0.32,0.06,0.19
ITA-Serie A,2425,Cagliari,Sebastiano Luperto,ITA,DF,27.0,1996.0,36,36,3240.0,36.0,1,3,4,1,0,0,4,0,0.03,0.08,0.11,0.03,0.11
ITA-Serie A,2425,Cagliari,Simone Scuffet,ITA,GK,28.0,1996.0,13,13,1170.0,13.0,0,0,0,0,0,0,0,0,0.0,0.0,0.0,0.0,0.0
ITA-Serie A,2425,Cagliari,Tommaso Augello,ITA,"MF,DF",29.0,1994.0,38,30,2713.0,30.1,0,7,7,0,0,0,3,0,0.0,0.23,0.23,0.0,0.23
ITA-Serie A,2425,Cagliari,Yerry Mina,COL,DF,29.0,1994.0,31,31,2569.0,28.5,1,0,1,1,0,0,6,1,0.04,0.0,0.04,0.04,0.04
ITA-Serie A,2425,Cagliari,Zito Luvumbo,ANG,"FW,MF",22.0,2002.0,26,19,1606.0,17.8,2,2,4,2,0,0,2,0,0.11,0.11,0.22,0.11,0.22
ITA-Serie A,2425,Como,Alberto Cerri,ITA,FW,28.0,1996.0,5,0,87.0,1.0,0,0,0,0,0,0,0,0,0.0,0.0,0.0,0.0,0.0
ITA-Serie A,2425,Como,Alberto Dossena,ITA,DF,25.0,1998.0,23,20,1825.0,20.3,0,2,2,0,0,0,1,1,0.0,0.1,0.1,0.0,0.1
ITA-Serie A,2425,Como,Alberto Moreno,ESP,DF,32.0,1992.0,24,21,1727.0,19.2,0,0,0,0,0,0,4,0,0.0,0.0,0.0,0.0,0.0
ITA-Serie A,2425,Como,Alessandro Gabrielloni,ITA,FW,30.0,1994.0,15,0,142.0,1.6,1,1,2,1,0,0,1,0,0.63,0.63,1.27,0.63,1.27
ITA-Serie A,2425,Como,Alessio Iovine,ITA,DF,33.0,1991.0,10,3,387.0,4.3,0,0,0,0,0,0,2,0,0.0,0.0,0.0,0.0,0.0
ITA-Serie A,2425,Como,Ali Jasim,IRQ,MF,20.0,2004.0,2,0,10.0,0.1,0,0,0,0,0,0,0,0,0.0,0.0,0.0,0.0,0.0
ITA-Serie A,2425,Como,Alieu Fadera,GAM,MF,22.0,2001.0,28,20,1644.0,18.3,1,3,4,1,0,0,2,1,0.05,0.16,0.22,0.05,0.22
ITA-Serie A,2425,Como,Anastasios Douvikas,GRE,FW,24.0,1999.0,13,6,580.0,6.4,2,2,4,2,0,0,1,0,0.31,0.31,0.62,0.31,0.62
ITA-Serie A,2425,Como,Andrea Belotti,ITA,FW,30.0,1993.0,18,7,593.0,6.6,2,0,2,2,0,0,1,0,0.3,0.0,0.3,0.3,0.3
ITA-Serie A,2425,Como,Assane Diao,SEN,"MF,FW",18.0,2005.0,15,14,1252.0,13.9,8,1,9,8,0,0,2,0,0.58,0.07,0.65,0.58,0.65
ITA-Serie A,2425,Como,Ben Lhassine Kone,CIV,MF,24.0,2000.0,4,0,51.0,0.6,0,0,0,0,0,0,1,0,0.0,0.0,0.0,0.0,0.0
ITA-Serie A,2425,Como,Daniele Baselli,ITA,MF,32.0,1992.0,2,1,22.0,0.2,0,0,0,0,0,0,0,0,0.0,0.0,0.0,0.0,0.0
ITA-Serie A,2425,Como,Dele Alli,ENG,"FW,MF",28.0,1996.0,1,0,9.0,0.1,0,0,0,0,0,0,0,1,0.0,0.0,0.0,0.0,0.0
ITA-Serie A,2425,Como,Edoardo Goldaniga,ITA,DF,30.0,1993.0,32,28,2532.0,28.1,1,0,1,1,0,0,12,1,0.04,0.0,0.04,0.04,0.04
ITA-Serie A,2425,Como,Emil Audero,IDN,GK,27.0,1997.0,8,8,720.0,8.0,0,0,0,0,0,0,0,0,0.0,0.0,0.0,0.0,0.0
ITA-Serie A,2425,Como,Federico Barba,ITA,DF,30.0,1993.0,7,5,431.0,4.8,0,0,0,0,0,0,0,0,0.0,0.0,0.0,0.0,0.0
ITA-Serie A,2425,Como,Fellipe Jack,BRA,DF,18.0,2006.0,7,1,171.0,1.9,0,0,0,0,0,0,2,0,0.0,0.0,0.0,0.0,0.0
ITA-Serie A,2425,Como,Gabriel Strefezza,BRA,"MF,FW",27.0,1997.0,37,32,2619.0,29.1,6,4,10,6,0,0,5,0,0.21,0.14,0.34,0.21,0.34
ITA-Serie A,2425,Como,Ignace Van Der Brempt,BEL,DF,22.0,2002.0,20,14,1257.0,14.0,0,1,1,0,0,0,3,0,0.0,0.07,0.07,0.0,0.07
ITA-Serie A,2425,Como,Ivan Smolčić,CRO,DF,23.0,2000.0,9,7,630.0,7.0,0,0,0,0,0,0,2,0,0.0,0.0,0.0,0.0,0.0
ITA-Serie A,2425,Como,Jean Butez,FRA,GK,29.0,1995.0,19,18,1666.0,18.5,0,0,0,0,0,0,0,0,0.0,0.0,0.0,0.0,0.0
ITA-Serie A,2425,Como,Jonathan Ikone,FRA,"MF,FW",26.0,1998.0,13,5,540.0,6.0,2,0,2,2,0,0,1,0,0.33,0.0,0.33,0.33,0.33
ITA-Serie A,2425,Como,Luca Mazzitelli,ITA,MF,28.0,1995.0,11,3,335.0,3.7,1,1,2,1,0,0,1,0,0.27,0.27,0.54,0.27,0.54
ITA-Serie A,2425,Como,Lucas Da Cunha,FRA,MF,23.0,2001.0,36,30,2613.0,29.0,3,2,5,3,0,0,4,0,0.1,0.07,0.17,0.1,0.17
ITA-Serie A,2425,Como,Marc-Oliver Kempf,GER,DF,29.0,1995.0,31,30,2615.0,29.1,0,0,0,0,0,0,6,1,0.0,0.0,0.0,0.0,0.0
ITA-Serie A,2425,Como,Marco Sala,ITA,DF,25.0,1999.0,8,3,261.0,2.9,0,0,0,0,0,0,3,0,0.0,0.0,0.0,0.0,0.0
ITA-Serie A,2425,Como,Matthias Braunöder,AUT,MF,22.0,2002.0,8,3,268.0,3.0,0,0,0,0,0,0,3,1,0.0,0.0,0.0,0.0,0.0
ITA-Serie A,2425,Como,Maxence Caqueret,FRA,MF,24.0,2000.0,18,15,1087.0,12.1,2,3,5,2,0,0,4,0,0.17,0.25,0.41,0.17,0.41
ITA-Serie A,2425,Como,Máximo Perrone,ARG,MF,21.0,2003.0,26,20,1857.0,20.6,0,3,3,0,0,0,6,0,0.0,0.15,0.15,0.0,0.15
ITA-Serie A,2425,Como,Mërgim Vojvoda,KVX,DF,29.0,1995.0,11,8,717.0,8.0,1,2,3,1,0,0,2,0,0.13,0.25,0.38,0.13,0.38
ITA-Serie A,2425,Como,Nicolás Paz,ARG,"MF,FW",19.0,2004.0,35,30,2687.0,29.9,6,8,14,6,0,1,6,0,0.2,0.27,0.47,0.2,0.47
ITA-Serie A,2425,Como,Oliver Abildgaard,DEN,"DF,MF",28.0,1996.0,1,0,7.0,0.1,0,0,0,0,0,0,0,0,0.0,0.0,0.0,0.0,0.0
ITA-Serie A,2425,Como,Patrick Cutrone,ITA,FW,26.0,1998.0,33,23,2047.0,22.7,7,4,11,7,0,1,1,0,0.31,0.18,0.48,0.31,0.48
ITA-Serie A,2425,Como,Pepe Reina,ESP,GK,41.0,1982.0,12,12,1034.0,11.5,0,0,0,0,0,0,0,1,0.0,0.0,0.0,0.0,0.0
ITA-Serie A,2425,Como,Sergi Roberto,ESP,MF,32.0,1992.0,13,8,696.0,7.7,0,1,1,0,0,0,4,0,0.0,0.13,0.13,0.0,0.13
ITA-Serie A,2425,Como,Simone Verdi,ITA,"FW,MF",32.0,1992.0,9,0,115.0,1.3,0,0,0,0,0,0,1,0,0.0,0.0,0.0,0.0,0.0
ITA-Serie A,2425,Como,Yannik Engelhardt,GER,"MF,DF",23.0,2001.0,26,11,1164.0,12.9,1,1,2,1,0,0,4,0,0.08,0.08,0.15,0.08,0.15
ITA-Serie A,2425,Como,Álex Valle,ESP,DF,20.0,2004.0,15,12,1030.0,11.4,0,0,0,0,0,0,2,0,0.0,0.0,0.0,0.0,0.0
ITA-Serie A,2425,Empoli,Alberto Grassi,ITA,MF,29.0,1995.0,28,27,2203.0,24.5,1,0,1,1,0,0,8,0,0.04,0.0,0.04,0.04,0.04
ITA-Serie A,2425,Empoli,Ardian Ismajli,ALB,DF,27.0,1996.0,29,29,2508.0,27.9,0,0,0,0,0,0,3,0,0.0,0.0,0.0,0.0,0.0
ITA-Serie A,2425,Empoli,Christian Kouamé,CIV,"FW,MF",26.0,1997.0,8,5,507.0,5.6,1,0,1,1,0,0,0,0,0.18,0.0,0.18,0.18,0.18
ITA-Serie A,2425,Empoli,Devis Vásquez,COL,GK,26.0,1998.0,32,32,2880.0,32.0,0,0,0,0,0,0,2,0,0.0,0.0,0.0,0.0,0.0
ITA-Serie A,2425,Empoli,Emmanuel Ekong,SWE,FW,22.0,2002.0,15,0,186.0,2.1,0,0,0,0,0,0,1,0,0.0,0.0,0.0,0.0,0.0
ITA-Serie A,2425,Empoli,Emmanuel Gyasi,GHA,MF,30.0,1994.0,37,37,3217.0,35.7,2,1,3,2,0,0,5,0,0.06,0.03,0.08,0.06,0.08
ITA-Serie A,2425,Empoli,Faustino Anjorin,ENG,MF,22.0,2001.0,22,14,1114.0,12.4,2,3,5,2,0,0,3,0,0.16,0.24,0.4,0.16,0.4
ITA-Serie A,2425,Empoli,Francesco Caputo,ITA,FW,36.0,1987.0,1,0,6.0,0.1,0,0,0,0,0,0,0,0,0.0,0.0,0.0,0.0,0.0
ITA-Serie A,2425,Empoli,Giuseppe Pezzella,ITA,MF,26.0,1997.0,35,34,2878.0,32.0,0,3,3,0,0,0,7,0,0.0,0.09,0.09,0.0,0.09
ITA-Serie A,2425,Empoli,Ismael Konate,ITA,FW,18.0,2006.0,12,0,116.0,1.3,0,1,1,0,0,0,0,0,0.0,0.78,0.78,0.0,0.78
ITA-Serie A,2425,Empoli,Jacopo Bacci,ITA,MF,19.0,2005.0,3,0,31.0,0.3,0,0,0,0,0,0,0,0,0.0,0.0,0.0,0.0,0.0
ITA-Serie A,2425,Empoli,Jacopo Fazzini,ITA,MF,21.0,2003.0,20,16,1383.0,15.4,4,1,5,4,0,0,1,1,0.26,0.07,0.33,0.26,0.33
ITA-Serie A,2425,Empoli,Jacopo Seghetti,ITA,GK,19.0,2005.0,1,1,90.0,1.0,0,0,0,0,0,0,0,0,0.0,0.0,0.0,0.0,0.0
ITA-Serie A,2425,Empoli,Junior Sambia,CTA,MF,27.0,1996.0,17,2,387.0,4.3,0,0,0,0,0,0,0,0,0.0,0.0,0.0,0.0,0.0
ITA-Serie A,2425,Empoli,Liam Henderson,SCO,MF,28.0,1996.0,36,27,2337.0,26.0,0,4,4,0,0,0,10,0,0.0,0.15,0.15,0.0,0.15
ITA-Serie A,2425,Empoli,Liberato Cacace,NZL,"MF,DF",23.0,2000.0,33,24,2230.0,24.8,2,4,6,2,0,0,6,0,0.08,0.16,0.24,0.08,0.24
ITA-Serie A,2425,Empoli,Lorenzo Colombo,ITA,"FW,MF",22.0,2002.0,37,26,2233.0,24.8,6,2,8,5,1,1,5,1,0.24,0.08,0.32,0.2,0.28
ITA-Serie A,2425,Empoli,Lorenzo Tosto,ITA,DF,18.0,2006.0,1,0,1.0,0.0,0,0,0,0,0,0,0,0,0.0,0.0,0.0,0.0,0.0
ITA-Serie A,2425,Empoli,Luca Marianucci,ITA,DF,20.0,2004.0,18,12,1069.0,11.9,0,0,0,0,0,0,0,1,0.0,0.0,0.0,0.0,0.0
ITA-Serie A,2425,Empoli,Marco Silvestri,ITA,GK,33.0,1991.0,5,5,450.0,5.0,0,0,0,0,0,0,0,0,0.0,0.0,0.0,0.0,0.0
ITA-Serie A,2425,Empoli,Mattia De Sciglio,ITA,DF,31.0,1992.0,16,7,769.0,8.5,1,0,1,1,0,0,0,0,0.12,0.0,0.12,0.12,0.12
ITA-Serie A,2425,Empoli,Mattia Viti,ITA,DF,22.0,2002.0,30,30,2572.0,28.6,1,0,1,1,0,0,3,0,0.03,0.0,0.03,0.03,0.03
ITA-Serie A,2425,Empoli,Nicolas Haas,SUI,MF,28.0,1996.0,10,2,287.0,3.2,0,0,0,0,0,0,1,0,0.0,0.0,0.0,0.0,0.0
ITA-Serie A,2425,Empoli,Ola Solbakken,NOR,"MF,FW",25.0,1998.0,21,8,760.0,8.4,0,0,0,0,0,0,2,0,0.0,0.0,0.0,0.0,0.0
ITA-Serie A,2425,Empoli,Petar Stojanović,SVN,"DF,MF",28.0,1995.0,1,0,3.0,0.0,0,0,0,0,0,0,0,0,0.0,0.0,0.0,0.0,0.0
ITA-Serie A,2425,Empoli,Pietro Pellegri,ITA,FW,23.0,2001.0,11,5,414.0,4.6,3,0,3,3,0,0,2,0,0.65,0.0,0.65,0.65,0.65
ITA-Serie A,2425,Empoli,Saba Goglichidze,GEO,DF,20.0,2004.0,33,29,2539.0,28.2,0,1,1,0,0,0,3,1,0.0,0.04,0.04,0.0,0.04
ITA-Serie A,2425,Empoli,Sebastian Walukiewicz,POL,DF,24.0,2000.0,2,2,180.0,2.0,0,0,0,0,0,0,0,0,0.0,0.0,0.0,0.0,0.0
ITA-Serie A,2425,Empoli,Sebastiano Esposito,ITA,"FW,MF",22.0,2002.0,33,27,2331.0,25.9,8,0,8,7,1,2,1,0,0.31,0.0,0.31,0.27,0.27
ITA-Serie A,2425,Empoli,Szymon Żurkowski,POL,MF,26.0,1997.0,5,0,106.0,1.2,0,0,0,0,0,0,0,0,0.0,0.0,0.0,0.0,0.0
ITA-Serie A,2425,Empoli,Thomas Campaniello,ITA,FW,16.0,2008.0,3,0,25.0,0.3,0,0,0,0,0,0,0,0,0.0,0.0,0.0,0.0,0.0
ITA-Serie A,2425,Empoli,Tyronne Ebuehi,NGA,DF,28.0,1995.0,4,0,74.0,0.8,0,0,0,0,0,0,0,0,0.0,0.0,0.0,0.0,0.0
ITA-Serie A,2425,Empoli,Viktor Kovalenko,UKR,MF,28.0,1996.0,6,0,77.0,0.9,0,0,0,0,0,0,0,0,0.0,0.0,0.0,0.0,0.0
ITA-Serie A,2425,Empoli,Youssef Maleh,MAR,MF,25.0,1998.0,22,17,1510.0,16.8,0,1,1,0,0,0,5,1,0.0,0.06,0.06,0.0,0.06
ITA-Serie A,2425,Fiorentina,Albert Guðmundsson,ISL,"FW,MF",27.0,1997.0,24,16,1273.0,14.1,6,1,7,4,2,2,2,0,0.42,0.07,0.49,0.28,0.35
ITA-Serie A,2425,Fiorentina,Alessandro Bianco,ITA,MF,21.0,2002.0,1,0,18.0,0.2,0,0,0,0,0,0,0,0,0.0,0.0,0.0,0.0,0.0
ITA-Serie A,2425,Fiorentina,Amir Richardson,MAR,MF,22.0,2002.0,27,10,1099.0,12.2,1,1,2,1,0,0,6,0,0.08,0.08,0.16,0.08,0.16
ITA-Serie A,2425,Fiorentina,Andrea Colpani,ITA,MF,25.0,1999.0,25,18,1450.0,16.1,2,1,3,2,0,0,1,0,0.12,0.06,0.19,0.12,0.19
ITA-Serie A,2425,Fiorentina,Antonín Barák,CZE,MF,29.0,1994.0,1,1,54.0,0.6,0,0,0,0,0,0,0,0,0.0,0.0,0.0,0.0,0.0
ITA-Serie A,2425,Fiorentina,Cher Ndour,ITA,MF,20.0,2004.0,9,4,406.0,4.5,0,0,0,0,0,0,1,0,0.0,0.0,0.0,0.0,0.0
ITA-Serie A,2425,Fiorentina,Christian Kouamé,CIV,"MF,FW",26.0,1997.0,18,5,622.0,6.9,0,1,1,0,0,0,1,0,0.0,0.14,0.14,0.0,0.14
ITA-Serie A,2425,Fiorentina,Cristiano Biraghi,ITA,"DF,MF",31.0,1992.0,8,5,433.0,4.8,1,0,1,1,0,0,1,0,0.21,0.0,0.21,0.21,0.21
ITA-Serie A,2425,Fiorentina,Danilo Cataldi,ITA,MF,29.0,1994.0,25,23,1728.0,19.2,3,0,3,3,0,0,1,0,0.16,0.0,0.16,0.16,0.16
ITA-Serie A,2425,Fiorentina,David de Gea,ESP,GK,33.0,1990.0,35,35,3150.0,35.0,0,1,1,0,0,0,1,0,0.0,0.03,0.03,0.0,0.03
ITA-Serie A,2425,Fiorentina,Dodô,BRA,"DF,MF",25.0,1998.0,35,35,3115.0,34.6,0,5,5,0,0,0,8,0,0.0,0.14,0.14,0.0,0.14
ITA-Serie A,2425,Fiorentina,Edoardo Bove,ITA,MF,22.0,2002.0,12,11,851.0,9.5,1,2,3,1,0,0,3,0,0.11,0.21,0.32,0.11,0.32
ITA-Serie A,2425,Fiorentina,Fabiano Parisi,ITA,"MF,DF",23.0,2000.0,26,11,1124.0,12.5,2,0,2,2,0,0,3,0,0.16,0.0,0.16,0.16,0.16
ITA-Serie A,2425,Fiorentina,Jonathan Ikone,FRA,MF,26.0,1998.0,14,1,334.0,3.7,0,0,0,0,0,0,0,0,0.0,0.0,0.0,0.0,0.0
ITA-Serie A,2425,Fiorentina,Luca Ranieri,ITA,DF,25.0,1999.0,36,35,3071.0,34.1,1,3,4,1,0,0,7,0,0.03,0.09,0.12,0.03,0.12
ITA-Serie A,2425,Fiorentina,Lucas Beltrán,ARG,"MF,FW",23.0,2001.0,33,21,1953.0,21.7,5,4,9,3,2,3,6,0,0.23,0.18,0.41,0.14,0.32
ITA-Serie A,2425,Fiorentina,Lucas Martínez Quarta,ARG,DF,28.0,1996.0,8,4,351.0,3.9,1,0,1,1,0,0,1,0,0.26,0.0,0.26,0.26,0.26
ITA-Serie A,2425,Fiorentina,Maat Daniel Caprini,ITA,FW,18.0,2006.0,2,0,8.0,0.1,0,0,0,0,0,0,0,0,0.0,0.0,0.0,0.0,0.0
ITA-Serie A,2425,Fiorentina,Marin Pongračić,CRO,DF,26.0,1997.0,20,14,1367.0,15.2,0,0,0,0,0,0,3,1,0.0,0.0,0.0,0.0,0.0
ITA-Serie A,2425,Fiorentina,Matias Moreno,ARG,DF,20.0,2003.0,4,2,144.0,1.6,0,0,0,0,0,0,0,0,0.0,0.0,0.0,0.0,0.0
ITA-Serie A,2425,Fiorentina,Michael Folorunsho,ITA,MF,26.0,1998.0,14,6,650.0,7.2,0,0,0,0,0,0,5,0,0.0,0.0,0.0,0.0,0.0
ITA-Serie A,2425,Fiorentina,Michael Kayode,ITA,DF,20.0,2004.0,5,1,127.0,1.4,0,0,0,0,0,0,0,0,0.0,0.0,0.0,0.0,0.0
ITA-Serie A,2425,Fiorentina,Moise Kean,ITA,FW,24.0,2000.0,32,31,2704.0,30.0,19,3,22,18,1,2,6,0,0.63,0.1,0.73,0.6,0.7
ITA-Serie A,2425,Fiorentina,Nicolò Fagioli,ITA,MF,23.0,2001.0,15,10,962.0,10.7,1,2,3,1,0,0,0,0,0.09,0.19,0.28,0.09,0.28
ITA-Serie A,2425,Fiorentina,Nicolò Zaniolo,ITA,"FW,MF",25.0,1999.0,9,4,343.0,3.8,0,0,0,0,0,0,2,1,0.0,0.0,0.0,0.0,0.0
ITA-Serie A,2425,Fiorentina,Pablo Marí,ESP,DF,30.0,1993.0,13,12,1098.0,12.2,0,0,0,0,0,0,2,0,0.0,0.0,0.0,0.0,0.0
ITA-Serie A,2425,Fiorentina,Pietro Comuzzo,ITA,DF,19.0,2005.0,33,24,2200.0,24.4,1,0,1,1,0,0,5,0,0.04,0.0,0.04,0.04,0.04
ITA-Serie A,2425,Fiorentina,Pietro Terracciano,ITA,GK,34.0,1990.0,3,3,270.0,3.0,0,0,0,0,0,0,0,0,0.0,0.0,0.0,0.0,0.0
ITA-Serie A,2425,Fiorentina,Riccardo Sottil,ITA,MF,25.0,1999.0,18,8,833.0,9.3,1,1,2,1,0,0,1,0,0.11,0.11,0.22,0.11,0.22
ITA-Serie A,2425,Fiorentina,Robin Gosens,GER,"DF,MF",30.0,1994.0,32,29,2521.0,28.0,5,5,10,5,0,0,6,0,0.18,0.18,0.36,0.18,0.36
ITA-Serie A,2425,Fiorentina,Rolando Mandragora,ITA,MF,27.0,1997.0,29,22,1931.0,21.5,4,3,7,3,1,1,7,0,0.19,0.14,0.33,0.14,0.28
ITA-Serie A,2425,Fiorentina,Sofyan Amrabat,MAR,MF,27.0,1996.0,2,2,180.0,2.0,0,0,0,0,0,0,0,0,0.0,0.0,0.0,0.0,0.0
ITA-Serie A,2425,Fiorentina,Tommaso Rubino,ITA,FW,17.0,2006.0,1,0,8.0,0.1,0,0,0,0,0,0,0,0,0.0,0.0,0.0,0.0,0.0
ITA-Serie A,2425,Fiorentina,Yacine Adli,FRA,MF,24.0,2000.0,26,15,1234.0,13.7,4,6,10,4,0,0,3,1,0.29,0.44,0.73,0.29,0.73
ITA-Serie A,2425,Genoa,Aarón Martín,ESP,"DF,MF",27.0,1997.0,36,35,3085.0,34.3,0,8,8,0,0,0,5,0,0.0,0.23,0.23,0.0,0.23
ITA-Serie A,2425,Genoa,Alan Matturro,URU,DF,19.0,2004.0,13,9,900.0,10.0,0,0,0,0,0,0,2,0,0.0,0.0,0.0,0.0,0.0
ITA-Serie A,2425,Genoa,Alessandro Marcandalli,ITA,DF,21.0,2002.0,2,1,46.0,0.5,0,0,0,0,0,0,0,0,0.0,0.0,0.0,0.0,0.0
ITA-Serie A,2425,Genoa,Alessandro Vogliacco,ITA,DF,25.0,1998.0,12,8,715.0,7.9,2,0,2,2,0,0,3,0,0.25,0.0,0.25,0.25,0.25
ITA-Serie A,2425,Genoa,Alessandro Zanoli,ITA,MF,23.0,2000.0,31,19,1711.0,19.0,1,0,1,1,0,0,3,0,0.05,0.0,0.05,0.05,0.05
ITA-Serie A,2425,Genoa,Andrea Pinamonti,ITA,FW,25.0,1999.0,36,33,2850.0,31.7,10,1,11,10,0,1,4,0,0.32,0.03,0.35,0.32,0.35
ITA-Serie A,2425,Genoa,Benjamin Siegrist,SUI,GK,32.0,1992.0,2,2,152.0,1.7,0,0,0,0,0,0,0,0,0.0,0.0,0.0,0.0,0.0
ITA-Serie A,2425,Genoa,Brooke Norton-Cuffy,ENG,"MF,DF",20.0,2004.0,14,8,719.0,8.0,0,0,0,0,0,0,0,0,0.0,0.0,0.0,0.0,0.0
ITA-Serie A,2425,Genoa,Caleb Ekuban,GHA,FW,30.0,1994.0,18,3,555.0,6.2,1,3,4,1,0,0,1,0,0.16,0.49,0.65,0.16,0.65
ITA-Serie A,2425,Genoa,Daniele Sommariva,ITA,GK,27.0,1997.0,1,0,28.0,0.3,0,0,0,0,0,0,0,0,0.0,0.0,0.0,0.0,0.0
ITA-Serie A,2425,Genoa,David Akpan Ankeye,NGA,FW,22.0,2002.0,4,0,45.0,0.5,0,0,0,0,0,0,0,0,0.0,0.0,0.0,0.0,0.0
ITA-Serie A,2425,Genoa,Emil Bohinen,NOR,MF,25.0,1999.0,3,1,166.0,1.8,0,0,0,0,0,0,0,0,0.0,0.0,0.0,0.0,0.0
ITA-Serie A,2425,Genoa,Fabio Miretti,ITA,MF,20.0,2003.0,25,22,1677.0,18.6,3,3,6,3,0,0,2,0,0.16,0.16,0.32,0.16,0.32
ITA-Serie A,2425,Genoa,Federico Accornero,ITA,MF,20.0,2004.0,1,0,5.0,0.1,0,0,0,0,0,0,0,0,0.0,0.0,0.0,0.0,0.0
ITA-Serie A,2425,Genoa,Filippo Melegoni,ITA,MF,25.0,1999.0,3,1,89.0,1.0,0,1,1,0,0,0,0,0,0.0,1.01,1.01,0.0,1.01
ITA-Serie A,2425,Genoa,Gastón Pereiro,URU,"FW,MF",29.0,1995.0,2,0,31.0,0.3,0,0,0,0,0,0,0,0,0.0,0.0,0.0,0.0,0.0
ITA-Serie A,2425,Genoa,Honest Ahanor,ITA,"MF,DF",16.0,2008.0,6,3,270.0,3.0,0,0,0,0,0,0,0,0,0.0,0.0,0.0,0.0,0.0
ITA-Serie A,2425,Genoa,Jean Onana,CMR,MF,24.0,2000.0,9,2,304.0,3.4,0,0,0,0,0,0,1,0,0.0,0.0,0.0,0.0,0.0
ITA-Serie A,2425,Genoa,Jeff Ekhator,ITA,"FW,MF",17.0,2006.0,24,6,769.0,8.5,1,1,2,1,0,0,1,0,0.12,0.12,0.23,0.12,0.23
ITA-Serie A,2425,Genoa,Johan Vásquez,MEX,DF,25.0,1998.0,36,34,3041.0,33.8,3,0,3,3,0,0,9,0,0.09,0.0,0.09,0.09,0.09
ITA-Serie A,2425,Genoa,Junior Messias,BRA,"MF,FW",33.0,1991.0,17,8,847.0,9.4,1,1,2,1,0,1,1,0,0.11,0.11,0.21,0.11,0.21
ITA-Serie A,2425,Genoa,Koni De Winter,BEL,DF,22.0,2002.0,25,23,2135.0,23.7,3,0,3,3,0,0,6,0,0.13,0.0,0.13,0.13,0.13
ITA-Serie A,2425,Genoa,Lior Kasa,ISR,MF,18.0,2005.0,8,2,230.0,2.6,0,0,0,0,0,0,2,0,0.0,0.0,0.0,0.0,0.0
ITA-Serie A,2425,Genoa,Lorenzo Venturino,ITA,MF,18.0,2006.0,6,1,167.0,1.9,2,0,2,2,0,0,0,0,1.08,0.0,1.08,1.08,1.08
ITA-Serie A,2425,Genoa,Mario Balotelli,ITA,FW,33.0,1990.0,6,0,62.0,0.7,0,0,0,0,0,0,2,0,0.0,0.0,0.0,0.0,0.0
ITA-Serie A,2425,Genoa,Mattia Bani,ITA,DF,30.0,1993.0,20,19,1507.0,16.7,0,0,0,0,0,0,3,0,0.0,0.0,0.0,0.0,0.0
ITA-Serie A,2425,Genoa,Maxwel Cornet,CIV,MF,27.0,1996.0,7,2,246.0,2.7,2,1,3,2,0,0,0,0,0.73,0.37,1.1,0.73,1.1
ITA-Serie A,2425,Genoa,Milan Badelj,CRO,MF,35.0,1989.0,23,21,1472.0,16.4,1,0,1,1,0,0,2,0,0.06,0.0,0.06,0.06,0.06
ITA-Serie A,2425,Genoa,Morten Frendrup,DEN,MF,23.0,2001.0,35,35,3103.0,34.5,2,0,2,2,0,0,5,0,0.06,0.0,0.06,0.06,0.06
ITA-Serie A,2425,Genoa,Morten Thorsby,NOR,MF,28.0,1996.0,30,22,1898.0,21.1,0,1,1,0,0,0,6,0,0.0,0.05,0.05,0.0,0.05
ITA-Serie A,2425,Genoa,Nicola Leali,ITA,GK,31.0,1993.0,29,29,2610.0,29.0,0,0,0,0,0,0,1,0,0.0,0.0,0.0,0.0,0.0
ITA-Serie A,2425,Genoa,Patrizio Masini,ITA,MF,23.0,2001.0,26,16,1538.0,17.1,1,0,1,1,0,0,3,0,0.06,0.0,0.06,0.06,0.06
ITA-Serie A,2425,Genoa,Pierluigi Gollini,ITA,GK,29.0,1995.0,7,7,630.0,7.0,0,0,0,0,0,0,1,0,0.0,0.0,0.0,0.0,0.0
ITA-Serie A,2425,Genoa,Ruslan Malinovskyi,UKR,MF,31.0,1993.0,9,4,383.0,4.3,0,2,2,0,0,0,2,0,0.0,0.47,0.47,0.0,0.47
ITA-Serie A,2425,Genoa,Sebastian Otoa,DEN,DF,20.0,2004.0,3,3,179.0,2.0,0,0,0,0,0,0,1,1,0.0,0.0,0.0,0.0,0.0
ITA-Serie A,2425,Genoa,Stefano Sabelli,ITA,"DF,MF",31.0,1993.0,34,23,2058.0,22.9,0,2,2,0,0,0,3,0,0.0,0.09,0.09,0.0,0.09
ITA-Serie A,2425,Genoa,Vitinha,POR,"FW,MF",24.0,2000.0,25,16,1328.0,14.8,2,3,5,2,0,0,2,0,0.14,0.2,0.34,0.14,0.34
ITA-Serie A,2425,Hellas Verona,Abdou Harroui,NED,"MF,FW",26.0,1998.0,10,5,463.0,5.1,1,2,3,1,0,0,1,0,0.19,0.39,0.58,0.19,0.58
ITA-Serie A,2425,Hellas Verona,Alphadjo Cissè,ITA,MF,17.0,2006.0,2,0,9.0,0.1,0,0,0,0,0,0,0,0,0.0,0.0,0.0,0.0,0.0
ITA-Serie A,2425,Hellas Verona,Amin Sarr,SWE,FW,23.0,2001.0,32,25,1907.0,21.2,4,1,5,4,0,0,1,0,0.19,0.05,0.24,0.19,0.24
ITA-Serie A,2425,Hellas Verona,Antoine Bernede,FRA,MF,25.0,1999.0,14,7,594.0,6.6,1,0,1,1,0,0,2,0,0.15,0.0,0.15,0.15,0.15
ITA-Serie A,2425,Hellas Verona,Casper Tengstedt,DEN,FW,24.0,2000.0,25,20,1517.0,16.9,6,1,7,5,1,1,2,0,0.36,0.06,0.42,0.3,0.36
ITA-Serie A,2425,Hellas Verona,Cheikh Niasse,SEN,MF,24.0,2000.0,11,8,755.0,8.4,0,0,0,0,0,0,4,0,0.0,0.0,0.0,0.0,0.0
ITA-Serie A,2425,Hellas Verona,Dailon Livramento,CPV,"MF,FW",23.0,2001.0,29,8,940.0,10.4,1,1,2,1,0,0,2,1,0.1,0.1,0.19,0.1,0.19
ITA-Serie A,2425,Hellas Verona,Daniel Bandeira,POR,MF,24.0,2000.0,11,4,407.0,4.5,0,0,0,0,0,0,1,0,0.0,0.0,0.0,0.0,0.0
ITA-Serie A,2425,Hellas Verona,Daniel Mosquera,COL,FW,24.0,1999.0,35,12,1375.0,15.3,5,1,6,5,0,0,4,0,0.33,0.07,0.39,0.33,0.39
ITA-Serie A,2425,Hellas Verona,Daniel Oyegoke,ENG,"DF,MF",21.0,2003.0,5,0,103.0,1.1,0,0,0,0,0,0,1,0,0.0,0.0,0.0,0.0,0.0
ITA-Serie A,2425,Hellas Verona,Daniele Ghilardi,ITA,DF,21.0,2003.0,24,21,2029.0,22.5,0,0,0,0,0,0,7,1,0.0,0.0,0.0,0.0,0.0
ITA-Serie A,2425,Hellas Verona,Darko Lazović,SRB,MF,33.0,1990.0,27,17,1459.0,16.2,2,3,5,1,1,1,0,0,0.12,0.19,0.31,0.06,0.25
ITA-Serie A,2425,Hellas Verona,Davide Faraoni,ITA,"MF,DF",32.0,1991.0,8,3,260.0,2.9,0,0,0,0,0,0,1,0,0.0,0.0,0.0,0.0,0.0
ITA-Serie A,2425,Hellas Verona,Diego Coppola,ITA,DF,20.0,2003.0,34,33,2927.0,32.5,2,0,2,2,0,0,10,0,0.06,0.0,0.06,0.06,0.06
ITA-Serie A,2425,Hellas Verona,Domagoj Bradarić,CRO,"MF,DF",24.0,1999.0,28,24,1933.0,21.5,1,0,1,1,0,0,6,0,0.05,0.0,0.05,0.05,0.05
ITA-Serie A,2425,Hellas Verona,Faride Alidou,GER,FW,23.0,2001.0,3,0,71.0,0.8,0,0,0,0,0,0,0,0,0.0,0.0,0.0,0.0,0.0
ITA-Serie A,2425,Hellas Verona,Flavius Daniliuc,AUT,DF,23.0,2001.0,18,9,1004.0,11.2,0,0,0,0,0,0,0,0,0.0,0.0,0.0,0.0,0.0
ITA-Serie A,2425,Hellas Verona,Giangiacomo Magnani,ITA,DF,28.0,1995.0,17,11,1065.0,11.8,1,0,1,1,0,0,2,0,0.08,0.0,0.08,0.08,0.08
ITA-Serie A,2425,Hellas Verona,Grigoris Kastanos,CYP,"MF,FW",26.0,1998.0,27,8,872.0,9.7,1,1,2,1,0,0,4,0,0.1,0.1,0.21,0.1,0.21
ITA-Serie A,2425,Hellas Verona,Jackson Tchatchoua,CMR,"MF,DF",22.0,2001.0,36,36,3167.0,35.2,2,3,5,2,0,0,7,1,0.06,0.09,0.14,0.06,0.14
ITA-Serie A,2425,Hellas Verona,Junior Ajayi,CIV,FW,19.0,2004.0,2,0,13.0,0.1,0,0,0,0,0,0,0,0,0.0,0.0,0.0,0.0,0.0
ITA-Serie A,2425,Hellas Verona,Lorenzo Montipò,ITA,GK,28.0,1996.0,36,36,3240.0,36.0,0,0,0,0,0,0,0,0,0.0,0.0,0.0,0.0,0.0
ITA-Serie A,2425,Hellas Verona,Martin Frese,DEN,"DF,MF",26.0,1998.0,11,5,549.0,6.1,0,0,0,0,0,0,0,0,0.0,0.0,0.0,0.0,0.0
ITA-Serie A,2425,Hellas Verona,Mathis Lambourde,FRA,FW,18.0,2006.0,7,0,89.0,1.0,1,0,1,1,0,0,1,0,1.01,0.0,1.01,1.01,1.01
ITA-Serie A,2425,Hellas Verona,Nicolás Valentini,ARG,DF,23.0,2001.0,14,13,1129.0,12.5,0,0,0,0,0,0,5,1,0.0,0.0,0.0,0.0,0.0
ITA-Serie A,2425,Hellas Verona,Ondrej Duda,SVK,MF,29.0,1994.0,28,27,2395.0,26.6,1,3,4,1,0,0,12,1,0.04,0.11,0.15,0.04,0.15
ITA-Serie A,2425,Hellas Verona,Paweł Dawidowicz,POL,"DF,MF",29.0,1995.0,26,24,1845.0,20.5,0,0,0,0,0,0,7,1,0.0,0.0,0.0,0.0,0.0
ITA-Serie A,2425,Hellas Verona,Reda Belahyane,MAR,MF,20.0,2004.0,22,17,1658.0,18.4,0,2,2,0,0,0,6,1,0.0,0.11,0.11,0.0,0.11
ITA-Serie A,2425,Hellas Verona,Simone Perilli,ITA,GK,29.0,1995.0,2,2,180.0,2.0,0,0,0,0,0,0,0,0,0.0,0.0,0.0,0.0,0.0
ITA-Serie A,2425,Hellas Verona,Suat Serdar,GER,MF,27.0,1997.0,22,16,1376.0,15.3,2,1,3,2,0,0,4,1,0.13,0.07,0.2,0.13,0.2
ITA-Serie A,2425,Hellas Verona,Tomáš Suslov,SVK,"MF,FW",22.0,2002.0,31,27,2080.0,23.1,0,1,1,0,0,0,7,1,0.0,0.04,0.04,0.0,0.04
ITA-Serie A,2425,Hellas Verona,Yllan Okou,FRA,DF,21.0,2002.0,1,0,2.0,0.0,0,0,0,0,0,0,0,0,0.0,0.0,0.0,0.0,0.0
ITA-Serie A,2425,Inter,Alessandro Bastoni,ITA,DF,25.0,1999.0,33,31,2401.0,26.7,1,5,6,1,0,0,6,1,0.04,0.19,0.22,0.04,0.22
ITA-Serie A,2425,Inter,Benjamin Pavard,FRA,DF,28.0,1996.0,23,18,1584.0,17.6,0,1,1,0,0,0,4,0,0.0,0.06,0.06,0.0,0.06
ITA-Serie A,2425,Inter,Carlos Augusto,BRA,"DF,MF",25.0,1999.0,29,15,1691.0,18.8,3,2,5,3,0,0,1,0,0.16,0.11,0.27,0.16,0.27
ITA-Serie A,2425,Inter,Davide Frattesi,ITA,MF,24.0,1999.0,28,9,1225.0,13.6,5,1,6,5,0,0,1,0,0.37,0.07,0.44,0.37,0.44
ITA-Serie A,2425,Inter,Denzel Dumfries,NED,MF,28.0,1996.0,29,20,1955.0,21.7,7,2,9,7,0,0,4,0,0.32,0.09,0.41,0.32,0.41
ITA-Serie A,2425,Inter,Federico Dimarco,ITA,MF,26.0,1997.0,33,29,2177.0,24.2,4,7,11,4,0,0,3,0,0.17,0.29,0.45,0.17,0.45
ITA-Serie A,2425,Inter,Francesco Acerbi,ITA,DF,36.0,1988.0,23,20,1710.0,19.0,0,1,1,0,0,0,0,0,0.0,0.05,0.05,0.0,0.05
ITA-Serie A,2425,Inter,Hakan Çalhanoğlu,TUR,MF,30.0,1994.0,29,26,1947.0,21.6,5,6,11,2,3,4,5,0,0.23,0.28,0.51,0.09,0.37
ITA-Serie A,2425,Inter,Henrikh Mkhitaryan,ARM,MF,35.0,1989.0,32,30,2396.0,26.6,1,4,5,1,0,0,4,0,0.04,0.15,0.19,0.04,0.19
ITA-Serie A,2425,Inter,Joaquín Correa,ARG,"FW,MF",29.0,1994.0,19,6,731.0,8.1,2,2,4,2,0,0,3,0,0.25,0.25,0.49,0.25,0.49
ITA-Serie A,2425,Inter,Josep Martinez,ESP,GK,26.0,1998.0,5,5,450.0,5.0,0,0,0,0,0,0,0,0,0.0,0.0,0.0,0.0,0.0
ITA-Serie A,2425,Inter,Kristjan Asllani,ALB,MF,22.0,2002.0,22,10,988.0,11.0,2,2,4,0,2,2,4,0,0.18,0.18,0.36,0.0,0.18
ITA-Serie A,2425,Inter,Lautaro Martínez,ARG,FW,26.0,1997.0,31,31,2564.0,28.5,12,3,15,12,0,0,1,0,0.42,0.11,0.53,0.42,0.53
ITA-Serie A,2425,Inter,Luka Topalović,SVN,MF,18.0,2006.0,1,0,11.0,0.1,0,0,0,0,0,0,0,0,0.0,0.0,0.0,0.0,0.0
ITA-Serie A,2425,Inter,Marcus Thuram,FRA,FW,26.0,1997.0,32,27,2290.0,25.4,14,4,18,14,0,0,1,0,0.55,0.16,0.71,0.55,0.71
ITA-Serie A,2425,Inter,Marko Arnautović,AUT,FW,35.0,1989.0,18,5,549.0,6.1,4,2,6,4,0,0,1,0,0.66,0.33,0.98,0.66,0.98
ITA-Serie A,2425,Inter,Matteo Darmian,ITA,"MF,DF",34.0,1989.0,29,20,1781.0,19.8,3,2,5,3,0,0,3,0,0.15,0.1,0.25,0.15,0.25
ITA-Serie A,2425,Inter,Mehdi Taremi,IRN,FW,32.0,1992.0,26,7,816.0,9.1,1,2,3,0,1,1,1,0,0.11,0.22,0.33,0.0,0.22
ITA-Serie A,2425,Inter,Nicola Zalewski,POL,MF,22.0,2002.0,11,4,435.0,4.8,1,1,2,1,0,0,4,0,0.21,0.21,0.41,0.21,0.41
ITA-Serie A,2425,Inter,Nicolò Barella,ITA,MF,27.0,1997.0,33,29,2493.0,27.7,3,6,9,3,0,0,4,0,0.11,0.22,0.32,0.11,0.32
ITA-Serie A,2425,Inter,Piotr Zieliński,POL,MF,30.0,1994.0,26,8,980.0,10.9,2,2,4,0,2,2,0,0,0.18,0.18,0.37,0.0,0.18
ITA-Serie A,2425,Inter,Stefan de Vrij,NED,DF,32.0,1992.0,26,18,1726.0,19.2,3,0,3,3,0,0,2,0,0.16,0.0,0.16,0.16,0.16
ITA-Serie A,2425,Inter,Tajon Buchanan,CAN,"DF,MF",25.0,1999.0,6,0,95.0,1.1,0,0,0,0,0,0,0,0,0.0,0.0,0.0,0.0,0.0
ITA-Serie A,2425,Inter,Tomás Palacios,ARG,DF,21.0,2003.0,2,0,11.0,0.1,0,0,0,0,0,0,0,0,0.0,0.0,0.0,0.0,0.0
ITA-Serie A,2425,Inter,Yann Aurel Bisseck,GER,DF,23.0,2000.0,27,17,1643.0,18.3,3,2,5,3,0,0,4,0,0.16,0.11,0.27,0.16,0.27
ITA-Serie A,2425,Inter,Yann Sommer,SUI,GK,35.0,1988.0,33,33,2970.0,33.0,0,0,0,0,0,0,0,0,0.0,0.0,0.0,0.0,0.0
ITA-Serie A,2425,Juventus,Alberto costa,POR,"DF,MF",20.0,2003.0,9,3,357.0,4.0,0,1,1,0,0,0,3,0,0.0,0.25,0.25,0.0,0.25
ITA-Serie A,2425,Juventus,Andrea Cambiaso,ITA,"DF,MF",24.0,2000.0,33,25,2221.0,24.7,2,3,5,2,0,0,4,0,0.08,0.12,0.2,0.08,0.2
ITA-Serie A,2425,Juventus,Danilo,BRA,DF,33.0,1991.0,12,6,581.0,6.5,0,1,1,0,0,0,2,0,0.0,0.15,0.15,0.0,0.15
ITA-Serie A,2425,Juventus,Diego Pugno,ITA,DF,18.0,2006.0,1,0,7.0,0.1,0,0,0,0,0,0,0,0,0.0,0.0,0.0,0.0,0.0
ITA-Serie A,2425,Juventus,Douglas Luiz,BRA,MF,26.0,1998.0,19,3,529.0,5.9,0,0,0,0,0,0,2,0,0.0,0.0,0.0,0.0,0.0
ITA-Serie A,2425,Juventus,Dušan Vlahović,SRB,FW,24.0,2000.0,29,21,1784.0,19.8,10,4,14,6,4,4,3,0,0.5,0.2,0.71,0.3,0.5
ITA-Serie A,2425,Juventus,Federico Gatti,ITA,DF,26.0,1998.0,30,26,2195.0,24.4,1,0,1,1,0,0,2,0,0.04,0.0,0.04,0.04,0.04
ITA-Serie A,2425,Juventus,Francisco Conceição,POR,MF,21.0,2002.0,26,12,1340.0,14.9,3,3,6,3,0,0,5,1,0.2,0.2,0.4,0.2,0.4
ITA-Serie A,2425,Juventus,Gleison Bremer,BRA,DF,27.0,1997.0,6,6,540.0,6.0,0,0,0,0,0,0,2,0,0.0,0.0,0.0,0.0,0.0
ITA-Serie A,2425,Juventus,Jonas Rouhi,SWE,DF,20.0,2004.0,5,1,210.0,2.3,0,0,0,0,0,0,0,0,0.0,0.0,0.0,0.0,0.0
ITA-Serie A,2425,Juventus,Juan David Cabal,COL,DF,23.0,2001.0,7,6,460.0,5.1,0,0,0,0,0,0,0,0,0.0,0.0,0.0,0.0,0.0
ITA-Serie A,2425,Juventus,Kenan Yıldız,TUR,MF,19.0,2005.0,35,28,2402.0,26.7,7,4,11,7,0,0,2,1,0.26,0.15,0.41,0.26,0.41
ITA-Serie A,2425,Juventus,Khéphren Thuram,FRA,MF,23.0,2001.0,35,26,2326.0,25.8,4,5,9,4,0,0,5,0,0.15,0.19,0.35,0.15,0.35
ITA-Serie A,2425,Juventus,Lloyd Kelly,ENG,DF,25.0,1998.0,12,11,1013.0,11.3,0,0,0,0,0,0,1,0,0.0,0.0,0.0,0.0,0.0
ITA-Serie A,2425,Juventus,Lorenzo Anghelè,ITA,FW,19.0,2005.0,1,0,6.0,0.1,0,0,0,0,0,0,0,0,0.0,0.0,0.0,0.0,0.0
ITA-Serie A,2425,Juventus,Manuel Locatelli,ITA,MF,26.0,1998.0,36,34,2822.0,31.4,2,2,4,1,1,1,9,0,0.06,0.06,0.13,0.03,0.1
ITA-Serie A,2425,Juventus,Mattia Perin,ITA,GK,31.0,1992.0,5,5,450.0,5.0,0,0,0,0,0,0,0,0,0.0,0.0,0.0,0.0,0.0
ITA-Serie A,2425,Juventus,Michele Di Gregorio,ITA,GK,27.0,1997.0,33,33,2970.0,33.0,0,0,0,0,0,0,0,0,0.0,0.0,0.0,0.0,0.0
ITA-Serie A,2425,Juventus,Nicolás González,ARG,"MF,FW",26.0,1998.0,26,23,1750.0,19.4,3,2,5,3,0,0,3,0,0.15,0.1,0.26,0.15,0.26
ITA-Serie A,2425,Juventus,Nicolò Fagioli,ITA,MF,23.0,2001.0,17,5,571.0,6.3,0,0,0,0,0,0,4,0,0.0,0.0,0.0,0.0,0.0
ITA-Serie A,2425,Juventus,Nicolò Savona,ITA,DF,21.0,2003.0,28,19,1724.0,19.2,2,1,3,2,0,0,5,0,0.1,0.05,0.16,0.1,0.16
ITA-Serie A,2425,Juventus,Pierre Kalulu,FRA,DF,24.0,2000.0,29,25,2337.0,26.0,1,0,1,1,0,0,2,1,0.04,0.0,0.04,0.04,0.04
ITA-Serie A,2425,Juventus,Randal Kolo Muani,FRA,FW,25.0,1998.0,16,13,1160.0,12.9,8,1,9,7,1,1,0,0,0.62,0.08,0.7,0.54,0.62
ITA-Serie A,2425,Juventus,Renato Veiga,POR,DF,21.0,2003.0,13,12,1093.0,12.1,0,1,1,0,0,0,2,0,0.0,0.08,0.08,0.0,0.08
ITA-Serie A,2425,Juventus,Samuel Mbangula,BEL,MF,20.0,2004.0,23,7,709.0,7.9,3,3,6,3,0,0,1,0,0.38,0.38,0.76,0.38,0.76
ITA-Serie A,2425,Juventus,Teun Koopmeiners,NED,MF,26.0,1998.0,28,23,1994.0,22.2,3,3,6,3,0,0,3,0,0.14,0.14,0.27,0.14,0.27
ITA-Serie A,2425,Juventus,Timothy Weah,USA,"MF,DF",24.0,2000.0,30,18,1638.0,18.2,5,2,7,5,0,0,4,0,0.27,0.11,0.38,0.27,0.38
ITA-Serie A,2425,Juventus,Vasilije Adžić,MNE,MF,18.0,2006.0,6,0,42.0,0.5,0,0,0,0,0,0,0,0,0.0,0.0,0.0,0.0,0.0
ITA-Serie A,2425,Juventus,Weston McKennie,USA,"MF,DF",25.0,1998.0,32,27,2310.0,25.7,2,4,6,2,0,0,3,0,0.08,0.16,0.23,0.08,0.23
ITA-Serie A,2425,Lazio,Adam Marušić,MNE,DF,31.0,1992.0,35,26,2337.0,26.0,4,0,4,4,0,0,1,0,0.15,0.0,0.15,0.15,0.15
ITA-Serie A,2425,Lazio,Alessio Romagnoli,ITA,DF,29.0,1995.0,32,31,2672.0,29.7,2,0,2,2,0,0,4,2,0.07,0.0,0.07,0.07,0.07
ITA-Serie A,2425,Lazio,Arijon Ibrahimović,GER,MF,18.0,2005.0,1,0,8.0,0.1,0,0,0,0,0,0,0,0,0.0,0.0,0.0,0.0,0.0
ITA-Serie A,2425,Lazio,Boulaye Dia,SEN,"MF,FW",27.0,1996.0,35,27,2177.0,24.2,9,3,12,9,0,0,2,0,0.37,0.12,0.5,0.37,0.5
ITA-Serie A,2425,Lazio,Christos Mandas,GRE,GK,22.0,2001.0,9,9,810.0,9.0,0,0,0,0,0,0,0,0,0.0,0.0,0.0,0.0,0.0
ITA-Serie A,2425,Lazio,Elseid Hysaj,ALB,DF,30.0,1994.0,11,4,424.0,4.7,0,3,3,0,0,0,2,1,0.0,0.64,0.64,0.0,0.64
ITA-Serie A,2425,Lazio,Fisayo Dele-Bashiru,NGA,MF,23.0,2001.0,20,12,947.0,10.5,3,1,4,3,0,0,0,0,0.29,0.1,0.38,0.29,0.38
ITA-Serie A,2425,Lazio,Gaetano Castrovilli,ITA,MF,27.0,1997.0,9,1,148.0,1.6,0,0,0,0,0,0,0,0,0.0,0.0,0.0,0.0,0.0
ITA-Serie A,2425,Lazio,Gustav Isaksen,DEN,MF,23.0,2001.0,37,29,2210.0,24.6,4,2,6,4,0,0,5,0,0.16,0.08,0.24,0.16,0.24
ITA-Serie A,2425,Lazio,Ivan Provedel,ITA,GK,30.0,1994.0,29,29,2610.0,29.0,0,0,0,0,0,0,0,0,0.0,0.0,0.0,0.0,0.0
ITA-Serie A,2425,Lazio,Loum Tchaouna,FRA,"MF,FW",20.0,2003.0,24,6,660.0,7.3,1,0,1,1,0,0,4,1,0.14,0.0,0.14,0.14,0.14
ITA-Serie A,2425,Lazio,Luca Pellegrini,ITA,DF,25.0,1999.0,22,10,1067.0,11.9,0,4,4,0,0,0,5,0,0.0,0.34,0.34,0.0,0.34
ITA-Serie A,2425,Lazio,Manuel Lazzari,ITA,DF,30.0,1993.0,25,16,1406.0,15.6,0,1,1,0,0,0,3,0,0.0,0.06,0.06,0.0,0.06
ITA-Serie A,2425,Lazio,Mario Gila,ESP,DF,23.0,2000.0,32,31,2741.0,30.5,1,0,1,1,0,0,8,0,0.03,0.0,0.03,0.03,0.03
ITA-Serie A,2425,Lazio,Mattia Zaccagni,ITA,"MF,FW",29.0,1995.0,34,33,2686.0,29.8,8,6,14,6,2,2,10,0,0.27,0.2,0.47,0.2,0.4
ITA-Serie A,2425,Lazio,Mattéo Guendouzi,FRA,MF,25.0,1999.0,37,37,3270.0,36.3,1,3,4,1,0,0,7,0,0.03,0.08,0.11,0.03,0.11
ITA-Serie A,2425,Lazio,Matías Vecino,URU,MF,32.0,1991.0,20,7,877.0,9.7,2,3,5,2,0,0,7,0,0.21,0.31,0.51,0.21,0.51
ITA-Serie A,2425,Lazio,Nicolò Casale,ITA,DF,26.0,1998.0,2,2,135.0,1.5,0,0,0,0,0,0,0,0,0.0,0.0,0.0,0.0,0.0
ITA-Serie A,2425,Lazio,Nicolò Rovella,ITA,MF,22.0,2001.0,33,31,2718.0,30.2,0,3,3,0,0,0,13,0,0.0,0.1,0.1,0.0,0.1
ITA-Serie A,2425,Lazio,Nuno Tavares,POR,DF,24.0,2000.0,23,22,1686.0,18.7,0,8,8,0,0,0,4,1,0.0,0.43,0.43,0.0,0.43
ITA-Serie A,2425,Lazio,Oliver Nielsen,DEN,DF,21.0,2003.0,2,0,35.0,0.4,0,0,0,0,0,0,1,0,0.0,0.0,0.0,0.0,0.0
ITA-Serie A,2425,Lazio,Patric,ESP,DF,31.0,1993.0,10,5,607.0,6.7,1,0,1,1,0,0,2,0,0.15,0.0,0.15,0.15,0.15
ITA-Serie A,2425,Lazio,Pedro,ESP,"MF,FW",37.0,1987.0,30,6,1102.0,12.2,10,1,11,8,2,2,2,0,0.82,0.08,0.9,0.65,0.74
ITA-Serie A,2425,Lazio,Reda Belahyane,MAR,MF,20.0,2004.0,6,1,198.0,2.2,0,0,0,0,0,0,0,1,0.0,0.0,0.0,0.0,0.0
ITA-Serie A,2425,Lazio,Samuel Gigot,FRA,DF,30.0,1993.0,15,7,683.0,7.6,2,0,2,2,0,0,2,0,0.26,0.0,0.26,0.26,0.26
ITA-Serie A,2425,Lazio,Tijjani Noslin,NED,"MF,FW",25.0,1999.0,30,8,861.0,9.6,2,2,4,2,0,0,2,0,0.21,0.21,0.42,0.21,0.42
ITA-Serie A,2425,Lazio,Valentín Castellanos,ARG,FW,25.0,1998.0,29,28,2384.0,26.5,10,3,13,8,2,3,9,1,0.38,0.11,0.49,0.3,0.42
ITA-Serie A,2425,Lecce,Andy Pelmard,MAD,DF,24.0,2000.0,3,1,129.0,1.4,0,0,0,0,0,0,1,0,0.0,0.0,0.0,0.0,0.0
ITA-Serie A,2425,Lecce,Ante Rebić,CRO,"FW,MF",30.0,1993.0,27,7,788.0,8.8,1,0,1,1,0,0,3,2,0.11,0.0,0.11,0.11,0.11
ITA-Serie A,2425,Lecce,Antonino Gallo,ITA,DF,24.0,2000.0,31,31,2609.0,29.0,0,2,2,0,0,0,3,1,0.0,0.07,0.07,0.0,0.07
ITA-Serie A,2425,Lecce,Balthazar Pierret,FRA,MF,24.0,2000.0,30,21,1723.0,19.1,0,0,0,0,0,0,2,0,0.0,0.0,0.0,0.0,0.0
ITA-Serie A,2425,Lecce,Danilo Veiga,POR,"MF,DF",21.0,2002.0,13,2,374.0,4.2,0,0,0,0,0,0,0,0,0.0,0.0,0.0,0.0,0.0
ITA-Serie A,2425,Lecce,Federico Baschirotto,ITA,DF,27.0,1996.0,38,38,3420.0,38.0,2,0,2,2,0,0,3,0,0.05,0.0,0.05,0.05,0.05
ITA-Serie A,2425,Lecce,Filip Marchwiński,POL,MF,22.0,2002.0,1,0,15.0,0.2,0,0,0,0,0,0,0,0,0.0,0.0,0.0,0.0,0.0
ITA-Serie A,2425,Lecce,Frederic Guilbert,FRA,DF,29.0,1994.0,31,31,2435.0,27.1,0,1,1,0,0,0,3,2,0.0,0.04,0.04,0.0,0.04
ITA-Serie A,2425,Lecce,Gaby Jean,FRA,DF,24.0,2000.0,19,16,1388.0,15.4,0,0,0,0,0,0,0,0,0.0,0.0,0.0,0.0,0.0
ITA-Serie A,2425,Lecce,Hamza Rafia,TUN,MF,25.0,1999.0,18,14,1058.0,11.8,0,0,0,0,0,0,4,0,0.0,0.0,0.0,0.0,0.0
ITA-Serie A,2425,Lecce,Jesper Karlsson,SWE,"MF,FW",26.0,1998.0,13,6,495.0,5.5,1,0,1,0,1,1,2,0,0.18,0.0,0.18,0.0,0.0
ITA-Serie A,2425,Lecce,Kevin Bonifazi,ITA,DF,28.0,1996.0,3,0,65.0,0.7,0,0,0,0,0,0,0,0,0.0,0.0,0.0,0.0,0.0
ITA-Serie A,2425,Lecce,Kialonda,ANG,DF,26.0,1997.0,24,24,2144.0,23.8,0,1,1,0,0,0,3,0,0.0,0.04,0.04,0.0,0.04
ITA-Serie A,2425,Lecce,Konan N'dri,NIG,MF,23.0,2000.0,11,2,306.0,3.4,0,0,0,0,0,0,0,0,0.0,0.0,0.0,0.0,0.0
ITA-Serie A,2425,Lecce,Lameck Banda,ZAM,"MF,FW",23.0,2001.0,15,6,610.0,6.8,0,1,1,0,0,0,1,0,0.0,0.15,0.15,0.0,0.15
ITA-Serie A,2425,Lecce,Lassana Coulibaly,MLI,MF,28.0,1996.0,38,30,2667.0,29.6,1,0,1,1,0,0,3,0,0.03,0.0,0.03,0.03,0.03
ITA-Serie A,2425,Lecce,Marco Sala,ITA,"DF,MF",25.0,1999.0,2,0,72.0,0.8,0,0,0,0,0,0,0,0,0.0,0.0,0.0,0.0,0.0
ITA-Serie A,2425,Lecce,Medon Berisha,ALB,MF,20.0,2003.0,17,7,716.0,8.0,0,1,1,0,0,0,5,0,0.0,0.13,0.13,0.0,0.13
ITA-Serie A,2425,Lecce,Mohamed Kaba,GUI,MF,22.0,2001.0,15,2,452.0,5.0,0,0,0,0,0,0,1,0,0.0,0.0,0.0,0.0,0.0
ITA-Serie A,2425,Lecce,Nicola Sansone,ITA,"FW,MF",32.0,1991.0,5,0,65.0,0.7,0,0,0,0,0,0,1,0,0.0,0.0,0.0,0.0,0.0
ITA-Serie A,2425,Lecce,Nikola Krstović,MNE,FW,24.0,2000.0,37,37,3057.0,34.0,11,5,16,9,2,3,6,0,0.32,0.15,0.47,0.26,0.41
ITA-Serie A,2425,Lecce,Patrick Dorgu,DEN,"MF,DF",19.0,2004.0,21,21,1840.0,20.4,3,1,4,3,0,0,2,1,0.15,0.05,0.2,0.15,0.2
ITA-Serie A,2425,Lecce,Rareș-Cătălin Burnete,ROU,FW,20.0,2004.0,4,0,28.0,0.3,0,0,0,0,0,0,0,0,0.0,0.0,0.0,0.0,0.0
ITA-Serie A,2425,Lecce,Remi Oudin,FRA,MF,27.0,1996.0,11,3,299.0,3.3,0,0,0,0,0,0,1,0,0.0,0.0,0.0,0.0,0.0
ITA-Serie A,2425,Lecce,Santiago Pierotti,ARG,"MF,FW",23.0,2001.0,36,22,1937.0,21.5,4,2,6,4,0,0,6,1,0.19,0.09,0.28,0.19,0.28
ITA-Serie A,2425,Lecce,Tete Morente,ESP,"MF,FW",27.0,1996.0,31,23,2021.0,22.5,3,2,5,3,0,0,5,0,0.13,0.09,0.22,0.13,0.22
ITA-Serie A,2425,Lecce,Tiago Gabriel,POR,DF,19.0,2004.0,2,0,96.0,1.1,0,0,0,0,0,0,0,0,0.0,0.0,0.0,0.0,0.0
ITA-Serie A,2425,Lecce,Valentin Gendrey,FRA,DF,24.0,2000.0,2,2,180.0,2.0,0,0,0,0,0,0,0,0,0.0,0.0,0.0,0.0,0.0
ITA-Serie A,2425,Lecce,Wladimiro Falcone,ITA,GK,29.0,1995.0,38,38,3420.0,38.0,0,0,0,0,0,0,2,0,0.0,0.0,0.0,0.0,0.0
ITA-Serie A,2425,Lecce,Ylber Ramadani,ALB,MF,28.0,1996.0,29,21,1807.0,20.1,1,1,2,1,0,0,4,0,0.05,0.05,0.1,0.05,0.1
ITA-Serie A,2425,Lecce,Þórir Jóhann Helgason,ISL,MF,23.0,2000.0,21,13,1156.0,12.8,0,4,4,0,0,0,0,0,0.0,0.31,0.31,0.0,0.31
ITA-Serie A,2425,Milan,Alessandro Florenzi,ITA,"DF,FW",33.0,1991.0,1,0,5.0,0.1,0,0,0,0,0,0,0,0,0.0,0.0,0.0,0.0,0.0
ITA-Serie A,2425,Milan,Alexis Saelemaekers,BEL,DF,25.0,1999.0,1,1,90.0,1.0,0,0,0,0,0,0,0,0,0.0,0.0,0.0,0.0,0.0
ITA-Serie A,2425,Milan,Bob Murphy Omoregbe,ITA,FW,20.0,2003.0,1,0,3.0,0.0,0,0,0,0,0,0,0,0,0.0,0.0,0.0,0.0,0.0
ITA-Serie A,2425,Milan,Christian Pulisic,USA,"MF,FW",25.0,1998.0,34,29,2478.0,27.5,11,9,20,8,3,4,1,0,0.4,0.33,0.73,0.29,0.62
ITA-Serie A,2425,Milan,Davide Bartesaghi,ITA,DF,18.0,2005.0,4,1,118.0,1.3,0,0,0,0,0,0,0,1,0.0,0.0,0.0,0.0,0.0
ITA-Serie A,2425,Milan,Davide Calabria,ITA,DF,27.0,1996.0,7,4,316.0,3.5,0,0,0,0,0,0,0,0,0.0,0.0,0.0,0.0,0.0
ITA-Serie A,2425,Milan,Emerson,BRA,DF,25.0,1999.0,17,16,1377.0,15.3,0,0,0,0,0,0,5,0,0.0,0.0,0.0,0.0,0.0
ITA-Serie A,2425,Milan,Fikayo Tomori,ENG,DF,26.0,1997.0,22,19,1593.0,17.7,0,1,1,0,0,0,4,1,0.0,0.06,0.06,0.0,0.06
ITA-Serie A,2425,Milan,Filippo Terracciano,ITA,"DF,MF",21.0,2003.0,13,6,539.0,6.0,0,0,0,0,0,0,3,0,0.0,0.0,0.0,0.0,0.0
ITA-Serie A,2425,Milan,Francesco Camarda,ITA,FW,16.0,2008.0,10,1,206.0,2.3,0,0,0,0,0,0,0,0,0.0,0.0,0.0,0.0,0.0
ITA-Serie A,2425,Milan,Ismaël Bennacer,ALG,MF,26.0,1997.0,6,4,300.0,3.3,0,0,0,0,0,0,2,0,0.0,0.0,0.0,0.0,0.0
ITA-Serie A,2425,Milan,João Félix,POR,MF,24.0,1999.0,15,8,760.0,8.4,2,0,2,2,0,0,3,0,0.24,0.0,0.24,0.24,0.24
ITA-Serie A,2425,Milan,Kevin Zeroli,ITA,MF,19.0,2005.0,1,0,12.0,0.1,0,0,0,0,0,0,0,0,0.0,0.0,0.0,0.0,0.0
ITA-Serie A,2425,Milan,Kyle Walker,ENG,DF,34.0,1990.0,11,7,659.0,7.3,0,0,0,0,0,0,1,0,0.0,0.0,0.0,0.0,0.0
ITA-Serie A,2425,Milan,Luka Jović,SRB,FW,26.0,1997.0,15,6,557.0,6.2,2,0,2,2,0,0,1,0,0.32,0.0,0.32,0.32,0.32
ITA-Serie A,2425,Milan,Malick Thiaw,GER,DF,22.0,2001.0,22,19,1806.0,20.1,0,0,0,0,0,0,2,0,0.0,0.0,0.0,0.0,0.0
ITA-Serie A,2425,Milan,Marco Sportiello,ITA,GK,32.0,1992.0,2,1,126.0,1.4,0,0,0,0,0,0,0,0,0.0,0.0,0.0,0.0,0.0
ITA-Serie A,2425,Milan,Matteo Gabbia,ITA,DF,24.0,1999.0,26,24,2152.0,23.9,2,0,2,2,0,0,4,0,0.08,0.0,0.08,0.08,0.08
ITA-Serie A,2425,Milan,Mattia Liberali,ITA,MF,17.0,2007.0,1,1,61.0,0.7,0,0,0,0,0,0,0,0,0.0,0.0,0.0,0.0,0.0
ITA-Serie A,2425,Milan,Mike Maignan,FRA,GK,29.0,1995.0,37,37,3294.0,36.6,0,0,0,0,0,0,1,0,0.0,0.0,0.0,0.0,0.0
ITA-Serie A,2425,Milan,Noah Okafor,SUI,"FW,MF",24.0,2000.0,11,5,414.0,4.6,1,0,1,1,0,0,0,0,0.22,0.0,0.22,0.22,0.22
ITA-Serie A,2425,Milan,Rafael Leão,POR,"MF,FW",25.0,1999.0,34,25,2323.0,25.8,8,8,16,8,0,0,5,0,0.31,0.31,0.62,0.31,0.62
ITA-Serie A,2425,Milan,Riccardo Sottil,ITA,MF,25.0,1999.0,6,1,123.0,1.4,0,0,0,0,0,0,0,0,0.0,0.0,0.0,0.0,0.0
ITA-Serie A,2425,Milan,Ruben Loftus-Cheek,ENG,MF,28.0,1996.0,19,10,1037.0,11.5,0,0,0,0,0,0,3,0,0.0,0.0,0.0,0.0,0.0
ITA-Serie A,2425,Milan,Samuel Chukwueze,NGA,"MF,FW",25.0,1999.0,26,9,925.0,10.3,3,2,5,3,0,0,0,0,0.29,0.19,0.49,0.29,0.49
ITA-Serie A,2425,Milan,Santiago Giménez,MEX,FW,23.0,2001.0,14,7,669.0,7.4,5,2,7,5,0,1,3,1,0.67,0.27,0.94,0.67,0.94
ITA-Serie A,2425,Milan,Strahinja Pavlović,SRB,DF,23.0,2001.0,24,21,1864.0,20.7,2,1,3,2,0,0,3,1,0.1,0.05,0.14,0.1,0.14
ITA-Serie A,2425,Milan,Tammy Abraham,ENG,FW,26.0,1997.0,28,12,1183.0,13.1,3,4,7,2,1,2,1,0,0.23,0.3,0.53,0.15,0.46
ITA-Serie A,2425,Milan,Theo Hernández,FRA,"DF,MF",26.0,1997.0,33,30,2696.0,30.0,4,3,7,4,0,1,4,1,0.13,0.1,0.23,0.13,0.23
ITA-Serie A,2425,Milan,Tijjani Reijnders,NED,MF,26.0,1998.0,37,36,3128.0,34.8,10,4,14,10,0,0,2,1,0.29,0.12,0.4,0.29,0.4
ITA-Serie A,2425,Milan,Warren Bondo,FRA,MF,20.0,2003.0,4,3,162.0,1.8,0,0,0,0,0,0,1,0,0.0,0.0,0.0,0.0,0.0
ITA-Serie A,2425,Milan,Youssouf Fofana,FRA,MF,25.0,1999.0,35,29,2504.0,27.8,1,6,7,1,0,0,5,0,0.04,0.22,0.25,0.04,0.25
ITA-Serie A,2425,Milan,Yunus Musah,USA,"MF,FW",21.0,2002.0,29,19,1571.0,17.5,0,2,2,0,0,0,5,0,0.0,0.11,0.11,0.0,0.11
ITA-Serie A,2425,Milan,Álex Jiménez,ESP,"MF,DF",19.0,2005.0,22,14,1266.0,14.1,0,1,1,0,0,0,6,0,0.0,0.07,0.07,0.0,0.07
ITA-Serie A,2425,Milan,Álvaro Morata,ESP,"FW,MF",31.0,1992.0,16,13,1099.0,12.2,5,0,5,5,0,0,5,0,0.41,0.0,0.41,0.41,0.41
ITA-Serie A,2425,Monza,Alessandro Bianco,ITA,MF,21.0,2002.0,34,29,2600.0,28.9,1,0,1,1,0,0,9,0,0.03,0.0,0.03,0.03,0.03
ITA-Serie A,2425,Monza,Andrea Carboni,ITA,DF,23.0,2001.0,26,25,2191.0,24.3,0,1,1,0,0,0,5,0,0.0,0.04,0.04,0.0,0.04
ITA-Serie A,2425,Monza,Andrea Mazza,ITA,GK,20.0,2004.0,1,0,8.0,0.1,0,0,0,0,0,0,0,0,0.0,0.0,0.0,0.0,0.0
ITA-Serie A,2425,Monza,Andrea Petagna,ITA,FW,29.0,1995.0,13,2,335.0,3.7,0,0,0,0,0,0,1,0,0.0,0.0,0.0,0.0,0.0
ITA-Serie A,2425,Monza,Armando Izzo,ITA,DF,32.0,1992.0,30,28,2435.0,27.1,1,1,2,1,0,0,12,0,0.04,0.04,0.07,0.04,0.07
ITA-Serie A,2425,Monza,Arvid Brorsson,SWE,DF,25.0,1999.0,6,3,362.0,4.0,0,0,0,0,0,0,0,0,0.0,0.0,0.0,0.0,0.0
ITA-Serie A,2425,Monza,Daniel Maldini,ITA,"MF,FW",22.0,2001.0,20,16,1306.0,14.5,3,0,3,3,0,0,5,0,0.21,0.0,0.21,0.21,0.21
ITA-Serie A,2425,Monza,Danilo D'Ambrosio,ITA,DF,35.0,1988.0,20,12,1095.0,12.2,0,1,1,0,0,0,2,1,0.0,0.08,0.08,0.0,0.08
ITA-Serie A,2425,Monza,Dany Mota,POR,"MF,FW",26.0,1998.0,31,24,2104.0,23.4,5,2,7,5,0,0,3,0,0.21,0.09,0.3,0.21,0.3
ITA-Serie A,2425,Monza,Gaetano Castrovilli,ITA,MF,27.0,1997.0,12,7,596.0,6.6,0,0,0,0,0,0,0,0,0.0,0.0,0.0,0.0,0.0
ITA-Serie A,2425,Monza,Gianluca Caprari,ITA,"MF,FW",31.0,1993.0,34,18,1651.0,18.3,3,2,5,1,2,2,3,0,0.16,0.11,0.27,0.05,0.16
ITA-Serie A,2425,Monza,Giorgos Kyriakopoulos,GRE,MF,28.0,1996.0,34,33,2845.0,31.6,2,4,6,2,0,0,5,0,0.06,0.13,0.19,0.06,0.19
ITA-Serie A,2425,Monza,Jean-Daniel Akpa-Akpro,CIV,MF,31.0,1992.0,14,12,966.0,10.7,0,0,0,0,0,0,4,0,0.0,0.0,0.0,0.0,0.0
ITA-Serie A,2425,Monza,Kacper Urbanski,POL,MF,19.0,2004.0,8,6,500.0,5.6,0,0,0,0,0,0,1,0,0.0,0.0,0.0,0.0,0.0
ITA-Serie A,2425,Monza,Keita Baldé,SEN,FW,29.0,1995.0,11,8,638.0,7.1,2,0,2,2,0,0,2,0,0.28,0.0,0.28,0.28,0.28
ITA-Serie A,2425,Monza,Kevin Martins,ITA,MF,19.0,2005.0,9,1,183.0,2.0,0,1,1,0,0,0,1,0,0.0,0.49,0.49,0.0,0.49
ITA-Serie A,2425,Monza,Kevin Zeroli,ITA,MF,19.0,2005.0,8,4,395.0,4.4,0,1,1,0,0,0,0,0,0.0,0.23,0.23,0.0,0.23
ITA-Serie A,2425,Monza,Luca Caldirola,ITA,DF,33.0,1991.0,14,10,876.0,9.7,0,0,0,0,0,0,5,0,0.0,0.0,0.0,0.0,0.0
ITA-Serie A,2425,Monza,Matteo Pessina,ITA,MF,27.0,1997.0,11,10,854.0,9.5,0,0,0,0,0,0,2,0,0.0,0.0,0.0,0.0,0.0
ITA-Serie A,2425,Monza,Mattia Valoti,ITA,"FW,MF",30.0,1993.0,5,0,40.0,0.4,0,0,0,0,0,0,1,0,0.0,0.0,0.0,0.0,0.0
ITA-Serie A,2425,Monza,Milan Đurić,BIH,FW,34.0,1990.0,18,13,1270.0,14.1,4,1,5,4,0,0,3,0,0.28,0.07,0.35,0.28,0.35
ITA-Serie A,2425,Monza,Mirko Marić,CRO,FW,29.0,1995.0,8,1,106.0,1.2,0,0,0,0,0,0,0,0,0.0,0.0,0.0,0.0,0.0
ITA-Serie A,2425,Monza,Omari Forson,ENG,FW,20.0,2004.0,9,1,223.0,2.5,0,0,0,0,0,0,0,0,0.0,0.0,0.0,0.0,0.0
ITA-Serie A,2425,Monza,Pablo Marí,ESP,DF,30.0,1993.0,19,19,1628.0,18.1,0,0,0,0,0,0,4,1,0.0,0.0,0.0,0.0,0.0
ITA-Serie A,2425,Monza,Patrick Ciurria,ITA,MF,29.0,1995.0,21,12,1111.0,12.3,1,1,2,1,0,0,1,0,0.08,0.08,0.16,0.08,0.16
ITA-Serie A,2425,Monza,Pedro Pereira,POR,"MF,DF",26.0,1998.0,35,32,2665.0,29.6,1,3,4,1,0,0,10,0,0.03,0.1,0.14,0.03,0.14
ITA-Serie A,2425,Monza,Roberto Gagliardini,ITA,MF,30.0,1994.0,8,0,180.0,2.0,0,0,0,0,0,0,1,0,0.0,0.0,0.0,0.0,0.0
ITA-Serie A,2425,Monza,Samuele Birindelli,ITA,MF,25.0,1999.0,21,18,1468.0,16.3,3,0,3,3,0,0,2,0,0.18,0.0,0.18,0.18,0.18
ITA-Serie A,2425,Monza,Samuele Vignato,ITA,MF,20.0,2004.0,17,3,470.0,5.2,0,0,0,0,0,0,0,0,0.0,0.0,0.0,0.0,0.0
ITA-Serie A,2425,Monza,Semuel Pizzignacco,ITA,GK,22.0,2001.0,9,8,736.0,8.2,0,0,0,0,0,0,0,0,0.0,0.0,0.0,0.0,0.0
ITA-Serie A,2425,Monza,Silvère Ganvoula,CGO,FW,28.0,1996.0,7,4,326.0,3.6,0,0,0,0,0,0,0,0,0.0,0.0,0.0,0.0,0.0
ITA-Serie A,2425,Monza,Stefan Lekovic,SRB,DF,20.0,2004.0,7,3,367.0,4.1,0,0,0,0,0,0,0,0,0.0,0.0,0.0,0.0,0.0
ITA-Serie A,2425,Monza,Stefano Sensi,ITA,MF,28.0,1995.0,12,2,274.0,3.0,1,0,1,0,1,1,0,0,0.33,0.0,0.33,0.0,0.0
ITA-Serie A,2425,Monza,Stefano Turati,ITA,GK,22.0,2001.0,30,30,2676.0,29.7,0,0,0,0,0,0,1,0,0.0,0.0,0.0,0.0,0.0
ITA-Serie A,2425,Monza,Tomás Palacios,ARG,DF,21.0,2003.0,8,5,446.0,5.0,0,0,0,0,0,0,2,0,0.0,0.0,0.0,0.0,0.0
ITA-Serie A,2425,Monza,Warren Bondo,FRA,MF,20.0,2003.0,20,19,1618.0,18.0,0,0,0,0,0,0,5,1,0.0,0.0,0.0,0.0,0.0
ITA-Serie A,2425,Napoli,Alessandro Buongiorno,ITA,DF,25.0,1999.0,22,22,1924.0,21.4,1,0,1,1,0,0,2,0,0.05,0.0,0.05,0.05,0.05
ITA-Serie A,2425,Napoli,Alessio Zerbin,ITA,"FW,MF",25.0,1999.0,2,0,2.0,0.0,0,0,0,0,0,0,0,0,0.0,0.0,0.0,0.0,0.0
ITA-Serie A,2425,Napoli,Alex Meret,ITA,GK,27.0,1997.0,34,34,3005.0,33.4,0,0,0,0,0,0,0,0,0.0,0.0,0.0,0.0,0.0
ITA-Serie A,2425,Napoli,Amir Rrahmani,KVX,DF,30.0,1994.0,38,38,3406.0,37.8,1,3,4,1,0,0,2,0,0.03,0.08,0.11,0.03,0.11
ITA-Serie A,2425,Napoli,Billy Gilmour,SCO,MF,23.0,2001.0,26,13,1177.0,13.1,0,1,1,0,0,0,0,0,0.0,0.08,0.08,0.0,0.08
ITA-Serie A,2425,Napoli,Cyril Ngonge,BEL,FW,24.0,2000.0,18,1,216.0,2.4,0,0,0,0,0,0,2,0,0.0,0.0,0.0,0.0,0.0
ITA-Serie A,2425,Napoli,David Neres,BRA,FW,27.0,1997.0,28,13,1283.0,14.3,2,4,6,2,0,0,1,0,0.14,0.28,0.42,0.14,0.42
ITA-Serie A,2425,Napoli,Elia Caprile,ITA,GK,22.0,2001.0,4,3,325.0,3.6,0,0,0,0,0,0,0,0,0.0,0.0,0.0,0.0,0.0
ITA-Serie A,2425,Napoli,Frank Anguissa,CMR,MF,28.0,1995.0,35,32,2852.0,31.7,6,4,10,6,0,0,5,0,0.19,0.13,0.32,0.19,0.32
ITA-Serie A,2425,Napoli,Giacomo Raspadori,ITA,"FW,MF",24.0,2000.0,26,11,1103.0,12.3,6,1,7,6,0,0,1,0,0.49,0.08,0.57,0.49,0.57
ITA-Serie A,2425,Napoli,Giovanni Di Lorenzo,ITA,DF,30.0,1993.0,37,37,3330.0,37.0,3,2,5,3,0,0,6,0,0.08,0.05,0.14,0.08,0.14
ITA-Serie A,2425,Napoli,Giovanni Simeone,ARG,FW,29.0,1995.0,30,1,419.0,4.7,1,1,2,1,0,0,1,0,0.21,0.21,0.43,0.21,0.43
ITA-Serie A,2425,Napoli,Juan Jesus,BRA,DF,33.0,1991.0,15,12,1074.0,11.9,0,1,1,0,0,0,2,0,0.0,0.08,0.08,0.0,0.08
ITA-Serie A,2425,Napoli,Khvicha Kvaratskhelia,GEO,"FW,MF",23.0,2001.0,17,15,1178.0,13.1,5,3,8,4,1,1,1,0,0.38,0.23,0.61,0.31,0.53
ITA-Serie A,2425,Napoli,Leonardo Spinazzola,ITA,"DF,MF",31.0,1993.0,27,17,1517.0,16.9,1,1,2,1,0,0,1,0,0.06,0.06,0.12,0.06,0.12
ITA-Serie A,2425,Napoli,Mathías Olivera,URU,DF,26.0,1997.0,32,26,2370.0,26.3,0,2,2,0,0,0,4,0,0.0,0.08,0.08,0.0,0.08
ITA-Serie A,2425,Napoli,Matteo Politano,ITA,"FW,MF",30.0,1993.0,37,34,2804.0,31.2,3,4,7,3,0,0,3,0,0.1,0.13,0.22,0.1,0.22
ITA-Serie A,2425,Napoli,Michael Folorunsho,ITA,"FW,MF",26.0,1998.0,6,0,35.0,0.4,0,0,0,0,0,0,0,0,0.0,0.0,0.0,0.0,0.0
ITA-Serie A,2425,Napoli,Noah Okafor,SUI,"FW,MF",24.0,2000.0,4,0,40.0,0.4,0,0,0,0,0,0,0,0,0.0,0.0,0.0,0.0,0.0
ITA-Serie A,2425,Napoli,Pasquale Mazzocchi,ITA,"MF,DF",29.0,1995.0,20,7,702.0,7.8,0,0,0,0,0,0,3,0,0.0,0.0,0.0,0.0,0.0
ITA-Serie A,2425,Napoli,Philip Billing,DEN,MF,28.0,1996.0,10,1,197.0,2.2,1,0,1,1,0,0,1,0,0.46,0.0,0.46,0.46,0.46
ITA-Serie A,2425,Napoli,Rafa Marín,ESP,DF,22.0,2002.0,4,1,142.0,1.6,0,0,0,0,0,0,1,0,0.0,0.0,0.0,0.0,0.0
ITA-Serie A,2425,Napoli,Romelu Lukaku,BEL,FW,31.0,1993.0,36,35,2843.0,31.6,14,10,24,11,3,4,4,0,0.44,0.32,0.76,0.35,0.66
ITA-Serie A,2425,Napoli,Scott McTominay,SCO,MF,27.0,1996.0,34,33,2938.0,32.6,12,4,16,12,0,0,3,0,0.37,0.12,0.49,0.37,0.49
ITA-Serie A,2425,Napoli,Simone Scuffet,ITA,GK,28.0,1996.0,1,1,90.0,1.0,0,0,0,0,0,0,0,0,0.0,0.0,0.0,0.0,0.0
ITA-Serie A,2425,Napoli,Stanislav Lobotka,SVK,MF,29.0,1994.0,32,31,2636.0,29.3,0,1,1,0,0,0,3,0,0.0,0.03,0.03,0.0,0.03
ITA-Serie A,2425,Napoli,Walid Cheddira,MAR,FW,26.0,1998.0,1,0,12.0,0.1,0,0,0,0,0,0,0,0,0.0,0.0,0.0,0.0,0.0
ITA-Serie A,2425,Parma,Adrian Benedyczak,POL,MF,23.0,2000.0,9,2,214.0,2.4,0,0,0,0,0,0,0,0,0.0,0.0,0.0,0.0,0.0
ITA-Serie A,2425,Parma,Adrian Bernabe,ESP,MF,23.0,2001.0,21,18,1453.0,16.1,1,1,2,1,0,0,1,0,0.06,0.06,0.12,0.06,0.12
ITA-Serie A,2425,Parma,Alessandro Circati,AUS,DF,20.0,2003.0,6,6,540.0,6.0,0,0,0,0,0,0,1,0,0.0,0.0,0.0,0.0,0.0
ITA-Serie A,2425,Parma,Alessandro Vogliacco,ITA,DF,25.0,1998.0,10,10,772.0,8.6,0,0,0,0,0,0,2,0,0.0,0.0,0.0,0.0,0.0
ITA-Serie A,2425,Parma,Ange-Yoan Bonny,CIV,FW,20.0,2003.0,37,30,2529.0,28.1,6,4,10,4,2,2,2,0,0.21,0.14,0.36,0.14,0.28
ITA-Serie A,2425,Parma,Antoine Hainaut,FRA,"DF,MF",22.0,2002.0,25,10,1206.0,13.4,2,0,2,2,0,0,4,0,0.15,0.0,0.15,0.15,0.15
ITA-Serie A,2425,Parma,Botond Balogh,HUN,DF,22.0,2002.0,29,23,2053.0,22.8,0,1,1,0,0,0,5,0,0.0,0.04,0.04,0.0,0.04
ITA-Serie A,2425,Parma,Dennis Man,ROU,"MF,FW",25.0,1998.0,33,23,1995.0,22.2,4,4,8,4,0,0,0,0,0.18,0.18,0.36,0.18,0.36
ITA-Serie A,2425,Parma,Drissa Camara,CIV,FW,22.0,2002.0,21,1,447.0,5.0,0,0,0,0,0,0,3,0,0.0,0.0,0.0,0.0,0.0
ITA-Serie A,2425,Parma,Emanuele Valeri,ITA,"DF,MF",25.0,1998.0,35,34,2873.0,31.9,2,6,8,1,1,1,1,0,0.06,0.19,0.25,0.03,0.22
ITA-Serie A,2425,Parma,Enrico Delprato,ITA,"DF,MF",24.0,1999.0,34,32,2947.0,32.7,4,0,4,4,0,0,8,0,0.12,0.0,0.12,0.12,0.12
ITA-Serie A,2425,Parma,Gabriel Charpentier,CGO,FW,25.0,1999.0,10,0,271.0,3.0,1,2,3,1,0,0,1,0,0.33,0.66,1.0,0.33,1.0
ITA-Serie A,2425,Parma,Giovanni Leoni,ITA,DF,17.0,2006.0,17,14,1199.0,13.3,1,0,1,1,0,0,3,1,0.08,0.0,0.08,0.08,0.08
ITA-Serie A,2425,Parma,Hernani,BRA,MF,30.0,1994.0,25,15,1327.0,14.7,3,3,6,0,3,3,7,0,0.2,0.2,0.41,0.0,0.2
ITA-Serie A,2425,Parma,Jacob Ondrejka,SWE,MF,21.0,2002.0,12,3,422.0,4.7,5,0,5,5,0,0,0,0,1.07,0.0,1.07,1.07,1.07
ITA-Serie A,2425,Parma,Lautaro Valenti,ARG,DF,25.0,1999.0,20,18,1556.0,17.3,1,0,1,1,0,0,6,1,0.06,0.0,0.06,0.06,0.06
ITA-Serie A,2425,Parma,Leandro Chichizola,ARG,GK,34.0,1990.0,1,1,90.0,1.0,0,0,0,0,0,0,0,0,0.0,0.0,0.0,0.0,0.0
ITA-Serie A,2425,Parma,Mandela Keita,BEL,MF,22.0,2002.0,30,24,1826.0,20.3,0,2,2,0,0,0,6,1,0.0,0.1,0.1,0.0,0.1
ITA-Serie A,2425,Parma,Mateo Pellegrino,ARG,FW,23.0,2001.0,13,8,737.0,8.2,3,1,4,3,0,0,2,0,0.37,0.12,0.49,0.37,0.49
ITA-Serie A,2425,Parma,Mateusz Kowalski,POL,MF,19.0,2005.0,1,1,56.0,0.6,0,0,0,0,0,0,0,0,0.0,0.0,0.0,0.0,0.0
ITA-Serie A,2425,Parma,Mathias Løvik,NOR,"DF,MF",20.0,2003.0,6,0,92.0,1.0,0,0,0,0,0,0,0,0,0.0,0.0,0.0,0.0,0.0
ITA-Serie A,2425,Parma,Matteo Cancellieri,ITA,"MF,FW",22.0,2002.0,27,19,1424.0,15.8,3,0,3,3,0,0,2,1,0.19,0.0,0.19,0.19,0.19
ITA-Serie A,2425,Parma,Milan Đurić,BIH,FW,34.0,1990.0,9,3,268.0,3.0,1,0,1,1,0,0,1,0,0.34,0.0,0.34,0.34,0.34
ITA-Serie A,2425,Parma,Mohamed Haj,TUN,MF,19.0,2005.0,15,3,453.0,5.0,1,2,3,1,0,0,4,0,0.2,0.4,0.6,0.2,0.6
ITA-Serie A,2425,Parma,Nahuel Estévez,ARG,MF,28.0,1995.0,14,7,657.0,7.3,0,0,0,0,0,0,3,0,0.0,0.0,0.0,0.0,0.0
ITA-Serie A,2425,Parma,Pontus Almqvist,SWE,"FW,MF",25.0,1999.0,29,10,1112.0,12.4,1,1,2,1,0,0,5,0,0.08,0.08,0.16,0.08,0.16
ITA-Serie A,2425,Parma,Simon Sohm,SUI,MF,23.0,2001.0,37,36,2989.0,33.2,4,0,4,4,0,0,6,0,0.12,0.0,0.12,0.12,0.12
ITA-Serie A,2425,Parma,Valentin Mihaila,ROU,"MF,FW",24.0,2000.0,21,16,1288.0,14.3,0,3,3,0,0,0,2,0,0.0,0.21,0.21,0.0,0.21
ITA-Serie A,2425,Parma,Woyo Coulibaly,MLI,DF,25.0,1999.0,14,12,1084.0,12.0,0,1,1,0,0,0,1,1,0.0,0.08,0.08,0.0,0.08
ITA-Serie A,2425,Parma,Wylan Cyprien,FRA,MF,29.0,1995.0,2,0,28.0,0.3,0,0,0,0,0,0,0,0,0.0,0.0,0.0,0.0,0.0
ITA-Serie A,2425,Parma,Yordan Osorio,VEN,DF,30.0,1994.0,3,2,172.0,1.9,0,0,0,0,0,0,0,0,0.0,0.0,0.0,0.0,0.0
ITA-Serie A,2425,Parma,Zion Suzuki,JPN,GK,21.0,2002.0,37,37,3314.0,36.8,0,0,0,0,0,0,2,1,0.0,0.0,0.0,0.0,0.0
ITA-Serie A,2425,Roma,Alexis Saelemaekers,BEL,"MF,FW",25.0,1999.0,22,17,1389.0,15.4,7,3,10,7,0,0,4,0,0.45,0.19,0.65,0.45,0.65
ITA-Serie A,2425,Roma,Anass Salah-Eddine,MAR,MF,22.0,2002.0,3,2,152.0,1.7,0,1,1,0,0,0,0,0,0.0,0.59,0.59,0.0,0.59
ITA-Serie A,2425,Roma,Angeliño,ESP,"MF,DF",27.0,1997.0,38,36,3177.0,35.3,2,1,3,2,0,0,1,0,0.06,0.03,0.08,0.06,0.08
ITA-Serie A,2425,Roma,Artem Dovbyk,UKR,FW,27.0,1997.0,32,27,2418.0,26.9,12,2,14,10,2,2,0,0,0.45,0.07,0.52,0.37,0.45
ITA-Serie A,2425,Roma,Bryan Cristante,ITA,MF,29.0,1995.0,30,23,2045.0,22.7,4,2,6,4,0,0,8,0,0.18,0.09,0.26,0.18,0.26
ITA-Serie A,2425,Roma,Devyne Rensch,NED,"MF,DF",21.0,2003.0,14,5,469.0,5.2,0,1,1,0,0,0,0,0,0.0,0.19,0.19,0.0,0.19
ITA-Serie A,2425,Roma,Eldor Shomurodov,UZB,FW,29.0,1995.0,27,11,1097.0,12.2,4,4,8,4,0,0,1,0,0.33,0.33,0.66,0.33,0.66
ITA-Serie A,2425,Roma,Enzo Le Fée,FRA,MF,24.0,2000.0,6,4,318.0,3.5,0,0,0,0,0,0,1,0,0.0,0.0,0.0,0.0,0.0
ITA-Serie A,2425,Roma,Gianluca Mancini,ITA,DF,28.0,1996.0,37,36,3143.0,34.9,2,0,2,2,0,0,8,0,0.06,0.0,0.06,0.06,0.06
ITA-Serie A,2425,Roma,Leandro Paredes,ARG,MF,30.0,1994.0,22,15,1373.0,15.3,3,1,4,1,2,2,4,0,0.2,0.07,0.26,0.07,0.13
ITA-Serie A,2425,Roma,Lorenzo Pellegrini,ITA,MF,28.0,1996.0,25,20,1626.0,18.1,2,1,3,1,1,1,4,0,0.11,0.06,0.17,0.06,0.11
ITA-Serie A,2425,Roma,Lucas Gourna-Douath,FRA,MF,20.0,2003.0,6,2,229.0,2.5,0,0,0,0,0,0,2,0,0.0,0.0,0.0,0.0,0.0
ITA-Serie A,2425,Roma,Manu Koné,FRA,MF,23.0,2001.0,34,31,2572.0,28.6,2,1,3,2,0,0,6,0,0.07,0.03,0.1,0.07,0.1
ITA-Serie A,2425,Roma,Mario Hermoso,ESP,DF,29.0,1995.0,8,2,251.0,2.8,0,0,0,0,0,0,2,1,0.0,0.0,0.0,0.0,0.0
ITA-Serie A,2425,Roma,Mats Hummels,GER,DF,35.0,1988.0,14,11,915.0,10.2,0,0,0,0,0,0,1,0,0.0,0.0,0.0,0.0,0.0
ITA-Serie A,2425,Roma,Matìas Soulé,ARG,MF,21.0,2003.0,27,22,1781.0,19.8,5,5,10,5,0,0,3,0,0.25,0.25,0.51,0.25,0.51
ITA-Serie A,2425,Roma,Mile Svilar,SRB,GK,24.0,1999.0,38,38,3420.0,38.0,0,0,0,0,0,0,1,0,0.0,0.0,0.0,0.0,0.0
ITA-Serie A,2425,Roma,Niccolò Pisilli,ITA,MF,19.0,2004.0,28,11,1227.0,13.6,2,1,3,2,0,0,7,0,0.15,0.07,0.22,0.15,0.22
ITA-Serie A,2425,Roma,Nicola Zalewski,POL,MF,22.0,2002.0,12,4,533.0,5.9,0,0,0,0,0,0,0,0,0.0,0.0,0.0,0.0,0.0
ITA-Serie A,2425,Roma,Obite N'Dicka,CIV,DF,24.0,1999.0,38,38,3420.0,38.0,0,1,1,0,0,0,2,0,0.0,0.03,0.03,0.0,0.03
ITA-Serie A,2425,Roma,Paulo Dybala,ARG,"FW,MF",30.0,1993.0,24,16,1417.0,15.7,6,3,9,3,3,3,2,0,0.38,0.19,0.57,0.19,0.38
ITA-Serie A,2425,Roma,Samuel Dahl,SWE,DF,21.0,2003.0,2,0,43.0,0.5,0,0,0,0,0,0,0,0,0.0,0.0,0.0,0.0,0.0
ITA-Serie A,2425,Roma,Saud Abdulhamid,KSA,MF,25.0,1999.0,4,2,205.0,2.3,0,1,1,0,0,0,0,0,0.0,0.44,0.44,0.0,0.44
ITA-Serie A,2425,Roma,Stephan El Shaarawy,ITA,"MF,FW",31.0,1992.0,31,12,1098.0,12.2,3,4,7,3,0,0,2,0,0.25,0.33,0.57,0.25,0.57
ITA-Serie A,2425,Roma,Tammy Abraham,ENG,FW,26.0,1997.0,1,0,1.0,0.0,0,0,0,0,0,0,0,0,0.0,0.0,0.0,0.0,0.0
ITA-Serie A,2425,Roma,Tommaso Baldanzi,ITA,"MF,FW",21.0,2003.0,31,5,832.0,9.2,1,1,2,1,0,0,2,0,0.11,0.11,0.22,0.11,0.22
ITA-Serie A,2425,Roma,Victor Nelsson,DEN,DF,25.0,1998.0,4,1,187.0,2.1,0,0,0,0,0,0,0,0,0.0,0.0,0.0,0.0,0.0
ITA-Serie A,2425,Roma,Zeki Çelik,TUR,"DF,MF",27.0,1997.0,31,27,2256.0,25.1,0,2,2,0,0,0,5,0,0.0,0.08,0.08,0.0,0.08
ITA-Serie A,2425,Torino,Aaron Ciammaglichella,ITA,MF,19.0,2005.0,1,0,1.0,0.0,0,0,0,0,0,0,0,0,0.0,0.0,0.0,0.0,0.0
ITA-Serie A,2425,Torino,Adam Masina,MAR,DF,30.0,1994.0,28,20,1919.0,21.3,1,2,3,1,0,0,5,0,0.05,0.09,0.14,0.05,0.14
ITA-Serie A,2425,Torino,Adrien Tameze,CMR,"MF,DF",30.0,1994.0,20,9,649.0,7.2,0,0,0,0,0,0,3,0,0.0,0.0,0.0,0.0,0.0
ITA-Serie A,2425,Torino,Alberto Paleari,ITA,GK,31.0,1992.0,1,1,90.0,1.0,0,0,0,0,0,0,0,0,0.0,0.0,0.0,0.0,0.0
ITA-Serie A,2425,Torino,Alessio Cacciamani,ITA,MF,17.0,2007.0,2,0,31.0,0.3,0,0,0,0,0,0,0,0,0.0,0.0,0.0,0.0,0.0
ITA-Serie A,2425,Torino,Ali Dembélé,FRA,DF,20.0,2004.0,15,4,388.0,4.3,1,0,1,1,0,0,4,1,0.23,0.0,0.23,0.23,0.23
ITA-Serie A,2425,Torino,Alieu Njie,SWE,FW,19.0,2005.0,16,0,394.0,4.4,1,0,1,1,0,0,1,0,0.23,0.0,0.23,0.23,0.23
ITA-Serie A,2425,Torino,Antonio Sanabria,PAR,FW,28.0,1996.0,26,16,1318.0,14.6,2,1,3,2,0,1,2,0,0.14,0.07,0.2,0.14,0.2
ITA-Serie A,2425,Torino,Borna Sosa,CRO,"MF,DF",26.0,1998.0,19,14,1181.0,13.1,0,0,0,0,0,0,0,0,0.0,0.0,0.0,0.0,0.0
ITA-Serie A,2425,Torino,Cesare Casadei,ITA,MF,21.0,2003.0,15,13,1017.0,11.3,1,1,2,1,0,0,1,0,0.09,0.09,0.18,0.09,0.18
ITA-Serie A,2425,Torino,Ché Adams,SCO,FW,28.0,1996.0,36,30,2652.0,29.5,9,3,12,9,0,1,2,0,0.31,0.1,0.41,0.31,0.41
ITA-Serie A,2425,Torino,Cristiano Biraghi,ITA,DF,31.0,1992.0,15,13,1158.0,12.9,0,0,0,0,0,0,0,0,0.0,0.0,0.0,0.0,0.0
ITA-Serie A,2425,Torino,Duván Zapata,COL,FW,33.0,1991.0,7,7,587.0,6.5,3,0,3,3,0,0,1,0,0.46,0.0,0.46,0.46,0.46
ITA-Serie A,2425,Torino,Elif Elmas,MKD,"MF,FW",24.0,1999.0,13,12,1021.0,11.3,4,0,4,4,0,0,0,0,0.35,0.0,0.35,0.35,0.35
ITA-Serie A,2425,Torino,Guillermo Maripán,CHI,DF,30.0,1994.0,28,27,2340.0,26.0,1,1,2,1,0,0,4,1,0.04,0.04,0.08,0.04,0.08
ITA-Serie A,2425,Torino,Gvidas Gineitis,LTU,MF,20.0,2004.0,30,15,1430.0,15.9,3,1,4,3,0,0,5,0,0.19,0.06,0.25,0.19,0.25
ITA-Serie A,2425,Torino,Ivan Ilić,SRB,MF,23.0,2001.0,19,9,920.0,10.2,1,0,1,1,0,0,4,0,0.1,0.0,0.1,0.1,0.1
ITA-Serie A,2425,Torino,Karol Linetty,POL,MF,29.0,1995.0,28,18,1540.0,17.1,1,0,1,1,0,0,6,0,0.06,0.0,0.06,0.06,0.06
ITA-Serie A,2425,Torino,Marcus Pedersen,NOR,"MF,DF",24.0,2000.0,29,15,1362.0,15.1,0,0,0,0,0,0,3,0,0.0,0.0,0.0,0.0,0.0
ITA-Serie A,2425,Torino,Mërgim Vojvoda,KVX,"DF,MF",29.0,1995.0,17,12,1105.0,12.3,0,0,0,0,0,0,4,0,0.0,0.0,0.0,0.0,0.0
ITA-Serie A,2425,Torino,Nikola Vlašić,CRO,"MF,FW",26.0,1997.0,30,23,2117.0,23.5,5,4,9,3,2,2,0,0,0.21,0.17,0.38,0.13,0.3
ITA-Serie A,2425,Torino,Raoul Bellanova,ITA,MF,24.0,2000.0,1,1,87.0,1.0,0,0,0,0,0,0,0,0,0.0,0.0,0.0,0.0,0.0
ITA-Serie A,2425,Torino,Saba Sazonov,GEO,DF,22.0,2002.0,1,0,3.0,0.0,0,0,0,0,0,0,0,0,0.0,0.0,0.0,0.0,0.0
ITA-Serie A,2425,Torino,Samuele Ricci,ITA,MF,22.0,2001.0,34,34,2825.0,31.4,1,1,2,1,0,0,8,1,0.03,0.03,0.06,0.03,0.06
ITA-Serie A,2425,Torino,Saúl Coco,EQG,DF,25.0,1999.0,32,32,2845.0,31.6,2,0,2,2,0,0,10,0,0.06,0.0,0.06,0.06,0.06
ITA-Serie A,2425,Torino,Sebastian Walukiewicz,POL,DF,24.0,2000.0,29,20,1661.0,18.5,0,0,0,0,0,0,6,0,0.0,0.0,0.0,0.0,0.0
ITA-Serie A,2425,Torino,Sergiu Perciun,MDA,MF,18.0,2006.0,5,0,152.0,1.7,0,0,0,0,0,0,0,0,0.0,0.0,0.0,0.0,0.0
ITA-Serie A,2425,Torino,Tommaso Gabellini,ITA,FW,17.0,2006.0,1,0,10.0,0.1,0,0,0,0,0,0,0,0,0.0,0.0,0.0,0.0,0.0
ITA-Serie A,2425,Torino,Valentino Lazaro,AUT,MF,28.0,1996.0,33,26,2307.0,25.6,0,6,6,0,0,0,6,0,0.0,0.23,0.23,0.0,0.23
ITA-Serie A,2425,Torino,Vanja Milinković-Savić,SRB,GK,27.0,1997.0,37,37,3330.0,37.0,0,0,0,0,0,0,3,0,0.0,0.0,0.0,0.0,0.0
ITA-Serie A,2425,Torino,Yann Karamoh,FRA,"MF,FW",26.0,1998.0,29,10,1046.0,11.6,0,1,1,0,0,0,2,0,0.0,0.09,0.09,0.0,0.09
ITA-Serie A,2425,Udinese,Alexis Sánchez,CHI,FW,35.0,1988.0,13,6,437.0,4.9,0,0,0,0,0,0,0,0,0.0,0.0,0.0,0.0,0.0
ITA-Serie A,2425,Udinese,Arthur Atta,FRA,"MF,FW",21.0,2003.0,27,12,1251.0,13.9,0,1,1,0,0,0,5,0,0.0,0.07,0.07,0.0,0.07
ITA-Serie A,2425,Udinese,Brenner,BRA,"MF,FW",24.0,2000.0,9,5,386.0,4.3,1,2,3,1,0,0,0,0,0.23,0.47,0.7,0.23,0.7
ITA-Serie A,2425,Udinese,Christian Kabasele,BEL,DF,33.0,1991.0,16,12,1161.0,12.9,2,0,2,2,0,0,0,0,0.16,0.0,0.16,0.16,0.16
ITA-Serie A,2425,Udinese,Damián Pizarro,CHI,FW,19.0,2005.0,2,0,16.0,0.2,0,0,0,0,0,0,0,0,0.0,0.0,0.0,0.0,0.0
ITA-Serie A,2425,Udinese,Daniele Padelli,ITA,GK,38.0,1985.0,1,1,90.0,1.0,0,0,0,0,0,0,0,0,0.0,0.0,0.0,0.0,0.0
ITA-Serie A,2425,Udinese,Enzo Ebosse,CMR,DF,25.0,1999.0,2,0,90.0,1.0,0,0,0,0,0,0,1,0,0.0,0.0,0.0,0.0,0.0
ITA-Serie A,2425,Udinese,Florian Thauvin,FRA,"FW,MF",31.0,1993.0,25,24,1956.0,21.7,8,3,11,7,1,3,0,0,0.37,0.14,0.51,0.32,0.46
ITA-Serie A,2425,Udinese,Hassane Kamara,CIV,"MF,DF",30.0,1994.0,30,25,2001.0,22.2,1,4,5,1,0,0,8,1,0.04,0.18,0.22,0.04,0.22
ITA-Serie A,2425,Udinese,Iker Bravo,ESP,FW,19.0,2005.0,29,4,682.0,7.6,2,1,3,2,0,0,3,0,0.26,0.13,0.4,0.26,0.4
ITA-Serie A,2425,Udinese,Jaka Bijol,SVN,DF,25.0,1999.0,34,34,2963.0,32.9,1,0,1,1,0,0,13,1,0.03,0.0,0.03,0.03,0.03
ITA-Serie A,2425,Udinese,James Abankwah,IRL,DF,20.0,2004.0,6,0,88.0,1.0,0,0,0,0,0,0,1,0,0.0,0.0,0.0,0.0,0.0
ITA-Serie A,2425,Udinese,Jesper Karlström,SWE,MF,29.0,1995.0,37,36,3186.0,35.4,0,3,3,0,0,0,9,0,0.0,0.08,0.08,0.0,0.08
ITA-Serie A,2425,Udinese,Jordan Zemura,ZIM,"MF,DF",24.0,1999.0,23,13,1415.0,15.7,1,2,3,1,0,0,2,0,0.06,0.13,0.19,0.06,0.19
ITA-Serie A,2425,Udinese,Jurgen Ekkelenkamp,NED,MF,24.0,2000.0,34,20,1892.0,21.0,3,2,5,3,0,0,2,0,0.14,0.1,0.24,0.14,0.24
ITA-Serie A,2425,Udinese,Keinan Davis,ENG,FW,26.0,1998.0,23,10,1066.0,11.8,2,1,3,2,0,0,2,0,0.17,0.08,0.25,0.17,0.25
ITA-Serie A,2425,Udinese,Kingsley Ehizibue,NED,"MF,DF",29.0,1995.0,33,30,2498.0,27.8,0,1,1,0,0,0,5,0,0.0,0.04,0.04,0.0,0.04
ITA-Serie A,2425,Udinese,Lautaro Gianetti,ARG,DF,30.0,1993.0,15,11,878.0,9.8,1,0,1,1,0,0,4,0,0.1,0.0,0.1,0.1,0.1
ITA-Serie A,2425,Udinese,Lorenzo Lucca,ITA,FW,23.0,2000.0,33,27,2353.0,26.1,12,1,13,11,1,1,10,0,0.46,0.04,0.5,0.42,0.46
ITA-Serie A,2425,Udinese,Maduka Okoye,NGA,GK,24.0,1999.0,25,25,2250.0,25.0,0,0,0,0,0,0,1,0,0.0,0.0,0.0,0.0,0.0
ITA-Serie A,2425,Udinese,Martín Payero,ARG,MF,25.0,1998.0,25,16,1381.0,15.3,1,1,2,1,0,0,5,0,0.07,0.07,0.13,0.07,0.13
ITA-Serie A,2425,Udinese,Matteo Palma,GER,DF,16.0,2008.0,1,0,5.0,0.1,0,0,0,0,0,0,0,0,0.0,0.0,0.0,0.0,0.0
ITA-Serie A,2425,Udinese,Nehuén Pérez,ARG,DF,24.0,2000.0,2,2,180.0,2.0,0,0,0,0,0,0,0,0,0.0,0.0,0.0,0.0,0.0
ITA-Serie A,2425,Udinese,Oier Zarraga,ESP,MF,25.0,1999.0,22,9,896.0,10.0,1,0,1,1,0,0,0,0,0.1,0.0,0.1,0.1,0.1
ITA-Serie A,2425,Udinese,Oumar Solet,FRA,DF,24.0,2000.0,19,19,1672.0,18.6,1,2,3,1,0,0,3,1,0.05,0.11,0.16,0.05,0.16
ITA-Serie A,2425,Udinese,Razvan Sava,ROU,GK,22.0,2002.0,12,12,1080.0,12.0,0,0,0,0,0,0,1,0,0.0,0.0,0.0,0.0,0.0
ITA-Serie A,2425,Udinese,Rui Modesto,ANG,MF,24.0,1999.0,20,4,608.0,6.8,0,1,1,0,0,0,1,0,0.0,0.15,0.15,0.0,0.15
ITA-Serie A,2425,Udinese,Sandi Lovrić,SVN,MF,26.0,1998.0,36,31,2308.0,25.6,2,3,5,2,0,0,5,0,0.08,0.12,0.19,0.08,0.19
ITA-Serie A,2425,Udinese,Simone Pafundi,ITA,FW,18.0,2006.0,9,0,116.0,1.3,0,0,0,0,0,0,0,0,0.0,0.0,0.0,0.0,0.0
ITA-Serie A,2425,Udinese,Souleymane Touré,FRA,DF,21.0,2003.0,12,11,733.0,8.1,1,0,1,1,0,0,2,2,0.12,0.0,0.12,0.12,0.12
ITA-Serie A,2425,Udinese,Thomas Kristensen,DEN,DF,22.0,2002.0,24,19,1754.0,19.5,1,0,1,1,0,0,5,0,0.05,0.0,0.05,0.05,0.05
ITA-Serie A,2425,Venezia,Alessandro Marcandalli,ITA,DF,21.0,2002.0,8,5,354.0,3.9,0,0,0,0,0,0,2,0,0.0,0.0,0.0,0.0,0.0
ITA-Serie A,2425,Venezia,Alessio Zerbin,ITA,MF,25.0,1999.0,18,17,1518.0,16.9,1,1,2,1,0,0,4,0,0.06,0.06,0.12,0.06,0.12
ITA-Serie A,2425,Venezia,Alfred Duncan,GHA,MF,31.0,1993.0,16,12,957.0,10.6,0,0,0,0,0,0,2,0,0.0,0.0,0.0,0.0,0.0
ITA-Serie A,2425,Venezia,Antonio Candela,ITA,"MF,DF",24.0,2000.0,14,12,1008.0,11.2,0,1,1,0,0,0,2,0,0.0,0.09,0.09,0.0,0.09
ITA-Serie A,2425,Venezia,Antonio Raimondo,ITA,FW,20.0,2004.0,9,0,94.0,1.0,0,0,0,0,0,0,0,0,0.0,0.0,0.0,0.0,0.0
ITA-Serie A,2425,Venezia,Bjarki Bjarkason,ISL,MF,24.0,2000.0,9,1,165.0,1.8,0,0,0,0,0,0,2,0,0.0,0.0,0.0,0.0,0.0
ITA-Serie A,2425,Venezia,Cheick Oumar Conde,GUI,MF,24.0,2000.0,9,1,151.0,1.7,0,0,0,0,0,0,2,0,0.0,0.0,0.0,0.0,0.0
ITA-Serie A,2425,Venezia,Christian Gytkjær,DEN,FW,34.0,1990.0,29,6,754.0,8.4,2,1,3,1,1,1,0,0,0.24,0.12,0.36,0.12,0.24
ITA-Serie A,2425,Venezia,Daniel Fila,CZE,FW,21.0,2002.0,10,6,492.0,5.5,2,0,2,2,0,0,3,1,0.37,0.0,0.37,0.37,0.37
ITA-Serie A,2425,Venezia,Domen Črnigoj,SVN,MF,28.0,1995.0,8,1,136.0,1.5,0,0,0,0,0,0,0,0,0.0,0.0,0.0,0.0,0.0
ITA-Serie A,2425,Venezia,Fali Candé,GNB,DF,26.0,1998.0,17,17,1530.0,17.0,1,1,2,1,0,0,4,0,0.06,0.06,0.12,0.06,0.12
ITA-Serie A,2425,Venezia,Filip Stankovic,SRB,GK,22.0,2002.0,16,16,1367.0,15.2,0,0,0,0,0,0,1,0,0.0,0.0,0.0,0.0,0.0
ITA-Serie A,2425,Venezia,Francesco Zampano,ITA,MF,30.0,1993.0,24,17,1639.0,18.2,1,2,3,1,0,0,5,0,0.05,0.11,0.16,0.05,0.16
ITA-Serie A,2425,Venezia,Franco Carboni,ITA,MF,21.0,2003.0,8,3,226.0,2.5,0,0,0,0,0,0,2,0,0.0,0.0,0.0,0.0,0.0
ITA-Serie A,2425,Venezia,Gaetano Oristanio,ITA,"FW,MF",21.0,2002.0,37,29,2315.0,25.7,3,3,6,3,0,0,3,0,0.12,0.12,0.23,0.12,0.23
ITA-Serie A,2425,Venezia,Gianluca Busio,USA,MF,22.0,2002.0,33,28,2518.0,28.0,2,0,2,2,0,0,4,0,0.07,0.0,0.07,0.07,0.07
ITA-Serie A,2425,Venezia,Giorgio Altare,ITA,DF,25.0,1998.0,12,8,753.0,8.4,0,0,0,0,0,0,2,0,0.0,0.0,0.0,0.0,0.0
ITA-Serie A,2425,Venezia,Hans Nicolussi Caviglia,ITA,MF,24.0,2000.0,35,33,2861.0,31.8,4,2,6,4,0,0,7,1,0.13,0.06,0.19,0.13,0.19
ITA-Serie A,2425,Venezia,Ionuț Radu,ROU,GK,27.0,1997.0,15,15,1350.0,15.0,0,0,0,0,0,0,1,0,0.0,0.0,0.0,0.0,0.0
ITA-Serie A,2425,Venezia,Issa Doumbia,ITA,MF,20.0,2003.0,24,10,939.0,10.4,0,0,0,0,0,0,0,0,0.0,0.0,0.0,0.0,0.0
ITA-Serie A,2425,Venezia,Jay Idzes,IDN,DF,24.0,2000.0,35,35,3127.0,34.7,1,0,1,1,0,0,5,0,0.03,0.0,0.03,0.03,0.03
ITA-Serie A,2425,Venezia,Jesse Joronen,FIN,GK,31.0,1993.0,8,7,703.0,7.8,0,0,0,0,0,0,0,0,0.0,0.0,0.0,0.0,0.0
ITA-Serie A,2425,Venezia,Joel Pohjanpalo,FIN,FW,29.0,1994.0,20,19,1603.0,17.8,6,0,6,3,3,4,1,0,0.34,0.0,0.34,0.17,0.17
ITA-Serie A,2425,Venezia,John Yeboah,ECU,"FW,MF",24.0,2000.0,33,11,1226.0,13.6,1,1,2,1,0,0,6,0,0.07,0.07,0.15,0.07,0.15
ITA-Serie A,2425,Venezia,Joël Schingtienne,BEL,DF,21.0,2002.0,16,12,1122.0,12.5,0,0,0,0,0,0,2,0,0.0,0.0,0.0,0.0,0.0
ITA-Serie A,2425,Venezia,Kike Pérez,ESP,MF,27.0,1997.0,16,13,1114.0,12.4,1,0,1,1,0,0,4,0,0.08,0.0,0.08,0.08,0.08
ITA-Serie A,2425,Venezia,Magnus Kofod Andersen,DEN,MF,25.0,1999.0,14,7,695.0,7.7,1,1,2,1,0,0,1,0,0.13,0.13,0.26,0.13,0.26
ITA-Serie A,2425,Venezia,Marin Šverko,CRO,DF,26.0,1998.0,16,12,1117.0,12.4,1,0,1,1,0,0,3,0,0.08,0.0,0.08,0.08,0.08
ITA-Serie A,2425,Venezia,Michael Svoboda,AUT,DF,25.0,1998.0,16,15,1314.0,14.6,1,0,1,1,0,0,1,0,0.07,0.0,0.07,0.07,0.07
ITA-Serie A,2425,Venezia,Mikael Ellertsson,ISL,MF,22.0,2002.0,36,29,2470.0,27.4,2,2,4,2,0,0,2,0,0.07,0.07,0.15,0.07,0.15
ITA-Serie A,2425,Venezia,Mirko Marić,CRO,FW,29.0,1995.0,10,4,356.0,4.0,0,0,0,0,0,0,0,0,0.0,0.0,0.0,0.0,0.0
ITA-Serie A,2425,Venezia,Nicholas Pierini,ITA,"FW,MF",25.0,1998.0,2,0,83.0,0.9,0,0,0,0,0,0,0,0,0.0,0.0,0.0,0.0,0.0
ITA-Serie A,2425,Venezia,Nunzio Lella,ITA,MF,24.0,2000.0,1,0,5.0,0.1,0,0,0,0,0,0,0,0,0.0,0.0,0.0,0.0,0.0
ITA-Serie A,2425,Venezia,Richie Sagrado,BEL,"MF,DF",20.0,2004.0,3,3,140.0,1.6,0,0,0,0,0,0,1,0,0.0,0.0,0.0,0.0,0.0
ITA-Serie A,2425,Venezia,Ridgeciano Haps,SUR,"MF,DF",31.0,1993.0,25,14,1369.0,15.2,1,1,2,1,0,0,3,0,0.07,0.07,0.13,0.07,0.13
ITA-Serie A,2425,Venezia,Saad El Haddad,MAR,MF,19.0,2005.0,3,0,30.0,0.3,0,0,0,0,0,0,0,0,0.0,0.0,0.0,0.0,0.0
ITA-Serie A,2526,Atalanta,Ademola Lookman,NGA,"FW,MF",27.0,1997.0,12,9,795.0,8.8,2,0,2,2,0,0,0,0,0.23,0.0,0.23,0.23,0.23
ITA-Serie A,2526,Atalanta,Berat Djimsiti,ALB,DF,32.0,1993.0,34,29,2525.0,28.1,0,0,0,0,0,0,4,0,0.0,0.0,0.0,0.0,0.0
ITA-Serie A,2526,Atalanta,Charles De Ketelaere,BEL,"MF,FW",24.0,2001.0,31,26,2177.0,24.2,3,5,8,3,0,0,4,0,0.12,0.21,0.33,0.12,0.33
ITA-Serie A,2526,Atalanta,Daniel Maldini,ITA,MF,23.0,2001.0,9,3,264.0,2.9,0,0,0,0,0,0,1,0,0.0,0.0,0.0,0.0,0.0
ITA-Serie A,2526,Atalanta,Davide Zappacosta,ITA,MF,33.0,1992.0,35,30,2569.0,28.5,3,3,6,3,0,0,3,0,0.11,0.11,0.21,0.11,0.21
ITA-Serie A,2526,Atalanta,Dominic Vavassori,ITA,FW,19.0,2005.0,1,0,10.0,0.1,0,0,0,0,0,0,0,0,0.0,0.0,0.0,0.0,0.0
ITA-Serie A,2526,Atalanta,Giacomo Raspadori,ITA,"MF,FW",25.0,2000.0,13,7,796.0,8.8,3,1,4,3,0,0,0,0,0.34,0.11,0.45,0.34,0.45
ITA-Serie A,2526,Atalanta,Gianluca Scamacca,ITA,FW,26.0,1999.0,24,16,1315.0,14.6,10,1,11,8,2,2,2,0,0.68,0.07,0.75,0.55,0.62
ITA-Serie A,2526,Atalanta,Giorgio Scalvini,ITA,DF,21.0,2003.0,24,23,1808.0,20.1,3,1,4,3,0,0,2,0,0.15,0.05,0.2,0.15,0.2
ITA-Serie A,2526,Atalanta,Honest Ahanor,ITA,DF,17.0,2008.0,22,15,1377.0,15.3,0,0,0,0,0,0,2,1,0.0,0.0,0.0,0.0,0.0
ITA-Serie A,2526,Atalanta,Isak Hien,SWE,DF,26.0,1999.0,28,20,1970.0,21.9,1,0,1,1,0,0,5,0,0.05,0.0,0.05,0.05,0.05
ITA-Serie A,2526,Atalanta,Kamaldeen Sulemana,GHA,MF,23.0,2002.0,25,9,1011.0,11.2,2,1,3,2,0,0,4,0,0.18,0.09,0.27,0.18,0.27
ITA-Serie A,2526,Atalanta,Lazar Samardzic,SRB,MF,23.0,2002.0,26,11,1030.0,11.4,2,1,3,2,0,0,1,0,0.17,0.09,0.26,0.17,0.26
ITA-Serie A,2526,Atalanta,Lorenzo Bernasconi,ITA,MF,21.0,2003.0,23,17,1572.0,17.5,0,3,3,0,0,0,3,0,0.0,0.17,0.17,0.0,0.17
ITA-Serie A,2526,Atalanta,Marco Brescianini,ITA,MF,25.0,2000.0,9,0,182.0,2.0,1,0,1,1,0,0,1,0,0.49,0.0,0.49,0.49,0.49
ITA-Serie A,2526,Atalanta,Marco Carnesecchi,ITA,GK,25.0,2000.0,37,37,3330.0,37.0,0,0,0,0,0,0,0,0,0.0,0.0,0.0,0.0,0.0
ITA-Serie A,2526,Atalanta,Marco Sportiello,ITA,GK,33.0,1992.0,1,1,90.0,1.0,0,0,0,0,0,0,0,0,0.0,0.0,0.0,0.0,0.0
ITA-Serie A,2526,Atalanta,Mario Pašalić,CRO,MF,30.0,1995.0,33,21,1936.0,21.5,3,4,7,3,0,0,3,0,0.14,0.19,0.33,0.14,0.33
ITA-Serie A,2526,Atalanta,Marten de Roon,NED,MF,34.0,1991.0,34,32,2691.0,29.9,1,2,3,1,0,0,8,1,0.03,0.07,0.1,0.03,0.1
ITA-Serie A,2526,Atalanta,Mitchel Bakker,NED,"DF,MF",25.0,2000.0,1,0,9.0,0.1,0,0,0,0,0,0,0,0,0.0,0.0,0.0,0.0,0.0
ITA-Serie A,2526,Atalanta,Nicola Zalewski,POL,MF,23.0,2002.0,33,24,1897.0,21.1,2,4,6,2,0,0,3,0,0.09,0.19,0.28,0.09,0.28
ITA-Serie A,2526,Atalanta,Nikola Krstović,MNE,FW,25.0,2000.0,33,18,1791.0,19.9,10,5,15,10,0,0,4,0,0.5,0.25,0.75,0.5,0.75
ITA-Serie A,2526,Atalanta,Odilon Kossounou,CIV,DF,24.0,2001.0,19,10,988.0,11.0,1,0,1,1,0,0,1,0,0.09,0.0,0.09,0.09,0.09
ITA-Serie A,2526,Atalanta,Raoul Bellanova,ITA,MF,25.0,2000.0,24,15,1377.0,15.3,0,1,1,0,0,0,2,0,0.0,0.07,0.07,0.0,0.07
ITA-Serie A,2526,Atalanta,Sead Kolašinac,BIH,DF,32.0,1993.0,19,15,1212.0,13.5,0,0,0,0,0,0,3,0,0.0,0.0,0.0,0.0,0.0
ITA-Serie A,2526,Atalanta,Yunus Musah,USA,MF,22.0,2002.0,19,4,574.0,6.4,1,0,1,1,0,0,1,0,0.16,0.0,0.16,0.16,0.16
ITA-Serie A,2526,Atalanta,Éderson Silva,BRA,MF,26.0,1999.0,30,26,2230.0,24.8,2,1,3,1,1,1,3,0,0.08,0.04,0.12,0.04,0.08
ITA-Serie A,2526,Bologna,Babis Lykogiannis,GRE,DF,31.0,1993.0,10,7,627.0,7.0,0,1,1,0,0,0,3,0,0.0,0.14,0.14,0.0,0.14
ITA-Serie A,2526,Bologna,Benjamín Domínguez,ARG,MF,21.0,2003.0,15,6,547.0,6.1,0,3,3,0,0,0,1,0,0.0,0.49,0.49,0.0,0.49
ITA-Serie A,2526,Bologna,Ciro Immobile,ITA,FW,35.0,1990.0,6,2,193.0,2.1,0,0,0,0,0,0,1,0,0.0,0.0,0.0,0.0,0.0
ITA-Serie A,2526,Bologna,Eivind Helland,NOR,DF,20.0,2005.0,6,6,484.0,5.4,0,0,0,0,0,0,2,0,0.0,0.0,0.0,0.0,0.0
ITA-Serie A,2526,Bologna,Emil Holm,SWE,DF,25.0,2000.0,11,8,655.0,7.3,1,4,5,1,0,0,3,1,0.14,0.55,0.69,0.14,0.69
ITA-Serie A,2526,Bologna,Federico Bernardeschi,ITA,"MF,FW",31.0,1994.0,29,12,1217.0,13.5,4,2,6,3,1,1,3,0,0.3,0.15,0.44,0.22,0.37
ITA-Serie A,2526,Bologna,Federico Ravaglia,ITA,GK,25.0,1999.0,17,16,1470.0,16.3,0,0,0,0,0,0,4,0,0.0,0.0,0.0,0.0,0.0
ITA-Serie A,2526,Bologna,Giovanni Fabbian,ITA,MF,22.0,2003.0,14,8,705.0,7.8,2,0,2,2,0,0,0,0,0.26,0.0,0.26,0.26,0.26
ITA-Serie A,2526,Bologna,Ibrahim Sulemana,GHA,MF,22.0,2003.0,3,0,45.0,0.5,0,0,0,0,0,0,1,0,0.0,0.0,0.0,0.0,0.0
ITA-Serie A,2526,Bologna,Jens Odgaard,DEN,MF,26.0,1999.0,26,16,1378.0,15.3,5,1,6,5,0,0,1,0,0.33,0.07,0.39,0.33,0.39
ITA-Serie A,2526,Bologna,Jhon Lucumí,COL,DF,27.0,1998.0,29,26,2287.0,25.4,1,0,1,1,0,0,5,0,0.04,0.0,0.04,0.04,0.04
ITA-Serie A,2526,Bologna,Jonathan Rowe,ENG,"MF,FW",22.0,2003.0,28,17,1605.0,17.8,3,2,5,3,0,0,2,0,0.17,0.11,0.28,0.17,0.28
ITA-Serie A,2526,Bologna,João Mário Lopes,POR,"DF,MF",25.0,2000.0,10,10,735.0,8.2,1,0,1,1,0,0,1,0,0.12,0.0,0.12,0.12,0.12
ITA-Serie A,2526,Bologna,Juan Miranda,ESP,DF,25.0,2000.0,32,29,2573.0,28.6,1,3,4,1,0,0,6,0,0.03,0.1,0.14,0.03,0.14
ITA-Serie A,2526,Bologna,Lewis Ferguson,SCO,MF,25.0,1999.0,27,17,1601.0,17.8,1,0,1,1,0,0,7,1,0.06,0.0,0.06,0.06,0.06
ITA-Serie A,2526,Bologna,Lorenzo De Silvestri,ITA,DF,37.0,1988.0,12,6,491.0,5.5,0,0,0,0,0,0,2,0,0.0,0.0,0.0,0.0,0.0
ITA-Serie A,2526,Bologna,Martin Vitík,CZE,DF,22.0,2003.0,19,14,1325.0,14.7,0,0,0,0,0,0,3,0,0.0,0.0,0.0,0.0,0.0
ITA-Serie A,2526,Bologna,Massimo Pessina,ITA,GK,17.0,2007.0,4,3,353.0,3.9,0,0,0,0,0,0,0,0,0.0,0.0,0.0,0.0,0.0
ITA-Serie A,2526,Bologna,Nadir Zortea,ITA,DF,26.0,1999.0,32,16,1819.0,20.2,0,2,2,0,0,0,2,0,0.0,0.1,0.1,0.0,0.1
ITA-Serie A,2526,Bologna,Nicolò Cambiaghi,ITA,"MF,FW",24.0,2000.0,28,17,1518.0,16.9,3,4,7,3,0,0,3,1,0.18,0.24,0.42,0.18,0.42
ITA-Serie A,2526,Bologna,Nicolò Casale,ITA,DF,27.0,1998.0,12,8,678.0,7.5,0,0,0,0,0,0,0,0,0.0,0.0,0.0,0.0,0.0
ITA-Serie A,2526,Bologna,Nikola Moro,CRO,MF,27.0,1998.0,30,19,1799.0,20.0,2,0,2,2,0,0,1,0,0.1,0.0,0.1,0.1,0.1
ITA-Serie A,2526,Bologna,Remo Freuler,SUI,MF,33.0,1992.0,29,26,2213.0,24.6,1,2,3,1,0,0,5,0,0.04,0.08,0.12,0.04,0.12
ITA-Serie A,2526,Bologna,Riccardo Orsolini,ITA,"MF,FW",28.0,1997.0,35,26,2111.0,23.5,10,1,11,6,4,6,2,0,0.43,0.04,0.47,0.26,0.3
ITA-Serie A,2526,Bologna,Santiago Castro,ARG,FW,20.0,2004.0,35,26,2359.0,26.2,7,2,9,7,0,0,3,0,0.27,0.08,0.34,0.27,0.34
ITA-Serie A,2526,Bologna,Simon Sohm,SUI,MF,24.0,2001.0,12,9,717.0,8.0,0,0,0,0,0,0,1,0,0.0,0.0,0.0,0.0,0.0
ITA-Serie A,2526,Bologna,Thijs Dallinga,NED,FW,24.0,2000.0,23,9,811.0,9.0,2,2,4,2,0,0,2,0,0.22,0.22,0.44,0.22,0.44
ITA-Serie A,2526,Bologna,Tommaso Pobega,ITA,MF,26.0,1999.0,26,17,1434.0,15.9,3,1,4,3,0,0,2,1,0.19,0.06,0.25,0.19,0.25
ITA-Serie A,2526,Bologna,Torbjørn Heggem,NOR,DF,26.0,1999.0,27,23,2113.0,23.5,0,0,0,0,0,0,0,1,0.0,0.0,0.0,0.0,0.0
ITA-Serie A,2526,Bologna,Łukasz Skorupski,POL,GK,34.0,1991.0,19,19,1592.0,17.7,0,0,0,0,0,0,1,1,0.0,0.0,0.0,0.0,0.0
ITA-Serie A,2526,Cagliari,Adam Obert,SVK,"DF,MF",22.0,2002.0,35,33,2771.0,30.8,0,3,3,0,0,0,10,1,0.0,0.1,0.1,0.0,0.1
ITA-Serie A,2526,Cagliari,Agustín Albarracín,URU,FW,19.0,2005.0,2,0,33.0,0.4,0,0,0,0,0,0,0,0,0.0,0.0,0.0,0.0,0.0
ITA-Serie A,2526,Cagliari,Alberto Dossena,ITA,DF,26.0,1998.0,12,9,859.0,9.5,0,1,1,0,0,0,5,0,0.0,0.1,0.1,0.0,0.1
ITA-Serie A,2526,Cagliari,Alessandro Deiola,ITA,"MF,DF",29.0,1995.0,20,17,1430.0,15.9,0,2,2,0,0,0,3,0,0.0,0.13,0.13,0.0,0.13
ITA-Serie A,2526,Cagliari,Alessandro Di Pardo,ITA,"DF,MF",26.0,1999.0,3,0,54.0,0.6,0,0,0,0,0,0,0,0,0.0,0.0,0.0,0.0,0.0
ITA-Serie A,2526,Cagliari,Andrea Belotti,ITA,FW,31.0,1993.0,8,3,221.0,2.5,2,0,2,1,1,1,0,0,0.81,0.0,0.81,0.41,0.41
ITA-Serie A,2526,Cagliari,Elia Caprile,ITA,GK,23.0,2001.0,38,38,3420.0,38.0,0,0,0,0,0,0,2,0,0.0,0.0,0.0,0.0,0.0
ITA-Serie A,2526,Cagliari,Gabriele Zappa,ITA,"DF,MF",25.0,1999.0,31,18,1597.0,17.7,0,3,3,0,0,0,2,0,0.0,0.17,0.17,0.0,0.17
ITA-Serie A,2526,Cagliari,Gennaro Borrelli,ITA,FW,25.0,2000.0,27,13,1275.0,14.2,5,1,6,5,0,0,4,0,0.35,0.07,0.42,0.35,0.42
ITA-Serie A,2526,Cagliari,Gianluca Gaetano,ITA,"MF,FW",25.0,2000.0,33,21,1912.0,21.2,2,4,6,2,0,0,4,0,0.09,0.19,0.28,0.09,0.28
ITA-Serie A,2526,Cagliari,Ibrahim Sulemana,GHA,MF,22.0,2003.0,16,7,860.0,9.6,1,0,1,1,0,0,2,0,0.1,0.0,0.1,0.1,0.1
ITA-Serie A,2526,Cagliari,Joseph Liteta,ZAM,MF,19.0,2006.0,4,4,264.0,2.9,0,0,0,0,0,0,0,0,0.0,0.0,0.0,0.0,0.0
ITA-Serie A,2526,Cagliari,Juan Rodríguez,URU,DF,20.0,2005.0,17,16,1310.0,14.6,1,0,1,1,0,0,3,0,0.07,0.0,0.07,0.07,0.07
ITA-Serie A,2526,Cagliari,Leonardo Pavoletti,ITA,FW,36.0,1988.0,13,1,227.0,2.5,1,1,2,1,0,0,1,0,0.4,0.4,0.79,0.4,0.79
ITA-Serie A,2526,Cagliari,Luca Mazzitelli,ITA,MF,29.0,1995.0,18,9,767.0,8.5,2,2,4,2,0,0,3,0,0.23,0.23,0.47,0.23,0.47
ITA-Serie A,2526,Cagliari,Marco Palestra,ITA,"MF,DF",20.0,2005.0,37,34,3081.0,34.2,1,4,5,1,0,0,3,0,0.03,0.12,0.15,0.03,0.15
ITA-Serie A,2526,Cagliari,Matteo Prati,ITA,MF,21.0,2003.0,20,15,1268.0,14.1,1,0,1,1,0,0,4,0,0.07,0.0,0.07,0.07,0.07
ITA-Serie A,2526,Cagliari,Mattia Felici,ITA,MF,24.0,2001.0,12,4,412.0,4.6,2,1,3,2,0,0,3,0,0.44,0.22,0.66,0.44,0.66
ITA-Serie A,2526,Cagliari,Michael Folorunsho,ITA,"MF,FW",27.0,1998.0,27,24,1999.0,22.2,2,0,2,2,0,0,3,0,0.09,0.0,0.09,0.09,0.09
ITA-Serie A,2526,Cagliari,Michel Ndary Adopo,FRA,MF,25.0,2000.0,38,33,3050.0,33.9,1,2,3,1,0,0,4,0,0.03,0.06,0.09,0.03,0.09
ITA-Serie A,2526,Cagliari,Nicolò Cavuoti,ITA,MF,22.0,2003.0,4,0,44.0,0.5,0,0,0,0,0,0,0,0,0.0,0.0,0.0,0.0,0.0
ITA-Serie A,2526,Cagliari,Othniel Raterink,NED,DF,19.0,2006.0,1,0,7.0,0.1,0,0,0,0,0,0,0,0,0.0,0.0,0.0,0.0,0.0
ITA-Serie A,2526,Cagliari,Paul Mendy,SEN,FW,18.0,2007.0,9,3,335.0,3.7,2,0,2,2,0,0,1,0,0.54,0.0,0.54,0.54,0.54
ITA-Serie A,2526,Cagliari,Riyad Idrissi,ITA,"MF,DF",20.0,2005.0,23,4,783.0,8.7,2,0,2,2,0,0,3,0,0.23,0.0,0.23,0.23,0.23
ITA-Serie A,2526,Cagliari,Sebastiano Esposito,ITA,"FW,MF",23.0,2002.0,36,34,2675.0,29.7,7,5,12,6,1,1,6,0,0.24,0.17,0.4,0.2,0.37
ITA-Serie A,2526,Cagliari,Sebastiano Luperto,ITA,DF,28.0,1996.0,19,19,1706.0,19.0,1,0,1,1,0,0,3,0,0.05,0.0,0.05,0.05,0.05
ITA-Serie A,2526,Cagliari,Semih Kılıçsoy,TUR,FW,19.0,2005.0,22,11,975.0,10.8,4,0,4,4,0,0,1,0,0.37,0.0,0.37,0.37,0.37
ITA-Serie A,2526,Cagliari,Yael Trepy,,FW,,,8,0,91.0,1.0,1,0,1,1,0,0,0,0,0.99,0.0,0.99,0.99,0.99
ITA-Serie A,2526,Cagliari,Yerry Mina,COL,DF,30.0,1994.0,26,26,2150.0,23.9,2,0,2,2,0,0,5,1,0.08,0.0,0.08,0.08,0.08
ITA-Serie A,2526,Cagliari,Zito Luvumbo,ANG,"MF,FW",23.0,2002.0,12,2,329.0,3.7,0,0,0,0,0,0,0,0,0.0,0.0,0.0,0.0,0.0
ITA-Serie A,2526,Cagliari,Zé Pedro Figueiredo,POR,DF,28.0,1997.0,23,20,1699.0,18.9,0,1,1,0,0,0,6,0,0.0,0.05,0.05,0.0,0.05
ITA-Serie A,2526,Como,Alberto Moreno,ESP,DF,33.0,1992.0,19,13,1233.0,13.7,2,1,3,2,0,0,4,0,0.15,0.07,0.22,0.15,0.22
ITA-Serie A,2526,Como,Anastasios Douvikas,GRE,FW,25.0,1999.0,38,25,2273.0,25.3,14,1,15,13,1,1,0,0,0.55,0.04,0.59,0.51,0.55
ITA-Serie A,2526,Como,Andréa Le Borgne,FRA,MF,19.0,2006.0,1,0,1.0,0.0,0,0,0,0,0,0,0,0,0.0,0.0,0.0,0.0,0.0
ITA-Serie A,2526,Como,Assane Diao,SEN,MF,19.0,2005.0,17,13,1075.0,11.9,2,1,3,2,0,0,2,0,0.17,0.08,0.25,0.17,0.25
ITA-Serie A,2526,Como,Diego Carlos,BRA,DF,32.0,1993.0,27,21,1949.0,21.7,1,0,1,1,0,0,8,0,0.05,0.0,0.05,0.05,0.05
ITA-Serie A,2526,Como,Edoardo Goldaniga,ITA,DF,31.0,1993.0,2,0,15.0,0.2,0,0,0,0,0,0,0,0,0.0,0.0,0.0,0.0,0.0
ITA-Serie A,2526,Como,Ignace Van Der Brempt,BEL,DF,23.0,2002.0,20,11,931.0,10.3,0,1,1,0,0,0,2,0,0.0,0.1,0.1,0.0,0.1
ITA-Serie A,2526,Como,Ivan Smolčić,CRO,DF,24.0,2000.0,28,19,1662.0,18.5,0,1,1,0,0,0,8,0,0.0,0.05,0.05,0.0,0.05
ITA-Serie A,2526,Como,Jacobo Ramón,ESP,DF,20.0,2005.0,32,30,2742.0,30.5,2,0,2,2,0,0,11,1,0.07,0.0,0.07,0.07,0.07
ITA-Serie A,2526,Como,Jayden Addai,NED,MF,19.0,2005.0,12,7,686.0,7.6,3,0,3,3,0,0,4,0,0.39,0.0,0.39,0.39,0.39
ITA-Serie A,2526,Como,Jean Butez,FRA,GK,30.0,1995.0,38,38,3420.0,38.0,0,1,1,0,0,0,3,0,0.0,0.03,0.03,0.0,0.03
ITA-Serie A,2526,Como,Jesus Rodríguez,ESP,MF,19.0,2005.0,31,18,1731.0,19.2,2,9,11,2,0,0,3,1,0.1,0.47,0.57,0.1,0.57
ITA-Serie A,2526,Como,Lucas Da Cunha,FRA,MF,24.0,2001.0,36,31,2739.0,30.4,6,4,10,2,4,4,4,0,0.2,0.13,0.33,0.07,0.2
ITA-Serie A,2526,Como,Marc-Oliver Kempf,GER,DF,30.0,1995.0,34,27,2326.0,25.8,4,1,5,4,0,0,3,0,0.15,0.04,0.19,0.15,0.19
ITA-Serie A,2526,Como,Martin Baturina,CRO,"MF,FW",22.0,2003.0,29,17,1569.0,17.4,6,3,9,6,0,0,0,0,0.34,0.17,0.52,0.34,0.52
ITA-Serie A,2526,Como,Maxence Caqueret,FRA,MF,25.0,2000.0,30,17,1485.0,16.5,2,6,8,2,0,0,3,0,0.12,0.36,0.48,0.12,0.48
ITA-Serie A,2526,Como,Máximo Perrone,ARG,MF,22.0,2003.0,36,33,2742.0,30.5,3,4,7,3,0,0,8,0,0.1,0.13,0.23,0.1,0.23
ITA-Serie A,2526,Como,Mërgim Vojvoda,KVX,"MF,DF",30.0,1995.0,30,19,1591.0,17.7,2,2,4,2,0,0,2,0,0.11,0.11,0.23,0.11,0.23
ITA-Serie A,2526,Como,Nicolas-Gerrit Kühn,GER,MF,25.0,2000.0,23,6,665.0,7.4,1,1,2,1,0,0,0,0,0.14,0.14,0.27,0.14,0.27
ITA-Serie A,2526,Como,Nicolás Paz,ARG,MF,20.0,2004.0,35,33,2878.0,32.0,12,6,18,12,0,2,5,0,0.38,0.19,0.56,0.38,0.56
ITA-Serie A,2526,Como,Sergi Roberto,ESP,MF,33.0,1992.0,20,5,544.0,6.0,0,0,0,0,0,0,3,0,0.0,0.0,0.0,0.0,0.0
ITA-Serie A,2526,Como,Stefan Posch,AUT,DF,28.0,1997.0,14,3,393.0,4.4,1,0,1,1,0,0,1,0,0.23,0.0,0.23,0.23,0.23
ITA-Serie A,2526,Como,Álex Valle,ESP,DF,21.0,2004.0,28,23,2026.0,22.5,1,4,5,1,0,0,3,0,0.04,0.18,0.22,0.04,0.22
ITA-Serie A,2526,Como,Álvaro Morata,ESP,FW,32.0,1992.0,26,9,930.0,10.3,0,1,1,0,0,1,4,1,0.0,0.1,0.1,0.0,0.1
ITA-Serie A,2526,Cremonese,Alberto Grassi,ITA,MF,30.0,1995.0,30,18,1753.0,19.5,0,0,0,0,0,0,4,1,0.0,0.0,0.0,0.0,0.0
ITA-Serie A,2526,Cremonese,Alessio Zerbin,ITA,MF,26.0,1999.0,32,17,1646.0,18.3,0,3,3,0,0,0,1,0,0.0,0.16,0.16,0.0,0.16
ITA-Serie A,2526,Cremonese,Antonio Sanabria,PAR,FW,29.0,1996.0,25,10,945.0,10.5,1,1,2,1,0,0,2,0,0.1,0.1,0.19,0.1,0.19
ITA-Serie A,2526,Cremonese,Dachi Lordkipanidze,GEO,MF,20.0,2005.0,1,0,29.0,0.3,0,0,0,0,0,0,0,0,0.0,0.0,0.0,0.0,0.0
ITA-Serie A,2526,Cremonese,David Okereke,NGA,"FW,MF",27.0,1997.0,10,3,403.0,4.5,2,0,2,2,0,0,0,1,0.45,0.0,0.45,0.45,0.45
ITA-Serie A,2526,Cremonese,Dennis Johnsen,NOR,"MF,FW",27.0,1998.0,11,5,390.0,4.3,1,1,2,1,0,0,0,0,0.23,0.23,0.46,0.23,0.46
ITA-Serie A,2526,Cremonese,Emil Audero,IDN,GK,28.0,1997.0,34,34,3060.0,34.0,0,0,0,0,0,0,0,0,0.0,0.0,0.0,0.0,0.0
ITA-Serie A,2526,Cremonese,Faris Pemi Moumbagna,CMR,FW,25.0,2000.0,5,0,93.0,1.0,0,0,0,0,0,0,0,0,0.0,0.0,0.0,0.0,0.0
ITA-Serie A,2526,Cremonese,Federico Baschirotto,ITA,DF,28.0,1996.0,29,29,2540.0,28.2,2,0,2,2,0,0,2,0,0.07,0.0,0.07,0.07,0.07
ITA-Serie A,2526,Cremonese,Federico Bonazzoli,ITA,FW,28.0,1997.0,35,31,2510.0,27.9,10,1,11,7,3,3,4,0,0.36,0.04,0.39,0.25,0.29
ITA-Serie A,2526,Cremonese,Federico Ceccherini,ITA,DF,33.0,1992.0,9,6,476.0,5.3,0,1,1,0,0,0,1,1,0.0,0.19,0.19,0.0,0.19
ITA-Serie A,2526,Cremonese,Filippo Terracciano,ITA,DF,22.0,2003.0,36,33,3011.0,33.5,2,0,2,2,0,0,6,0,0.06,0.0,0.06,0.06,0.06
ITA-Serie A,2526,Cremonese,Francesco Folino,ITA,DF,23.0,2002.0,18,7,722.0,8.0,1,0,1,1,0,0,1,0,0.12,0.0,0.12,0.12,0.12
ITA-Serie A,2526,Cremonese,Franco Vázquez,ARG,"FW,MF",36.0,1989.0,15,4,524.0,5.8,1,1,2,1,0,0,1,0,0.17,0.17,0.34,0.17,0.34
ITA-Serie A,2526,Cremonese,Giuseppe Pezzella,ITA,"MF,DF",27.0,1997.0,31,30,2585.0,28.7,0,1,1,0,0,0,8,1,0.0,0.03,0.03,0.0,0.03
ITA-Serie A,2526,Cremonese,Jamie Vardy,ENG,FW,38.0,1987.0,29,24,2105.0,23.4,7,2,9,7,0,0,5,0,0.3,0.09,0.38,0.3,0.38
ITA-Serie A,2526,Cremonese,Jari Vandeputte,BEL,MF,29.0,1996.0,32,23,1944.0,21.6,1,5,6,1,0,0,3,0,0.05,0.23,0.28,0.05,0.28
ITA-Serie A,2526,Cremonese,Jeremy Sarmiento,ECU,MF,23.0,2002.0,7,0,142.0,1.6,0,0,0,0,0,0,0,0,0.0,0.0,0.0,0.0,0.0
ITA-Serie A,2526,Cremonese,Manuel De Luca,ITA,FW,27.0,1998.0,2,0,16.0,0.2,1,0,1,0,1,1,0,0,5.63,0.0,5.63,0.0,0.0
ITA-Serie A,2526,Cremonese,Marco Silvestri,ITA,GK,34.0,1991.0,4,4,360.0,4.0,0,0,0,0,0,0,0,0,0.0,0.0,0.0,0.0,0.0
ITA-Serie A,2526,Cremonese,Martín Payero,ARG,MF,26.0,1998.0,25,16,1457.0,16.2,1,0,1,1,0,0,8,0,0.06,0.0,0.06,0.06,0.06
ITA-Serie A,2526,Cremonese,Matteo Bianchetti,ITA,DF,32.0,1993.0,27,25,2192.0,24.4,0,2,2,0,0,0,4,0,0.0,0.08,0.08,0.0,0.08
ITA-Serie A,2526,Cremonese,Michele Collocolo,ITA,MF,25.0,1999.0,8,5,362.0,4.0,0,0,0,0,0,0,1,0,0.0,0.0,0.0,0.0,0.0
ITA-Serie A,2526,Cremonese,Mikayil Ngor Faye,SEN,"MF,DF",21.0,2004.0,8,2,254.0,2.8,0,0,0,0,0,0,1,0,0.0,0.0,0.0,0.0,0.0
ITA-Serie A,2526,Cremonese,Milan Đurić,BIH,FW,35.0,1990.0,11,3,386.0,4.3,0,1,1,0,0,0,1,1,0.0,0.23,0.23,0.0,0.23
ITA-Serie A,2526,Cremonese,Morten Thorsby,NOR,MF,29.0,1996.0,11,8,643.0,7.1,1,0,1,1,0,0,2,0,0.14,0.0,0.14,0.14,0.14
ITA-Serie A,2526,Cremonese,Romano Floriani,ITA,MF,22.0,2003.0,28,12,1168.0,13.0,0,1,1,0,0,0,2,0,0.0,0.08,0.08,0.0,0.08
ITA-Serie A,2526,Cremonese,Sebastiano Luperto,ITA,DF,28.0,1996.0,15,15,1307.0,14.5,0,1,1,0,0,0,1,0,0.0,0.07,0.07,0.0,0.07
ITA-Serie A,2526,Cremonese,Simone Lottici Tessadri,ITA,MF,19.0,2006.0,1,0,6.0,0.1,0,0,0,0,0,0,0,0,0.0,0.0,0.0,0.0,0.0
ITA-Serie A,2526,Cremonese,Tommaso Barbieri,ITA,MF,22.0,2002.0,29,18,1707.0,19.0,0,1,1,0,0,0,8,0,0.0,0.05,0.05,0.0,0.05
ITA-Serie A,2526,Cremonese,Warren Bondo,FRA,MF,21.0,2003.0,27,22,1762.0,19.6,0,0,0,0,0,0,5,0,0.0,0.0,0.0,0.0,0.0
ITA-Serie A,2526,Cremonese,Youssef Maleh,MAR,MF,26.0,1998.0,14,14,1100.0,12.2,1,0,1,1,0,0,2,1,0.08,0.0,0.08,0.08,0.08
ITA-Serie A,2526,Fiorentina,Abdelhamid Sabiri,MAR,MF,28.0,1996.0,1,0,27.0,0.3,0,0,0,0,0,0,0,0,0.0,0.0,0.0,0.0,0.0
ITA-Serie A,2526,Fiorentina,Albert Guðmundsson,ISL,"FW,MF",28.0,1997.0,33,27,2250.0,25.0,5,4,9,2,3,3,4,1,0.2,0.16,0.36,0.08,0.24
ITA-Serie A,2526,Fiorentina,Amir Richardson,MAR,MF,23.0,2002.0,2,0,42.0,0.5,0,0,0,0,0,0,0,0,0.0,0.0,0.0,0.0,0.0
ITA-Serie A,2526,Fiorentina,Cher Ndour,ITA,MF,21.0,2004.0,33,20,1876.0,20.8,3,0,3,3,0,0,2,0,0.14,0.0,0.14,0.14,0.14
ITA-Serie A,2526,Fiorentina,Christian Kouamé,CIV,"FW,MF",27.0,1997.0,2,0,27.0,0.3,0,0,0,0,0,0,0,0,0.0,0.0,0.0,0.0,0.0
ITA-Serie A,2526,Fiorentina,Daniele Rugani,ITA,DF,31.0,1994.0,6,4,327.0,3.6,0,0,0,0,0,0,2,0,0.0,0.0,0.0,0.0,0.0
ITA-Serie A,2526,Fiorentina,David de Gea,ESP,GK,34.0,1990.0,37,37,3330.0,37.0,0,0,0,0,0,0,0,0,0.0,0.0,0.0,0.0,0.0
ITA-Serie A,2526,Fiorentina,Dodô,BRA,"DF,MF",26.0,1998.0,36,36,3134.0,34.8,1,2,3,1,0,0,7,0,0.03,0.06,0.09,0.03,0.09
ITA-Serie A,2526,Fiorentina,Eddy Kouadio,CIV,DF,19.0,2006.0,3,0,72.0,0.8,0,0,0,0,0,0,0,0,0.0,0.0,0.0,0.0,0.0
ITA-Serie A,2526,Fiorentina,Edin Džeko,BIH,FW,39.0,1986.0,11,2,244.0,2.7,0,0,0,0,0,0,1,0,0.0,0.0,0.0,0.0,0.0
ITA-Serie A,2526,Fiorentina,Fabiano Parisi,ITA,"MF,FW",24.0,2000.0,23,18,1520.0,16.9,1,1,2,1,0,0,6,0,0.06,0.06,0.12,0.06,0.12
ITA-Serie A,2526,Fiorentina,Giovanni Fabbian,ITA,MF,22.0,2003.0,15,4,468.0,5.2,0,0,0,0,0,0,2,0,0.0,0.0,0.0,0.0,0.0
ITA-Serie A,2526,Fiorentina,Hans Nicolussi Caviglia,ITA,MF,25.0,2000.0,11,7,585.0,6.5,0,1,1,0,0,0,4,0,0.0,0.15,0.15,0.0,0.15
ITA-Serie A,2526,Fiorentina,Jack Harrison,ENG,"FW,MF",28.0,1996.0,15,10,981.0,10.9,1,3,4,1,0,0,1,0,0.09,0.28,0.37,0.09,0.37
ITA-Serie A,2526,Fiorentina,Jacopo Fazzini,ITA,"MF,FW",22.0,2003.0,20,5,584.0,6.5,0,0,0,0,0,0,2,0,0.0,0.0,0.0,0.0,0.0
ITA-Serie A,2526,Fiorentina,Luca Lezzerini,ITA,GK,30.0,1995.0,1,0,4.0,0.0,0,0,0,0,0,0,0,0,0.0,0.0,0.0,0.0,0.0
ITA-Serie A,2526,Fiorentina,Luca Ranieri,ITA,DF,26.0,1999.0,34,29,2458.0,27.3,1,0,1,1,0,0,8,1,0.04,0.0,0.04,0.04,0.04
ITA-Serie A,2526,Fiorentina,Luís Balbo,VEN,DF,19.0,2006.0,6,1,212.0,2.4,0,0,0,0,0,0,0,0,0.0,0.0,0.0,0.0,0.0
ITA-Serie A,2526,Fiorentina,Manor Solomon,ISR,"FW,MF",26.0,1999.0,16,9,890.0,9.9,2,1,3,2,0,0,1,0,0.2,0.1,0.3,0.2,0.3
ITA-Serie A,2526,Fiorentina,Marco Brescianini,ITA,MF,25.0,2000.0,17,10,862.0,9.6,1,1,2,1,0,0,1,0,0.1,0.1,0.21,0.1,0.21
ITA-Serie A,2526,Fiorentina,Marin Pongračić,CRO,DF,27.0,1997.0,35,33,2918.0,32.4,0,0,0,0,0,0,12,0,0.0,0.0,0.0,0.0,0.0
ITA-Serie A,2526,Fiorentina,Mattia Viti,ITA,"MF,DF",23.0,2002.0,10,2,265.0,2.9,0,0,0,0,0,0,3,1,0.0,0.0,0.0,0.0,0.0
ITA-Serie A,2526,Fiorentina,Moise Kean,ITA,FW,25.0,2000.0,26,23,2036.0,22.6,8,1,9,6,2,2,4,0,0.35,0.04,0.4,0.27,0.31
ITA-Serie A,2526,Fiorentina,Niccolò Fortini,ITA,MF,19.0,2006.0,16,2,541.0,6.0,0,0,0,0,0,0,0,0,0.0,0.0,0.0,0.0,0.0
ITA-Serie A,2526,Fiorentina,Nicolò Fagioli,ITA,MF,24.0,2001.0,33,30,2554.0,28.4,2,3,5,2,0,0,5,0,0.07,0.11,0.18,0.07,0.18
ITA-Serie A,2526,Fiorentina,Oliver Christensen,DEN,GK,26.0,1999.0,1,1,86.0,1.0,0,0,0,0,0,0,0,0,0.0,0.0,0.0,0.0,0.0
ITA-Serie A,2526,Fiorentina,Pablo Marí,ESP,DF,31.0,1993.0,11,9,808.0,9.0,0,0,0,0,0,0,3,0,0.0,0.0,0.0,0.0,0.0
ITA-Serie A,2526,Fiorentina,Pietro Comuzzo,ITA,DF,20.0,2005.0,27,18,1696.0,18.8,1,0,1,1,0,0,2,0,0.05,0.0,0.05,0.05,0.05
ITA-Serie A,2526,Fiorentina,Riccardo Braschi,ITA,FW,18.0,2006.0,2,1,105.0,1.2,0,0,0,0,0,0,0,0,0.0,0.0,0.0,0.0,0.0
ITA-Serie A,2526,Fiorentina,Roberto Piccoli,ITA,FW,24.0,2001.0,32,16,1672.0,18.6,4,1,5,4,0,0,1,0,0.22,0.05,0.27,0.22,0.27
ITA-Serie A,2526,Fiorentina,Robin Gosens,GER,"DF,MF",31.0,1994.0,26,24,1881.0,20.9,3,1,4,3,0,0,2,0,0.14,0.05,0.19,0.14,0.19
ITA-Serie A,2526,Fiorentina,Rolando Mandragora,ITA,MF,28.0,1997.0,34,30,2421.0,26.9,7,3,10,6,1,1,7,0,0.26,0.11,0.37,0.22,0.33
ITA-Serie A,2526,Fiorentina,Simon Sohm,SUI,MF,24.0,2001.0,16,9,708.0,7.9,0,1,1,0,0,0,2,0,0.0,0.13,0.13,0.0,0.13
ITA-Serie A,2526,Fiorentina,Tariq Lamptey,GHA,MF,24.0,2000.0,2,1,25.0,0.3,0,0,0,0,0,0,0,0,0.0,0.0,0.0,0.0,0.0
ITA-Serie A,2526,Genoa,Aarón Martín,ESP,"MF,DF",28.0,1997.0,33,26,2156.0,24.0,1,5,6,1,0,1,2,0,0.04,0.21,0.25,0.04,0.25
ITA-Serie A,2526,Genoa,Albert Grønbaek,DEN,MF,24.0,2001.0,4,1,103.0,1.1,0,0,0,0,0,0,1,0,0.0,0.0,0.0,0.0,0.0
ITA-Serie A,2526,Genoa,Alessandro Marcandalli,ITA,DF,22.0,2002.0,32,29,2597.0,28.9,0,2,2,0,0,0,4,0,0.0,0.07,0.07,0.0,0.07
ITA-Serie A,2526,Genoa,Amorim,BRA,MF,20.0,2005.0,11,6,552.0,6.1,0,0,0,0,0,0,1,0,0.0,0.0,0.0,0.0,0.0
ITA-Serie A,2526,Genoa,Brooke Norton-Cuffy,ENG,"MF,DF",21.0,2004.0,27,25,2212.0,24.6,2,1,3,2,0,0,5,1,0.08,0.04,0.12,0.08,0.12
ITA-Serie A,2526,Genoa,Caleb Ekuban,GHA,"FW,MF",31.0,1994.0,31,6,994.0,11.0,4,1,5,4,0,0,0,0,0.36,0.09,0.45,0.36,0.45
ITA-Serie A,2526,Genoa,Daniele Sommariva,ITA,GK,28.0,1997.0,2,1,176.0,2.0,0,0,0,0,0,0,0,0,0.0,0.0,0.0,0.0,0.0
ITA-Serie A,2526,Genoa,Filippo Carbone,ITA,MF,18.0,2006.0,1,0,8.0,0.1,0,0,0,0,0,0,0,0,0.0,0.0,0.0,0.0,0.0
ITA-Serie A,2526,Genoa,Gael Lafont,FRA,FW,19.0,2006.0,1,0,8.0,0.1,0,0,0,0,0,0,0,0,0.0,0.0,0.0,0.0,0.0
ITA-Serie A,2526,Genoa,Jacopo Grossi,ITA,MF,18.0,2006.0,1,0,22.0,0.2,0,0,0,0,0,0,0,0,0.0,0.0,0.0,0.0,0.0
ITA-Serie A,2526,Genoa,Jean Onana,CMR,MF,25.0,2000.0,3,0,45.0,0.5,0,0,0,0,0,0,0,0,0.0,0.0,0.0,0.0,0.0
ITA-Serie A,2526,Genoa,Jeff Ekhator,ITA,"FW,MF",18.0,2006.0,30,9,956.0,10.6,3,0,3,3,0,0,3,0,0.28,0.0,0.28,0.28,0.28
ITA-Serie A,2526,Genoa,Johan Vásquez,MEX,DF,26.0,1998.0,36,36,3215.0,35.7,1,0,1,1,0,0,2,0,0.03,0.0,0.03,0.03,0.03
ITA-Serie A,2526,Genoa,Joi Nuredini,ALB,FW,17.0,2007.0,1,0,2.0,0.0,0,0,0,0,0,0,0,0,0.0,0.0,0.0,0.0,0.0
ITA-Serie A,2526,Genoa,Junior Messias,BRA,MF,34.0,1991.0,20,5,685.0,7.6,3,1,4,2,1,1,1,0,0.39,0.13,0.53,0.26,0.39
ITA-Serie A,2526,Genoa,Justin Bijlow,NED,GK,27.0,1998.0,16,16,1395.0,15.5,0,0,0,0,0,0,1,0,0.0,0.0,0.0,0.0,0.0
ITA-Serie A,2526,Genoa,Latif Ouedraogo,BFA,DF,17.0,2007.0,2,0,51.0,0.6,0,0,0,0,0,0,0,0,0.0,0.0,0.0,0.0,0.0
ITA-Serie A,2526,Genoa,Leo Østigård,NOR,DF,25.0,1999.0,30,30,2622.0,29.1,5,1,6,5,0,0,7,0,0.17,0.03,0.21,0.17,0.21
ITA-Serie A,2526,Genoa,Lorenzo Colombo,ITA,FW,23.0,2002.0,38,30,2326.0,25.8,7,1,8,6,1,2,2,0,0.27,0.04,0.31,0.23,0.27
ITA-Serie A,2526,Genoa,Lorenzo Venturino,ITA,FW,19.0,2006.0,2,0,40.0,0.4,0,0,0,0,0,0,0,0,0.0,0.0,0.0,0.0,0.0
ITA-Serie A,2526,Genoa,Mamedi Doucouré,FRA,DF,18.0,2007.0,1,0,9.0,0.1,0,0,0,0,0,0,0,0,0.0,0.0,0.0,0.0,0.0
ITA-Serie A,2526,Genoa,Maxwel Cornet,CIV,MF,28.0,1996.0,8,1,118.0,1.3,0,0,0,0,0,1,0,0,0.0,0.0,0.0,0.0,0.0
ITA-Serie A,2526,Genoa,Mikael Ellertsson,ISL,MF,23.0,2002.0,36,31,2767.0,30.7,1,1,2,1,0,0,1,1,0.03,0.03,0.07,0.03,0.07
ITA-Serie A,2526,Genoa,Morten Frendrup,DEN,MF,24.0,2001.0,36,35,3081.0,34.2,1,0,1,1,0,0,5,0,0.03,0.0,0.03,0.03,0.03
ITA-Serie A,2526,Genoa,Morten Thorsby,NOR,MF,29.0,1996.0,13,8,731.0,8.1,2,1,3,2,0,0,2,0,0.25,0.12,0.37,0.25,0.37
ITA-Serie A,2526,Genoa,Nicola Leali,ITA,GK,32.0,1993.0,22,21,1847.0,20.5,0,0,0,0,0,0,2,1,0.0,0.0,0.0,0.0,0.0
ITA-Serie A,2526,Genoa,Nicolae Stanciu,ROU,MF,32.0,1993.0,4,2,180.0,2.0,0,0,0,0,0,1,0,0,0.0,0.0,0.0,0.0,0.0
ITA-Serie A,2526,Genoa,Nils Zätterström,SWE,DF,20.0,2005.0,3,2,181.0,2.0,0,0,0,0,0,0,0,0,0.0,0.0,0.0,0.0,0.0
ITA-Serie A,2526,Genoa,Patrizio Masini,ITA,MF,24.0,2001.0,28,13,1413.0,15.7,0,1,1,0,0,0,5,0,0.0,0.06,0.06,0.0,0.06
ITA-Serie A,2526,Genoa,Ruslan Malinovskyi,UKR,MF,32.0,1993.0,34,28,2235.0,24.8,6,3,9,3,3,3,10,0,0.24,0.12,0.36,0.12,0.24
ITA-Serie A,2526,Genoa,Sebastian Otoa,DEN,DF,21.0,2004.0,13,9,829.0,9.2,0,0,0,0,0,0,1,0,0.0,0.0,0.0,0.0,0.0
ITA-Serie A,2526,Genoa,Seydou Fini,ITA,FW,19.0,2006.0,1,0,32.0,0.4,0,0,0,0,0,0,0,0,0.0,0.0,0.0,0.0,0.0
ITA-Serie A,2526,Genoa,Stefano Sabelli,ITA,"MF,DF",32.0,1993.0,16,12,913.0,10.1,0,0,0,0,0,0,0,0,0.0,0.0,0.0,0.0,0.0
ITA-Serie A,2526,Genoa,Tommaso Baldanzi,ITA,MF,22.0,2003.0,8,5,399.0,4.4,0,2,2,0,0,0,0,0,0.0,0.45,0.45,0.0,0.45
ITA-Serie A,2526,Genoa,Valentin Carboni,ARG,MF,20.0,2005.0,12,3,359.0,4.0,0,0,0,0,0,0,2,0,0.0,0.0,0.0,0.0,0.0
ITA-Serie A,2526,Genoa,Vitinha,POR,"FW,MF",25.0,2000.0,35,28,2226.0,24.7,5,1,6,5,0,0,5,0,0.2,0.04,0.24,0.2,0.24
ITA-Serie A,2526,Hellas Verona,Abdou Harroui,NED,MF,27.0,1998.0,23,11,907.0,10.1,1,0,1,0,1,1,3,0,0.1,0.0,0.1,0.0,0.0
ITA-Serie A,2526,Hellas Verona,Al-Musrati,LBY,MF,29.0,1996.0,18,8,844.0,9.4,0,1,1,0,0,0,6,1,0.0,0.11,0.11,0.0,0.11
ITA-Serie A,2526,Hellas Verona,Amin Sarr,SWE,"FW,MF",24.0,2001.0,34,9,1102.0,12.2,0,1,1,0,0,0,2,1,0.0,0.08,0.08,0.0,0.08
ITA-Serie A,2526,Hellas Verona,Andrias Edmundsson,FRO,DF,24.0,2000.0,15,15,1319.0,14.7,0,0,0,0,0,0,3,0,0.0,0.0,0.0,0.0,0.0
ITA-Serie A,2526,Hellas Verona,Antoine Bernede,FRA,MF,26.0,1999.0,32,29,2301.0,25.6,1,2,3,1,0,0,2,0,0.04,0.08,0.12,0.04,0.12
ITA-Serie A,2526,Hellas Verona,Armel Bella Kotchap,GER,DF,23.0,2001.0,19,14,1347.0,15.0,0,0,0,0,0,0,3,0,0.0,0.0,0.0,0.0,0.0
ITA-Serie A,2526,Hellas Verona,Cheikh Niasse,SEN,MF,25.0,2000.0,19,11,970.0,10.8,0,1,1,0,0,0,1,0,0.0,0.09,0.09,0.0,0.09
ITA-Serie A,2526,Hellas Verona,Daniel Mosquera,COL,FW,25.0,1999.0,22,5,597.0,6.6,0,2,2,0,0,0,1,0,0.0,0.3,0.3,0.0,0.3
ITA-Serie A,2526,Hellas Verona,Daniel Oyegoke,ENG,"MF,DF",22.0,2003.0,15,8,594.0,6.6,0,0,0,0,0,0,2,0,0.0,0.0,0.0,0.0,0.0
ITA-Serie A,2526,Hellas Verona,Domagoj Bradarić,CRO,MF,25.0,1999.0,29,23,1966.0,21.8,0,1,1,0,0,0,2,0,0.0,0.05,0.05,0.0,0.05
ITA-Serie A,2526,Hellas Verona,Enzo Ebosse,CMR,DF,26.0,1999.0,4,3,214.0,2.4,0,0,0,0,0,0,1,0,0.0,0.0,0.0,0.0,0.0
ITA-Serie A,2526,Hellas Verona,Fallou Cham,GAM,MF,19.0,2006.0,6,3,228.0,2.5,0,0,0,0,0,0,0,0,0.0,0.0,0.0,0.0,0.0
ITA-Serie A,2526,Hellas Verona,Gift Orban,NGA,FW,23.0,2002.0,28,23,2027.0,22.5,7,2,9,5,2,2,4,1,0.31,0.09,0.4,0.22,0.31
ITA-Serie A,2526,Hellas Verona,Giovane,BRA,"FW,MF",21.0,2003.0,21,19,1533.0,17.0,3,4,7,3,0,0,2,0,0.18,0.23,0.41,0.18,0.41
ITA-Serie A,2526,Hellas Verona,Grigoris Kastanos,CYP,MF,27.0,1998.0,6,0,44.0,0.5,0,0,0,0,0,0,0,0,0.0,0.0,0.0,0.0,0.0
ITA-Serie A,2526,Hellas Verona,Ioan Vermeșan,ROU,FW,18.0,2006.0,6,0,80.0,0.9,0,0,0,0,0,0,0,0,0.0,0.0,0.0,0.0,0.0
ITA-Serie A,2526,Hellas Verona,Isaac,BRA,FW,21.0,2004.0,3,0,40.0,0.4,0,0,0,0,0,0,0,0,0.0,0.0,0.0,0.0,0.0
ITA-Serie A,2526,Hellas Verona,Jean-Daniel Akpa-Akpro,CIV,MF,32.0,1992.0,22,17,1504.0,16.7,1,0,1,1,0,0,9,0,0.06,0.0,0.06,0.06,0.06
ITA-Serie A,2526,Hellas Verona,Junior Ajayi,CIV,FW,20.0,2004.0,1,0,1.0,0.0,0,0,0,0,0,0,0,0,0.0,0.0,0.0,0.0,0.0
ITA-Serie A,2526,Hellas Verona,Kieron Bowie,SCO,FW,22.0,2002.0,14,14,1200.0,13.3,4,0,4,4,0,0,1,0,0.3,0.0,0.3,0.3,0.3
ITA-Serie A,2526,Hellas Verona,Lorenzo Montipò,ITA,GK,29.0,1996.0,35,35,3150.0,35.0,0,1,1,0,0,0,0,0,0.0,0.03,0.03,0.0,0.03
ITA-Serie A,2526,Hellas Verona,Martin Frese,DEN,"MF,DF",27.0,1998.0,31,27,2408.0,26.8,2,0,2,2,0,0,8,0,0.07,0.0,0.07,0.07,0.07
ITA-Serie A,2526,Hellas Verona,Nicolás Valentini,ARG,DF,24.0,2001.0,21,15,1409.0,15.7,0,0,0,0,0,0,8,1,0.0,0.0,0.0,0.0,0.0
ITA-Serie A,2526,Hellas Verona,Pol Lirola,ESP,MF,27.0,1997.0,6,3,305.0,3.4,0,0,0,0,0,0,1,0,0.0,0.0,0.0,0.0,0.0
ITA-Serie A,2526,Hellas Verona,Rafik Belghali,ALG,MF,23.0,2002.0,26,22,1920.0,21.3,2,0,2,2,0,0,6,0,0.09,0.0,0.09,0.09,0.09
ITA-Serie A,2526,Hellas Verona,Roberto Gagliardini,ITA,MF,31.0,1994.0,29,25,2272.0,25.2,1,0,1,1,0,0,9,0,0.04,0.0,0.04,0.04,0.04
ITA-Serie A,2526,Hellas Verona,Sandi Lovrić,SVN,MF,27.0,1998.0,7,3,309.0,3.4,0,0,0,0,0,0,1,0,0.0,0.0,0.0,0.0,0.0
ITA-Serie A,2526,Hellas Verona,Simone Perilli,ITA,GK,30.0,1995.0,3,3,270.0,3.0,0,0,0,0,0,0,0,0,0.0,0.0,0.0,0.0,0.0
ITA-Serie A,2526,Hellas Verona,Suat Serdar,GER,MF,28.0,1997.0,20,12,1108.0,12.3,2,0,2,2,0,0,3,0,0.16,0.0,0.16,0.16,0.16
ITA-Serie A,2526,Hellas Verona,Tobias Slotsager,DEN,DF,19.0,2006.0,8,4,446.0,5.0,0,0,0,0,0,0,0,0,0.0,0.0,0.0,0.0,0.0
ITA-Serie A,2526,Hellas Verona,Tomáš Suslov,SVK,FW,23.0,2002.0,11,5,446.0,5.0,0,0,0,0,0,0,1,1,0.0,0.0,0.0,0.0,0.0
ITA-Serie A,2526,Hellas Verona,Unai Núñez,ESP,DF,28.0,1997.0,17,15,1265.0,14.1,0,0,0,0,0,0,6,0,0.0,0.0,0.0,0.0,0.0
ITA-Serie A,2526,Hellas Verona,Victor Nelsson,DEN,DF,26.0,1998.0,38,37,3315.0,36.8,0,0,0,0,0,0,4,0,0.0,0.0,0.0,0.0,0.0
ITA-Serie A,2526,Hellas Verona,Yellu Santiago,ESP,MF,21.0,2004.0,2,0,6.0,0.1,0,0,0,0,0,0,0,0,0.0,0.0,0.0,0.0,0.0
ITA-Serie A,2526,Inter,Alessandro Bastoni,ITA,DF,26.0,1999.0,28,28,2239.0,24.9,1,4,5,1,0,0,6,0,0.04,0.16,0.2,0.04,0.2
ITA-Serie A,2526,Inter,Andy Diouf,FRA,MF,22.0,2003.0,19,4,493.0,5.5,1,0,1,1,0,0,1,0,0.18,0.0,0.18,0.18,0.18
ITA-Serie A,2526,Inter,Ange-Yoan Bonny,CIV,FW,21.0,2003.0,33,10,1142.0,12.7,5,4,9,5,0,0,1,0,0.39,0.32,0.71,0.39,0.71
ITA-Serie A,2526,Inter,Benjamin Pavard,FRA,DF,29.0,1996.0,1,1,90.0,1.0,0,0,0,0,0,0,0,0,0.0,0.0,0.0,0.0,0.0
ITA-Serie A,2526,Inter,Carlos Augusto,BRA,"MF,DF",26.0,1999.0,34,18,1763.0,19.6,1,1,2,1,0,0,6,0,0.05,0.05,0.1,0.05,0.1
ITA-Serie A,2526,Inter,Davide Frattesi,ITA,MF,25.0,1999.0,22,3,569.0,6.3,0,0,0,0,0,0,0,0,0.0,0.0,0.0,0.0,0.0
ITA-Serie A,2526,Inter,Denzel Dumfries,NED,MF,29.0,1996.0,20,15,1325.0,14.7,3,1,4,3,0,0,2,0,0.2,0.07,0.27,0.2,0.27
ITA-Serie A,2526,Inter,Federico Dimarco,ITA,MF,27.0,1997.0,35,30,2698.0,30.0,7,16,23,7,0,0,3,0,0.23,0.53,0.77,0.23,0.77
ITA-Serie A,2526,Inter,Francesco Acerbi,ITA,DF,37.0,1988.0,18,15,1378.0,15.3,0,1,1,0,0,0,3,0,0.0,0.07,0.07,0.0,0.07
ITA-Serie A,2526,Inter,Francesco Esposito,ITA,FW,20.0,2005.0,35,15,1571.0,17.5,7,3,10,7,0,0,1,0,0.4,0.17,0.57,0.4,0.57
ITA-Serie A,2526,Inter,Hakan Çalhanoğlu,TUR,MF,31.0,1994.0,22,20,1639.0,18.2,9,4,13,5,4,5,7,0,0.49,0.22,0.71,0.27,0.49
ITA-Serie A,2526,Inter,Henrikh Mkhitaryan,ARM,MF,36.0,1989.0,30,16,1560.0,17.3,4,1,5,4,0,0,5,0,0.23,0.06,0.29,0.23,0.29
ITA-Serie A,2526,Inter,Josep Martinez,ESP,GK,27.0,1998.0,5,5,450.0,5.0,0,0,0,0,0,0,0,0,0.0,0.0,0.0,0.0,0.0
ITA-Serie A,2526,Inter,Lautaro Martínez,ARG,FW,27.0,1997.0,30,27,2159.0,24.0,17,6,23,17,0,0,4,0,0.71,0.25,0.96,0.71,0.96
ITA-Serie A,2526,Inter,Luis Henrique,BRA,MF,23.0,2001.0,30,18,1624.0,18.0,1,2,3,1,0,0,1,0,0.06,0.11,0.17,0.06,0.17
ITA-Serie A,2526,Inter,Luka Topalović,SVN,MF,19.0,2006.0,1,0,10.0,0.1,0,1,1,0,0,0,0,0,0.0,9.0,9.0,0.0,9.0
ITA-Serie A,2526,Inter,Manuel Akanji,SUI,DF,30.0,1995.0,33,31,2821.0,31.3,2,0,2,2,0,0,4,0,0.06,0.0,0.06,0.06,0.06
ITA-Serie A,2526,Inter,Marcus Thuram,FRA,FW,27.0,1997.0,29,24,1900.0,21.1,13,6,19,13,0,0,2,0,0.62,0.28,0.9,0.62,0.9
ITA-Serie A,2526,Inter,Matteo Cocchi,ITA,DF,18.0,2007.0,1,0,17.0,0.2,0,0,0,0,0,0,0,0,0.0,0.0,0.0,0.0,0.0
ITA-Serie A,2526,Inter,Matteo Darmian,ITA,"MF,DF",35.0,1989.0,6,2,248.0,2.8,0,0,0,0,0,0,0,0,0.0,0.0,0.0,0.0,0.0
ITA-Serie A,2526,Inter,Matteo Lavelli,ITA,FW,18.0,2006.0,1,0,8.0,0.1,0,0,0,0,0,0,0,0,0.0,0.0,0.0,0.0,0.0
ITA-Serie A,2526,Inter,Mattia Mosconi,ITA,FW,18.0,2007.0,2,0,27.0,0.3,0,0,0,0,0,0,0,0,0.0,0.0,0.0,0.0,0.0
ITA-Serie A,2526,Inter,Nicolò Barella,ITA,MF,28.0,1997.0,34,31,2517.0,28.0,3,8,11,3,0,0,7,0,0.11,0.29,0.39,0.11,0.39
ITA-Serie A,2526,Inter,Petar Sučić,CRO,MF,21.0,2003.0,34,21,1765.0,19.6,2,2,4,2,0,0,5,0,0.1,0.1,0.2,0.1,0.2
ITA-Serie A,2526,Inter,Piotr Zieliński,POL,MF,31.0,1994.0,34,22,2045.0,22.7,6,3,9,5,1,1,3,0,0.26,0.13,0.4,0.22,0.35
ITA-Serie A,2526,Inter,Raffaele Di Gennaro,ITA,GK,31.0,1993.0,1,0,10.0,0.1,0,0,0,0,0,0,0,0,0.0,0.0,0.0,0.0,0.0
ITA-Serie A,2526,Inter,Stefan de Vrij,NED,DF,33.0,1992.0,11,8,670.0,7.4,0,0,0,0,0,0,1,0,0.0,0.0,0.0,0.0,0.0
ITA-Serie A,2526,Inter,Yann Aurel Bisseck,GER,DF,24.0,2000.0,23,21,1922.0,21.4,3,1,4,3,0,0,2,0,0.14,0.05,0.19,0.14,0.19
ITA-Serie A,2526,Inter,Yann Sommer,SUI,GK,36.0,1988.0,33,33,2960.0,32.9,0,0,0,0,0,0,0,0,0.0,0.0,0.0,0.0,0.0
ITA-Serie A,2526,Juventus,Andrea Cambiaso,ITA,"MF,DF",25.0,2000.0,36,35,2769.0,30.8,3,4,7,3,0,0,3,1,0.1,0.13,0.23,0.1,0.23
ITA-Serie A,2526,Juventus,Arkadiusz Milik,POL,FW,31.0,1994.0,2,0,36.0,0.4,0,0,0,0,0,0,0,0,0.0,0.0,0.0,0.0,0.0
ITA-Serie A,2526,Juventus,Daniele Rugani,ITA,DF,31.0,1994.0,6,3,250.0,2.8,0,0,0,0,0,0,0,0,0.0,0.0,0.0,0.0,0.0
ITA-Serie A,2526,Juventus,Dušan Vlahović,SRB,FW,25.0,2000.0,19,11,968.0,10.8,7,1,8,6,1,1,0,0,0.65,0.09,0.74,0.56,0.65
ITA-Serie A,2526,Juventus,Edon Zhegrova,KVX,MF,26.0,1999.0,19,0,382.0,4.2,0,0,0,0,0,0,1,0,0.0,0.0,0.0,0.0,0.0
ITA-Serie A,2526,Juventus,Emil Holm,SWE,MF,25.0,2000.0,7,2,230.0,2.6,0,0,0,0,0,0,0,0,0.0,0.0,0.0,0.0,0.0
ITA-Serie A,2526,Juventus,Fabio Miretti,ITA,MF,21.0,2003.0,23,5,617.0,6.9,1,2,3,1,0,0,1,0,0.15,0.29,0.44,0.15,0.44
ITA-Serie A,2526,Juventus,Federico Gatti,ITA,DF,27.0,1998.0,21,12,1093.0,12.1,2,0,2,2,0,0,3,0,0.16,0.0,0.16,0.16,0.16
ITA-Serie A,2526,Juventus,Filip Kostić,SRB,MF,32.0,1992.0,18,4,479.0,5.3,3,1,4,3,0,0,1,0,0.56,0.19,0.75,0.56,0.75
ITA-Serie A,2526,Juventus,Francisco Conceição,POR,"MF,FW",22.0,2002.0,31,27,2078.0,23.1,3,5,8,3,0,0,3,0,0.13,0.22,0.35,0.13,0.35
ITA-Serie A,2526,Juventus,Gleison Bremer,BRA,DF,28.0,1997.0,26,25,2171.0,24.1,4,3,7,4,0,0,5,0,0.17,0.12,0.29,0.17,0.29
ITA-Serie A,2526,Juventus,Jeremie Boga,CIV,"MF,FW",28.0,1997.0,15,6,679.0,7.5,4,0,4,4,0,0,1,0,0.53,0.0,0.53,0.53,0.53
ITA-Serie A,2526,Juventus,Jonathan David,CAN,FW,25.0,2000.0,35,20,1781.0,19.8,6,4,10,6,0,1,0,0,0.3,0.2,0.51,0.3,0.51
ITA-Serie A,2526,Juventus,João Mário Lopes,POR,MF,25.0,2000.0,10,2,258.0,2.9,0,0,0,0,0,0,1,0,0.0,0.0,0.0,0.0,0.0
ITA-Serie A,2526,Juventus,Juan David Cabal,COL,MF,24.0,2001.0,12,2,296.0,3.3,2,0,2,2,0,0,1,0,0.61,0.0,0.61,0.61,0.61
ITA-Serie A,2526,Juventus,Kenan Yıldız,TUR,"MF,FW",20.0,2005.0,36,33,2825.0,31.4,10,6,16,9,1,2,2,0,0.32,0.19,0.51,0.29,0.48
ITA-Serie A,2526,Juventus,Khéphren Thuram,FRA,MF,24.0,2001.0,35,30,2442.0,27.1,3,3,6,3,0,0,2,0,0.11,0.11,0.22,0.11,0.22
ITA-Serie A,2526,Juventus,Lloyd Kelly,ENG,DF,26.0,1998.0,35,33,2996.0,33.3,1,1,2,1,0,0,4,0,0.03,0.03,0.06,0.03,0.06
ITA-Serie A,2526,Juventus,Loïs Openda,BEL,"FW,MF",25.0,2000.0,24,6,666.0,7.4,1,0,1,1,0,0,0,0,0.14,0.0,0.14,0.14,0.14
ITA-Serie A,2526,Juventus,Manuel Locatelli,ITA,MF,27.0,1998.0,36,36,2994.0,33.3,1,2,3,1,0,1,9,0,0.03,0.06,0.09,0.03,0.09
ITA-Serie A,2526,Juventus,Mattia Perin,ITA,GK,32.0,1992.0,9,9,765.0,8.5,0,0,0,0,0,0,0,0,0.0,0.0,0.0,0.0,0.0
ITA-Serie A,2526,Juventus,Michele Di Gregorio,ITA,GK,28.0,1997.0,30,29,2655.0,29.5,0,0,0,0,0,0,1,0,0.0,0.0,0.0,0.0,0.0
ITA-Serie A,2526,Juventus,Nicolás González,ARG,"FW,MF",27.0,1998.0,2,0,19.0,0.2,0,0,0,0,0,0,0,0,0.0,0.0,0.0,0.0,0.0
ITA-Serie A,2526,Juventus,Pierre Kalulu,FRA,"DF,MF",25.0,2000.0,37,37,3281.0,36.5,2,4,6,2,0,0,4,1,0.05,0.11,0.16,0.05,0.16
ITA-Serie A,2526,Juventus,Teun Koopmeiners,NED,"MF,DF",27.0,1998.0,33,18,1827.0,20.3,0,0,0,0,0,0,5,0,0.0,0.0,0.0,0.0,0.0
ITA-Serie A,2526,Juventus,Vasilije Adžić,MNE,MF,19.0,2006.0,10,1,171.0,1.9,1,0,1,1,0,0,0,0,0.53,0.0,0.53,0.53,0.53
ITA-Serie A,2526,Juventus,Weston McKennie,USA,MF,26.0,1998.0,36,32,2835.0,31.5,5,5,10,5,0,0,5,0,0.16,0.16,0.32,0.16,0.32
ITA-Serie A,2526,Lazio,Adam Marušić,MNE,DF,32.0,1992.0,33,32,2778.0,30.9,1,2,3,1,0,0,1,1,0.03,0.06,0.1,0.03,0.1
ITA-Serie A,2526,Lazio,Adrian Przyborek,POL,MF,18.0,2007.0,1,0,9.0,0.1,0,0,0,0,0,0,0,0,0.0,0.0,0.0,0.0,0.0
ITA-Serie A,2526,Lazio,Alessio Furlanetto,ITA,GK,23.0,2002.0,2,2,180.0,2.0,0,0,0,0,0,0,0,0,0.0,0.0,0.0,0.0,0.0
ITA-Serie A,2526,Lazio,Alessio Romagnoli,ITA,DF,30.0,1995.0,32,31,2666.0,29.6,0,0,0,0,0,0,6,1,0.0,0.0,0.0,0.0,0.0
ITA-Serie A,2526,Lazio,Boulaye Dia,SEN,"FW,MF",28.0,1996.0,27,14,1253.0,13.9,1,2,3,1,0,0,1,0,0.07,0.14,0.22,0.07,0.22
ITA-Serie A,2526,Lazio,Daniel Maldini,ITA,FW,23.0,2001.0,12,9,687.0,7.6,2,1,3,2,0,0,0,0,0.26,0.13,0.39,0.26,0.39
ITA-Serie A,2526,Lazio,Danilo Cataldi,ITA,MF,30.0,1994.0,27,24,1985.0,22.1,3,3,6,1,2,2,6,0,0.14,0.14,0.27,0.05,0.18
ITA-Serie A,2526,Lazio,Edoardo Motta,ITA,GK,20.0,2005.0,9,9,810.0,9.0,0,0,0,0,0,0,1,0,0.0,0.0,0.0,0.0,0.0
ITA-Serie A,2526,Lazio,Elseid Hysaj,ALB,DF,31.0,1994.0,5,1,174.0,1.9,0,0,0,0,0,0,0,0,0.0,0.0,0.0,0.0,0.0
ITA-Serie A,2526,Lazio,Fisayo Dele-Bashiru,NGA,MF,24.0,2001.0,24,11,1187.0,13.2,1,0,1,1,0,0,0,0,0.08,0.0,0.08,0.08,0.08
ITA-Serie A,2526,Lazio,Gustav Isaksen,DEN,FW,24.0,2001.0,30,18,1593.0,17.7,5,1,6,5,0,0,0,0,0.28,0.06,0.34,0.28,0.34
ITA-Serie A,2526,Lazio,Ivan Provedel,ITA,GK,31.0,1994.0,27,27,2430.0,27.0,0,0,0,0,0,0,1,0,0.0,0.0,0.0,0.0,0.0
ITA-Serie A,2526,Lazio,Kenneth Taylor,NED,MF,23.0,2002.0,17,17,1394.0,15.5,3,2,5,3,0,0,5,0,0.19,0.13,0.32,0.19,0.32
ITA-Serie A,2526,Lazio,Luca Pellegrini,ITA,DF,26.0,1999.0,24,17,1469.0,16.3,1,0,1,1,0,0,8,0,0.06,0.0,0.06,0.06,0.06
ITA-Serie A,2526,Lazio,Manuel Lazzari,ITA,DF,31.0,1993.0,23,9,938.0,10.4,0,0,0,0,0,0,2,0,0.0,0.0,0.0,0.0,0.0
ITA-Serie A,2526,Lazio,Mario Gila,ESP,DF,24.0,2000.0,31,31,2472.0,27.5,0,0,0,0,0,0,4,1,0.0,0.0,0.0,0.0,0.0
ITA-Serie A,2526,Lazio,Matteo Cancellieri,ITA,FW,23.0,2002.0,30,21,1725.0,19.2,4,2,6,4,0,0,6,0,0.21,0.1,0.31,0.21,0.31
ITA-Serie A,2526,Lazio,Mattia Zaccagni,ITA,FW,30.0,1995.0,26,26,2104.0,23.4,3,0,3,3,0,1,6,1,0.13,0.0,0.13,0.13,0.13
ITA-Serie A,2526,Lazio,Mattéo Guendouzi,FRA,MF,26.0,1999.0,16,16,1428.0,15.9,2,1,3,2,0,0,5,1,0.13,0.06,0.19,0.13,0.19
ITA-Serie A,2526,Lazio,Matías Vecino,URU,MF,33.0,1991.0,13,5,603.0,6.7,0,1,1,0,0,0,1,0,0.0,0.15,0.15,0.0,0.15
ITA-Serie A,2526,Lazio,Nicolò Rovella,ITA,MF,23.0,2001.0,11,6,512.0,5.7,0,1,1,0,0,0,2,1,0.0,0.18,0.18,0.0,0.18
ITA-Serie A,2526,Lazio,Nuno Tavares,POR,DF,25.0,2000.0,23,17,1473.0,16.4,0,0,0,0,0,0,5,0,0.0,0.0,0.0,0.0,0.0
ITA-Serie A,2526,Lazio,Oliver Nielsen,DEN,DF,22.0,2003.0,26,13,1536.0,17.1,0,0,0,0,0,0,3,0,0.0,0.0,0.0,0.0,0.0
ITA-Serie A,2526,Lazio,Patric,ESP,"MF,DF",32.0,1993.0,14,6,667.0,7.4,0,0,0,0,0,0,2,0,0.0,0.0,0.0,0.0,0.0
ITA-Serie A,2526,Lazio,Pedro,ESP,"FW,MF",38.0,1987.0,29,9,982.0,10.9,5,2,7,3,2,2,4,0,0.46,0.18,0.64,0.27,0.46
ITA-Serie A,2526,Lazio,Petar Ratkov,SRB,FW,21.0,2003.0,8,2,233.0,2.6,0,0,0,0,0,0,0,0,0.0,0.0,0.0,0.0,0.0
ITA-Serie A,2526,Lazio,Reda Belahyane,MAR,MF,21.0,2004.0,13,5,609.0,6.8,0,2,2,0,0,0,1,1,0.0,0.3,0.3,0.0,0.3
ITA-Serie A,2526,Lazio,Tijjani Noslin,NED,FW,26.0,1999.0,29,9,1148.0,12.8,4,2,6,4,0,0,6,1,0.31,0.16,0.47,0.31,0.47
ITA-Serie A,2526,Lazio,Toma Bašić,CRO,MF,28.0,1996.0,23,23,1735.0,19.3,2,3,5,2,0,0,0,1,0.1,0.16,0.26,0.1,0.26
ITA-Serie A,2526,Lazio,Valentín Castellanos,ARG,FW,26.0,1998.0,11,8,692.0,7.7,2,3,5,2,0,0,2,0,0.26,0.39,0.65,0.26,0.65
ITA-Serie A,2526,Lecce,Antonino Gallo,ITA,DF,25.0,2000.0,37,34,3056.0,34.0,0,4,4,0,0,0,3,0,0.0,0.12,0.12,0.0,0.12
ITA-Serie A,2526,Lecce,Balthazar Pierret,FRA,MF,25.0,2000.0,3,0,27.0,0.3,0,0,0,0,0,0,0,0,0.0,0.0,0.0,0.0,0.0
ITA-Serie A,2526,Lecce,Christ-Owen Kouassi,FRA,DF,22.0,2003.0,4,3,228.0,2.5,0,0,0,0,0,0,0,0,0.0,0.0,0.0,0.0,0.0
ITA-Serie A,2526,Lecce,Corrie Ndaba,IRL,DF,25.0,1999.0,14,6,543.0,6.0,0,0,0,0,0,0,0,0,0.0,0.0,0.0,0.0,0.0
ITA-Serie A,2526,Lecce,Danilo Veiga,POR,DF,22.0,2002.0,36,33,3020.0,33.6,0,1,1,0,0,0,9,0,0.0,0.03,0.03,0.0,0.03
ITA-Serie A,2526,Lecce,Francesco Camarda,ITA,FW,17.0,2008.0,21,7,687.0,7.6,1,0,1,1,0,1,1,0,0.13,0.0,0.13,0.13,0.13
ITA-Serie A,2526,Lecce,Gaby Jean,FRA,DF,25.0,2000.0,7,1,197.0,2.2,0,0,0,0,0,0,1,0,0.0,0.0,0.0,0.0,0.0
ITA-Serie A,2526,Lecce,Jamil Siebert,GER,DF,23.0,2002.0,21,18,1701.0,18.9,1,0,1,1,0,0,3,0,0.05,0.0,0.05,0.05,0.05
ITA-Serie A,2526,Lecce,Kialonda,ANG,DF,27.0,1997.0,23,21,1830.0,20.3,0,0,0,0,0,0,6,1,0.0,0.0,0.0,0.0,0.0
ITA-Serie A,2526,Lecce,Konan N'dri,NIG,MF,24.0,2000.0,27,1,544.0,6.0,2,0,2,2,0,0,3,0,0.33,0.0,0.33,0.33,0.33
ITA-Serie A,2526,Lecce,Lameck Banda,ZAM,"MF,FW",24.0,2001.0,32,21,1752.0,19.5,5,4,9,5,0,0,6,1,0.26,0.21,0.46,0.26,0.46
ITA-Serie A,2526,Lecce,Lassana Coulibaly,MLI,MF,29.0,1996.0,33,31,2689.0,29.9,3,1,4,3,0,0,4,0,0.1,0.03,0.13,0.1,0.13
ITA-Serie A,2526,Lecce,Matías Pérez,CHI,DF,20.0,2005.0,1,1,31.0,0.3,0,0,0,0,0,0,0,0,0.0,0.0,0.0,0.0,0.0
ITA-Serie A,2526,Lecce,Medon Berisha,ALB,MF,21.0,2003.0,13,12,871.0,9.7,2,3,5,2,0,0,0,0,0.21,0.31,0.52,0.21,0.52
ITA-Serie A,2526,Lecce,Mohamed Kaba,GUI,MF,23.0,2001.0,15,5,633.0,7.0,0,0,0,0,0,0,1,0,0.0,0.0,0.0,0.0,0.0
ITA-Serie A,2526,Lecce,Nikola Štulić,SRB,FW,23.0,2001.0,34,20,1709.0,19.0,4,0,4,3,1,1,1,0,0.21,0.0,0.21,0.16,0.16
ITA-Serie A,2526,Lecce,Olaf Gorter,NED,MF,20.0,2005.0,2,0,28.0,0.3,0,0,0,0,0,0,0,0,0.0,0.0,0.0,0.0,0.0
ITA-Serie A,2526,Lecce,Omri Gandelman,ISR,"MF,FW",25.0,2000.0,19,10,975.0,10.8,2,1,3,2,0,0,0,0,0.18,0.09,0.28,0.18,0.28
ITA-Serie A,2526,Lecce,Oumar Ngom,MTN,MF,21.0,2004.0,15,10,842.0,9.4,0,0,0,0,0,0,1,0,0.0,0.0,0.0,0.0,0.0
ITA-Serie A,2526,Lecce,Riccardo Sottil,ITA,"FW,MF",26.0,1999.0,21,13,1066.0,11.8,1,2,3,1,0,0,1,0,0.08,0.17,0.25,0.08,0.25
ITA-Serie A,2526,Lecce,Sadik Fofana,TOG,MF,22.0,2003.0,5,1,84.0,0.9,0,0,0,0,0,0,0,0,0.0,0.0,0.0,0.0,0.0
ITA-Serie A,2526,Lecce,Santiago Pierotti,ARG,"MF,FW",24.0,2001.0,37,31,2597.0,28.9,1,2,3,1,0,0,4,0,0.03,0.07,0.1,0.03,0.1
ITA-Serie A,2526,Lecce,Tete Morente,ESP,"FW,MF",28.0,1996.0,16,9,859.0,9.5,0,0,0,0,0,0,2,0,0.0,0.0,0.0,0.0,0.0
ITA-Serie A,2526,Lecce,Tiago Gabriel,POR,DF,20.0,2004.0,37,36,3219.0,35.8,2,0,2,2,0,0,7,0,0.06,0.0,0.06,0.06,0.06
ITA-Serie A,2526,Lecce,Walid Cheddira,MAR,FW,27.0,1998.0,17,11,1000.0,11.1,3,1,4,3,0,0,2,0,0.27,0.09,0.36,0.27,0.36
ITA-Serie A,2526,Lecce,Wladimiro Falcone,ITA,GK,30.0,1995.0,38,38,3420.0,38.0,0,0,0,0,0,0,2,0,0.0,0.0,0.0,0.0,0.0
ITA-Serie A,2526,Lecce,Ylber Ramadani,ALB,MF,29.0,1996.0,37,37,3203.0,35.6,1,0,1,1,0,0,10,0,0.03,0.0,0.03,0.03,0.03
ITA-Serie A,2526,Lecce,Youssef Maleh,MAR,MF,26.0,1998.0,9,5,460.0,5.1,0,0,0,0,0,0,2,0,0.0,0.0,0.0,0.0,0.0
ITA-Serie A,2526,Lecce,Álex Sala,ESP,MF,24.0,2001.0,9,2,167.0,1.9,0,1,1,0,0,0,0,0,0.0,0.54,0.54,0.0,0.54
ITA-Serie A,2526,Lecce,Þórir Jóhann Helgason,ISL,MF,24.0,2000.0,8,1,147.0,1.6,0,0,0,0,0,0,0,0,0.0,0.0,0.0,0.0,0.0
ITA-Serie A,2526,Milan,Adrien Rabiot,FRA,MF,30.0,1995.0,29,28,2550.0,28.3,6,4,10,6,0,0,6,1,0.21,0.14,0.35,0.21,0.35
ITA-Serie A,2526,Milan,Alexis Saelemaekers,BEL,MF,26.0,1999.0,35,33,2788.0,31.0,3,3,6,3,0,0,5,0,0.1,0.1,0.19,0.1,0.19
ITA-Serie A,2526,Milan,Ardon Jashari,SUI,MF,23.0,2002.0,14,7,701.0,7.8,0,1,1,0,0,0,0,0,0.0,0.13,0.13,0.0,0.13
ITA-Serie A,2526,Milan,Cheveyo Muy,NED,FW,18.0,2006.0,2,0,5.0,0.1,0,0,0,0,0,0,0,0,0.0,0.0,0.0,0.0,0.0
ITA-Serie A,2526,Milan,Christian Pulisic,USA,FW,26.0,1998.0,30,18,1609.0,17.9,8,4,12,8,0,1,0,0,0.45,0.22,0.67,0.45,0.67
ITA-Serie A,2526,Milan,Christopher Nkunku,FRA,FW,27.0,1997.0,32,15,1356.0,15.1,7,3,10,2,5,5,0,0,0.46,0.2,0.66,0.13,0.33
ITA-Serie A,2526,Milan,David Odogu,GER,DF,19.0,2006.0,2,0,6.0,0.1,0,0,0,0,0,0,0,0,0.0,0.0,0.0,0.0,0.0
ITA-Serie A,2526,Milan,Davide Bartesaghi,ITA,"MF,DF",19.0,2005.0,31,27,2441.0,27.1,2,0,2,2,0,0,3,0,0.07,0.0,0.07,0.07,0.07
ITA-Serie A,2526,Milan,Fikayo Tomori,ENG,DF,27.0,1997.0,33,31,2554.0,28.4,0,2,2,0,0,0,8,1,0.0,0.07,0.07,0.0,0.07
ITA-Serie A,2526,Milan,Koni De Winter,BEL,DF,23.0,2002.0,26,19,1800.0,20.0,1,1,2,1,0,0,1,0,0.05,0.05,0.1,0.05,0.1
ITA-Serie A,2526,Milan,Luka Modrić,CRO,MF,39.0,1985.0,34,32,2811.0,31.2,2,3,5,2,0,0,4,0,0.06,0.1,0.16,0.06,0.16
ITA-Serie A,2526,Milan,Matteo Gabbia,ITA,DF,25.0,1999.0,30,28,2530.0,28.1,0,0,0,0,0,0,4,0,0.0,0.0,0.0,0.0,0.0
ITA-Serie A,2526,Milan,Mike Maignan,FRA,GK,30.0,1995.0,37,37,3295.0,36.6,0,0,0,0,0,0,4,0,0.0,0.0,0.0,0.0,0.0
ITA-Serie A,2526,Milan,Niclas Füllkrug,GER,FW,32.0,1993.0,20,3,659.0,7.3,1,0,1,1,0,1,0,0,0.14,0.0,0.14,0.14,0.14
ITA-Serie A,2526,Milan,Pervis Estupiñán,ECU,MF,27.0,1998.0,19,13,1034.0,11.5,1,1,2,1,0,0,5,1,0.09,0.09,0.17,0.09,0.17
ITA-Serie A,2526,Milan,Pietro Terracciano,ITA,GK,35.0,1990.0,2,1,125.0,1.4,0,0,0,0,0,0,0,0,0.0,0.0,0.0,0.0,0.0
ITA-Serie A,2526,Milan,Rafael Leão,POR,FW,26.0,1999.0,29,23,1851.0,20.6,9,3,12,7,2,2,5,0,0.44,0.15,0.58,0.34,0.49
ITA-Serie A,2526,Milan,Ruben Loftus-Cheek,ENG,"MF,FW",29.0,1996.0,28,12,1133.0,12.6,3,1,4,3,0,0,2,0,0.24,0.08,0.32,0.24,0.32
ITA-Serie A,2526,Milan,Samuel Chukwueze,NGA,"FW,MF",26.0,1999.0,1,0,26.0,0.3,0,0,0,0,0,0,0,0,0.0,0.0,0.0,0.0,0.0
ITA-Serie A,2526,Milan,Samuele Ricci,ITA,MF,23.0,2001.0,31,11,1312.0,14.6,1,4,5,1,0,0,3,0,0.07,0.27,0.34,0.07,0.34
ITA-Serie A,2526,Milan,Santiago Giménez,MEX,FW,24.0,2001.0,16,11,892.0,9.9,0,1,1,0,0,0,2,0,0.0,0.1,0.1,0.0,0.1
ITA-Serie A,2526,Milan,Strahinja Pavlović,SRB,DF,24.0,2001.0,34,33,2869.0,31.9,5,1,6,5,0,0,4,0,0.16,0.03,0.19,0.16,0.19
ITA-Serie A,2526,Milan,Youssouf Fofana,FRA,MF,26.0,1999.0,33,28,2203.0,24.5,2,3,5,2,0,0,4,0,0.08,0.12,0.2,0.08,0.2
ITA-Serie A,2526,Milan,Yunus Musah,USA,MF,22.0,2002.0,1,1,90.0,1.0,0,0,0,0,0,0,0,0,0.0,0.0,0.0,0.0,0.0
ITA-Serie A,2526,Milan,Zachary Athekame,SUI,"MF,DF",20.0,2004.0,27,7,833.0,9.3,2,2,4,2,0,0,3,0,0.22,0.22,0.43,0.22,0.43
ITA-Serie A,2526,Milan,Álex Jiménez,ESP,DF,20.0,2005.0,1,0,45.0,0.5,0,0,0,0,0,0,1,0,0.0,0.0,0.0,0.0,0.0
ITA-Serie A,2526,Napoli,Alessandro Buongiorno,ITA,DF,26.0,1999.0,33,28,2521.0,28.0,0,1,1,0,0,0,3,0,0.0,0.04,0.04,0.0,0.04
ITA-Serie A,2526,Napoli,Alex Meret,ITA,GK,28.0,1997.0,11,11,979.0,10.9,0,1,1,0,0,0,1,0,0.0,0.09,0.09,0.0,0.09
ITA-Serie A,2526,Napoli,Alisson Santos,BRA,"MF,FW",22.0,2002.0,14,9,834.0,9.3,4,0,4,4,0,0,1,0,0.43,0.0,0.43,0.43,0.43
ITA-Serie A,2526,Napoli,Amir Rrahmani,KVX,DF,31.0,1994.0,21,21,1795.0,19.9,2,1,3,2,0,0,2,0,0.1,0.05,0.15,0.1,0.15
ITA-Serie A,2526,Napoli,Antonio Vergara,ITA,MF,22.0,2003.0,12,8,612.0,6.8,1,2,3,1,0,0,2,0,0.15,0.29,0.44,0.15,0.44
ITA-Serie A,2526,Napoli,Billy Gilmour,SCO,MF,24.0,2001.0,17,8,805.0,8.9,1,0,1,1,0,0,1,0,0.11,0.0,0.11,0.11,0.11
ITA-Serie A,2526,Napoli,David Neres,BRA,"FW,MF",28.0,1997.0,16,10,922.0,10.2,3,3,6,3,0,0,3,0,0.29,0.29,0.59,0.29,0.59
ITA-Serie A,2526,Napoli,Elif Elmas,MKD,"MF,FW",25.0,1999.0,33,20,1783.0,19.8,1,3,4,1,0,0,3,0,0.05,0.15,0.2,0.05,0.2
ITA-Serie A,2526,Napoli,Frank Anguissa,CMR,MF,29.0,1995.0,18,14,1258.0,14.0,4,1,5,4,0,0,1,0,0.29,0.07,0.36,0.29,0.36
ITA-Serie A,2526,Napoli,Giovane,BRA,"MF,FW",21.0,2003.0,12,2,338.0,3.8,0,1,1,0,0,0,0,0,0.0,0.27,0.27,0.0,0.27
ITA-Serie A,2526,Napoli,Giovanni Di Lorenzo,ITA,"DF,MF",31.0,1993.0,26,26,2276.0,25.3,2,1,3,2,0,0,1,0,0.08,0.04,0.12,0.08,0.12
ITA-Serie A,2526,Napoli,Giuseppe Ambrosino,ITA,FW,21.0,2003.0,3,0,38.0,0.4,0,0,0,0,0,0,0,0,0.0,0.0,0.0,0.0,0.0
ITA-Serie A,2526,Napoli,Juan Jesus,BRA,DF,34.0,1991.0,24,19,1675.0,18.6,0,0,0,0,0,0,10,1,0.0,0.0,0.0,0.0,0.0
ITA-Serie A,2526,Napoli,Kevin De Bruyne,BEL,MF,34.0,1991.0,18,13,1165.0,12.9,5,2,7,2,3,3,1,0,0.39,0.15,0.54,0.15,0.31
ITA-Serie A,2526,Napoli,Leonardo Spinazzola,ITA,"MF,DF",32.0,1993.0,32,22,1901.0,21.1,3,3,6,3,0,0,2,0,0.14,0.14,0.28,0.14,0.28
ITA-Serie A,2526,Napoli,Lorenzo Lucca,ITA,FW,24.0,2000.0,16,4,408.0,4.5,1,0,1,1,0,0,1,0,0.22,0.0,0.22,0.22,0.22
ITA-Serie A,2526,Napoli,Luca Marianucci,ITA,DF,21.0,2004.0,2,1,119.0,1.3,0,1,1,0,0,0,0,0,0.0,0.76,0.76,0.0,0.76
ITA-Serie A,2526,Napoli,Mathías Olivera,URU,"DF,MF",27.0,1997.0,25,15,1370.0,15.2,0,0,0,0,0,0,3,0,0.0,0.0,0.0,0.0,0.0
ITA-Serie A,2526,Napoli,Matteo Politano,ITA,"MF,FW",31.0,1993.0,34,26,2200.0,24.4,2,5,7,2,0,0,4,0,0.08,0.2,0.29,0.08,0.29
ITA-Serie A,2526,Napoli,Miguel Gutiérrez,ESP,"MF,DF",24.0,2001.0,28,15,1488.0,16.5,1,1,2,1,0,0,0,0,0.06,0.06,0.12,0.06,0.12
ITA-Serie A,2526,Napoli,Nikita Contini,ITA,GK,29.0,1996.0,1,0,11.0,0.1,0,0,0,0,0,0,0,0,0.0,0.0,0.0,0.0,0.0
ITA-Serie A,2526,Napoli,Noa Lang,NED,"FW,MF",26.0,1999.0,18,7,666.0,7.4,1,2,3,1,0,0,2,0,0.14,0.27,0.41,0.14,0.41
ITA-Serie A,2526,Napoli,Pasquale Mazzocchi,ITA,MF,30.0,1995.0,16,2,310.0,3.4,0,1,1,0,0,0,0,1,0.0,0.29,0.29,0.0,0.29
ITA-Serie A,2526,Napoli,Rasmus Højlund,DEN,FW,22.0,2003.0,33,32,2750.0,30.6,12,5,17,11,1,1,1,0,0.39,0.16,0.56,0.36,0.52
ITA-Serie A,2526,Napoli,Romelu Lukaku,BEL,FW,32.0,1993.0,5,0,44.0,0.5,1,0,1,1,0,0,1,0,2.05,0.0,2.05,2.05,2.05
ITA-Serie A,2526,Napoli,Sam Beukema,NED,DF,26.0,1998.0,24,18,1681.0,18.7,2,0,2,2,0,0,2,0,0.11,0.0,0.11,0.11,0.11
ITA-Serie A,2526,Napoli,Scott McTominay,SCO,MF,28.0,1996.0,33,31,2791.0,31.0,10,3,13,10,0,1,1,0,0.32,0.1,0.42,0.32,0.42
ITA-Serie A,2526,Napoli,Stanislav Lobotka,SVK,MF,30.0,1994.0,32,29,2431.0,27.0,1,1,2,1,0,0,3,0,0.04,0.04,0.07,0.04,0.07
ITA-Serie A,2526,Napoli,Vanja Milinković-Savić,SRB,GK,28.0,1997.0,27,27,2430.0,27.0,0,1,1,0,0,0,0,0,0.0,0.04,0.04,0.0,0.04
ITA-Serie A,2526,Parma,Abdoulaye Ndiaye,SEN,DF,23.0,2002.0,11,9,780.0,8.7,0,0,0,0,0,0,5,1,0.0,0.0,0.0,0.0,0.0
ITA-Serie A,2526,Parma,Adrian Benedyczak,POL,FW,24.0,2000.0,14,5,490.0,5.4,1,1,2,0,1,1,1,0,0.18,0.18,0.37,0.0,0.18
ITA-Serie A,2526,Parma,Adrian Bernabe,ESP,MF,24.0,2001.0,32,31,2470.0,27.4,3,1,4,3,0,0,0,0,0.11,0.04,0.15,0.11,0.15
ITA-Serie A,2526,Parma,Alessandro Cardinali,ITA,FW,19.0,2006.0,1,0,45.0,0.5,0,0,0,0,0,0,0,0,0.0,0.0,0.0,0.0,0.0
ITA-Serie A,2526,Parma,Alessandro Circati,AUS,DF,21.0,2003.0,31,31,2664.0,29.6,1,0,1,1,0,0,6,0,0.03,0.0,0.03,0.03,0.03
ITA-Serie A,2526,Parma,Ben Cremaschi,USA,MF,20.0,2005.0,8,2,132.0,1.5,0,0,0,0,0,0,0,0,0.0,0.0,0.0,0.0,0.0
ITA-Serie A,2526,Parma,Christian Ordoñez,ARG,MF,21.0,2004.0,28,12,1091.0,12.1,1,0,1,1,0,0,5,1,0.08,0.0,0.08,0.08,0.08
ITA-Serie A,2526,Parma,Daniel Mikołajewski,POL,FW,19.0,2006.0,3,1,70.0,0.8,0,0,0,0,0,0,0,0,0.0,0.0,0.0,0.0,0.0
ITA-Serie A,2526,Parma,Edoardo Corvi,ITA,GK,24.0,2001.0,17,17,1530.0,17.0,0,0,0,0,0,0,1,0,0.0,0.0,0.0,0.0,0.0
ITA-Serie A,2526,Parma,Emanuele Valeri,ITA,"MF,DF",26.0,1998.0,34,29,2643.0,29.4,0,2,2,0,0,0,2,0,0.0,0.07,0.07,0.0,0.07
ITA-Serie A,2526,Parma,Enrico Delprato,ITA,"DF,MF",25.0,1999.0,35,34,2951.0,32.8,2,0,2,2,0,0,5,0,0.06,0.0,0.06,0.06,0.06
ITA-Serie A,2526,Parma,Filippo Rinaldi,ITA,GK,22.0,2002.0,1,1,90.0,1.0,0,0,0,0,0,0,1,0,0.0,0.0,0.0,0.0,0.0
ITA-Serie A,2526,Parma,Franco Carboni,ITA,MF,22.0,2003.0,7,1,114.0,1.3,0,0,0,0,0,0,0,0,0.0,0.0,0.0,0.0,0.0
ITA-Serie A,2526,Parma,Gabriel Strefezza,BRA,FW,28.0,1997.0,14,13,1007.0,11.2,2,2,4,2,0,0,3,0,0.18,0.18,0.36,0.18,0.36
ITA-Serie A,2526,Parma,Gaetano Oristanio,ITA,"FW,MF",22.0,2002.0,20,8,859.0,9.5,1,0,1,1,0,0,1,0,0.1,0.0,0.1,0.1,0.1
ITA-Serie A,2526,Parma,Hans Nicolussi Caviglia,ITA,MF,25.0,2000.0,15,10,869.0,9.7,0,3,3,0,0,0,0,0,0.0,0.31,0.31,0.0,0.31
ITA-Serie A,2526,Parma,Hernani,BRA,MF,31.0,1994.0,4,0,73.0,0.8,0,0,0,0,0,0,0,0,0.0,0.0,0.0,0.0,0.0
ITA-Serie A,2526,Parma,Jacob Ondrejka,SWE,"FW,MF",22.0,2002.0,16,9,773.0,8.6,0,0,0,0,0,0,2,0,0.0,0.0,0.0,0.0,0.0
ITA-Serie A,2526,Parma,Lautaro Valenti,ARG,DF,26.0,1999.0,27,25,2252.0,25.0,0,0,0,0,0,0,7,0,0.0,0.0,0.0,0.0,0.0
ITA-Serie A,2526,Parma,Mandela Keita,BEL,MF,23.0,2002.0,37,36,2979.0,33.1,1,1,2,1,0,0,1,0,0.03,0.03,0.06,0.03,0.06
ITA-Serie A,2526,Parma,Mariano Troilo,ARG,DF,22.0,2003.0,21,18,1625.0,18.1,1,0,1,1,0,0,8,2,0.06,0.0,0.06,0.06,0.06
ITA-Serie A,2526,Parma,Mateo Pellegrino,ARG,FW,24.0,2001.0,37,34,2984.0,33.2,9,1,10,8,1,1,5,0,0.27,0.03,0.3,0.24,0.27
ITA-Serie A,2526,Parma,Mathias Løvik,NOR,MF,21.0,2003.0,9,5,471.0,5.2,0,0,0,0,0,0,0,0,0.0,0.0,0.0,0.0,0.0
ITA-Serie A,2526,Parma,Milan Đurić,BIH,FW,35.0,1990.0,12,0,74.0,0.8,0,0,0,0,0,0,0,0,0.0,0.0,0.0,0.0,0.0
ITA-Serie A,2526,Parma,Nahuel Estévez,ARG,MF,29.0,1995.0,32,9,1049.0,11.7,0,1,1,0,0,0,2,0,0.0,0.09,0.09,0.0,0.09
ITA-Serie A,2526,Parma,Nesta Elphege,FRA,FW,24.0,2001.0,9,2,309.0,3.4,2,1,3,2,0,0,0,0,0.58,0.29,0.87,0.58,0.87
ITA-Serie A,2526,Parma,Oliver Jensen,DEN,MF,23.0,2002.0,34,19,1840.0,20.4,1,1,2,1,0,0,2,0,0.05,0.05,0.1,0.05,0.1
ITA-Serie A,2526,Parma,Patrick Cutrone,ITA,FW,27.0,1998.0,15,11,888.0,9.9,1,0,1,1,0,0,0,0,0.1,0.0,0.1,0.1,0.1
ITA-Serie A,2526,Parma,Pontus Almqvist,SWE,MF,26.0,1999.0,13,4,457.0,5.1,0,1,1,0,0,0,0,0,0.0,0.2,0.2,0.0,0.2
ITA-Serie A,2526,Parma,Sascha Britschgi,SUI,"MF,DF",18.0,2006.0,29,22,2095.0,23.3,0,2,2,0,0,0,7,1,0.0,0.09,0.09,0.0,0.09
ITA-Serie A,2526,Parma,Tjaš Begić,SVN,MF,22.0,2003.0,1,0,1.0,0.0,0,0,0,0,0,0,0,0,0.0,0.0,0.0,0.0,0.0
ITA-Serie A,2526,Parma,Zion Suzuki,JPN,GK,22.0,2002.0,20,20,1800.0,20.0,0,0,0,0,0,0,1,0,0.0,0.0,0.0,0.0,0.0
ITA-Serie A,2526,Pisa,Adrian Šemper,CRO,GK,27.0,1998.0,25,25,2250.0,25.0,0,0,0,0,0,0,0,0,0.0,0.0,0.0,0.0,0.0
ITA-Serie A,2526,Pisa,Antonio Caracciolo,ITA,DF,35.0,1990.0,35,34,3073.0,34.1,2,0,2,2,0,0,10,0,0.06,0.0,0.06,0.06,0.06
ITA-Serie A,2526,Pisa,Arturo Calabresi,ITA,DF,29.0,1996.0,26,17,1514.0,16.8,0,0,0,0,0,0,8,0,0.0,0.0,0.0,0.0,0.0
ITA-Serie A,2526,Pisa,Brando Bettazzi,ITA,MF,17.0,2007.0,1,0,14.0,0.2,0,0,0,0,0,0,0,0,0.0,0.0,0.0,0.0,0.0
ITA-Serie A,2526,Pisa,Calvin Stengs,NED,"FW,MF",26.0,1998.0,4,0,46.0,0.5,0,0,0,0,0,0,0,0,0.0,0.0,0.0,0.0,0.0
ITA-Serie A,2526,Pisa,Daniel Denoon,SUI,DF,21.0,2004.0,2,2,122.0,1.4,0,0,0,0,0,0,1,0,0.0,0.0,0.0,0.0,0.0
ITA-Serie A,2526,Pisa,Ebenezer Akinsanmiro,NGA,MF,20.0,2004.0,24,16,1444.0,16.0,0,1,1,0,0,0,2,0,0.0,0.06,0.06,0.0,0.06
ITA-Serie A,2526,Pisa,Felipe Loyola,CHI,MF,24.0,2000.0,11,6,538.0,6.0,1,0,1,1,0,0,0,1,0.17,0.0,0.17,0.17,0.17
ITA-Serie A,2526,Pisa,Filip Stojilković,SUI,"FW,MF",25.0,2000.0,13,8,658.0,7.3,0,0,0,0,0,0,0,0,0.0,0.0,0.0,0.0,0.0
ITA-Serie A,2526,Pisa,Francesco Coppola,ITA,DF,20.0,2005.0,7,5,458.0,5.1,0,0,0,0,0,0,3,0,0.0,0.0,0.0,0.0,0.0
ITA-Serie A,2526,Pisa,Gabriele Piccinini,ITA,MF,24.0,2001.0,25,5,875.0,9.7,0,0,0,0,0,0,3,0,0.0,0.0,0.0,0.0,0.0
ITA-Serie A,2526,Pisa,Giovanni Bonfanti,ITA,"DF,MF",22.0,2003.0,9,6,494.0,5.5,0,0,0,0,0,0,1,0,0.0,0.0,0.0,0.0,0.0
ITA-Serie A,2526,Pisa,Henrik Meister,DEN,FW,21.0,2003.0,28,15,1515.0,16.8,2,0,2,2,0,0,2,0,0.12,0.0,0.12,0.12,0.12
ITA-Serie A,2526,Pisa,Idrissa Touré,GER,MF,27.0,1998.0,32,26,2279.0,25.3,1,0,1,1,0,0,4,1,0.04,0.0,0.04,0.04,0.04
ITA-Serie A,2526,Pisa,Juan Cuadrado,COL,MF,37.0,1988.0,19,2,506.0,5.6,1,0,1,0,1,1,3,0,0.18,0.0,0.18,0.0,0.0
ITA-Serie A,2526,Pisa,Lorran,BRA,FW,19.0,2006.0,9,0,122.0,1.4,1,0,1,1,0,0,0,0,0.74,0.0,0.74,0.74,0.74
ITA-Serie A,2526,Pisa,Louis Buffon,CZE,FW,17.0,2007.0,4,0,32.0,0.4,0,0,0,0,0,0,0,0,0.0,0.0,0.0,0.0,0.0
ITA-Serie A,2526,Pisa,M'Bala Nzola,ANG,FW,28.0,1996.0,16,11,1052.0,11.7,3,0,3,1,2,3,1,1,0.26,0.0,0.26,0.09,0.09
ITA-Serie A,2526,Pisa,Malthe Hojholt,DEN,MF,24.0,2001.0,17,9,850.0,9.4,0,0,0,0,0,0,2,0,0.0,0.0,0.0,0.0,0.0
ITA-Serie A,2526,Pisa,Marius Marin,ROU,MF,26.0,1998.0,23,18,1281.0,14.2,0,0,0,0,0,0,7,0,0.0,0.0,0.0,0.0,0.0
ITA-Serie A,2526,Pisa,Mateus Lusuardi,BRA,DF,21.0,2004.0,3,3,198.0,2.2,0,0,0,0,0,0,1,0,0.0,0.0,0.0,0.0,0.0
ITA-Serie A,2526,Pisa,Mattéo Tramoni,FRA,"MF,FW",25.0,2000.0,27,21,1600.0,17.8,2,2,4,1,1,1,3,0,0.11,0.11,0.23,0.06,0.17
ITA-Serie A,2526,Pisa,Mehdi Léris,ALG,MF,27.0,1998.0,34,21,1900.0,21.1,2,3,5,2,0,0,2,0,0.09,0.14,0.24,0.09,0.24
ITA-Serie A,2526,Pisa,Michel Aebischer,SUI,MF,28.0,1997.0,35,33,2892.0,32.1,1,2,3,1,0,0,8,0,0.03,0.06,0.09,0.03,0.09
ITA-Serie A,2526,Pisa,Nícolas Andrade,BRA,GK,37.0,1988.0,6,6,540.0,6.0,0,0,0,0,0,0,0,0,0.0,0.0,0.0,0.0,0.0
ITA-Serie A,2526,Pisa,Rafiu Durosinmi,NGA,FW,22.0,2003.0,12,4,432.0,4.8,1,1,2,1,0,0,1,1,0.21,0.21,0.42,0.21,0.42
ITA-Serie A,2526,Pisa,Raúl Albiol,ESP,DF,39.0,1985.0,8,5,500.0,5.6,0,1,1,0,0,0,1,0,0.0,0.18,0.18,0.0,0.18
ITA-Serie A,2526,Pisa,Rosen Bozhinov,BUL,DF,20.0,2005.0,9,8,610.0,6.8,0,0,0,0,0,0,3,1,0.0,0.0,0.0,0.0,0.0
ITA-Serie A,2526,Pisa,Samuel Iling-Junior,ENG,MF,21.0,2003.0,5,1,110.0,1.2,0,0,0,0,0,0,0,0,0.0,0.0,0.0,0.0,0.0
ITA-Serie A,2526,Pisa,Samuele Angori,ITA,MF,21.0,2003.0,35,30,2599.0,28.9,0,2,2,0,0,0,2,0,0.0,0.07,0.07,0.0,0.07
ITA-Serie A,2526,Pisa,Simone Canestrelli,ITA,DF,24.0,2000.0,37,36,3201.0,35.6,1,0,1,1,0,0,4,0,0.03,0.0,0.03,0.03,0.03
ITA-Serie A,2526,Pisa,Simone Scuffet,ITA,GK,29.0,1996.0,7,7,630.0,7.0,0,0,0,0,0,0,0,0,0.0,0.0,0.0,0.0,0.0
ITA-Serie A,2526,Pisa,Stefano Moreo,ITA,"FW,MF",32.0,1993.0,37,29,2307.0,25.6,7,1,8,5,2,2,2,0,0.27,0.04,0.31,0.2,0.23
ITA-Serie A,2526,Pisa,Tomás Esteves,POR,"DF,MF",23.0,2002.0,1,0,14.0,0.2,0,0,0,0,0,0,0,0,0.0,0.0,0.0,0.0,0.0
ITA-Serie A,2526,Pisa,İsak Vural,TUR,MF,19.0,2006.0,15,9,752.0,8.4,0,0,0,0,0,0,4,0,0.0,0.0,0.0,0.0,0.0
ITA-Serie A,2526,Roma,Alessandro Romano,SUI,MF,19.0,2006.0,2,0,8.0,0.1,0,0,0,0,0,0,0,0,0.0,0.0,0.0,0.0,0.0
ITA-Serie A,2526,Roma,Angeliño,ESP,MF,28.0,1997.0,7,5,416.0,4.6,0,0,0,0,0,0,2,0,0.0,0.0,0.0,0.0,0.0
ITA-Serie A,2526,Roma,Antonio Arena,ITA,FW,16.0,2009.0,2,0,23.0,0.3,0,0,0,0,0,0,0,0,0.0,0.0,0.0,0.0,0.0
ITA-Serie A,2526,Roma,Artem Dovbyk,UKR,FW,28.0,1997.0,14,3,393.0,4.4,3,1,4,3,0,0,0,0,0.69,0.23,0.92,0.69,0.92
ITA-Serie A,2526,Roma,Bryan Cristante,ITA,MF,30.0,1995.0,37,36,3094.0,34.4,2,1,3,2,0,0,6,0,0.06,0.03,0.09,0.06,0.09
ITA-Serie A,2526,Roma,Bryan Zaragoza,ESP,MF,23.0,2001.0,4,2,135.0,1.5,0,1,1,0,0,0,1,0,0.0,0.67,0.67,0.0,0.67
ITA-Serie A,2526,Roma,Daniele Ghilardi,ITA,DF,22.0,2003.0,23,9,1097.0,12.2,0,0,0,0,0,0,1,0,0.0,0.0,0.0,0.0,0.0
ITA-Serie A,2526,Roma,Devyne Rensch,NED,MF,22.0,2003.0,24,12,1184.0,13.2,1,4,5,1,0,0,1,0,0.08,0.3,0.38,0.08,0.38
ITA-Serie A,2526,Roma,Donyell Malen,NED,FW,26.0,1999.0,18,18,1467.0,16.3,14,2,16,11,3,4,1,0,0.86,0.12,0.98,0.67,0.8
ITA-Serie A,2526,Roma,Evan Ferguson,IRL,FW,20.0,2004.0,16,10,773.0,8.6,3,2,5,3,0,0,1,0,0.35,0.23,0.58,0.35,0.58
ITA-Serie A,2526,Roma,Gianluca Mancini,ITA,DF,29.0,1996.0,36,36,3059.0,34.0,4,2,6,4,0,0,9,0,0.12,0.06,0.18,0.12,0.18
ITA-Serie A,2526,Roma,Jan Ziółkowski,POL,DF,20.0,2005.0,18,5,517.0,5.7,0,0,0,0,0,0,3,0,0.0,0.0,0.0,0.0,0.0
ITA-Serie A,2526,Roma,Kostas Tsimikas,GRE,MF,29.0,1996.0,18,6,644.0,7.2,0,0,0,0,0,0,1,0,0.0,0.0,0.0,0.0,0.0
ITA-Serie A,2526,Roma,Leon Bailey,JAM,FW,27.0,1997.0,7,1,186.0,2.1,0,0,0,0,0,0,0,0,0.0,0.0,0.0,0.0,0.0
ITA-Serie A,2526,Roma,Lorenzo Pellegrini,ITA,MF,29.0,1996.0,24,20,1463.0,16.3,4,2,6,2,2,2,2,0,0.25,0.12,0.37,0.12,0.25
ITA-Serie A,2526,Roma,Lorenzo Venturino,ITA,MF,19.0,2006.0,10,1,207.0,2.3,0,0,0,0,0,0,0,0,0.0,0.0,0.0,0.0,0.0
ITA-Serie A,2526,Roma,Manu Koné,FRA,MF,24.0,2001.0,29,28,2456.0,27.3,2,3,5,2,0,0,2,0,0.07,0.11,0.18,0.07,0.18
ITA-Serie A,2526,Roma,Mario Hermoso,ESP,DF,30.0,1995.0,27,25,2085.0,23.2,3,2,5,3,0,0,9,0,0.13,0.09,0.22,0.13,0.22
ITA-Serie A,2526,Roma,Matìas Soulé,ARG,"MF,FW",22.0,2003.0,33,28,2139.0,23.8,6,5,11,6,0,0,1,0,0.25,0.21,0.46,0.25,0.46
ITA-Serie A,2526,Roma,Mile Svilar,SRB,GK,25.0,1999.0,38,38,3420.0,38.0,0,0,0,0,0,0,0,0,0.0,0.0,0.0,0.0,0.0
ITA-Serie A,2526,Roma,Neil El Aynaoui,MAR,MF,24.0,2001.0,25,8,999.0,11.1,1,2,3,1,0,0,5,0,0.09,0.18,0.27,0.09,0.27
ITA-Serie A,2526,Roma,Niccolò Pisilli,ITA,MF,20.0,2004.0,25,13,1295.0,14.4,2,4,6,2,0,0,3,0,0.14,0.28,0.42,0.14,0.42
ITA-Serie A,2526,Roma,Obite N'Dicka,CIV,DF,25.0,1999.0,31,31,2680.0,29.8,3,0,3,3,0,0,5,0,0.1,0.0,0.1,0.1,0.1
ITA-Serie A,2526,Roma,Paulo Dybala,ARG,"MF,FW",31.0,1993.0,22,15,1354.0,15.0,2,6,8,2,0,1,0,0,0.13,0.4,0.53,0.13,0.53
ITA-Serie A,2526,Roma,Robinio Vaz,FRA,FW,18.0,2007.0,12,0,216.0,2.4,1,0,1,1,0,0,0,0,0.42,0.0,0.42,0.42,0.42
ITA-Serie A,2526,Roma,Stephan El Shaarawy,ITA,"MF,FW",32.0,1992.0,20,5,666.0,7.4,1,2,3,1,0,0,4,0,0.14,0.27,0.41,0.14,0.41
ITA-Serie A,2526,Roma,Tommaso Baldanzi,ITA,"FW,MF",22.0,2003.0,10,3,386.0,4.3,1,0,1,1,0,0,2,0,0.23,0.0,0.23,0.23,0.23
ITA-Serie A,2526,Roma,Wesley,BRA,MF,21.0,2003.0,30,28,2448.0,27.2,5,0,5,5,0,0,7,2,0.18,0.0,0.18,0.18,0.18
ITA-Serie A,2526,Roma,Zeki Çelik,TUR,"MF,DF",28.0,1997.0,34,32,2723.0,30.3,1,2,3,1,0,0,2,1,0.03,0.07,0.1,0.03,0.1
ITA-Serie A,2526,Sassuolo,Alieu Fadera,GAM,FW,23.0,2001.0,28,8,987.0,11.0,2,1,3,2,0,0,5,0,0.18,0.09,0.27,0.18,0.27
ITA-Serie A,2526,Sassuolo,Andrea Ghion,ITA,MF,25.0,2000.0,1,0,10.0,0.1,0,0,0,0,0,0,0,0,0.0,0.0,0.0,0.0,0.0
ITA-Serie A,2526,Sassuolo,Andrea Pinamonti,ITA,FW,26.0,1999.0,36,32,2552.0,28.4,9,3,12,9,0,1,2,1,0.32,0.11,0.42,0.32,0.42
ITA-Serie A,2526,Sassuolo,Arijanet Muric,KVX,GK,26.0,1998.0,32,32,2880.0,32.0,0,0,0,0,0,0,4,0,0.0,0.0,0.0,0.0,0.0
ITA-Serie A,2526,Sassuolo,Armand Lauriente,FRA,FW,26.0,1998.0,38,33,2592.0,28.8,7,9,16,7,0,0,4,0,0.24,0.31,0.56,0.24,0.56
ITA-Serie A,2526,Sassuolo,Aster Vranckx,BEL,MF,22.0,2002.0,16,9,690.0,7.7,0,0,0,0,0,0,2,0,0.0,0.0,0.0,0.0,0.0
ITA-Serie A,2526,Sassuolo,Cas Odenthal,NED,DF,24.0,2000.0,1,0,1.0,0.0,0,0,0,0,0,0,0,0,0.0,0.0,0.0,0.0,0.0
ITA-Serie A,2526,Sassuolo,Christian Frangella,ITA,MF,18.0,2006.0,1,0,3.0,0.0,0,0,0,0,0,0,0,0,0.0,0.0,0.0,0.0,0.0
ITA-Serie A,2526,Sassuolo,Cristian Volpato,AUS,FW,21.0,2003.0,24,11,1064.0,11.8,2,4,6,2,0,0,4,0,0.17,0.34,0.51,0.17,0.51
ITA-Serie A,2526,Sassuolo,Daniel Boloca,ROU,MF,26.0,1998.0,2,2,135.0,1.5,0,0,0,0,0,0,0,0,0.0,0.0,0.0,0.0,0.0
ITA-Serie A,2526,Sassuolo,Darryl Bakola,FRA,MF,17.0,2007.0,6,1,128.0,1.4,0,1,1,0,0,0,0,0,0.0,0.7,0.7,0.0,0.7
ITA-Serie A,2526,Sassuolo,Domenico Berardi,ITA,FW,30.0,1994.0,26,24,1958.0,21.8,8,4,12,6,2,3,2,1,0.37,0.18,0.55,0.28,0.46
ITA-Serie A,2526,Sassuolo,Edoardo Iannoni,ITA,MF,24.0,2001.0,15,1,260.0,2.9,1,0,1,1,0,0,3,0,0.35,0.0,0.35,0.35,0.35
ITA-Serie A,2526,Sassuolo,Fali Candé,GNB,DF,27.0,1998.0,12,5,509.0,5.7,0,0,0,0,0,0,2,0,0.0,0.0,0.0,0.0,0.0
ITA-Serie A,2526,Sassuolo,Filippo Romagna,ITA,DF,28.0,1997.0,5,4,313.0,3.5,0,0,0,0,0,0,0,0,0.0,0.0,0.0,0.0,0.0
ITA-Serie A,2526,Sassuolo,Gioele Zacchi,ITA,GK,22.0,2003.0,1,0,8.0,0.1,0,0,0,0,0,0,0,0,0.0,0.0,0.0,0.0,0.0
ITA-Serie A,2526,Sassuolo,Ismaël Koné,CAN,MF,23.0,2002.0,35,33,2737.0,30.4,6,0,6,6,0,0,5,1,0.2,0.0,0.2,0.2,0.2
ITA-Serie A,2526,Sassuolo,Jay Idzes,IDN,DF,25.0,2000.0,35,35,3061.0,34.0,0,0,0,0,0,0,2,0,0.0,0.0,0.0,0.0,0.0
ITA-Serie A,2526,Sassuolo,Josh Doig,SCO,DF,23.0,2002.0,30,22,1917.0,21.3,0,0,0,0,0,0,5,0,0.0,0.0,0.0,0.0,0.0
ITA-Serie A,2526,Sassuolo,Kristian Thorstvedt,NOR,MF,26.0,1999.0,32,27,2460.0,27.3,4,4,8,4,0,0,9,0,0.15,0.15,0.29,0.15,0.29
ITA-Serie A,2526,Sassuolo,Laurs Skjellerup,DEN,FW,22.0,2002.0,1,0,10.0,0.1,0,0,0,0,0,0,0,0,0.0,0.0,0.0,0.0,0.0
ITA-Serie A,2526,Sassuolo,Luca Lipani,ITA,MF,20.0,2005.0,24,10,1034.0,11.5,0,1,1,0,0,0,3,0,0.0,0.09,0.09,0.0,0.09
ITA-Serie A,2526,Sassuolo,Luca Moro,ITA,FW,24.0,2001.0,14,1,211.0,2.3,0,0,0,0,0,0,1,0,0.0,0.0,0.0,0.0,0.0
ITA-Serie A,2526,Sassuolo,M'Bala Nzola,ANG,FW,28.0,1996.0,14,4,473.0,5.3,1,1,2,1,0,0,1,0,0.19,0.19,0.38,0.19,0.38
ITA-Serie A,2526,Sassuolo,Nemanja Matić,SRB,MF,36.0,1988.0,34,31,2660.0,29.6,1,1,2,1,0,0,7,1,0.03,0.03,0.07,0.03,0.07
ITA-Serie A,2526,Sassuolo,Nicholas Pierini,ITA,"FW,MF",26.0,1998.0,11,0,142.0,1.6,0,0,0,0,0,0,1,0,0.0,0.0,0.0,0.0,0.0
ITA-Serie A,2526,Sassuolo,Pedro Felipe,BRA,DF,21.0,2004.0,3,1,129.0,1.4,0,1,1,0,0,0,0,0,0.0,0.7,0.7,0.0,0.7
ITA-Serie A,2526,Sassuolo,Sebastian Walukiewicz,POL,DF,25.0,2000.0,34,33,2852.0,31.7,0,1,1,0,0,0,7,0,0.0,0.03,0.03,0.0,0.03
ITA-Serie A,2526,Sassuolo,Stefano Turati,ITA,GK,23.0,2001.0,6,6,532.0,5.9,0,0,0,0,0,0,0,0,0.0,0.0,0.0,0.0,0.0
ITA-Serie A,2526,Sassuolo,Tarik Muharemovic,BIH,DF,22.0,2003.0,32,32,2835.0,31.5,2,2,4,2,0,0,7,0,0.06,0.06,0.13,0.06,0.13
ITA-Serie A,2526,Sassuolo,Tommaso Macchioni,ITA,DF,19.0,2006.0,1,1,90.0,1.0,0,0,0,0,0,0,1,0,0.0,0.0,0.0,0.0,0.0
ITA-Serie A,2526,Sassuolo,Ulisses Garcia,SUI,DF,29.0,1996.0,13,10,943.0,10.5,1,2,3,1,0,0,3,0,0.1,0.19,0.29,0.1,0.29
ITA-Serie A,2526,Sassuolo,Walid Cheddira,MAR,FW,27.0,1998.0,16,1,221.0,2.5,1,0,1,1,0,0,1,0,0.41,0.0,0.41,0.41,0.41
ITA-Serie A,2526,Sassuolo,Woyo Coulibaly,MLI,DF,26.0,1999.0,20,9,1054.0,11.7,0,0,0,0,0,0,2,0,0.0,0.0,0.0,0.0,0.0
ITA-Serie A,2526,Torino,Adam Masina,MAR,DF,31.0,1994.0,5,2,235.0,2.6,0,1,1,0,0,0,0,0,0.0,0.38,0.38,0.0,0.38
ITA-Serie A,2526,Torino,Adrien Tameze,CMR,DF,31.0,1994.0,24,12,1120.0,12.4,0,0,0,0,0,0,3,0,0.0,0.0,0.0,0.0,0.0
ITA-Serie A,2526,Torino,Alberto Paleari,ITA,GK,32.0,1992.0,29,29,2610.0,29.0,0,0,0,0,0,0,1,0,0.0,0.0,0.0,0.0,0.0
ITA-Serie A,2526,Torino,Ali Dembélé,FRA,DF,21.0,2004.0,2,0,21.0,0.2,0,0,0,0,0,0,0,0,0.0,0.0,0.0,0.0,0.0
ITA-Serie A,2526,Torino,Alieu Njie,SWE,"MF,FW",20.0,2005.0,15,2,299.0,3.3,1,1,2,1,0,0,2,0,0.3,0.3,0.6,0.3,0.6
ITA-Serie A,2526,Torino,Ardian Ismajli,ALB,DF,28.0,1996.0,25,21,1906.0,21.2,0,1,1,0,0,0,5,0,0.0,0.05,0.05,0.0,0.05
ITA-Serie A,2526,Torino,Cesare Casadei,ITA,MF,22.0,2003.0,33,19,1997.0,22.2,6,0,6,6,0,0,5,0,0.27,0.0,0.27,0.27,0.27
ITA-Serie A,2526,Torino,Ché Adams,SCO,FW,29.0,1996.0,33,19,1893.0,21.0,6,2,8,6,0,0,0,0,0.29,0.1,0.38,0.29,0.38
ITA-Serie A,2526,Torino,Cristiano Biraghi,ITA,"MF,DF",32.0,1992.0,14,5,517.0,5.7,0,0,0,0,0,0,0,0,0.0,0.0,0.0,0.0,0.0
ITA-Serie A,2526,Torino,Cyril Ngonge,BEL,FW,25.0,2000.0,20,11,994.0,11.0,1,1,2,1,0,0,2,0,0.09,0.09,0.18,0.09,0.18
ITA-Serie A,2526,Torino,Duván Zapata,COL,FW,34.0,1991.0,28,11,1103.0,12.3,3,1,4,3,0,1,0,0,0.24,0.08,0.33,0.24,0.33
ITA-Serie A,2526,Torino,Emirhan İlkhan,TUR,MF,21.0,2004.0,19,13,1001.0,11.1,1,2,3,1,0,0,2,1,0.09,0.18,0.27,0.09,0.27
ITA-Serie A,2526,Torino,Enzo Ebosse,CMR,DF,26.0,1999.0,13,13,1115.0,12.4,0,1,1,0,0,0,3,0,0.0,0.08,0.08,0.0,0.08
ITA-Serie A,2526,Torino,Faustino Anjorin,ENG,MF,23.0,2001.0,15,1,289.0,3.2,0,0,0,0,0,0,1,0,0.0,0.0,0.0,0.0,0.0
ITA-Serie A,2526,Torino,Franco Israel,URU,GK,25.0,2000.0,9,9,810.0,9.0,0,0,0,0,0,0,1,0,0.0,0.0,0.0,0.0,0.0
ITA-Serie A,2526,Torino,Giovanni Simeone,ARG,FW,30.0,1995.0,32,27,2230.0,24.8,11,0,11,11,0,0,1,0,0.44,0.0,0.44,0.44,0.44
ITA-Serie A,2526,Torino,Guillermo Maripán,CHI,DF,31.0,1994.0,27,24,2145.0,23.8,2,0,2,2,0,0,4,0,0.08,0.0,0.08,0.08,0.08
ITA-Serie A,2526,Torino,Gvidas Gineitis,LTU,MF,21.0,2004.0,29,23,1756.0,19.5,0,1,1,0,0,0,5,0,0.0,0.05,0.05,0.0,0.05
ITA-Serie A,2526,Torino,Ivan Ilić,SRB,MF,24.0,2001.0,8,5,416.0,4.6,0,0,0,0,0,0,2,0,0.0,0.0,0.0,0.0,0.0
ITA-Serie A,2526,Torino,Kristjan Asllani,ALB,MF,23.0,2002.0,15,13,1129.0,12.5,0,0,0,0,0,1,3,0,0.0,0.0,0.0,0.0,0.0
ITA-Serie A,2526,Torino,Luca Marianucci,ITA,DF,21.0,2004.0,10,6,575.0,6.4,0,0,0,0,0,0,2,0,0.0,0.0,0.0,0.0,0.0
ITA-Serie A,2526,Torino,Marcus Pedersen,NOR,"MF,DF",25.0,2000.0,29,23,2134.0,23.7,1,2,3,1,0,0,3,0,0.04,0.08,0.13,0.04,0.13
ITA-Serie A,2526,Torino,Matteo Prati,ITA,MF,21.0,2003.0,13,7,614.0,6.8,0,1,1,0,0,0,2,0,0.0,0.15,0.15,0.0,0.15
ITA-Serie A,2526,Torino,Niels Nkounkou,FRA,"MF,DF",24.0,2000.0,11,3,355.0,3.9,0,1,1,0,0,0,3,0,0.0,0.25,0.25,0.0,0.25
ITA-Serie A,2526,Torino,Nikola Vlašić,CRO,"MF,FW",27.0,1997.0,37,36,3043.0,33.8,8,3,11,3,5,5,7,0,0.24,0.09,0.33,0.09,0.18
ITA-Serie A,2526,Torino,Rafel Obrador,ESP,MF,21.0,2004.0,16,14,1116.0,12.4,1,3,4,1,0,0,1,0,0.08,0.24,0.32,0.08,0.32
ITA-Serie A,2526,Torino,Sandro Kulenović,CRO,FW,25.0,1999.0,13,3,300.0,3.3,0,1,1,0,0,0,2,0,0.0,0.3,0.3,0.0,0.3
ITA-Serie A,2526,Torino,Saúl Coco,EQG,DF,26.0,1999.0,35,35,3088.0,34.3,1,1,2,1,0,0,3,0,0.03,0.03,0.06,0.03,0.06
ITA-Serie A,2526,Torino,Valentino Lazaro,AUT,MF,29.0,1996.0,31,26,2252.0,25.0,0,2,2,0,0,0,4,0,0.0,0.08,0.08,0.0,0.08
ITA-Serie A,2526,Torino,Zakaria Aboukhlal,MAR,MF,25.0,2000.0,15,6,511.0,5.7,0,0,0,0,0,0,4,0,0.0,0.0,0.0,0.0,0.0
ITA-Serie A,2526,Udinese,Abdoulaye Camara,FRA,MF,16.0,2008.0,1,0,12.0,0.1,0,0,0,0,0,0,0,0,0.0,0.0,0.0,0.0,0.0
ITA-Serie A,2526,Udinese,Adam Buksa,POL,FW,29.0,1996.0,25,6,922.0,10.2,3,0,3,3,0,0,3,0,0.29,0.0,0.29,0.29,0.29
ITA-Serie A,2526,Udinese,Alessandro Zanoli,ITA,MF,24.0,2000.0,19,16,1280.0,14.2,1,2,3,1,0,0,1,0,0.07,0.14,0.21,0.07,0.21
ITA-Serie A,2526,Udinese,Arthur Atta,FRA,MF,22.0,2003.0,32,29,2557.0,28.4,5,3,8,5,0,0,3,0,0.18,0.11,0.28,0.18,0.28
ITA-Serie A,2526,Udinese,Branimir Mlacic,CRO,DF,18.0,2007.0,7,2,166.0,1.8,0,0,0,0,0,0,2,0,0.0,0.0,0.0,0.0,0.0
ITA-Serie A,2526,Udinese,Christian Kabasele,BEL,DF,34.0,1991.0,30,28,2247.0,25.0,3,0,3,3,0,0,5,1,0.12,0.0,0.12,0.12,0.12
ITA-Serie A,2526,Udinese,Daniele Padelli,ITA,GK,39.0,1985.0,2,2,180.0,2.0,0,0,0,0,0,0,0,0,0.0,0.0,0.0,0.0,0.0
ITA-Serie A,2526,Udinese,Hassane Kamara,CIV,"MF,DF",31.0,1994.0,26,22,1861.0,20.7,0,2,2,0,0,0,5,0,0.0,0.1,0.1,0.0,0.1
ITA-Serie A,2526,Udinese,Idrissa Guèye,SEN,FW,18.0,2006.0,19,1,421.0,4.7,1,0,1,1,0,0,2,0,0.21,0.0,0.21,0.21,0.21
ITA-Serie A,2526,Udinese,Iker Bravo,ESP,FW,20.0,2005.0,8,3,206.0,2.3,1,0,1,1,0,0,1,0,0.44,0.0,0.44,0.44,0.44
ITA-Serie A,2526,Udinese,Jakub Piotrowski,POL,MF,27.0,1997.0,33,20,1696.0,18.8,1,1,2,1,0,0,2,0,0.05,0.05,0.11,0.05,0.11
ITA-Serie A,2526,Udinese,Jesper Karlström,SWE,MF,30.0,1995.0,36,36,3146.0,35.0,1,0,1,1,0,0,6,0,0.03,0.0,0.03,0.03,0.03
ITA-Serie A,2526,Udinese,Jordan Zemura,ZIM,"MF,DF",25.0,1999.0,17,13,1127.0,12.5,0,1,1,0,0,0,3,0,0.0,0.08,0.08,0.0,0.08
ITA-Serie A,2526,Udinese,Juan Arizala,COL,MF,19.0,2005.0,10,1,191.0,2.1,0,0,0,0,0,0,0,0,0.0,0.0,0.0,0.0,0.0
ITA-Serie A,2526,Udinese,Jurgen Ekkelenkamp,NED,MF,25.0,2000.0,31,27,2186.0,24.3,5,3,8,5,0,0,1,0,0.21,0.12,0.33,0.21,0.33
ITA-Serie A,2526,Udinese,Keinan Davis,ENG,FW,27.0,1998.0,30,27,2065.0,22.9,10,4,14,6,4,4,5,0,0.44,0.17,0.61,0.26,0.44
ITA-Serie A,2526,Udinese,Kingsley Ehizibue,NED,"MF,DF",30.0,1995.0,32,20,1811.0,20.1,2,0,2,2,0,0,5,0,0.1,0.0,0.1,0.1,0.1
ITA-Serie A,2526,Udinese,Lennon Miller,SCO,MF,18.0,2006.0,24,9,996.0,11.1,0,2,2,0,0,0,4,0,0.0,0.18,0.18,0.0,0.18
ITA-Serie A,2526,Udinese,Maduka Okoye,NGA,GK,25.0,1999.0,30,30,2616.0,29.1,0,0,0,0,0,0,1,1,0.0,0.0,0.0,0.0,0.0
ITA-Serie A,2526,Udinese,Matteo Palma,GER,DF,17.0,2008.0,5,1,120.0,1.3,0,0,0,0,0,0,0,0,0.0,0.0,0.0,0.0,0.0
ITA-Serie A,2526,Udinese,Nicolò Bertola,ITA,"DF,MF",22.0,2003.0,28,18,1763.0,19.6,0,1,1,0,0,0,3,0,0.0,0.05,0.05,0.0,0.05
ITA-Serie A,2526,Udinese,Nicolò Zaniolo,ITA,"FW,MF",26.0,1999.0,32,28,2257.0,25.1,5,6,11,5,0,0,8,0,0.2,0.24,0.44,0.2,0.44
ITA-Serie A,2526,Udinese,Oier Zarraga,ESP,MF,26.0,1999.0,24,2,475.0,5.3,0,0,0,0,0,0,2,0,0.0,0.0,0.0,0.0,0.0
ITA-Serie A,2526,Udinese,Oumar Solet,FRA,DF,25.0,2000.0,35,34,2959.0,32.9,3,1,4,2,1,1,1,0,0.09,0.03,0.12,0.06,0.09
ITA-Serie A,2526,Udinese,Razvan Sava,ROU,GK,23.0,2002.0,7,6,620.0,6.9,0,0,0,0,0,0,1,0,0.0,0.0,0.0,0.0,0.0
ITA-Serie A,2526,Udinese,Rui Modesto,ANG,MF,25.0,1999.0,3,0,119.0,1.3,0,1,1,0,0,0,0,0,0.0,0.76,0.76,0.0,0.76
ITA-Serie A,2526,Udinese,Saba Goglichidze,GEO,DF,21.0,2004.0,8,4,424.0,4.7,0,0,0,0,0,0,2,0,0.0,0.0,0.0,0.0,0.0
ITA-Serie A,2526,Udinese,Sandi Lovrić,SVN,MF,27.0,1998.0,6,1,161.0,1.8,0,1,1,0,0,0,1,0,0.0,0.56,0.56,0.0,0.56
ITA-Serie A,2526,Udinese,Thomas Kristensen,DEN,DF,23.0,2002.0,28,28,2472.0,27.5,3,0,3,3,0,0,4,0,0.11,0.0,0.11,0.11,0.11
ITA-Serie A,2526,Udinese,Vakoun Bayo,CIV,FW,28.0,1997.0,15,4,453.0,5.0,0,2,2,0,0,0,0,0,0.0,0.4,0.4,0.0,0.4
,2425,Augsburg,Alexis Claude-Maurice,FRA,"MF,FW",26.0,1998.0,28,25,2109.0,23.4,9,2,11,9,0,0,4,0,0.38,0.09,0.47,0.38,0.47
,2425,Augsburg,Arne Engels,BEL,FW,20.0,2003.0,1,1,79.0,0.9,0,0,0,0,0,0,1,0,0.0,0.0,0.0,0.0,0.0
,2425,Augsburg,Arne Maier,GER,MF,25.0,1999.0,28,7,938.0,10.4,0,0,0,0,0,0,0,1,0.0,0.0,0.0,0.0,0.0
,2425,Augsburg,Cedric Zesiger,SUI,DF,26.0,1998.0,15,15,1221.0,13.6,0,2,2,0,0,0,7,1,0.0,0.15,0.15,0.0,0.15
,2425,Augsburg,Chrislain Matsima,FRA,DF,22.0,2002.0,30,28,2551.0,28.3,1,1,2,1,0,0,4,0,0.04,0.04,0.07,0.04,0.07
,2425,Augsburg,Dimitris Giannoulis,GRE,MF,28.0,1995.0,31,31,2650.0,29.4,1,4,5,1,0,0,8,0,0.03,0.14,0.17,0.03,0.17
,2425,Augsburg,Elvis Rexhbeçaj,KVX,MF,26.0,1997.0,27,22,1785.0,19.8,1,1,2,1,0,0,8,0,0.05,0.05,0.1,0.05,0.1
,2425,Augsburg,Finn Dahmen,GER,GK,26.0,1998.0,19,19,1710.0,19.0,0,0,0,0,0,0,0,0,0.0,0.0,0.0,0.0,0.0
,2425,Augsburg,Frank Onyeka,NGA,MF,26.0,1998.0,31,30,2586.0,28.7,0,1,1,0,0,0,8,0,0.0,0.03,0.03,0.0,0.03
,2425,Augsburg,Fredrik Jensen,FIN,"MF,FW",26.0,1997.0,20,9,763.0,8.5,0,0,0,0,0,0,0,0,0.0,0.0,0.0,0.0,0.0
,2425,Augsburg,Henri Koudossou,GER,MF,24.0,1999.0,21,4,748.0,8.3,0,0,0,0,0,0,1,0,0.0,0.0,0.0,0.0,0.0
,2425,Augsburg,Jeffrey Gouweleeuw,NED,DF,33.0,1991.0,33,33,2944.0,32.7,1,4,5,1,0,1,9,0,0.03,0.12,0.15,0.03,0.15
,2425,Augsburg,Keven Schlotterbeck,GER,DF,27.0,1997.0,18,15,1297.0,14.4,3,1,4,3,0,0,4,1,0.21,0.07,0.28,0.21,0.28
,2425,Augsburg,Kristijan Jakić,CRO,MF,27.0,1997.0,31,27,2306.0,25.6,0,1,1,0,0,0,2,0,0.0,0.04,0.04,0.0,0.04
,2425,Augsburg,Mads Pedersen,DEN,DF,27.0,1996.0,7,2,235.0,2.6,0,0,0,0,0,0,0,0,0.0,0.0,0.0,0.0,0.0
,2425,Augsburg,Marius Wolf,GER,MF,29.0,1995.0,32,28,2144.0,23.8,1,3,4,1,0,0,2,0,0.04,0.13,0.17,0.04,0.17
,2425,Augsburg,Maximilian Bauer,GER,DF,24.0,2000.0,11,8,658.0,7.3,0,0,0,0,0,0,1,0,0.0,0.0,0.0,0.0,0.0
,2425,Augsburg,Mergim Berisha,GER,FW,26.0,1998.0,2,0,40.0,0.4,0,0,0,0,0,0,1,0,0.0,0.0,0.0,0.0,0.0
,2425,Augsburg,Mert Kömür,GER,MF,19.0,2005.0,20,5,654.0,7.3,2,1,3,2,0,0,1,0,0.28,0.14,0.41,0.28,0.41
,2425,Augsburg,Nediljko Labrović,CRO,GK,24.0,1999.0,15,15,1350.0,15.0,0,0,0,0,0,0,0,0,0.0,0.0,0.0,0.0,0.0
,2425,Augsburg,Niklas Dorsch,GER,MF,26.0,1998.0,1,0,32.0,0.4,0,0,0,0,0,0,0,0,0.0,0.0,0.0,0.0,0.0
,2425,Augsburg,Noahkai Banks,USA,DF,17.0,2006.0,8,2,278.0,3.1,0,0,0,0,0,0,2,0,0.0,0.0,0.0,0.0,0.0
,2425,Augsburg,Phillip Tietz,GER,FW,27.0,1997.0,34,19,1686.0,18.7,7,2,9,6,1,1,4,0,0.37,0.11,0.48,0.32,0.43
,2425,Augsburg,Robert Gumny,POL,MF,26.0,1998.0,7,2,271.0,3.0,0,0,0,0,0,0,2,0,0.0,0.0,0.0,0.0,0.0
,2425,Augsburg,Ruben Vargas,SUI,MF,25.0,1998.0,8,3,305.0,3.4,0,0,0,0,0,0,3,0,0.0,0.0,0.0,0.0,0.0
,2425,Augsburg,Samuel Essende,COD,FW,26.0,1998.0,30,21,1636.0,18.2,7,2,9,7,0,0,4,2,0.39,0.11,0.5,0.39,0.5
,2425,Augsburg,Steve Mounié,BEN,MF,29.0,1994.0,16,1,347.0,3.9,1,0,1,1,0,0,2,0,0.26,0.0,0.26,0.26,0.26
,2425,Augsburg,Tim Breithaupt,GER,MF,22.0,2002.0,2,2,120.0,1.3,0,1,1,0,0,0,0,0,0.0,0.75,0.75,0.0,0.75
,2425,Augsburg,Yusuf Kabadayı,GER,FW,20.0,2004.0,5,0,71.0,0.8,1,0,1,1,0,0,0,0,1.27,0.0,1.27,1.27,1.27
,2425,Bayern Munich,Adam Aznou,MAR,DF,18.0,2006.0,2,0,17.0,0.2,0,0,0,0,0,0,0,0,0.0,0.0,0.0,0.0,0.0
,2425,Bayern Munich,Aleksandar Pavlovic,GER,MF,20.0,2004.0,21,18,1451.0,16.1,1,0,1,1,0,0,2,0,0.06,0.0,0.06,0.06,0.06
,2425,Bayern Munich,Alphonso Davies,CAN,DF,23.0,2000.0,19,17,1560.0,17.3,1,2,3,1,0,0,0,0,0.06,0.12,0.17,0.06,0.17
,2425,Bayern Munich,Arijon Ibrahimović,GER,MF,18.0,2005.0,1,0,1.0,0.0,0,0,0,0,0,0,0,0,0.0,0.0,0.0,0.0,0.0
,2425,Bayern Munich,Daniel Peretz,ISR,GK,24.0,2000.0,3,3,270.0,3.0,0,0,0,0,0,0,1,0,0.0,0.0,0.0,0.0,0.0
,2425,Bayern Munich,Dayot Upamecano,FRA,DF,25.0,1998.0,20,20,1759.0,19.5,2,0,2,2,0,0,6,0,0.1,0.0,0.1,0.1,0.1
,2425,Bayern Munich,Eric Dier,ENG,DF,30.0,1994.0,21,16,1463.0,16.3,2,1,3,2,0,0,1,0,0.12,0.06,0.18,0.12,0.18
,2425,Bayern Munich,Gabriel Vidovic,CRO,MF,20.0,2003.0,4,0,24.0,0.3,0,0,0,0,0,0,0,0,0.0,0.0,0.0,0.0,0.0
,2425,Bayern Munich,Harry Kane,ENG,FW,31.0,1993.0,31,28,2381.0,26.5,26,9,35,17,9,9,5,0,0.98,0.34,1.32,0.64,0.98
,2425,Bayern Munich,Hiroki Ito,JPN,DF,25.0,1999.0,6,3,250.0,2.8,1,0,1,1,0,0,1,0,0.36,0.0,0.36,0.36,0.36
,2425,Bayern Munich,Jamal Musiala,GER,MF,21.0,2003.0,25,21,1798.0,20.0,12,2,14,12,0,0,3,0,0.6,0.1,0.7,0.6,0.7
,2425,Bayern Munich,Jonah Kusi-Asare,SWE,FW,17.0,2007.0,1,0,3.0,0.0,0,0,0,0,0,0,0,0,0.0,0.0,0.0,0.0,0.0
,2425,Bayern Munich,Jonas Urbig,GER,GK,20.0,2003.0,8,8,720.0,8.0,0,0,0,0,0,0,0,0,0.0,0.0,0.0,0.0,0.0
,2425,Bayern Munich,Joshua Kimmich,GER,MF,29.0,1995.0,33,32,2847.0,31.6,3,7,10,3,0,0,4,0,0.09,0.22,0.32,0.09,0.32
,2425,Bayern Munich,Josip Stanišić,CRO,DF,24.0,2000.0,14,9,876.0,9.7,0,2,2,0,0,0,0,0,0.0,0.21,0.21,0.0,0.21
,2425,Bayern Munich,João Palhinha,POR,MF,29.0,1995.0,17,6,673.0,7.5,0,0,0,0,0,0,2,1,0.0,0.0,0.0,0.0,0.0
,2425,Bayern Munich,Kim Min-jae,KOR,DF,27.0,1996.0,27,27,2283.0,25.4,2,0,2,2,0,0,2,0,0.08,0.0,0.08,0.08,0.08
,2425,Bayern Munich,Kingsley Coman,FRA,MF,28.0,1996.0,28,14,1282.0,14.2,5,4,9,5,0,0,0,0,0.35,0.28,0.63,0.35,0.63
,2425,Bayern Munich,Konrad Laimer,AUT,DF,27.0,1997.0,29,19,1699.0,18.9,2,2,4,2,0,0,8,0,0.11,0.11,0.21,0.11,0.21
,2425,Bayern Munich,Leon Goretzka,GER,MF,29.0,1995.0,26,13,1325.0,14.7,4,1,5,4,0,0,2,0,0.27,0.07,0.34,0.27,0.34
,2425,Bayern Munich,Leroy Sané,GER,MF,28.0,1996.0,30,17,1637.0,18.2,11,5,16,11,0,0,2,0,0.6,0.27,0.88,0.6,0.88
,2425,Bayern Munich,Manuel Neuer,GER,GK,38.0,1986.0,22,22,1980.0,22.0,0,0,0,0,0,0,0,0,0.0,0.0,0.0,0.0,0.0
,2425,Bayern Munich,Mathys Tel,FRA,MF,19.0,2005.0,8,2,256.0,2.8,0,1,1,0,0,0,0,0,0.0,0.35,0.35,0.0,0.35
,2425,Bayern Munich,Michael Olise,FRA,MF,22.0,2001.0,34,28,2334.0,25.9,12,15,27,12,0,0,3,0,0.46,0.58,1.04,0.46,1.04
,2425,Bayern Munich,Raphaël Guerreiro,POR,"DF,MF",30.0,1993.0,23,19,1572.0,17.5,4,4,8,4,0,0,2,0,0.23,0.23,0.46,0.23,0.46
,2425,Bayern Munich,Sacha Boey,FRA,DF,23.0,2000.0,13,6,593.0,6.6,0,2,2,0,0,0,1,0,0.0,0.3,0.3,0.0,0.3
,2425,Bayern Munich,Serge Gnabry,GER,"MF,FW",29.0,1995.0,27,13,1242.0,13.8,7,5,12,7,0,1,0,0,0.51,0.36,0.87,0.51,0.87
,2425,Bayern Munich,Sven Ulreich,GER,GK,35.0,1988.0,1,1,90.0,1.0,0,0,0,0,0,0,0,0,0.0,0.0,0.0,0.0,0.0
,2425,Bayern Munich,Thomas Müller,GER,"MF,FW",34.0,1989.0,30,12,1225.0,13.6,1,4,5,1,0,0,3,0,0.07,0.29,0.37,0.07,0.37
,2425,Bochum,Aliou Badara Baldé,GUI,FW,21.0,2002.0,5,0,91.0,1.0,0,0,0,0,0,0,1,0,0.0,0.0,0.0,0.0,0.0
,2425,Bochum,Anthony Losilla,FRA,MF,38.0,1986.0,21,13,1137.0,12.6,0,0,0,0,0,0,1,0,0.0,0.0,0.0,0.0,0.0
,2425,Bochum,Bernardo,BRA,DF,29.0,1995.0,21,19,1782.0,19.8,0,0,0,0,0,0,5,0,0.0,0.0,0.0,0.0,0.0
,2425,Bochum,Cristian Gamboa,CRC,MF,34.0,1989.0,12,1,226.0,2.5,1,0,1,1,0,0,1,0,0.4,0.0,0.4,0.4,0.4
,2425,Bochum,Dani de Wit,NED,"MF,FW",26.0,1998.0,28,11,1153.0,12.8,2,1,3,2,0,0,1,0,0.16,0.08,0.23,0.16,0.23
,2425,Bochum,Erhan Mašović,SRB,"DF,MF",25.0,1998.0,16,10,910.0,10.1,1,1,2,1,0,0,2,0,0.1,0.1,0.2,0.1,0.2
,2425,Bochum,Felix Passlack,GER,"MF,DF",26.0,1998.0,31,30,2334.0,25.9,1,6,7,1,0,0,4,0,0.04,0.23,0.27,0.04,0.27
,2425,Bochum,Gerrit Holtmann,PHI,"MF,DF",29.0,1995.0,23,12,1136.0,12.6,2,1,3,2,0,0,2,0,0.16,0.08,0.24,0.16,0.24
,2425,Bochum,Giorgos Masouras,GRE,FW,30.0,1994.0,14,12,1055.0,11.7,2,1,3,2,0,0,1,0,0.17,0.09,0.26,0.17,0.26
,2425,Bochum,Ibrahima Sissoko,MLI,MF,26.0,1997.0,32,30,2610.0,29.0,2,1,3,2,0,0,11,1,0.07,0.03,0.1,0.07,0.1
,2425,Bochum,Ivan Ordets,UKR,DF,32.0,1992.0,22,21,1861.0,20.7,0,0,0,0,0,0,6,0,0.0,0.0,0.0,0.0,0.0
,2425,Bochum,Jakov Medić,CRO,DF,25.0,1998.0,23,17,1603.0,17.8,1,0,1,1,0,0,2,0,0.06,0.0,0.06,0.06,0.06
,2425,Bochum,Kacper Koscierski,GER,DF,17.0,2007.0,1,0,7.0,0.1,0,0,0,0,0,0,0,0,0.0,0.0,0.0,0.0,0.0
,2425,Bochum,Koji Miyoshi,JPN,"MF,FW",27.0,1997.0,15,6,464.0,5.2,1,0,1,1,0,0,0,1,0.19,0.0,0.19,0.19,0.19
,2425,Bochum,Lukas Daschner,GER,"FW,MF",25.0,1998.0,14,3,412.0,4.6,1,1,2,1,0,1,0,0,0.22,0.22,0.44,0.22,0.44
,2425,Bochum,Mats Pannewig,GER,MF,19.0,2004.0,14,2,267.0,3.0,0,0,0,0,0,0,1,0,0.0,0.0,0.0,0.0,0.0
,2425,Bochum,Matúš Bero,SVK,MF,28.0,1995.0,30,29,2565.0,28.5,5,2,7,5,0,1,11,0,0.18,0.07,0.25,0.18,0.25
,2425,Bochum,Maximilian Wittek,GER,"DF,MF",28.0,1995.0,33,32,2706.0,30.1,0,0,0,0,0,0,8,0,0.0,0.0,0.0,0.0,0.0
,2425,Bochum,Moritz Broschinski,GER,"FW,MF",23.0,2000.0,33,15,1390.0,15.4,1,3,4,1,0,0,1,0,0.06,0.19,0.26,0.06,0.26
,2425,Bochum,Moritz-Broni Kwarteng,GHA,MF,26.0,1998.0,7,0,172.0,1.9,0,0,0,0,0,0,1,0,0.0,0.0,0.0,0.0,0.0
,2425,Bochum,Myron Boadu,NED,FW,23.0,2001.0,19,11,1042.0,11.6,9,1,10,8,1,1,2,0,0.78,0.09,0.86,0.69,0.78
,2425,Bochum,Patrick Drewes,GER,GK,31.0,1993.0,21,21,1890.0,21.0,0,0,0,0,0,0,2,0,0.0,0.0,0.0,0.0,0.0
,2425,Bochum,Philipp Hofmann,GER,FW,31.0,1993.0,32,27,2277.0,25.3,3,3,6,3,0,0,4,0,0.12,0.12,0.24,0.12,0.24
,2425,Bochum,Samuel Bamba,GER,FW,20.0,2004.0,5,0,27.0,0.3,0,0,0,0,0,0,0,0,0.0,0.0,0.0,0.0,0.0
,2425,Bochum,Tim Oermann,GER,DF,20.0,2003.0,29,26,2213.0,24.6,0,2,2,0,0,0,0,0,0.0,0.08,0.08,0.0,0.08
,2425,Bochum,Timo Horn,GER,GK,31.0,1993.0,13,13,1170.0,13.0,0,0,0,0,0,0,2,0,0.0,0.0,0.0,0.0,0.0
,2425,Bochum,Tom Krauß,GER,MF,23.0,2001.0,14,13,1077.0,12.0,0,0,0,0,0,0,2,0,0.0,0.0,0.0,0.0,0.0
,2425,Dortmund,Alexander Meyer,GER,GK,33.0,1991.0,2,2,180.0,2.0,0,0,0,0,0,0,0,0,0.0,0.0,0.0,0.0,0.0
,2425,Dortmund,Almugera Kabar,GER,DF,18.0,2006.0,5,1,137.0,1.5,0,0,0,0,0,0,2,1,0.0,0.0,0.0,0.0,0.0
,2425,Dortmund,Ayman Azhil,MAR,MF,23.0,2001.0,1,0,24.0,0.3,0,0,0,0,0,0,1,0,0.0,0.0,0.0,0.0,0.0
,2425,Dortmund,Carney Chukwuemeka,AUT,MF,20.0,2003.0,10,1,253.0,2.8,1,0,1,1,0,0,1,0,0.36,0.0,0.36,0.36,0.36
,2425,Dortmund,Cole Campbell,USA,FW,18.0,2006.0,4,0,22.0,0.2,0,0,0,0,0,0,0,0,0.0,0.0,0.0,0.0,0.0
,2425,Dortmund,Daniel Svensson,SWE,"MF,DF",22.0,2002.0,12,8,781.0,8.7,1,3,4,1,0,0,0,0,0.12,0.35,0.46,0.12,0.46
,2425,Dortmund,Donyell Malen,NED,MF,25.0,1999.0,14,6,614.0,6.8,3,0,3,3,0,0,1,0,0.44,0.0,0.44,0.44,0.44
,2425,Dortmund,Emre Can,GER,"DF,MF",30.0,1994.0,31,23,2105.0,23.4,3,0,3,1,2,2,4,1,0.13,0.0,0.13,0.04,0.04
,2425,Dortmund,Felix Nmecha,GER,MF,23.0,2000.0,26,19,1509.0,16.8,4,1,5,4,0,0,3,0,0.24,0.06,0.3,0.24,0.3
,2425,Dortmund,Gio Reyna,USA,MF,21.0,2002.0,16,3,350.0,3.9,2,0,2,2,0,0,3,0,0.51,0.0,0.51,0.51,0.51
,2425,Dortmund,Gregor Kobel,SUI,GK,26.0,1997.0,32,32,2880.0,32.0,0,0,0,0,0,0,1,0,0.0,0.0,0.0,0.0,0.0
,2425,Dortmund,Jamie Gittens,ENG,MF,19.0,2004.0,32,21,1776.0,19.7,8,3,11,8,0,0,4,0,0.41,0.15,0.56,0.41,0.56
,2425,Dortmund,Julian Brandt,GER,MF,28.0,1996.0,30,28,2303.0,25.6,5,10,15,5,0,0,1,0,0.2,0.39,0.59,0.2,0.59
,2425,Dortmund,Julian Ryerson,NOR,"DF,MF",26.0,1997.0,29,27,2259.0,25.1,2,3,5,2,0,0,6,1,0.08,0.12,0.2,0.08,0.2
,2425,Dortmund,Julien Duranville,BEL,MF,18.0,2006.0,12,2,283.0,3.1,0,0,0,0,0,0,3,0,0.0,0.0,0.0,0.0,0.0
,2425,Dortmund,Karim Adeyemi,GER,"MF,FW",22.0,2002.0,25,17,1433.0,15.9,7,6,13,7,0,0,4,0,0.44,0.38,0.82,0.44,0.82
,2425,Dortmund,Kjell-Arik Wätjen,GER,MF,18.0,2006.0,2,0,16.0,0.2,0,0,0,0,0,0,0,0,0.0,0.0,0.0,0.0,0.0
,2425,Dortmund,Marcel Sabitzer,AUT,MF,30.0,1994.0,26,18,1616.0,18.0,1,0,1,1,0,0,3,0,0.06,0.0,0.06,0.06,0.06
,2425,Dortmund,Maximilian Beier,GER,"MF,FW",21.0,2002.0,29,17,1591.0,17.7,8,5,13,8,0,0,2,0,0.45,0.28,0.74,0.45,0.74
,2425,Dortmund,Nico Schlotterbeck,GER,DF,24.0,1999.0,23,23,1982.0,22.0,0,4,4,0,0,0,7,2,0.0,0.18,0.18,0.0,0.18
,2425,Dortmund,Niklas Süle,GER,DF,28.0,1995.0,15,12,1053.0,11.7,0,0,0,0,0,0,1,0,0.0,0.0,0.0,0.0,0.0
,2425,Dortmund,Pascal Groß,GER,"MF,DF",33.0,1991.0,30,28,2327.0,25.9,0,9,9,0,0,0,5,1,0.0,0.35,0.35,0.0,0.35
,2425,Dortmund,Ramy Bensebaini,ALG,DF,29.0,1995.0,31,23,2022.0,22.5,1,6,7,1,0,0,6,0,0.04,0.27,0.31,0.04,0.31
,2425,Dortmund,Salih Özcan,TUR,MF,26.0,1998.0,11,3,391.0,4.3,0,0,0,0,0,0,0,0,0.0,0.0,0.0,0.0,0.0
,2425,Dortmund,Serhou Guirassy,GUI,FW,28.0,1996.0,30,29,2598.0,28.9,21,4,25,18,3,4,4,0,0.73,0.14,0.87,0.62,0.76
,2425,Dortmund,Waldemar Anton,GER,DF,28.0,1996.0,26,22,1949.0,21.7,2,2,4,2,0,0,4,0,0.09,0.09,0.18,0.09,0.18
,2425,Dortmund,Yan Couto,BRA,"DF,MF",22.0,2002.0,21,8,895.0,9.9,0,0,0,0,0,0,5,0,0.0,0.0,0.0,0.0,0.0
,2425,Dortmund,Yannik Lührs,GER,DF,20.0,2003.0,3,1,127.0,1.4,0,0,0,0,0,0,0,0,0.0,0.0,0.0,0.0,0.0
,2425,Frankfurt,Ansgar Knauff,GER,MF,22.0,2002.0,30,18,1597.0,17.7,4,5,9,4,0,0,3,0,0.23,0.28,0.51,0.23,0.51
,2425,Frankfurt,Arthur Theate,BEL,DF,24.0,2000.0,31,31,2704.0,30.0,0,0,0,0,0,0,6,1,0.0,0.0,0.0,0.0,0.0
,2425,Frankfurt,Aurèle Amenda,SUI,DF,21.0,2003.0,8,1,96.0,1.1,0,0,0,0,0,0,1,0,0.0,0.0,0.0,0.0,0.0
,2425,Frankfurt,Can Uzun,TUR,MF,18.0,2005.0,20,6,675.0,7.5,4,1,5,4,0,0,1,0,0.53,0.13,0.67,0.53,0.67
,2425,Frankfurt,Ellyes Skhiri,TUN,MF,29.0,1995.0,30,26,2231.0,24.8,1,2,3,1,0,0,6,0,0.04,0.08,0.12,0.04,0.12
,2425,Frankfurt,Elye Wahi,CIV,FW,21.0,2003.0,8,1,196.0,2.2,0,0,0,0,0,0,1,0,0.0,0.0,0.0,0.0,0.0
,2425,Frankfurt,Fares Chaïbi,ALG,MF,21.0,2002.0,26,10,1013.0,11.3,1,3,4,1,0,0,2,0,0.09,0.27,0.36,0.09,0.36
,2425,Frankfurt,Hugo Ekitike,FRA,FW,22.0,2002.0,33,31,2563.0,28.5,15,8,23,14,1,3,1,0,0.53,0.28,0.81,0.49,0.77
,2425,Frankfurt,Hugo Larsson,SWE,MF,20.0,2004.0,33,28,2393.0,26.6,3,1,4,3,0,0,2,0,0.11,0.04,0.15,0.11,0.15
,2425,Frankfurt,Igor Matanović,CRO,FW,21.0,2003.0,16,2,312.0,3.5,1,0,1,1,0,0,0,0,0.29,0.0,0.29,0.29,0.29
,2425,Frankfurt,Jean Mattéo Bahoya,FRA,MF,19.0,2005.0,24,10,921.0,10.2,2,3,5,2,0,0,3,0,0.2,0.29,0.49,0.2,0.49
,2425,Frankfurt,Junior Dina Ebimbe,CMR,MF,23.0,2000.0,7,3,293.0,3.3,0,1,1,0,0,0,0,0,0.0,0.31,0.31,0.0,0.31
,2425,Frankfurt,Kauã Santos,BRA,GK,21.0,2003.0,9,8,765.0,8.5,0,0,0,0,0,0,0,0,0.0,0.0,0.0,0.0,0.0
,2425,Frankfurt,Kevin Trapp,GER,GK,34.0,1990.0,26,26,2295.0,25.5,0,0,0,0,0,0,0,0,0.0,0.0,0.0,0.0,0.0
,2425,Frankfurt,Mahmoud Dahoud,GER,MF,28.0,1996.0,9,3,364.0,4.0,1,1,2,1,0,0,2,0,0.25,0.25,0.49,0.25,0.49
,2425,Frankfurt,Mario Götze,GER,MF,32.0,1992.0,24,18,1542.0,17.1,3,2,5,3,0,0,1,0,0.18,0.12,0.29,0.18,0.29
,2425,Frankfurt,Michy Batshuayi,BEL,FW,30.0,1993.0,10,3,300.0,3.3,3,0,3,3,0,0,2,0,0.9,0.0,0.9,0.9,0.9
,2425,Frankfurt,Nathaniel Brown,GER,"MF,DF",21.0,2003.0,26,22,1947.0,21.6,3,6,9,3,0,0,2,0,0.14,0.28,0.42,0.14,0.42
,2425,Frankfurt,Niels Nkounkou,FRA,"MF,DF",23.0,2000.0,12,4,382.0,4.2,0,0,0,0,0,0,1,0,0.0,0.0,0.0,0.0,0.0
,2425,Frankfurt,Nnamdi Collins,GER,"DF,MF",20.0,2004.0,24,15,1489.0,16.5,1,1,2,1,0,0,4,0,0.06,0.06,0.12,0.06,0.12
,2425,Frankfurt,Omar Marmoush,EGY,"FW,MF",25.0,1999.0,17,17,1448.0,16.1,15,9,24,13,2,2,2,0,0.93,0.56,1.49,0.81,1.37
,2425,Frankfurt,Oscar Højlund,DEN,MF,19.0,2005.0,20,7,722.0,8.0,1,0,1,1,0,0,0,0,0.12,0.0,0.12,0.12,0.12
,2425,Frankfurt,Rasmus Kristensen,DEN,"DF,MF",27.0,1997.0,30,28,2513.0,27.9,5,3,8,5,0,0,4,0,0.18,0.11,0.29,0.18,0.29
,2425,Frankfurt,Robin Koch,GER,DF,28.0,1996.0,30,30,2586.0,28.7,3,0,3,3,0,0,3,0,0.1,0.0,0.1,0.1,0.1
,2425,Frankfurt,Timothy Chandler,USA,"DF,MF",34.0,1990.0,3,0,24.0,0.3,0,0,0,0,0,0,0,0,0.0,0.0,0.0,0.0,0.0
,2425,Frankfurt,Tuta,BRA,"DF,MF",25.0,1999.0,30,26,2274.0,25.3,2,1,3,2,0,0,8,0,0.08,0.04,0.12,0.08,0.12
,2425,Freiburg,Christian Günter,GER,DF,31.0,1993.0,29,27,2314.0,25.7,2,2,4,2,0,0,0,0,0.08,0.08,0.16,0.08,0.16
,2425,Freiburg,Eren Dinkçi,GER,MF,22.0,2001.0,23,13,1196.0,13.3,0,3,3,0,0,0,1,0,0.0,0.23,0.23,0.0,0.23
,2425,Freiburg,Florent Muslija,KVX,"FW,MF",26.0,1998.0,9,0,168.0,1.9,0,0,0,0,0,0,0,0,0.0,0.0,0.0,0.0,0.0
,2425,Freiburg,Florian Müller,GER,GK,26.0,1997.0,9,8,753.0,8.4,0,0,0,0,0,0,0,0,0.0,0.0,0.0,0.0,0.0
,2425,Freiburg,Ifechukwu Ogbus,SUI,DF,18.0,2005.0,2,0,19.0,0.2,0,0,0,0,0,0,0,0,0.0,0.0,0.0,0.0,0.0
,2425,Freiburg,Jan-Niklas Beste,GER,"DF,MF",25.0,1999.0,12,0,212.0,2.4,0,1,1,0,0,0,0,0,0.0,0.42,0.42,0.0,0.42
,2425,Freiburg,Johan Manzambi,SUI,MF,18.0,2005.0,11,4,335.0,3.7,2,1,3,2,0,0,2,0,0.54,0.27,0.81,0.54,0.81
,2425,Freiburg,Jordy Makengo,FRA,DF,22.0,2001.0,19,7,745.0,8.3,0,0,0,0,0,0,1,0,0.0,0.0,0.0,0.0,0.0
,2425,Freiburg,Junior Adamu,AUT,FW,23.0,2001.0,25,19,1545.0,17.2,2,2,4,2,0,0,5,1,0.12,0.12,0.23,0.12,0.23
,2425,Freiburg,Kiliann Sildillia,FRA,DF,22.0,2002.0,21,8,801.0,8.9,2,0,2,2,0,0,2,0,0.22,0.0,0.22,0.22,0.22
,2425,Freiburg,Lucas Höler,GER,"FW,MF",30.0,1994.0,31,21,1867.0,20.7,6,4,10,6,0,1,3,0,0.29,0.19,0.48,0.29,0.48
,2425,Freiburg,Lukas Kübler,GER,DF,31.0,1992.0,28,22,1842.0,20.5,5,1,6,5,0,0,5,0,0.24,0.05,0.29,0.24,0.29
,2425,Freiburg,Matthias Ginter,GER,DF,30.0,1994.0,32,28,2561.0,28.5,2,1,3,2,0,0,5,0,0.07,0.04,0.11,0.07,0.11
,2425,Freiburg,Max Rosenfelder,GER,DF,21.0,2003.0,25,13,1249.0,13.9,1,0,1,1,0,0,2,0,0.07,0.0,0.07,0.07,0.07
,2425,Freiburg,Maximilian Eggestein,GER,MF,27.0,1996.0,33,33,2845.0,31.6,2,0,2,2,0,0,4,0,0.06,0.0,0.06,0.06,0.06
,2425,Freiburg,Maximilian Philipp,GER,"FW,MF",30.0,1994.0,2,0,17.0,0.2,0,0,0,0,0,0,0,0,0.0,0.0,0.0,0.0,0.0
,2425,Freiburg,Merlin Röhl,GER,MF,22.0,2002.0,19,11,965.0,10.7,0,1,1,0,0,0,2,0,0.0,0.09,0.09,0.0,0.09
,2425,Freiburg,Michael Gregoritsch,AUT,FW,30.0,1994.0,20,5,639.0,7.1,2,1,3,2,0,0,2,0,0.28,0.14,0.42,0.28,0.42
,2425,Freiburg,Nicolas Höfler,GER,MF,34.0,1990.0,20,7,794.0,8.8,0,0,0,0,0,0,3,0,0.0,0.0,0.0,0.0,0.0
,2425,Freiburg,Noah Atubolu,GER,GK,22.0,2002.0,26,26,2307.0,25.6,0,0,0,0,0,0,2,0,0.0,0.0,0.0,0.0,0.0
,2425,Freiburg,Noah Weißhaupt,GER,"FW,MF",22.0,2001.0,3,0,80.0,0.9,0,0,0,0,0,0,0,0,0.0,0.0,0.0,0.0,0.0
,2425,Freiburg,Patrick Osterhage,GER,MF,24.0,2000.0,30,27,2267.0,25.2,1,0,1,1,0,0,6,1,0.04,0.0,0.04,0.04,0.04
,2425,Freiburg,Philipp Lienhart,AUT,DF,28.0,1996.0,32,31,2770.0,30.8,1,0,1,1,0,0,5,0,0.03,0.0,0.03,0.03,0.03
,2425,Freiburg,Ritsu Doan,JPN,MF,26.0,1998.0,34,33,2862.0,31.8,10,7,17,10,0,0,2,0,0.31,0.22,0.53,0.31,0.53
,2425,Freiburg,Roland Sallai,HUN,"DF,FW",27.0,1997.0,2,0,46.0,0.5,0,0,0,0,0,0,0,0,0.0,0.0,0.0,0.0,0.0
,2425,Freiburg,Vincenzo Grifo,ITA,MF,31.0,1993.0,34,31,2432.0,27.0,8,11,19,8,0,3,2,0,0.3,0.41,0.7,0.3,0.7
,2425,Gladbach,Alassane Pléa,FRA,MF,31.0,1993.0,30,24,1902.0,21.1,11,4,15,10,1,1,3,0,0.52,0.19,0.71,0.47,0.66
,2425,Gladbach,Fabio Chiarodia,ITA,DF,19.0,2005.0,16,3,379.0,4.2,1,0,1,1,0,0,0,0,0.24,0.0,0.24,0.24,0.24
,2425,Gladbach,Florian Neuhaus,GER,MF,27.0,1997.0,18,2,382.0,4.2,0,1,1,0,0,0,1,0,0.0,0.24,0.24,0.0,0.24
,2425,Gladbach,Franck Honorat,FRA,MF,27.0,1996.0,19,18,1439.0,16.0,4,7,11,4,0,0,0,0,0.25,0.44,0.69,0.25,0.69
,2425,Gladbach,Grant Ranos,ARM,FW,21.0,2003.0,2,0,20.0,0.2,0,0,0,0,0,0,1,0,0.0,0.0,0.0,0.0,0.0
,2425,Gladbach,Joe Scally,USA,DF,21.0,2002.0,32,30,2578.0,28.6,0,0,0,0,0,0,6,0,0.0,0.0,0.0,0.0,0.0
,2425,Gladbach,Jonas Omlin,SUI,GK,30.0,1994.0,12,11,978.0,10.9,0,0,0,0,0,0,0,1,0.0,0.0,0.0,0.0,0.0
,2425,Gladbach,Julian Weigl,GER,MF,28.0,1995.0,33,33,2881.0,32.0,0,2,2,0,0,0,8,0,0.0,0.06,0.06,0.0,0.06
,2425,Gladbach,Kevin Stöger,AUT,MF,30.0,1993.0,31,16,1551.0,17.2,3,3,6,1,2,2,3,0,0.17,0.17,0.35,0.06,0.23
,2425,Gladbach,Ko Itakura,JPN,DF,27.0,1997.0,31,31,2790.0,31.0,3,0,3,3,0,0,5,0,0.1,0.0,0.1,0.1,0.1
,2425,Gladbach,Luca Netz,GER,DF,21.0,2003.0,24,8,969.0,10.8,0,2,2,0,0,0,2,0,0.0,0.19,0.19,0.0,0.19
,2425,Gladbach,Lukas Ullrich,GER,DF,20.0,2004.0,26,24,1903.0,21.1,1,2,3,1,0,0,4,0,0.05,0.09,0.14,0.05,0.14
,2425,Gladbach,Marvin Friedrich,GER,DF,28.0,1995.0,22,9,989.0,11.0,0,1,1,0,0,0,0,0,0.0,0.09,0.09,0.0,0.09
,2425,Gladbach,Moritz Nicolas,GER,GK,26.0,1997.0,19,19,1639.0,18.2,0,0,0,0,0,0,0,0,0.0,0.0,0.0,0.0,0.0
,2425,Gladbach,Nathan N'Goumou,CMR,MF,24.0,2000.0,19,9,828.0,9.2,2,1,3,2,0,0,0,0,0.22,0.11,0.33,0.22,0.33
,2425,Gladbach,Nico Elvedi,SUI,DF,27.0,1996.0,25,25,2135.0,23.7,1,1,2,1,0,0,1,0,0.04,0.04,0.08,0.04,0.08
,2425,Gladbach,Noah Pesch,CRO,FW,19.0,2005.0,1,0,6.0,0.1,0,0,0,0,0,0,0,0,0.0,0.0,0.0,0.0,0.0
,2425,Gladbach,Philipp Sander,GER,MF,26.0,1998.0,27,16,1400.0,15.6,1,0,1,1,0,0,2,0,0.06,0.0,0.06,0.06,0.06
,2425,Gladbach,Robin Hack,GER,MF,25.0,1998.0,33,27,2172.0,24.1,4,7,11,4,0,0,4,0,0.17,0.29,0.46,0.17,0.46
,2425,Gladbach,Rocco Reitz,GER,MF,22.0,2002.0,27,21,1830.0,20.3,2,1,3,2,0,0,1,0,0.1,0.05,0.15,0.1,0.15
,2425,Gladbach,Shiō Fukuda,JPN,FW,20.0,2004.0,6,0,60.0,0.7,1,0,1,1,0,0,0,0,1.5,0.0,1.5,1.5,1.5
,2425,Gladbach,Stefan Lainer,AUT,DF,31.0,1992.0,21,6,757.0,8.4,1,0,1,1,0,0,2,0,0.12,0.0,0.12,0.12,0.12
,2425,Gladbach,Tiago Cardoso,LUX,GK,18.0,2006.0,5,4,380.0,4.2,0,0,0,0,0,0,0,0,0.0,0.0,0.0,0.0,0.0
,2425,Gladbach,Tim Kleindienst,GER,FW,28.0,1995.0,31,31,2737.0,30.4,16,7,23,15,1,2,5,1,0.53,0.23,0.76,0.49,0.72
,2425,Gladbach,Tobias Sippel,GER,GK,36.0,1988.0,1,0,59.0,0.7,0,0,0,0,0,0,0,0,0.0,0.0,0.0,0.0,0.0
,2425,Gladbach,Tomáš Čvančara,CZE,"MF,FW",23.0,2000.0,28,7,831.0,9.2,2,0,2,2,0,0,5,1,0.22,0.0,0.22,0.22,0.22
,2425,Heidenheim,Adrian Beck,GER,"MF,FW",27.0,1997.0,32,18,1598.0,17.8,4,1,5,4,0,0,1,0,0.23,0.06,0.28,0.23,0.28
,2425,Heidenheim,Benedikt Gimber,GER,DF,27.0,1997.0,32,32,2671.0,29.7,0,0,0,0,0,0,9,0,0.0,0.0,0.0,0.0,0.0
,2425,Heidenheim,Budu Zivzivadze,GEO,FW,30.0,1994.0,15,10,958.0,10.6,2,3,5,2,0,0,0,0,0.19,0.28,0.47,0.19,0.47
,2425,Heidenheim,Denis Thomalla,GER,"FW,MF",31.0,1992.0,1,0,4.0,0.0,0,0,0,0,0,0,0,0,0.0,0.0,0.0,0.0,0.0
,2425,Heidenheim,Frank Feller,GER,GK,20.0,2004.0,2,1,121.0,1.3,0,0,0,0,0,0,0,0,0.0,0.0,0.0,0.0,0.0
,2425,Heidenheim,Frans Krätzig,GER,"MF,DF",21.0,2003.0,16,15,1217.0,13.5,1,2,3,1,0,0,1,0,0.07,0.15,0.22,0.07,0.22
,2425,Heidenheim,Jan Schöppner,GER,MF,25.0,1999.0,33,32,2681.0,29.8,4,3,7,4,0,0,8,0,0.13,0.1,0.23,0.13,0.23
,2425,Heidenheim,Jonas Föhrenbach,GER,"DF,MF",28.0,1996.0,27,22,1832.0,20.4,0,1,1,0,0,0,3,0,0.0,0.05,0.05,0.0,0.05
,2425,Heidenheim,Julian Niehues,GER,MF,23.0,2001.0,8,0,154.0,1.7,0,0,0,0,0,0,1,0,0.0,0.0,0.0,0.0,0.0
,2425,Heidenheim,Kevin Müller,GER,GK,33.0,1991.0,33,33,2939.0,32.7,0,0,0,0,0,0,0,0,0.0,0.0,0.0,0.0,0.0
,2425,Heidenheim,Lennard Maloney,USA,"MF,DF",24.0,1999.0,11,10,760.0,8.4,0,0,0,0,0,0,1,0,0.0,0.0,0.0,0.0,0.0
,2425,Heidenheim,Luca Kerber,GER,MF,22.0,2002.0,23,7,783.0,8.7,2,0,2,2,0,0,4,0,0.23,0.0,0.23,0.23,0.23
,2425,Heidenheim,Léo Scienza,BRA,"MF,FW",25.0,1998.0,25,13,1153.0,12.8,3,3,6,3,0,0,1,0,0.23,0.23,0.47,0.23,0.47
,2425,Heidenheim,Marnon Busch,GER,"DF,MF",29.0,1994.0,23,15,1396.0,15.5,0,1,1,0,0,0,1,0,0.0,0.06,0.06,0.0,0.06
,2425,Heidenheim,Marvin Pieringer,GER,FW,24.0,1999.0,31,26,2206.0,24.5,7,4,11,4,3,3,7,0,0.29,0.16,0.45,0.16,0.33
,2425,Heidenheim,Mathias Honsak,AUT,"MF,FW",27.0,1996.0,22,12,1181.0,13.1,5,1,6,5,0,0,1,0,0.38,0.08,0.46,0.38,0.46
,2425,Heidenheim,Maximilian Breunig,GER,FW,23.0,2000.0,13,2,350.0,3.9,2,0,2,1,1,1,0,0,0.51,0.0,0.51,0.26,0.26
,2425,Heidenheim,Mikkel Kaufmann,DEN,"FW,MF",23.0,2001.0,9,3,372.0,4.1,0,0,0,0,0,0,2,0,0.0,0.0,0.0,0.0,0.0
,2425,Heidenheim,Niklas Dorsch,GER,MF,26.0,1998.0,22,19,1335.0,14.8,2,2,4,2,0,0,5,1,0.13,0.13,0.27,0.13,0.27
,2425,Heidenheim,Norman Theuerkauf,GER,"DF,MF",37.0,1987.0,1,0,22.0,0.2,0,0,0,0,0,0,0,0,0.0,0.0,0.0,0.0,0.0
,2425,Heidenheim,Omar Traoré,GER,"DF,MF",26.0,1998.0,30,30,2616.0,29.1,0,1,1,0,0,0,7,0,0.0,0.03,0.03,0.0,0.03
,2425,Heidenheim,Patrick Mainka,GER,DF,29.0,1994.0,34,34,3060.0,34.0,1,1,2,1,0,0,3,0,0.03,0.03,0.06,0.03,0.06
,2425,Heidenheim,Paul Wanner,AUT,"MF,FW",18.0,2005.0,29,20,1771.0,19.7,3,2,5,2,1,1,2,0,0.15,0.1,0.25,0.1,0.2
,2425,Heidenheim,Sirlord Conteh,GER,"MF,FW",28.0,1996.0,29,4,892.0,9.9,1,1,2,1,0,0,2,0,0.1,0.1,0.2,0.1,0.2
,2425,Heidenheim,Stefan Schimmer,GER,FW,30.0,1994.0,13,0,247.0,2.7,0,0,0,0,0,0,1,0,0.0,0.0,0.0,0.0,0.0
,2425,Heidenheim,Thomas Keller,GER,"MF,DF",24.0,1999.0,6,2,148.0,1.6,0,0,0,0,0,0,2,0,0.0,0.0,0.0,0.0,0.0
,2425,Heidenheim,Tim Siersleben,GER,DF,24.0,2000.0,16,14,1182.0,13.1,0,0,0,0,0,0,4,0,0.0,0.0,0.0,0.0,0.0
,2425,Hoffenheim,Adam Hložek,CZE,"FW,MF",22.0,2002.0,27,22,1871.0,20.8,8,4,12,8,0,0,2,0,0.38,0.19,0.58,0.38,0.58
,2425,Hoffenheim,Alexander Prass,AUT,"MF,DF",23.0,2001.0,23,19,1566.0,17.4,0,1,1,0,0,0,1,0,0.0,0.06,0.06,0.0,0.06
,2425,Hoffenheim,Andrej Kramarić,CRO,MF,33.0,1991.0,32,32,2767.0,30.7,11,8,19,8,3,3,4,0,0.36,0.26,0.62,0.26,0.52
,2425,Hoffenheim,Anton Stach,GER,"MF,DF",25.0,1998.0,30,29,2585.0,28.7,1,2,3,1,0,0,8,0,0.03,0.07,0.1,0.03,0.1
,2425,Hoffenheim,Arthur Chaves,BRA,DF,23.0,2001.0,26,24,2185.0,24.3,1,0,1,1,0,0,8,0,0.04,0.0,0.04,0.04,0.04
,2425,Hoffenheim,Bazoumana Touré,CIV,"MF,FW",18.0,2006.0,13,7,609.0,6.8,0,3,3,0,0,0,1,0,0.0,0.44,0.44,0.0,0.44
,2425,Hoffenheim,David Jurásek,CZE,"DF,MF",23.0,2000.0,14,6,619.0,6.9,0,1,1,0,0,0,0,0,0.0,0.15,0.15,0.0,0.15
,2425,Hoffenheim,David Mokwa,FRA,FW,20.0,2004.0,2,0,22.0,0.2,0,0,0,0,0,0,0,0,0.0,0.0,0.0,0.0,0.0
,2425,Hoffenheim,Dennis Geiger,GER,MF,26.0,1998.0,20,7,734.0,8.2,0,0,0,0,0,0,4,0,0.0,0.0,0.0,0.0,0.0
,2425,Hoffenheim,Diadie Samassékou,MLI,MF,28.0,1996.0,8,6,290.0,3.2,0,0,0,0,0,0,0,0,0.0,0.0,0.0,0.0,0.0
,2425,Hoffenheim,Erencan Yardimci,TUR,FW,22.0,2002.0,8,3,313.0,3.5,0,0,0,0,0,0,2,0,0.0,0.0,0.0,0.0,0.0
,2425,Hoffenheim,Finn Ole Becker,GER,MF,24.0,2000.0,13,7,670.0,7.4,0,1,1,0,0,0,1,0,0.0,0.13,0.13,0.0,0.13
,2425,Hoffenheim,Florian Grillitsch,AUT,"MF,DF",28.0,1995.0,8,8,601.0,6.7,0,0,0,0,0,0,1,0,0.0,0.0,0.0,0.0,0.0
,2425,Hoffenheim,Florian Micheler,AUT,MF,19.0,2005.0,1,0,32.0,0.4,0,0,0,0,0,0,1,0,0.0,0.0,0.0,0.0,0.0
,2425,Hoffenheim,Gift Orban,NGA,FW,22.0,2002.0,13,7,687.0,7.6,4,0,4,4,0,0,2,0,0.52,0.0,0.52,0.52,0.52
,2425,Hoffenheim,Grischa Prömel,GER,MF,29.0,1995.0,2,2,174.0,1.9,0,0,0,0,0,0,0,0,0.0,0.0,0.0,0.0,0.0
,2425,Hoffenheim,Hannes Behrens,GER,DF,19.0,2005.0,1,0,29.0,0.3,0,0,0,0,0,0,0,0,0.0,0.0,0.0,0.0,0.0
,2425,Hoffenheim,Haris Tabaković,BIH,FW,30.0,1994.0,22,6,821.0,9.1,3,1,4,3,0,0,0,0,0.33,0.11,0.44,0.33,0.44
,2425,Hoffenheim,Ihlas Bebou,TOG,"FW,MF",30.0,1994.0,1,0,9.0,0.1,0,0,0,0,0,0,0,0,0.0,0.0,0.0,0.0,0.0
,2425,Hoffenheim,Jacob Bruun Larsen,DEN,"MF,FW",25.0,1998.0,12,3,400.0,4.4,2,2,4,2,0,0,0,0,0.45,0.45,0.9,0.45,0.9
,2425,Hoffenheim,Kevin Akpoguma,NGA,DF,29.0,1995.0,32,23,2220.0,24.7,0,0,0,0,0,0,3,0,0.0,0.0,0.0,0.0,0.0
,2425,Hoffenheim,Leo Østigård,NOR,DF,24.0,1999.0,11,11,927.0,10.3,0,0,0,0,0,0,0,1,0.0,0.0,0.0,0.0,0.0
,2425,Hoffenheim,Luca Philipp,GER,GK,23.0,2000.0,6,6,540.0,6.0,0,0,0,0,0,0,0,0,0.0,0.0,0.0,0.0,0.0
,2425,Hoffenheim,Marius Bülter,GER,"MF,FW",31.0,1993.0,25,22,1729.0,19.2,7,2,9,7,0,0,4,0,0.36,0.1,0.47,0.36,0.47
,2425,Hoffenheim,Max Moerstedt,GER,"FW,MF",18.0,2006.0,12,5,451.0,5.0,0,0,0,0,0,0,2,0,0.0,0.0,0.0,0.0,0.0
,2425,Hoffenheim,Mergim Berisha,GER,FW,26.0,1998.0,11,3,333.0,3.7,1,1,2,1,0,0,1,0,0.27,0.27,0.54,0.27,0.54
,2425,Hoffenheim,Oliver Baumann,GER,GK,34.0,1990.0,28,28,2520.0,28.0,0,0,0,0,0,0,1,0,0.0,0.0,0.0,0.0,0.0
,2425,Hoffenheim,Paul Hennrich,GER,MF,19.0,2005.0,1,0,12.0,0.1,0,0,0,0,0,0,0,0,0.0,0.0,0.0,0.0,0.0
,2425,Hoffenheim,Pavel Kadeřábek,CZE,"MF,DF",32.0,1992.0,24,18,1576.0,17.5,2,0,2,2,0,0,6,0,0.11,0.0,0.11,0.11,0.11
,2425,Hoffenheim,Robin Hranáč,CZE,DF,24.0,2000.0,4,2,219.0,2.4,0,0,0,0,0,0,0,0,0.0,0.0,0.0,0.0,0.0
,2425,Hoffenheim,Stanley N'Soki,FRA,DF,25.0,1999.0,22,16,1308.0,14.5,0,0,0,0,0,0,3,1,0.0,0.0,0.0,0.0,0.0
,2425,Hoffenheim,Tim Drexler,GER,DF,19.0,2005.0,8,5,357.0,4.0,0,0,0,0,0,0,2,0,0.0,0.0,0.0,0.0,0.0
,2425,Hoffenheim,Tom Bischof,GER,MF,19.0,2005.0,31,30,2559.0,28.4,5,2,7,5,0,0,5,0,0.18,0.07,0.25,0.18,0.25
,2425,Hoffenheim,Umut Tohumcu,GER,MF,19.0,2004.0,12,3,375.0,4.2,0,1,1,0,0,0,3,0,0.0,0.24,0.24,0.0,0.24
,2425,Hoffenheim,Valentin Gendrey,FRA,"DF,MF",24.0,2000.0,22,14,1414.0,15.7,1,1,2,1,0,0,1,0,0.06,0.06,0.13,0.06,0.13
,2425,Holstein Kiel,Alexander Bernhardsson,SWE,"FW,MF",25.0,1998.0,19,15,1263.0,14.0,7,2,9,7,0,0,3,0,0.5,0.14,0.64,0.5,0.64
,2425,Holstein Kiel,Andu Kelati,GER,MF,21.0,2002.0,8,2,288.0,3.2,1,1,2,1,0,0,2,1,0.31,0.31,0.62,0.31,0.62
,2425,Holstein Kiel,Armin Gigovic,BIH,MF,22.0,2002.0,31,23,1895.0,21.1,5,1,6,5,0,0,5,0,0.24,0.05,0.28,0.24,0.28
,2425,Holstein Kiel,Benedikt Pichler,AUT,FW,27.0,1997.0,18,7,785.0,8.7,1,2,3,1,0,0,1,0,0.11,0.23,0.34,0.11,0.34
,2425,Holstein Kiel,Carl Johansson,SWE,DF,30.0,1994.0,10,7,568.0,6.3,0,0,0,0,0,0,0,1,0.0,0.0,0.0,0.0,0.0
,2425,Holstein Kiel,David Zec,SVN,DF,24.0,2000.0,18,18,1541.0,17.1,2,0,2,2,0,0,5,0,0.12,0.0,0.12,0.12,0.12
,2425,Holstein Kiel,Dominik Javorček,SVK,"MF,DF",21.0,2002.0,13,4,386.0,4.3,0,2,2,0,0,0,2,0,0.0,0.47,0.47,0.0,0.47
,2425,Holstein Kiel,Finn Porath,GER,MF,27.0,1997.0,31,20,1970.0,21.9,2,3,5,2,0,0,3,0,0.09,0.14,0.23,0.09,0.23
,2425,Holstein Kiel,Ivan Nekić,CRO,DF,23.0,2000.0,1,1,71.0,0.8,0,0,0,0,0,0,0,0,0.0,0.0,0.0,0.0,0.0
,2425,Holstein Kiel,Jann-Fiete Arp,GER,FW,24.0,2000.0,23,3,713.0,7.9,2,0,2,1,1,2,8,1,0.25,0.0,0.25,0.13,0.13
,2425,Holstein Kiel,John Tolkin,USA,"MF,DF",22.0,2002.0,11,9,737.0,8.2,0,2,2,0,0,0,0,0,0.0,0.24,0.24,0.0,0.24
,2425,Holstein Kiel,Lasse Rosenboom,GER,MF,22.0,2002.0,26,21,1734.0,19.3,2,2,4,2,0,0,3,0,0.1,0.1,0.21,0.1,0.21
,2425,Holstein Kiel,Lewis Holtby,GER,MF,33.0,1990.0,25,13,1238.0,13.8,0,1,1,0,0,0,1,1,0.0,0.07,0.07,0.0,0.07
,2425,Holstein Kiel,Magnus Knudsen,NOR,MF,23.0,2001.0,31,22,1850.0,20.6,0,1,1,0,0,0,7,0,0.0,0.05,0.05,0.0,0.05
,2425,Holstein Kiel,Marco Komenda,CRO,DF,27.0,1996.0,19,17,1307.0,14.5,0,0,0,0,0,0,3,0,0.0,0.0,0.0,0.0,0.0
,2425,Holstein Kiel,Marko Ivezić,SRB,DF,22.0,2001.0,23,18,1657.0,18.4,0,0,0,0,0,0,5,0,0.0,0.0,0.0,0.0,0.0
,2425,Holstein Kiel,Marvin Schulz,GER,"DF,MF",29.0,1995.0,12,3,306.0,3.4,0,0,0,0,0,0,3,0,0.0,0.0,0.0,0.0,0.0
,2425,Holstein Kiel,Max Geschwill,GER,DF,23.0,2001.0,19,13,1282.0,14.2,1,2,3,1,0,0,2,0,0.07,0.14,0.21,0.07,0.21
,2425,Holstein Kiel,Nicolai Remberg,GER,MF,24.0,2000.0,32,26,2417.0,26.9,0,1,1,0,0,0,11,0,0.0,0.04,0.04,0.0,0.04
,2425,Holstein Kiel,Patrick Erras,GER,DF,29.0,1995.0,10,10,832.0,9.2,1,0,1,1,0,0,2,0,0.11,0.0,0.11,0.11,0.11
,2425,Holstein Kiel,Phil Harres,GER,FW,22.0,2002.0,26,17,1544.0,17.2,8,1,9,8,0,0,3,0,0.47,0.06,0.52,0.47,0.52
,2425,Holstein Kiel,Shuto Machino,JPN,"FW,MF",24.0,1999.0,32,23,1953.0,21.7,11,2,13,9,2,2,2,0,0.51,0.09,0.6,0.41,0.51
,2425,Holstein Kiel,Steven Skrzybski,GER,"FW,MF",31.0,1992.0,24,15,1323.0,14.7,6,3,9,5,1,1,0,0,0.41,0.2,0.61,0.34,0.54
,2425,Holstein Kiel,Thomas Dähne,GER,GK,30.0,1994.0,9,9,810.0,9.0,0,0,0,0,0,0,0,0,0.0,0.0,0.0,0.0,0.0
,2425,Holstein Kiel,Timo Becker,GER,"DF,MF",27.0,1997.0,30,28,2445.0,27.2,0,2,2,0,0,0,2,0,0.0,0.07,0.07,0.0,0.07
,2425,Holstein Kiel,Timon Weiner,GER,GK,25.0,1999.0,25,25,2250.0,25.0,0,0,0,0,0,0,4,0,0.0,0.0,0.0,0.0,0.0
,2425,Holstein Kiel,Tymoteusz Puchacz,POL,MF,25.0,1999.0,10,5,396.0,4.4,0,1,1,0,0,0,0,0,0.0,0.23,0.23,0.0,0.23
,2425,Leverkusen,Aleix García,ESP,MF,27.0,1997.0,28,17,1455.0,16.2,3,4,7,3,0,0,3,0,0.19,0.25,0.43,0.19,0.43
,2425,Leverkusen,Amine Adli,MAR,"MF,FW",24.0,2000.0,20,6,766.0,8.5,2,0,2,2,0,0,3,0,0.23,0.0,0.23,0.23,0.23
,2425,Leverkusen,Arthur,BRA,"MF,DF",21.0,2003.0,20,7,752.0,8.4,0,1,1,0,0,0,1,0,0.0,0.12,0.12,0.0,0.12
,2425,Leverkusen,Edmond Tapsoba,BFA,DF,25.0,1999.0,29,29,2507.0,27.9,0,0,0,0,0,0,4,0,0.0,0.0,0.0,0.0,0.0
,2425,Leverkusen,Emi Buendía,ARG,MF,27.0,1996.0,11,3,257.0,2.9,2,0,2,2,0,0,0,0,0.7,0.0,0.7,0.7,0.7
,2425,Leverkusen,Exequiel Palacios,ARG,MF,25.0,1998.0,24,11,1155.0,12.8,1,6,7,1,0,0,2,0,0.08,0.47,0.55,0.08,0.55
,2425,Leverkusen,Florian Wirtz,GER,MF,21.0,2003.0,31,25,2351.0,26.1,10,12,22,8,2,4,3,0,0.38,0.46,0.84,0.31,0.77
,2425,Leverkusen,Granit Xhaka,SUI,MF,31.0,1992.0,33,33,2888.0,32.1,2,7,9,2,0,0,3,0,0.06,0.22,0.28,0.06,0.28
,2425,Leverkusen,Jeanuël Belocian,FRA,DF,19.0,2005.0,5,1,68.0,0.8,0,0,0,0,0,0,1,0,0.0,0.0,0.0,0.0,0.0
,2425,Leverkusen,Jeremie Frimpong,NED,MF,23.0,2000.0,33,25,2314.0,25.7,5,5,10,5,0,0,4,0,0.19,0.19,0.39,0.19,0.39
,2425,Leverkusen,Jonas Hofmann,GER,MF,32.0,1992.0,11,4,356.0,4.0,2,1,3,2,0,0,1,0,0.51,0.25,0.76,0.51,0.76
,2425,Leverkusen,Jonathan Tah,GER,DF,28.0,1996.0,33,33,2970.0,33.0,3,0,3,3,0,0,3,0,0.09,0.0,0.09,0.09,0.09
,2425,Leverkusen,Lukáš Hrádecký,FIN,GK,34.0,1989.0,29,29,2610.0,29.0,0,0,0,0,0,0,1,0,0.0,0.0,0.0,0.0,0.0
,2425,Leverkusen,Mario Hermoso,ESP,DF,29.0,1995.0,4,3,293.0,3.3,0,0,0,0,0,0,0,0,0.0,0.0,0.0,0.0,0.0
,2425,Leverkusen,Martin Terrier,FRA,"MF,FW",27.0,1997.0,15,7,584.0,6.5,2,1,3,2,0,0,1,0,0.31,0.15,0.46,0.31,0.46
,2425,Leverkusen,Matej Kovar,CZE,GK,24.0,2000.0,5,5,450.0,5.0,0,0,0,0,0,0,0,0,0.0,0.0,0.0,0.0,0.0
,2425,Leverkusen,Nathan Tella,NGA,"MF,FW",25.0,1999.0,27,17,1359.0,15.1,2,4,6,2,0,0,1,0,0.13,0.26,0.4,0.13,0.4
,2425,Leverkusen,Nordi Mukiele,FRA,"DF,MF",26.0,1997.0,15,10,899.0,10.0,1,0,1,1,0,0,4,0,0.1,0.0,0.1,0.1,0.1
,2425,Leverkusen,Patrik Schick,CZE,FW,28.0,1996.0,31,19,1684.0,18.7,21,0,21,20,1,1,4,0,1.12,0.0,1.12,1.07,1.07
,2425,Leverkusen,Piero Hincapié,ECU,DF,22.0,2002.0,32,28,2670.0,29.7,2,2,4,2,0,0,8,0,0.07,0.07,0.13,0.07,0.13
,2425,Leverkusen,Robert Andrich,GER,"MF,DF",29.0,1994.0,23,19,1598.0,17.8,2,2,4,2,0,0,7,0,0.11,0.11,0.23,0.11,0.23
,2425,Leverkusen,Victor Boniface,NGA,FW,23.0,2000.0,19,12,1008.0,11.2,8,1,9,8,0,1,2,0,0.71,0.09,0.8,0.71,0.8
,2425,Leverkusen,Álex Grimaldo,ESP,MF,28.0,1995.0,32,31,2636.0,29.3,2,7,9,2,0,0,6,1,0.07,0.24,0.31,0.07,0.31
,2425,Mainz 05,Andreas Hanche-Olsen,NOR,DF,27.0,1997.0,22,12,1284.0,14.3,1,1,2,1,0,0,4,1,0.07,0.07,0.14,0.07,0.14
,2425,Mainz 05,Anthony Caci,FRA,MF,27.0,1997.0,33,33,2684.0,29.8,1,7,8,1,0,0,6,0,0.03,0.23,0.27,0.03,0.27
,2425,Mainz 05,Armindo Sieb,GER,"MF,FW",21.0,2003.0,27,5,762.0,8.5,2,2,4,2,0,0,2,0,0.24,0.24,0.47,0.24,0.47
,2425,Mainz 05,Arnaud Nordin,FRA,"FW,MF",26.0,1998.0,6,0,80.0,0.9,0,0,0,0,0,0,0,0,0.0,0.0,0.0,0.0,0.0
,2425,Mainz 05,Aymen Barkok,MAR,MF,26.0,1998.0,4,0,73.0,0.8,0,0,0,0,0,0,0,0,0.0,0.0,0.0,0.0,0.0
,2425,Mainz 05,Danny da Costa,GER,DF,31.0,1993.0,25,25,2006.0,22.3,0,1,1,0,0,0,0,0,0.0,0.04,0.04,0.0,0.04
,2425,Mainz 05,Dominik Kohr,GER,"DF,MF",30.0,1994.0,28,28,2295.0,25.5,2,0,2,2,0,0,11,1,0.08,0.0,0.08,0.08,0.08
,2425,Mainz 05,Gabriel Vidovic,CRO,MF,20.0,2003.0,1,0,4.0,0.0,0,0,0,0,0,0,0,0,0.0,0.0,0.0,0.0,0.0
,2425,Mainz 05,Hong Hyunseok,KOR,MF,25.0,1999.0,23,4,530.0,5.9,0,1,1,0,0,0,0,0,0.0,0.17,0.17,0.0,0.17
,2425,Mainz 05,Jonathan Burkardt,GER,FW,24.0,2000.0,29,28,2109.0,23.4,18,2,20,16,2,2,0,0,0.77,0.09,0.85,0.68,0.77
,2425,Mainz 05,Kaishū Sano,JPN,MF,23.0,2000.0,34,34,3043.0,33.8,0,0,0,0,0,0,3,0,0.0,0.0,0.0,0.0,0.0
,2425,Mainz 05,Karim Onisiwo,AUT,MF,32.0,1992.0,6,1,110.0,1.2,0,0,0,0,0,0,0,0,0.0,0.0,0.0,0.0,0.0
,2425,Mainz 05,Lasse Rieß,GER,GK,23.0,2001.0,2,2,180.0,2.0,0,0,0,0,0,0,0,0,0.0,0.0,0.0,0.0,0.0
,2425,Mainz 05,Lee Jae-sung,KOR,MF,31.0,1992.0,33,31,2650.0,29.4,7,6,13,7,0,0,4,0,0.24,0.2,0.44,0.24,0.44
,2425,Mainz 05,Lennard Maloney,USA,"DF,MF",24.0,1999.0,5,0,26.0,0.3,0,0,0,0,0,0,1,0,0.0,0.0,0.0,0.0,0.0
,2425,Mainz 05,Maxim Leitsch,GER,DF,26.0,1998.0,14,6,674.0,7.5,1,0,1,1,0,0,2,0,0.13,0.0,0.13,0.13,0.13
,2425,Mainz 05,Moritz Jenz,GER,DF,25.0,1999.0,19,18,1600.0,17.8,0,0,0,0,0,0,4,0,0.0,0.0,0.0,0.0,0.0
,2425,Mainz 05,Nadiem Amiri,GER,MF,27.0,1996.0,30,30,2473.0,27.5,7,5,12,5,2,2,9,2,0.25,0.18,0.44,0.18,0.36
,2425,Mainz 05,Nelson Weiper,GER,FW,19.0,2005.0,23,7,704.0,7.8,3,2,5,3,0,0,2,0,0.38,0.26,0.64,0.38,0.64
,2425,Mainz 05,Nikolas Veratschnig,AUT,MF,21.0,2003.0,15,2,364.0,4.0,0,0,0,0,0,0,1,0,0.0,0.0,0.0,0.0,0.0
,2425,Mainz 05,Paul Nebel,GER,MF,21.0,2002.0,31,26,2345.0,26.1,10,4,14,10,0,0,5,1,0.38,0.15,0.54,0.38,0.54
,2425,Mainz 05,Phillipp Mwene,AUT,MF,30.0,1994.0,32,32,2607.0,29.0,1,4,5,1,0,0,7,0,0.03,0.14,0.17,0.03,0.17
,2425,Mainz 05,Robin Zentner,GER,GK,29.0,1994.0,32,32,2880.0,32.0,0,0,0,0,0,0,3,0,0.0,0.0,0.0,0.0,0.0
,2425,Mainz 05,Silvan Widmer,SUI,MF,31.0,1993.0,27,3,504.0,5.6,0,1,1,0,0,0,3,0,0.0,0.18,0.18,0.0,0.18
,2425,Mainz 05,Stefan Bell,GER,DF,32.0,1991.0,18,15,1436.0,16.0,0,1,1,0,0,0,4,0,0.0,0.06,0.06,0.0,0.06
,2425,RB Leipzig,Amadou Haidara,MLI,MF,26.0,1998.0,28,16,1320.0,14.7,0,1,1,0,0,0,7,0,0.0,0.07,0.07,0.0,0.07
,2425,RB Leipzig,André Silva,POR,FW,28.0,1995.0,8,0,132.0,1.5,1,2,3,0,1,1,0,0,0.68,1.36,2.05,0.0,1.36
,2425,RB Leipzig,Antonio Nusa,NOR,"MF,DF",19.0,2005.0,25,16,1558.0,17.3,3,3,6,3,0,0,0,0,0.17,0.17,0.35,0.17,0.35
,2425,RB Leipzig,Arthur Vermeeren,BEL,MF,19.0,2005.0,28,18,1572.0,17.5,0,2,2,0,0,0,7,0,0.0,0.11,0.11,0.0,0.11
,2425,RB Leipzig,Assan Ouédraogo,GER,MF,18.0,2006.0,3,0,50.0,0.6,0,0,0,0,0,0,0,0,0.0,0.0,0.0,0.0,0.0
,2425,RB Leipzig,Benjamin Henrichs,GER,"DF,MF",27.0,1997.0,15,10,935.0,10.4,0,2,2,0,0,0,3,0,0.0,0.19,0.19,0.0,0.19
,2425,RB Leipzig,Benjamin Šeško,SVN,"FW,MF",21.0,2003.0,33,30,2380.0,26.4,13,5,18,11,2,2,2,1,0.49,0.19,0.68,0.42,0.61
,2425,RB Leipzig,Castello Lukeba,FRA,DF,21.0,2002.0,23,18,1577.0,17.5,0,0,0,0,0,0,2,0,0.0,0.0,0.0,0.0,0.0
,2425,RB Leipzig,Christoph Baumgartner,AUT,"MF,FW",24.0,1999.0,31,18,1610.0,17.9,2,1,3,2,0,0,5,0,0.11,0.06,0.17,0.11,0.17
,2425,RB Leipzig,David Raum,GER,"MF,DF",26.0,1998.0,22,21,1783.0,19.8,1,5,6,1,0,0,5,0,0.05,0.25,0.3,0.05,0.3
,2425,RB Leipzig,El Chadaille Bitshiabu,FRA,DF,19.0,2005.0,21,13,1130.0,12.6,0,0,0,0,0,0,2,1,0.0,0.0,0.0,0.0,0.0
,2425,RB Leipzig,Elif Elmas,MKD,"FW,MF",24.0,1999.0,2,0,44.0,0.5,0,0,0,0,0,0,1,0,0.0,0.0,0.0,0.0,0.0
,2425,RB Leipzig,Faik Sakar,GER,MF,16.0,2008.0,1,0,1.0,0.0,0,0,0,0,0,0,0,0,0.0,0.0,0.0,0.0,0.0
,2425,RB Leipzig,Kevin Kampl,SVN,MF,33.0,1990.0,26,18,1593.0,17.7,1,0,1,1,0,0,5,0,0.06,0.0,0.06,0.06,0.06
,2425,RB Leipzig,Kosta Nedeljković,SRB,"DF,MF",18.0,2005.0,10,6,479.0,5.3,0,0,0,0,0,0,1,0,0.0,0.0,0.0,0.0,0.0
,2425,RB Leipzig,Loïs Openda,BEL,FW,24.0,2000.0,33,28,2453.0,27.3,9,5,14,9,0,1,5,1,0.33,0.18,0.51,0.33,0.51
,2425,RB Leipzig,Lukas Klostermann,GER,DF,28.0,1996.0,28,20,1838.0,20.4,1,0,1,1,0,0,5,0,0.05,0.0,0.05,0.05,0.05
,2425,RB Leipzig,Lutsharel Geertruida,NED,DF,24.0,2000.0,24,17,1557.0,17.3,1,0,1,1,0,0,2,0,0.06,0.0,0.06,0.06,0.06
,2425,RB Leipzig,Maarten Vandevoordt,BEL,GK,22.0,2002.0,6,4,429.0,4.8,0,0,0,0,0,0,0,0,0.0,0.0,0.0,0.0,0.0
,2425,RB Leipzig,Mohamed Simakan,FRA,DF,24.0,2000.0,1,1,54.0,0.6,0,0,0,0,0,0,0,0,0.0,0.0,0.0,0.0,0.0
,2425,RB Leipzig,Nicolas Seiwald,AUT,"MF,DF",23.0,2001.0,30,20,2084.0,23.2,0,0,0,0,0,0,2,0,0.0,0.0,0.0,0.0,0.0
,2425,RB Leipzig,Péter Gulácsi,HUN,GK,34.0,1990.0,30,30,2631.0,29.2,0,0,0,0,0,0,0,0,0.0,0.0,0.0,0.0,0.0
,2425,RB Leipzig,Ridle Baku,GER,MF,26.0,1998.0,19,15,1275.0,14.2,2,3,5,2,0,0,1,0,0.14,0.21,0.35,0.14,0.35
,2425,RB Leipzig,Tidiam Gomis,FRA,FW,17.0,2006.0,8,1,152.0,1.7,0,1,1,0,0,0,2,0,0.0,0.59,0.59,0.0,0.59
,2425,RB Leipzig,Viggo Gebel,GER,MF,16.0,2007.0,1,0,14.0,0.2,0,0,0,0,0,0,0,0,0.0,0.0,0.0,0.0,0.0
,2425,RB Leipzig,Willi Orban,HUN,DF,31.0,1992.0,25,25,2222.0,24.7,5,0,5,5,0,0,4,2,0.2,0.0,0.2,0.2,0.2
,2425,RB Leipzig,Xaver Schlager,AUT,MF,26.0,1997.0,4,2,181.0,2.0,0,0,0,0,0,0,1,0,0.0,0.0,0.0,0.0,0.0
,2425,RB Leipzig,Xavi Simons,NED,MF,21.0,2003.0,25,25,2150.0,23.9,10,6,16,10,0,0,5,0,0.42,0.25,0.67,0.42,0.67
,2425,RB Leipzig,Yussuf Poulsen,DEN,"MF,FW",30.0,1994.0,22,2,378.0,4.2,2,0,2,2,0,0,1,0,0.48,0.0,0.48,0.48,0.48
,2425,St Pauli,Abdoulie Ceesay,GAM,FW,20.0,2004.0,7,0,60.0,0.7,0,0,0,0,0,0,1,0,0.0,0.0,0.0,0.0,0.0
,2425,St Pauli,Adam Dźwigała,POL,DF,28.0,1995.0,16,2,373.0,4.1,0,0,0,0,0,0,2,1,0.0,0.0,0.0,0.0,0.0
,2425,St Pauli,Andreas Albers,DEN,"FW,MF",34.0,1990.0,14,0,62.0,0.7,1,0,1,1,0,0,0,0,1.45,0.0,1.45,1.45,1.45
,2425,St Pauli,Ben Alexander Voll,GER,GK,23.0,2000.0,2,1,91.0,1.0,0,0,0,0,0,0,1,0,0.0,0.0,0.0,0.0,0.0
,2425,St Pauli,Carlo Boukhalfa,MAR,MF,25.0,1999.0,25,19,1646.0,18.3,2,0,2,2,0,0,1,0,0.11,0.0,0.11,0.11,0.11
,2425,St Pauli,Connor Metcalfe,AUS,"MF,FW",24.0,1999.0,10,3,358.0,4.0,0,0,0,0,0,0,2,1,0.0,0.0,0.0,0.0,0.0
,2425,St Pauli,Danel Sinani,LUX,"FW,MF",27.0,1997.0,26,14,1250.0,13.9,2,2,4,2,0,0,3,0,0.14,0.14,0.29,0.14,0.29
,2425,St Pauli,Dapo Afolayan,ENG,"FW,MF",26.0,1997.0,32,17,1639.0,18.2,3,1,4,3,0,0,3,0,0.16,0.05,0.22,0.16,0.22
,2425,St Pauli,David Nemeth,AUT,DF,23.0,2001.0,24,24,2137.0,23.7,0,1,1,0,0,0,3,0,0.0,0.04,0.04,0.0,0.04
,2425,St Pauli,Elias Saad,TUN,"FW,MF",24.0,1999.0,18,10,900.0,10.0,3,2,5,3,0,0,1,0,0.3,0.2,0.5,0.3,0.5
,2425,St Pauli,Eric Smith,SWE,"DF,MF",27.0,1997.0,32,32,2827.0,31.4,1,1,2,1,0,0,7,0,0.03,0.03,0.06,0.03,0.06
,2425,St Pauli,Erik Ahlstrand,SWE,MF,22.0,2001.0,5,0,43.0,0.5,0,0,0,0,0,0,0,0,0.0,0.0,0.0,0.0,0.0
,2425,St Pauli,Finley Stevens,WAL,DF,21.0,2003.0,1,0,1.0,0.0,0,0,0,0,0,0,0,0,0.0,0.0,0.0,0.0,0.0
,2425,St Pauli,Hauke Wahl,GER,DF,30.0,1994.0,33,33,2970.0,33.0,0,0,0,0,0,0,1,0,0.0,0.0,0.0,0.0,0.0
,2425,St Pauli,Jackson Irvine,AUS,MF,31.0,1993.0,29,29,2610.0,29.0,0,6,6,0,0,0,2,0,0.0,0.21,0.21,0.0,0.21
,2425,St Pauli,James Sands,USA,MF,24.0,2000.0,7,5,453.0,5.0,0,0,0,0,0,0,1,0,0.0,0.0,0.0,0.0,0.0
,2425,St Pauli,Johannes Eggestein,GER,FW,26.0,1998.0,27,22,1853.0,20.6,3,4,7,2,1,2,3,0,0.15,0.19,0.34,0.1,0.29
,2425,St Pauli,Karol Mets,EST,DF,31.0,1993.0,10,10,900.0,10.0,0,0,0,0,0,0,1,0,0.0,0.0,0.0,0.0,0.0
,2425,St Pauli,Lars Ritzka,GER,"MF,DF",26.0,1998.0,21,11,922.0,10.2,1,0,1,1,0,0,1,0,0.1,0.0,0.1,0.1,0.1
,2425,St Pauli,Manolis Saliakas,GRE,MF,27.0,1996.0,30,26,2314.0,25.7,2,1,3,2,0,0,4,0,0.08,0.04,0.12,0.08,0.12
,2425,St Pauli,Maurides,BRA,FW,30.0,1994.0,1,0,2.0,0.0,0,0,0,0,0,0,0,0,0.0,0.0,0.0,0.0,0.0
,2425,St Pauli,Morgan Guilavogui,GUI,"FW,MF",26.0,1998.0,25,21,1807.0,20.1,6,2,8,6,0,0,6,0,0.3,0.1,0.4,0.3,0.4
,2425,St Pauli,Nikola Vasilj,BIH,GK,28.0,1995.0,33,33,2969.0,33.0,0,0,0,0,0,0,2,1,0.0,0.0,0.0,0.0,0.0
,2425,St Pauli,Noah Weißhaupt,GER,"FW,MF",22.0,2001.0,19,13,1160.0,12.9,1,0,1,1,0,0,0,0,0.08,0.0,0.08,0.08,0.08
,2425,St Pauli,Philipp Treu,GER,MF,23.0,2000.0,33,33,2881.0,32.0,0,2,2,0,0,0,2,0,0.0,0.06,0.06,0.0,0.06
,2425,St Pauli,Robert Wagner,GER,MF,21.0,2003.0,12,5,407.0,4.5,0,0,0,0,0,0,1,0,0.0,0.0,0.0,0.0,0.0
,2425,St Pauli,Scott Banks,SCO,MF,22.0,2001.0,12,0,116.0,1.3,0,0,0,0,0,0,1,0,0.0,0.0,0.0,0.0,0.0
,2425,St Pauli,Siebe Van Der Heyden,BEL,"DF,MF",26.0,1998.0,13,11,872.0,9.7,1,0,1,1,0,0,4,1,0.1,0.0,0.1,0.1,0.1
,2425,Stuttgart,Alexander Nübel,GER,GK,27.0,1996.0,34,34,3060.0,34.0,0,1,1,0,0,0,0,0,0.0,0.03,0.03,0.0,0.03
,2425,Stuttgart,Ameen Al-Dakhil,BEL,DF,22.0,2002.0,7,6,432.0,4.8,0,0,0,0,0,0,0,1,0.0,0.0,0.0,0.0,0.0
,2425,Stuttgart,Angelo Stiller,GER,MF,23.0,2001.0,32,31,2741.0,30.5,1,8,9,1,0,0,6,0,0.03,0.26,0.3,0.03,0.3
,2425,Stuttgart,Anrie Chase,JPN,DF,20.0,2004.0,12,7,734.0,8.2,0,0,0,0,0,0,1,0,0.0,0.0,0.0,0.0,0.0
,2425,Stuttgart,Anthony Rouault,FRA,DF,23.0,2001.0,18,14,1212.0,13.5,1,0,1,1,0,0,1,0,0.07,0.0,0.07,0.07,0.07
,2425,Stuttgart,Atakan Karazor,TUR,MF,27.0,1996.0,32,31,2618.0,29.1,2,4,6,2,0,0,10,1,0.07,0.14,0.21,0.07,0.21
,2425,Stuttgart,Chris Führich,GER,MF,26.0,1998.0,33,23,1981.0,22.0,2,3,5,2,0,0,1,0,0.09,0.14,0.23,0.09,0.23
,2425,Stuttgart,Dan-Axel Zagadou,FRA,DF,25.0,1999.0,2,0,29.0,0.3,0,0,0,0,0,0,1,0,0.0,0.0,0.0,0.0,0.0
,2425,Stuttgart,Deniz Undav,GER,"FW,MF",28.0,1996.0,27,20,1726.0,19.2,9,3,12,9,0,0,4,0,0.47,0.16,0.63,0.47,0.63
,2425,Stuttgart,El Bilal Touré,MLI,FW,22.0,2001.0,12,3,356.0,4.0,2,1,3,2,0,0,0,0,0.51,0.25,0.76,0.51,0.76
,2425,Stuttgart,Enzo Millot,FRA,MF,22.0,2002.0,29,22,1843.0,20.5,6,5,11,6,0,1,9,0,0.29,0.24,0.54,0.29,0.54
,2425,Stuttgart,Ermedin Demirović,BIH,FW,26.0,1998.0,34,20,1855.0,20.6,15,1,16,15,0,2,2,0,0.73,0.05,0.78,0.73,0.78
,2425,Stuttgart,Fabian Rieder,SUI,MF,22.0,2002.0,21,8,867.0,9.6,1,3,4,1,0,0,1,0,0.1,0.31,0.42,0.1,0.42
,2425,Stuttgart,Finn Jeltsch,GER,DF,18.0,2006.0,12,9,780.0,8.7,0,0,0,0,0,0,2,0,0.0,0.0,0.0,0.0,0.0
,2425,Stuttgart,Frans Krätzig,GER,DF,21.0,2003.0,1,1,56.0,0.6,0,0,0,0,0,0,0,0,0.0,0.0,0.0,0.0,0.0
,2425,Stuttgart,Jacob Bruun Larsen,DEN,MF,25.0,1998.0,15,3,414.0,4.6,1,0,1,1,0,0,1,0,0.22,0.0,0.22,0.22,0.22
,2425,Stuttgart,Jamie Leweling,GER,MF,23.0,2001.0,27,22,1663.0,18.5,2,2,4,2,0,0,4,0,0.11,0.11,0.22,0.11,0.22
,2425,Stuttgart,Jarzinho Malanga,GER,MF,18.0,2006.0,1,0,2.0,0.0,0,0,0,0,0,0,0,0,0.0,0.0,0.0,0.0,0.0
,2425,Stuttgart,Josha Vagnoman,GER,"DF,MF",23.0,2000.0,26,19,1834.0,20.4,1,1,2,1,0,0,4,0,0.05,0.05,0.1,0.05,0.1
,2425,Stuttgart,Julian Chabot,GER,DF,26.0,1998.0,31,27,2269.0,25.2,3,1,4,3,0,0,11,1,0.12,0.04,0.16,0.12,0.16
,2425,Stuttgart,Justin Diehl,GER,MF,19.0,2004.0,6,0,104.0,1.2,1,0,1,1,0,0,0,0,0.87,0.0,0.87,0.87,0.87
,2425,Stuttgart,Leonidas Stergiou,SUI,DF,22.0,2002.0,12,11,852.0,9.5,1,2,3,1,0,0,0,1,0.11,0.21,0.32,0.11,0.32
,2425,Stuttgart,Luca Jaquez,SUI,DF,21.0,2003.0,5,2,253.0,2.8,0,0,0,0,0,0,0,0,0.0,0.0,0.0,0.0,0.0
,2425,Stuttgart,Maximilian Mittelstädt,GER,"DF,MF",27.0,1997.0,31,28,2469.0,27.4,1,7,8,1,0,0,5,0,0.04,0.26,0.29,0.04,0.29
,2425,Stuttgart,Nick Woltemade,GER,"FW,MF",22.0,2002.0,28,17,1622.0,18.0,12,2,14,10,2,3,5,1,0.67,0.11,0.78,0.55,0.67
,2425,Stuttgart,Nikolas Nartey,DEN,MF,24.0,2000.0,1,0,22.0,0.2,0,0,0,0,0,0,0,0,0.0,0.0,0.0,0.0,0.0
,2425,Stuttgart,Pascal Stenzel,GER,DF,28.0,1996.0,10,4,290.0,3.2,0,0,0,0,0,0,0,0,0.0,0.0,0.0,0.0,0.0
,2425,Stuttgart,Ramon Hendriks,NED,DF,23.0,2001.0,25,10,1154.0,12.8,0,1,1,0,0,0,3,0,0.0,0.08,0.08,0.0,0.08
,2425,Stuttgart,Yannik Keitel,GER,MF,24.0,2000.0,11,2,270.0,3.0,0,0,0,0,0,0,1,0,0.0,0.0,0.0,0.0,0.0
,2425,Union Berlin,Alexander Schwolow,GER,GK,32.0,1992.0,6,6,540.0,6.0,0,0,0,0,0,0,0,0,0.0,0.0,0.0,0.0,0.0
,2425,Union Berlin,Aljoscha Kemlein,GER,MF,19.0,2004.0,15,11,922.0,10.2,1,0,1,1,0,0,3,0,0.1,0.0,0.1,0.1,0.1
,2425,Union Berlin,Andrej Ilic,SRB,FW,24.0,2000.0,16,11,937.0,10.4,7,0,7,6,1,1,1,0,0.67,0.0,0.67,0.58,0.58
,2425,Union Berlin,András Schäfer,HUN,MF,25.0,1999.0,26,17,1534.0,17.0,1,1,2,1,0,0,3,0,0.06,0.06,0.12,0.06,0.12
,2425,Union Berlin,Benedict Hollerbach,GER,"FW,MF",23.0,2001.0,34,30,2540.0,28.2,9,1,10,9,0,0,3,0,0.32,0.04,0.35,0.32,0.35
,2425,Union Berlin,Christopher Trimmel,AUT,"MF,DF",37.0,1987.0,26,20,1740.0,19.3,0,3,3,0,0,0,5,0,0.0,0.16,0.16,0.0,0.16
,2425,Union Berlin,Danilho Doekhi,NED,DF,26.0,1998.0,34,34,3060.0,34.0,1,1,2,1,0,0,4,0,0.03,0.03,0.06,0.03,0.06
,2425,Union Berlin,David Preu,GER,MF,19.0,2004.0,5,1,121.0,1.3,0,0,0,0,0,0,1,0,0.0,0.0,0.0,0.0,0.0
,2425,Union Berlin,Diogo Leite,POR,DF,25.0,1999.0,30,29,2546.0,28.3,1,2,3,1,0,0,3,0,0.04,0.07,0.11,0.04,0.11
,2425,Union Berlin,Frederik Rønnow,DEN,GK,31.0,1992.0,28,28,2520.0,28.0,0,0,0,0,0,0,2,0,0.0,0.0,0.0,0.0,0.0
,2425,Union Berlin,Ivan Prtajin,CRO,FW,28.0,1996.0,5,2,161.0,1.8,0,0,0,0,0,0,0,0,0.0,0.0,0.0,0.0,0.0
,2425,Union Berlin,Janik Haberer,GER,MF,30.0,1994.0,28,21,1696.0,18.8,0,0,0,0,0,0,1,0,0.0,0.0,0.0,0.0,0.0
,2425,Union Berlin,Jeong Woo-yeong,KOR,"MF,FW",24.0,1999.0,23,17,1263.0,14.0,3,2,5,3,0,0,2,0,0.21,0.14,0.36,0.21,0.36
,2425,Union Berlin,Jordan Pefok,USA,FW,28.0,1996.0,18,10,908.0,10.1,0,1,1,0,0,0,2,0,0.0,0.1,0.1,0.0,0.1
,2425,Union Berlin,Josip Juranović,CRO,"MF,DF",28.0,1995.0,17,13,1159.0,12.9,0,1,1,0,0,0,4,0,0.0,0.08,0.08,0.0,0.08
,2425,Union Berlin,Jérôme Roussillon,GLP,DF,31.0,1993.0,7,1,136.0,1.5,0,0,0,0,0,0,0,0,0.0,0.0,0.0,0.0,0.0
,2425,Union Berlin,Kevin Vogt,GER,DF,32.0,1991.0,18,16,1367.0,15.2,1,0,1,0,1,1,6,0,0.07,0.0,0.07,0.0,0.0
,2425,Union Berlin,Kevin Volland,GER,"FW,MF",32.0,1992.0,4,0,61.0,0.7,0,0,0,0,0,0,1,0,0.0,0.0,0.0,0.0,0.0
,2425,Union Berlin,Leopold Querfeld,AUT,DF,20.0,2003.0,27,17,1747.0,19.4,2,2,4,2,0,0,8,0,0.1,0.1,0.21,0.1,0.21
,2425,Union Berlin,Lucas Tousart,FRA,MF,27.0,1997.0,15,6,561.0,6.2,0,1,1,0,0,0,2,0,0.0,0.16,0.16,0.0,0.16
,2425,Union Berlin,László Bénes,SVK,"MF,FW",26.0,1997.0,23,3,589.0,6.5,2,1,3,2,0,0,4,0,0.31,0.15,0.46,0.31,0.46
,2425,Union Berlin,Marin Ljubicic,CRO,FW,22.0,2002.0,13,1,281.0,3.1,1,1,2,1,0,0,1,0,0.32,0.32,0.64,0.32,0.64
,2425,Union Berlin,Rani Khedira,TUN,MF,30.0,1994.0,32,31,2723.0,30.3,1,1,2,1,0,0,7,0,0.03,0.03,0.07,0.03,0.07
,2425,Union Berlin,Robert Skov,DEN,"MF,DF",28.0,1996.0,15,11,852.0,9.5,2,2,4,1,1,1,1,0,0.21,0.21,0.42,0.11,0.32
,2425,Union Berlin,Robin Gosens,GER,MF,30.0,1994.0,1,1,90.0,1.0,0,0,0,0,0,0,1,0,0.0,0.0,0.0,0.0,0.0
,2425,Union Berlin,Tim Skarke,GER,"FW,MF",27.0,1996.0,33,11,1164.0,12.9,0,2,2,0,0,0,1,0,0.0,0.15,0.15,0.0,0.15
,2425,Union Berlin,Tom Rothe,GER,"MF,DF",19.0,2004.0,26,19,1670.0,18.6,3,3,6,3,0,0,4,1,0.16,0.16,0.32,0.16,0.32
,2425,Union Berlin,Yorbe Vertessen,BEL,"MF,FW",23.0,2001.0,17,7,718.0,8.0,1,0,1,1,0,0,2,0,0.13,0.0,0.13,0.13,0.13
,2425,Werder Bremen,Amos Pieper,GER,DF,26.0,1998.0,23,16,1498.0,16.6,0,0,0,0,0,0,3,0,0.0,0.0,0.0,0.0,0.0
,2425,Werder Bremen,André Silva,POR,FW,28.0,1995.0,7,4,375.0,4.2,1,0,1,0,1,2,1,0,0.24,0.0,0.24,0.0,0.0
,2425,Werder Bremen,Anthony Jung,GER,DF,32.0,1991.0,28,20,1898.0,21.1,0,0,0,0,0,0,1,0,0.0,0.0,0.0,0.0,0.0
,2425,Werder Bremen,Derrick Köhn,GHA,"MF,DF",25.0,1999.0,27,14,1343.0,14.9,2,2,4,2,0,0,2,0,0.13,0.13,0.27,0.13,0.27
,2425,Werder Bremen,Felix Agu,NGA,MF,24.0,1999.0,22,21,1751.0,19.5,3,0,3,3,0,0,1,0,0.15,0.0,0.15,0.15,0.15
,2425,Werder Bremen,Issa Kaboré,BFA,MF,23.0,2001.0,9,3,308.0,3.4,0,0,0,0,0,0,0,0,0.0,0.0,0.0,0.0,0.0
,2425,Werder Bremen,Jens Stage,DEN,MF,27.0,1996.0,28,26,2204.0,24.5,10,5,15,10,0,0,10,0,0.41,0.2,0.61,0.41,0.61
,2425,Werder Bremen,Julián Malatini,ARG,DF,23.0,2001.0,10,5,454.0,5.0,1,1,2,1,0,0,1,0,0.2,0.2,0.4,0.2,0.4
,2425,Werder Bremen,Justin Njinmah,GER,"FW,MF",23.0,2000.0,26,10,952.0,10.6,3,2,5,3,0,0,1,0,0.28,0.19,0.47,0.28,0.47
,2425,Werder Bremen,Keke Topp,GER,FW,20.0,2004.0,19,1,252.0,2.8,2,2,4,2,0,0,1,0,0.71,0.71,1.43,0.71,1.43
,2425,Werder Bremen,Leonardo Bittencourt,GER,MF,30.0,1993.0,27,10,982.0,10.9,2,1,3,2,0,0,3,0,0.18,0.09,0.27,0.18,0.27
,2425,Werder Bremen,Marco Friedl,AUT,DF,26.0,1998.0,26,25,2161.0,24.0,0,0,0,0,0,0,10,2,0.0,0.0,0.0,0.0,0.0
,2425,Werder Bremen,Marco Grüll,AUT,"FW,MF",26.0,1998.0,30,13,1181.0,13.1,6,1,7,6,0,0,1,0,0.46,0.08,0.53,0.46,0.53
,2425,Werder Bremen,Marvin Ducksch,GER,FW,30.0,1994.0,32,30,2418.0,26.9,8,8,16,7,1,2,3,0,0.3,0.3,0.6,0.26,0.56
,2425,Werder Bremen,Michael Zetterer,GER,GK,29.0,1995.0,34,34,3060.0,34.0,0,0,0,0,0,0,2,0,0.0,0.0,0.0,0.0,0.0
,2425,Werder Bremen,Miloš Veljković,SRB,DF,28.0,1995.0,14,11,1029.0,11.4,0,1,1,0,0,0,1,0,0.0,0.09,0.09,0.0,0.09
,2425,Werder Bremen,Mitchell Weiser,GER,MF,30.0,1994.0,32,32,2868.0,31.9,5,9,14,5,0,0,9,1,0.16,0.28,0.44,0.16,0.44
,2425,Werder Bremen,Niklas Stark,GER,DF,29.0,1995.0,26,25,2106.0,23.4,0,1,1,0,0,0,6,1,0.0,0.04,0.04,0.0,0.04
,2425,Werder Bremen,Oliver Burke,SCO,FW,27.0,1997.0,25,9,908.0,10.1,5,0,5,5,0,0,4,0,0.5,0.0,0.5,0.5,0.5
,2425,Werder Bremen,Olivier Deman,BEL,"DF,FW",24.0,2000.0,9,0,67.0,0.7,0,0,0,0,0,0,1,0,0.0,0.0,0.0,0.0,0.0
,2425,Werder Bremen,Romano Schmid,AUT,MF,24.0,2000.0,32,32,2834.0,31.5,5,4,9,4,1,1,4,0,0.16,0.13,0.29,0.13,0.25
,2425,Werder Bremen,Senne Lynen,BEL,MF,25.0,1999.0,32,32,2733.0,30.4,0,1,1,0,0,0,9,0,0.0,0.03,0.03,0.0,0.03
,2425,Werder Bremen,Skelly Alvero,FRA,MF,22.0,2002.0,12,1,236.0,2.6,0,0,0,0,0,0,1,0,0.0,0.0,0.0,0.0,0.0
,2425,Wolfsburg,Andreas Skov Olsen,DEN,"MF,FW",24.0,1999.0,12,4,535.0,5.9,1,1,2,1,0,0,0,0,0.17,0.17,0.34,0.17,0.34
,2425,Wolfsburg,Aster Vranckx,BEL,MF,21.0,2002.0,14,6,556.0,6.2,0,0,0,0,0,0,1,0,0.0,0.0,0.0,0.0,0.0
,2425,Wolfsburg,Bence Dárdai,HUN,MF,18.0,2006.0,21,16,1304.0,14.5,1,1,2,1,0,0,0,0,0.07,0.07,0.14,0.07,0.14
,2425,Wolfsburg,Cedric Zesiger,SUI,DF,26.0,1998.0,7,5,522.0,5.8,0,0,0,0,0,0,4,0,0.0,0.0,0.0,0.0,0.0
,2425,Wolfsburg,David Odogu,GER,DF,18.0,2006.0,3,2,195.0,2.2,0,0,0,0,0,0,0,0,0.0,0.0,0.0,0.0,0.0
,2425,Wolfsburg,Denis Vavro,SVK,DF,28.0,1996.0,29,27,2461.0,27.3,2,0,2,2,0,0,4,0,0.07,0.0,0.07,0.07,0.07
,2425,Wolfsburg,Jakub Kamiński,POL,"MF,DF",22.0,2002.0,22,12,1130.0,12.6,0,2,2,0,0,0,2,0,0.0,0.16,0.16,0.0,0.16
,2425,Wolfsburg,Joakim Mæhle,DEN,"DF,MF",27.0,1997.0,28,25,2188.0,24.3,3,4,7,3,0,0,6,0,0.12,0.16,0.29,0.12,0.29
,2425,Wolfsburg,Jonas Wind,DEN,"FW,MF",25.0,1999.0,31,21,1966.0,21.8,9,3,12,8,1,2,2,0,0.41,0.14,0.55,0.37,0.5
,2425,Wolfsburg,Kamil Grabara,POL,GK,25.0,1999.0,29,29,2585.0,28.7,0,0,0,0,0,0,2,0,0.0,0.0,0.0,0.0,0.0
,2425,Wolfsburg,Kevin Behrens,GER,FW,33.0,1991.0,18,0,170.0,1.9,1,0,1,1,0,0,2,0,0.53,0.0,0.53,0.53,0.53
,2425,Wolfsburg,Kevin Paredes,USA,MF,21.0,2003.0,2,2,123.0,1.4,0,1,1,0,0,0,1,0,0.0,0.73,0.73,0.0,0.73
,2425,Wolfsburg,Kilian Fischer,GER,DF,23.0,2000.0,32,29,2297.0,25.5,1,0,1,1,0,0,7,0,0.04,0.0,0.04,0.04,0.04
,2425,Wolfsburg,Konstantinos Koulierakis,GRE,DF,20.0,2003.0,30,28,2468.0,27.4,0,2,2,0,0,0,4,0,0.0,0.07,0.07,0.0,0.07
,2425,Wolfsburg,Lovro Majer,CRO,MF,26.0,1998.0,9,3,304.0,3.4,2,1,3,1,1,1,1,0,0.59,0.3,0.89,0.3,0.59
,2425,Wolfsburg,Lukas Nmecha,GER,FW,25.0,1998.0,19,3,467.0,5.2,3,0,3,3,0,0,1,0,0.58,0.0,0.58,0.58,0.58
,2425,Wolfsburg,Mads Roerslev,DEN,DF,25.0,1999.0,7,2,298.0,3.3,0,0,0,0,0,0,0,0,0.0,0.0,0.0,0.0,0.0
,2425,Wolfsburg,Marius Müller,GER,GK,31.0,1993.0,6,5,475.0,5.3,0,0,0,0,0,0,0,0,0.0,0.0,0.0,0.0,0.0
,2425,Wolfsburg,Mattias Svanberg,SWE,MF,25.0,1999.0,20,14,1219.0,13.5,3,1,4,3,0,0,4,0,0.22,0.07,0.3,0.22,0.3
,2425,Wolfsburg,Maximilian Arnold,GER,MF,30.0,1994.0,28,27,2356.0,26.2,3,5,8,3,0,0,7,1,0.11,0.19,0.31,0.11,0.31
,2425,Wolfsburg,Mohamed Amoura,ALG,"FW,MF",24.0,2000.0,31,29,2467.0,27.4,10,9,19,8,2,2,6,0,0.36,0.33,0.69,0.29,0.62
,2425,Wolfsburg,Patrick Wimmer,AUT,"MF,FW",23.0,2001.0,29,22,1770.0,19.7,3,4,7,3,0,0,5,1,0.15,0.2,0.36,0.15,0.36
,2425,Wolfsburg,Ridle Baku,GER,MF,26.0,1998.0,15,14,1170.0,13.0,2,1,3,2,0,0,2,0,0.15,0.08,0.23,0.15,0.23
,2425,Wolfsburg,Salih Özcan,TUR,MF,26.0,1998.0,11,3,353.0,3.9,0,0,0,0,0,0,0,0,0.0,0.0,0.0,0.0,0.0
,2425,Wolfsburg,Sebastiaan Bornauw,BEL,DF,25.0,1999.0,15,8,788.0,8.8,2,1,3,2,0,0,2,0,0.23,0.11,0.34,0.23,0.34
,2425,Wolfsburg,Tiago Tomás,POR,"MF,FW",22.0,2002.0,32,23,1884.0,20.9,6,1,7,6,0,0,7,0,0.29,0.05,0.33,0.29,0.33
,2425,Wolfsburg,Yannick Gerhardt,GER,"MF,DF",30.0,1994.0,29,15,1518.0,16.9,1,1,2,1,0,0,5,1,0.06,0.06,0.12,0.06,0.12
,2526,Augsburg,Aiman Dardari,LUX,MF,20.0,2005.0,3,0,34.0,0.4,0,0,0,0,0,0,1,0,0.0,0.0,0.0,0.0,0.0
,2526,Augsburg,Alexis Claude-Maurice,FRA,"MF,FW",27.0,1998.0,29,25,2097.0,23.3,5,4,9,4,1,2,3,0,0.21,0.17,0.39,0.17,0.34
,2526,Augsburg,Anton Kade,GER,"MF,FW",21.0,2004.0,28,18,1743.0,19.4,6,0,6,6,0,0,3,0,0.31,0.0,0.31,0.31,0.31
,2526,Augsburg,Arne Maier,GER,MF,26.0,1999.0,1,0,4.0,0.0,0,0,0,0,0,0,0,0,0.0,0.0,0.0,0.0,0.0
,2526,Augsburg,Arthur Chaves,BRA,DF,24.0,2001.0,11,9,829.0,9.2,2,0,2,2,0,0,1,0,0.22,0.0,0.22,0.22,0.22
,2526,Augsburg,Cedric Zesiger,SUI,DF,27.0,1998.0,27,20,1816.0,20.2,0,0,0,0,0,0,7,0,0.0,0.0,0.0,0.0,0.0
,2526,Augsburg,Chrislain Matsima,FRA,DF,23.0,2002.0,18,17,1489.0,16.5,1,1,2,1,0,0,5,0,0.06,0.06,0.12,0.06,0.12
,2526,Augsburg,Dimitris Giannoulis,GRE,MF,29.0,1995.0,27,25,1888.0,21.0,2,5,7,2,0,0,8,0,0.1,0.24,0.33,0.1,0.33
,2526,Augsburg,Elias Saad,TUN,"MF,FW",25.0,1999.0,10,7,497.0,5.5,0,0,0,0,0,0,1,0,0.0,0.0,0.0,0.0,0.0
,2526,Augsburg,Elvis Rexhbeçaj,KVX,MF,27.0,1997.0,26,10,1118.0,12.4,2,0,2,2,0,0,4,0,0.16,0.0,0.16,0.16,0.16
,2526,Augsburg,Fabian Rieder,SUI,MF,23.0,2002.0,32,28,2343.0,26.0,6,3,9,4,2,2,4,0,0.23,0.12,0.35,0.15,0.27
,2526,Augsburg,Finn Dahmen,GER,GK,27.0,1998.0,34,34,3060.0,34.0,0,0,0,0,0,0,1,0,0.0,0.0,0.0,0.0,0.0
,2526,Augsburg,Han-Noah Massengo,FRA,MF,24.0,2001.0,33,29,2427.0,27.0,2,1,3,2,0,0,5,0,0.07,0.04,0.11,0.07,0.11
,2526,Augsburg,Ismaël Gharbi,TUN,MF,21.0,2004.0,6,0,94.0,1.0,0,0,0,0,0,0,0,0,0.0,0.0,0.0,0.0,0.0
,2526,Augsburg,Jeffrey Gouweleeuw,NED,DF,34.0,1991.0,11,10,848.0,9.4,0,1,1,0,0,0,3,0,0.0,0.11,0.11,0.0,0.11
,2526,Augsburg,Keven Schlotterbeck,GER,DF,28.0,1997.0,24,22,2031.0,22.6,0,1,1,0,0,1,7,1,0.0,0.04,0.04,0.0,0.04
,2526,Augsburg,Kristijan Jakić,CRO,"MF,DF",28.0,1997.0,26,18,1653.0,18.4,2,1,3,2,0,0,5,0,0.11,0.05,0.16,0.11,0.16
,2526,Augsburg,Mads Pedersen,DEN,MF,28.0,1996.0,7,1,210.0,2.3,0,0,0,0,0,0,0,0,0.0,0.0,0.0,0.0,0.0
,2526,Augsburg,Marius Wolf,GER,MF,30.0,1995.0,29,12,1019.0,11.3,1,1,2,1,0,0,4,0,0.09,0.09,0.18,0.09,0.18
,2526,Augsburg,Mert Kömür,GER,"MF,FW",20.0,2005.0,28,17,1464.0,16.3,2,4,6,2,0,0,1,0,0.12,0.25,0.37,0.12,0.37
,2526,Augsburg,Michael Gregoritsch,AUT,FW,31.0,1994.0,17,11,913.0,10.1,6,2,8,5,1,1,2,0,0.59,0.2,0.79,0.49,0.69
,2526,Augsburg,Noahkai Banks,USA,DF,18.0,2006.0,23,20,1725.0,19.2,1,1,2,1,0,0,8,0,0.05,0.05,0.1,0.05,0.1
,2526,Augsburg,Phillip Tietz,GER,FW,28.0,1997.0,10,0,198.0,2.2,1,0,1,1,0,0,2,0,0.45,0.0,0.45,0.45,0.45
,2526,Augsburg,Robin Fellhauer,GER,MF,27.0,1998.0,34,31,2799.0,31.1,3,2,5,3,0,0,2,0,0.1,0.06,0.16,0.1,0.16
,2526,Augsburg,Rodrigo Ribeiro,POR,FW,20.0,2005.0,14,6,636.0,7.1,2,0,2,2,0,0,1,0,0.28,0.0,0.28,0.28,0.28
,2526,Augsburg,Samuel Essende,COD,"MF,FW",27.0,1998.0,14,2,414.0,4.6,1,0,1,1,0,0,2,0,0.22,0.0,0.22,0.22,0.22
,2526,Augsburg,Tim Schnitzer,GER,MF,17.0,2008.0,1,0,6.0,0.1,0,0,0,0,0,0,0,0,0.0,0.0,0.0,0.0,0.0
,2526,Augsburg,Uchenna Ogundu,NGA,FW,19.0,2006.0,5,0,47.0,0.5,0,0,0,0,0,0,0,0,0.0,0.0,0.0,0.0,0.0
,2526,Augsburg,Yannik Keitel,GER,"MF,DF",25.0,2000.0,6,2,248.0,2.8,0,0,0,0,0,0,2,0,0.0,0.0,0.0,0.0,0.0
,2526,Bayern Munich,Aleksandar Pavlovic,GER,MF,21.0,2004.0,24,16,1462.0,16.2,3,1,4,3,0,0,2,0,0.18,0.06,0.25,0.18,0.25
,2526,Bayern Munich,Alphonso Davies,CAN,DF,24.0,2000.0,13,6,525.0,5.8,1,3,4,1,0,0,1,0,0.17,0.51,0.69,0.17,0.69
,2526,Bayern Munich,Bara Sapoko Ndiaye,SEN,MF,17.0,2007.0,4,2,143.0,1.6,0,0,0,0,0,0,0,0,0.0,0.0,0.0,0.0,0.0
,2526,Bayern Munich,Cassiano Kiala,GER,DF,16.0,2009.0,1,0,1.0,0.0,0,0,0,0,0,0,0,0,0.0,0.0,0.0,0.0,0.0
,2526,Bayern Munich,David Daiber,POR,FW,18.0,2007.0,2,0,29.0,0.3,0,0,0,0,0,0,0,0,0.0,0.0,0.0,0.0,0.0
,2526,Bayern Munich,Dayot Upamecano,FRA,DF,26.0,1998.0,24,21,1794.0,19.9,1,1,2,1,0,0,4,0,0.05,0.05,0.1,0.05,0.1
,2526,Bayern Munich,Deniz Ofli,TUR,DF,18.0,2007.0,1,0,6.0,0.1,0,0,0,0,0,0,0,0,0.0,0.0,0.0,0.0,0.0
,2526,Bayern Munich,Erblin Osmani,GER,MF,16.0,2009.0,1,0,4.0,0.0,0,0,0,0,0,0,0,0,0.0,0.0,0.0,0.0,0.0
,2526,Bayern Munich,Felipe Chávez,PER,MF,18.0,2007.0,2,0,14.0,0.2,0,0,0,0,0,0,0,0,0.0,0.0,0.0,0.0,0.0
,2526,Bayern Munich,Harry Kane,ENG,"FW,MF",32.0,1993.0,31,25,2377.0,26.4,36,5,41,26,10,11,1,0,1.36,0.19,1.55,0.98,1.17
,2526,Bayern Munich,Hiroki Ito,JPN,DF,26.0,1999.0,16,10,920.0,10.2,1,2,3,1,0,0,0,0,0.1,0.2,0.29,0.1,0.29
,2526,Bayern Munich,Jamal Musiala,GER,"MF,FW",22.0,2003.0,15,7,683.0,7.6,3,4,7,2,1,1,1,0,0.4,0.53,0.92,0.26,0.79
,2526,Bayern Munich,Jonah Kusi-Asare,SWE,FW,18.0,2007.0,1,0,5.0,0.1,0,0,0,0,0,0,0,0,0.0,0.0,0.0,0.0,0.0
,2526,Bayern Munich,Jonas Urbig,GER,GK,21.0,2003.0,14,11,1111.0,12.3,0,0,0,0,0,0,0,0,0.0,0.0,0.0,0.0,0.0
,2526,Bayern Munich,Jonathan Tah,GER,DF,29.0,1996.0,28,23,2018.0,22.4,2,1,3,2,0,0,7,0,0.09,0.04,0.13,0.09,0.13
,2526,Bayern Munich,Joshua Kimmich,GER,MF,30.0,1995.0,29,24,2280.0,25.3,2,8,10,2,0,0,4,0,0.08,0.32,0.39,0.08,0.39
,2526,Bayern Munich,Josip Stanišić,CRO,DF,25.0,2000.0,26,19,1857.0,20.6,2,3,5,2,0,0,1,0,0.1,0.15,0.24,0.1,0.24
,2526,Bayern Munich,Kim Min-jae,KOR,DF,28.0,1996.0,25,19,1602.0,17.8,1,1,2,1,0,0,1,0,0.06,0.06,0.11,0.06,0.11
,2526,Bayern Munich,Konrad Laimer,AUT,DF,28.0,1997.0,29,22,1994.0,22.2,3,9,12,3,0,0,9,0,0.14,0.41,0.54,0.14,0.54
,2526,Bayern Munich,Lennart Karl,GER,MF,17.0,2008.0,26,16,1281.0,14.2,5,5,10,5,0,0,1,0,0.35,0.35,0.7,0.35,0.7
,2526,Bayern Munich,Leon Goretzka,GER,MF,30.0,1995.0,31,25,1947.0,21.6,5,3,8,5,0,0,4,0,0.23,0.14,0.37,0.23,0.37
,2526,Bayern Munich,Luis Díaz,COL,MF,28.0,1997.0,32,27,2447.0,27.2,15,14,29,15,0,0,7,1,0.55,0.51,1.07,0.55,1.07
,2526,Bayern Munich,Manuel Neuer,GER,GK,39.0,1986.0,22,22,1859.0,20.7,0,0,0,0,0,0,0,0,0.0,0.0,0.0,0.0,0.0
,2526,Bayern Munich,Maycon Cardozo,BRA,MF,16.0,2008.0,2,0,34.0,0.4,0,0,0,0,0,0,0,0,0.0,0.0,0.0,0.0,0.0
,2526,Bayern Munich,Michael Olise,FRA,MF,23.0,2001.0,32,23,2316.0,25.7,15,19,34,15,0,0,8,0,0.58,0.74,1.32,0.58,1.32
,2526,Bayern Munich,Nicolas Jackson,SEN,FW,24.0,2001.0,23,12,1007.0,11.2,8,1,9,8,0,0,2,1,0.71,0.09,0.8,0.71,0.8
,2526,Bayern Munich,Raphaël Guerreiro,POR,MF,31.0,1993.0,18,8,784.0,8.7,5,2,7,5,0,0,0,0,0.57,0.23,0.8,0.57,0.8
,2526,Bayern Munich,Sacha Boey,FRA,DF,24.0,2000.0,9,5,463.0,5.1,0,0,0,0,0,0,1,0,0.0,0.0,0.0,0.0,0.0
,2526,Bayern Munich,Serge Gnabry,GER,MF,30.0,1995.0,21,16,1219.0,13.5,8,6,14,8,0,0,1,0,0.59,0.44,1.03,0.59,1.03
,2526,Bayern Munich,Sven Ulreich,GER,GK,36.0,1988.0,1,1,90.0,1.0,0,0,0,0,0,0,1,0,0.0,0.0,0.0,0.0,0.0
,2526,Bayern Munich,Tom Bischof,GER,"DF,MF",20.0,2005.0,26,14,1302.0,14.5,3,3,6,3,0,0,2,0,0.21,0.21,0.41,0.21,0.41
,2526,Bayern Munich,Wisdom Mike,GER,FW,16.0,2008.0,4,0,30.0,0.3,0,0,0,0,0,0,0,0,0.0,0.0,0.0,0.0,0.0
,2526,Dortmund,Aaron Anselmino,ARG,DF,20.0,2005.0,6,4,368.0,4.1,1,0,1,1,0,0,0,0,0.24,0.0,0.24,0.24,0.24
,2526,Dortmund,Almugera Kabar,GER,DF,19.0,2006.0,1,0,16.0,0.2,0,0,0,0,0,0,0,0,0.0,0.0,0.0,0.0,0.0
,2526,Dortmund,Carney Chukwuemeka,AUT,"MF,FW",21.0,2003.0,28,8,919.0,10.2,2,0,2,2,0,0,2,0,0.2,0.0,0.2,0.2,0.2
,2526,Dortmund,Cole Campbell,USA,FW,19.0,2006.0,1,0,17.0,0.2,0,0,0,0,0,0,0,0,0.0,0.0,0.0,0.0,0.0
,2526,Dortmund,Daniel Svensson,SWE,MF,23.0,2002.0,33,27,2454.0,27.3,2,2,4,2,0,0,0,0,0.07,0.07,0.15,0.07,0.15
,2526,Dortmund,Emre Can,GER,DF,31.0,1994.0,9,7,621.0,6.9,3,0,3,0,3,3,3,0,0.43,0.0,0.43,0.0,0.0
,2526,Dortmund,Felix Nmecha,GER,MF,24.0,2000.0,29,25,2176.0,24.2,2,3,5,2,0,1,0,0,0.08,0.12,0.21,0.08,0.21
,2526,Dortmund,Filippo Mane,ITA,DF,20.0,2005.0,4,2,131.0,1.5,0,0,0,0,0,0,0,1,0.0,0.0,0.0,0.0,0.0
,2526,Dortmund,Fábio Silva,POR,"FW,MF",23.0,2002.0,28,7,817.0,9.1,2,6,8,2,0,0,3,0,0.22,0.66,0.88,0.22,0.88
,2526,Dortmund,Gregor Kobel,SUI,GK,27.0,1997.0,34,34,3060.0,34.0,0,0,0,0,0,0,3,0,0.0,0.0,0.0,0.0,0.0
,2526,Dortmund,Jobe Bellingham,ENG,MF,19.0,2005.0,32,20,1786.0,19.8,0,1,1,0,0,0,2,1,0.0,0.05,0.05,0.0,0.05
,2526,Dortmund,Julian Brandt,GER,"MF,FW",29.0,1996.0,29,17,1606.0,17.8,7,4,11,7,0,0,0,0,0.39,0.22,0.62,0.39,0.62
,2526,Dortmund,Julian Ryerson,NOR,MF,27.0,1997.0,31,26,2266.0,25.2,0,15,15,0,0,0,8,0,0.0,0.6,0.6,0.0,0.6
,2526,Dortmund,Karim Adeyemi,GER,"MF,FW",23.0,2002.0,28,15,1195.0,13.3,7,4,11,7,0,0,5,0,0.53,0.3,0.83,0.53,0.83
,2526,Dortmund,Luca Reggiani,ITA,DF,17.0,2008.0,8,6,511.0,5.7,1,0,1,1,0,0,2,0,0.18,0.0,0.18,0.18,0.18
,2526,Dortmund,Marcel Sabitzer,AUT,MF,31.0,1994.0,26,21,1817.0,20.2,1,2,3,1,0,0,3,0,0.05,0.1,0.15,0.05,0.15
,2526,Dortmund,Mathis Albert,USA,FW,16.0,2009.0,1,0,2.0,0.0,0,0,0,0,0,0,0,0,0.0,0.0,0.0,0.0,0.0
,2526,Dortmund,Maximilian Beier,GER,"MF,FW",22.0,2002.0,32,24,2026.0,22.5,9,6,15,9,0,0,3,0,0.4,0.27,0.67,0.4,0.67
,2526,Dortmund,Nico Schlotterbeck,GER,DF,25.0,1999.0,28,28,2520.0,28.0,5,1,6,5,0,0,8,0,0.18,0.04,0.21,0.18,0.21
,2526,Dortmund,Niklas Süle,GER,DF,29.0,1995.0,11,7,486.0,5.4,0,1,1,0,0,0,3,0,0.0,0.19,0.19,0.0,0.19
,2526,Dortmund,Pascal Groß,GER,MF,34.0,1991.0,11,7,613.0,6.8,0,1,1,0,0,0,0,0,0.0,0.15,0.15,0.0,0.15
,2526,Dortmund,Ramy Bensebaini,ALG,DF,30.0,1995.0,21,15,1530.0,17.0,5,2,7,3,2,2,6,0,0.29,0.12,0.41,0.18,0.29
,2526,Dortmund,Salih Özcan,TUR,MF,27.0,1998.0,11,0,81.0,0.9,0,0,0,0,0,0,0,0,0.0,0.0,0.0,0.0,0.0
,2526,Dortmund,Samuele Inácio,ITA,MF,17.0,2008.0,7,4,384.0,4.3,1,0,1,1,0,0,2,0,0.23,0.0,0.23,0.23,0.23
,2526,Dortmund,Serhou Guirassy,GUI,FW,29.0,1996.0,33,27,2337.0,26.0,17,1,18,16,1,3,3,0,0.65,0.04,0.69,0.62,0.65
,2526,Dortmund,Waldemar Anton,GER,DF,29.0,1996.0,32,32,2880.0,32.0,2,0,2,2,0,0,3,0,0.06,0.0,0.06,0.06,0.06
,2526,Dortmund,Yan Couto,BRA,MF,23.0,2002.0,19,11,997.0,11.1,2,2,4,2,0,0,4,0,0.18,0.18,0.36,0.18,0.36
,2526,Frankfurt,Ansgar Knauff,GER,"MF,FW",23.0,2002.0,28,12,1326.0,14.7,4,1,5,4,0,0,3,0,0.27,0.07,0.34,0.27,0.34
,2526,Frankfurt,Arnaud Kalimuendo,FRA,"FW,MF",23.0,2002.0,19,17,1417.0,15.7,6,1,7,6,0,0,4,0,0.38,0.06,0.44,0.38,0.44
,2526,Frankfurt,Arthur Theate,BEL,DF,25.0,2000.0,24,24,2141.0,23.8,1,0,1,1,0,0,8,0,0.04,0.0,0.04,0.04,0.04
,2526,Frankfurt,Aurèle Amenda,SUI,DF,22.0,2003.0,24,18,1678.0,18.6,0,0,0,0,0,0,5,0,0.0,0.0,0.0,0.0,0.0
,2526,Frankfurt,Aurélio Buta,POR,DF,28.0,1997.0,4,1,144.0,1.6,0,0,0,0,0,0,1,0,0.0,0.0,0.0,0.0,0.0
,2526,Frankfurt,Ayoube Amaimouni,MAR,"MF,FW",20.0,2004.0,17,6,586.0,6.5,2,3,5,2,0,0,1,0,0.31,0.46,0.77,0.31,0.77
,2526,Frankfurt,Can Uzun,TUR,MF,19.0,2005.0,21,15,1156.0,12.8,8,4,12,7,1,1,3,0,0.62,0.31,0.93,0.54,0.86
,2526,Frankfurt,Elias Baum,GER,DF,19.0,2005.0,5,0,75.0,0.8,0,0,0,0,0,0,0,0,0.0,0.0,0.0,0.0,0.0
,2526,Frankfurt,Ellyes Skhiri,TUN,"MF,DF",30.0,1995.0,25,16,1444.0,16.0,0,0,0,0,0,0,3,1,0.0,0.0,0.0,0.0,0.0
,2526,Frankfurt,Elye Wahi,CIV,FW,22.0,2003.0,10,3,324.0,3.6,0,1,1,0,0,0,1,0,0.0,0.28,0.28,0.0,0.28
,2526,Frankfurt,Fares Chaïbi,ALG,MF,22.0,2002.0,28,21,1792.0,19.9,2,9,11,2,0,0,2,0,0.1,0.45,0.55,0.1,0.55
,2526,Frankfurt,Hugo Larsson,SWE,MF,21.0,2004.0,25,21,1812.0,20.1,2,2,4,2,0,0,0,0,0.1,0.1,0.2,0.1,0.2
,2526,Frankfurt,Jean Mattéo Bahoya,FRA,"MF,FW",20.0,2005.0,27,15,1331.0,14.8,3,4,7,3,0,0,2,0,0.2,0.27,0.47,0.2,0.47
,2526,Frankfurt,Jessic Ngankam,GER,FW,25.0,2000.0,3,0,62.0,0.7,0,0,0,0,0,0,0,0,0.0,0.0,0.0,0.0,0.0
,2526,Frankfurt,Jonathan Burkardt,GER,FW,25.0,2000.0,22,15,1336.0,14.8,13,1,14,9,4,4,1,0,0.88,0.07,0.94,0.61,0.67
,2526,Frankfurt,Kauã Santos,BRA,GK,22.0,2003.0,13,13,1084.0,12.0,0,0,0,0,0,0,0,0,0.0,0.0,0.0,0.0,0.0
,2526,Frankfurt,Love Arrhov,SWE,MF,17.0,2008.0,5,1,65.0,0.7,0,0,0,0,0,0,1,0,0.0,0.0,0.0,0.0,0.0
,2526,Frankfurt,Mahmoud Dahoud,GER,"MF,FW",29.0,1996.0,15,8,716.0,8.0,2,3,5,2,0,0,0,0,0.25,0.38,0.63,0.25,0.63
,2526,Frankfurt,Mario Götze,GER,MF,33.0,1992.0,21,8,886.0,9.8,0,0,0,0,0,0,1,0,0.0,0.0,0.0,0.0,0.0
,2526,Frankfurt,Michael Zetterer,GER,GK,30.0,1995.0,22,21,1976.0,22.0,0,0,0,0,0,0,1,0,0.0,0.0,0.0,0.0,0.0
,2526,Frankfurt,Michy Batshuayi,BEL,FW,31.0,1993.0,6,1,139.0,1.5,1,0,1,0,1,1,0,0,0.65,0.0,0.65,0.0,0.0
,2526,Frankfurt,Nathaniel Brown,GER,"MF,DF",22.0,2003.0,33,29,2656.0,29.5,4,4,8,4,0,0,3,0,0.14,0.14,0.27,0.14,0.27
,2526,Frankfurt,Nnamdi Collins,GER,DF,21.0,2004.0,23,16,1500.0,16.7,1,2,3,1,0,0,4,0,0.06,0.12,0.18,0.06,0.18
,2526,Frankfurt,Oscar Højlund,DEN,MF,20.0,2005.0,24,12,1089.0,12.1,1,1,2,1,0,0,4,1,0.08,0.08,0.17,0.08,0.17
,2526,Frankfurt,Rasmus Kristensen,DEN,"DF,MF",28.0,1997.0,22,19,1538.0,17.1,2,0,2,2,0,0,6,1,0.12,0.0,0.12,0.12,0.12
,2526,Frankfurt,Ritsu Doan,JPN,MF,27.0,1998.0,31,28,2364.0,26.3,5,5,10,5,0,0,5,0,0.19,0.19,0.38,0.19,0.38
,2526,Frankfurt,Robin Koch,GER,DF,29.0,1996.0,32,32,2833.0,31.5,3,1,4,3,0,0,3,1,0.1,0.03,0.13,0.1,0.13
,2526,Frankfurt,Timothy Chandler,USA,"DF,MF",35.0,1990.0,1,0,11.0,0.1,0,0,0,0,0,0,0,0,0.0,0.0,0.0,0.0,0.0
,2526,Frankfurt,Younes Ebnoutalib,GER,FW,21.0,2003.0,5,2,133.0,1.5,1,0,1,1,0,0,0,0,0.68,0.0,0.68,0.68,0.68
,2526,Freiburg,Anthony Jung,GER,DF,33.0,1991.0,12,4,526.0,5.8,0,0,0,0,0,0,2,0,0.0,0.0,0.0,0.0,0.0
,2526,Freiburg,Christian Günter,GER,DF,32.0,1993.0,24,18,1547.0,17.2,0,3,3,0,0,0,3,0,0.0,0.17,0.17,0.0,0.17
,2526,Freiburg,Cyriaque Irié,BFA,MF,20.0,2005.0,10,3,347.0,3.9,0,0,0,0,0,0,3,0,0.0,0.0,0.0,0.0,0.0
,2526,Freiburg,Derry Scherhant,GER,MF,22.0,2002.0,31,12,1301.0,14.5,5,1,6,5,0,0,2,0,0.35,0.07,0.42,0.35,0.42
,2526,Freiburg,Eren Dinkçi,GER,MF,23.0,2001.0,8,3,248.0,2.8,0,0,0,0,0,0,1,0,0.0,0.0,0.0,0.0,0.0
,2526,Freiburg,Ifechukwu Ogbus,SUI,DF,19.0,2005.0,18,14,1177.0,13.1,0,0,0,0,0,0,1,0,0.0,0.0,0.0,0.0,0.0
,2526,Freiburg,Igor Matanović,CRO,FW,22.0,2003.0,31,14,1571.0,17.5,11,2,13,10,1,2,0,0,0.63,0.11,0.74,0.57,0.69
,2526,Freiburg,Jan-Niklas Beste,GER,MF,26.0,1999.0,28,20,1704.0,18.9,2,2,4,2,0,0,5,0,0.11,0.11,0.21,0.11,0.21
,2526,Freiburg,Johan Manzambi,SUI,MF,19.0,2005.0,27,26,2077.0,23.1,5,4,9,5,0,0,4,2,0.22,0.17,0.39,0.22,0.39
,2526,Freiburg,Jordy Makengo,FRA,DF,23.0,2001.0,20,12,1178.0,13.1,0,1,1,0,0,0,1,0,0.0,0.08,0.08,0.0,0.08
,2526,Freiburg,Junior Adamu,AUT,FW,24.0,2001.0,9,7,446.0,5.0,1,1,2,1,0,0,1,0,0.2,0.2,0.4,0.2,0.4
,2526,Freiburg,Lucas Höler,GER,"FW,MF",31.0,1994.0,33,25,2037.0,22.6,3,1,4,3,0,0,4,0,0.13,0.04,0.18,0.13,0.18
,2526,Freiburg,Lukas Kübler,GER,DF,32.0,1992.0,23,19,1587.0,17.6,2,2,4,2,0,0,3,0,0.11,0.11,0.23,0.11,0.23
,2526,Freiburg,Matthias Ginter,GER,DF,31.0,1994.0,32,32,2833.0,31.5,3,3,6,3,0,0,3,0,0.1,0.1,0.19,0.1,0.19
,2526,Freiburg,Max Rosenfelder,GER,DF,22.0,2003.0,12,5,492.0,5.5,0,0,0,0,0,0,0,0,0.0,0.0,0.0,0.0,0.0
,2526,Freiburg,Maximilian Eggestein,GER,MF,28.0,1996.0,34,34,3060.0,34.0,3,1,4,3,0,0,4,0,0.09,0.03,0.12,0.09,0.12
,2526,Freiburg,Maximilian Philipp,GER,"FW,MF",31.0,1994.0,2,0,29.0,0.3,0,0,0,0,0,0,0,0,0.0,0.0,0.0,0.0,0.0
,2526,Freiburg,Merlin Röhl,GER,MF,23.0,2002.0,2,0,66.0,0.7,0,0,0,0,0,0,0,0,0.0,0.0,0.0,0.0,0.0
,2526,Freiburg,Nicolas Höfler,GER,MF,35.0,1990.0,13,2,291.0,3.2,0,0,0,0,0,0,0,0,0.0,0.0,0.0,0.0,0.0
,2526,Freiburg,Noah Atubolu,GER,GK,23.0,2002.0,34,34,3060.0,34.0,0,0,0,0,0,0,1,0,0.0,0.0,0.0,0.0,0.0
,2526,Freiburg,Patrick Osterhage,GER,MF,25.0,2000.0,20,13,1189.0,13.2,1,0,1,1,0,0,4,0,0.08,0.0,0.08,0.08,0.08
,2526,Freiburg,Philipp Lienhart,AUT,DF,29.0,1996.0,20,14,1302.0,14.5,1,0,1,1,0,0,4,1,0.07,0.0,0.07,0.07,0.07
,2526,Freiburg,Philipp Treu,GER,"DF,MF",24.0,2000.0,28,24,2186.0,24.3,1,2,3,1,0,0,2,0,0.04,0.08,0.12,0.04,0.12
,2526,Freiburg,Rouven Tarnutzer,SUI,FW,18.0,2007.0,1,0,7.0,0.1,0,0,0,0,0,0,0,0,0.0,0.0,0.0,0.0,0.0
,2526,Freiburg,Vincenzo Grifo,ITA,MF,32.0,1993.0,33,21,1710.0,19.0,7,4,11,3,4,4,0,0,0.37,0.21,0.58,0.16,0.37
,2526,Freiburg,Yuito Suzuki,JPN,MF,23.0,2001.0,25,18,1632.0,18.1,4,2,6,4,0,0,3,0,0.22,0.11,0.33,0.22,0.33
,2526,Gladbach,Alejo Sarco,ARG,FW,19.0,2006.0,3,0,53.0,0.6,0,0,0,0,0,0,0,0,0.0,0.0,0.0,0.0,0.0
,2526,Gladbach,Charles Herrmann,GER,FW,19.0,2006.0,1,0,5.0,0.1,0,1,1,0,0,0,0,0,0.0,18.0,18.0,0.0,18.0
,2526,Gladbach,Fabio Chiarodia,ITA,DF,20.0,2005.0,15,8,674.0,7.5,0,0,0,0,0,0,1,0,0.0,0.0,0.0,0.0,0.0
,2526,Gladbach,Florian Neuhaus,GER,"MF,FW",28.0,1997.0,17,11,930.0,10.3,0,1,1,0,0,0,0,0,0.0,0.1,0.1,0.0,0.1
,2526,Gladbach,Franck Honorat,FRA,"MF,FW",28.0,1996.0,28,24,1977.0,22.0,2,6,8,2,0,0,0,0,0.09,0.27,0.36,0.09,0.36
,2526,Gladbach,Gio Reyna,USA,MF,22.0,2002.0,19,4,520.0,5.8,1,0,1,1,0,0,1,0,0.17,0.0,0.17,0.17,0.17
,2526,Gladbach,Grant Ranos,ARM,FW,22.0,2003.0,8,0,119.0,1.3,1,0,1,1,0,0,1,0,0.76,0.0,0.76,0.76,0.76
,2526,Gladbach,Haris Tabaković,BIH,FW,31.0,1994.0,32,28,2382.0,26.5,13,3,16,13,0,2,5,0,0.49,0.11,0.6,0.49,0.6
,2526,Gladbach,Hugo Bolin,SWE,"MF,FW",22.0,2003.0,13,5,550.0,6.1,1,1,2,1,0,0,0,0,0.16,0.16,0.33,0.16,0.33
,2526,Gladbach,Jan Urbich,GER,DF,21.0,2004.0,3,0,39.0,0.4,0,0,0,0,0,0,0,0,0.0,0.0,0.0,0.0,0.0
,2526,Gladbach,Jens Castrop,KOR,MF,22.0,2003.0,26,20,1584.0,17.6,3,1,4,3,0,0,2,2,0.17,0.06,0.23,0.17,0.23
,2526,Gladbach,Joe Scally,USA,"DF,MF",22.0,2002.0,32,29,2608.0,29.0,2,3,5,2,0,0,8,0,0.07,0.1,0.17,0.07,0.17
,2526,Gladbach,Kevin Diks,IDN,DF,28.0,1996.0,30,28,2464.0,27.4,5,0,5,1,4,4,6,0,0.18,0.0,0.18,0.04,0.04
,2526,Gladbach,Kevin Stöger,AUT,MF,31.0,1993.0,29,15,1324.0,14.7,1,1,2,1,0,1,3,0,0.07,0.07,0.14,0.07,0.14
,2526,Gladbach,Kōta Takai,JPN,DF,20.0,2004.0,8,3,342.0,3.8,0,0,0,0,0,0,1,0,0.0,0.0,0.0,0.0,0.0
,2526,Gladbach,Luca Netz,GER,"MF,DF",22.0,2003.0,15,10,940.0,10.4,0,2,2,0,0,0,1,0,0.0,0.19,0.19,0.0,0.19
,2526,Gladbach,Lukas Ullrich,GER,"DF,MF",21.0,2004.0,23,14,1305.0,14.5,0,0,0,0,0,0,2,0,0.0,0.0,0.0,0.0,0.0
,2526,Gladbach,Marvin Friedrich,GER,DF,29.0,1995.0,6,1,152.0,1.7,0,0,0,0,0,0,0,0,0.0,0.0,0.0,0.0,0.0
,2526,Gladbach,Moritz Nicolas,GER,GK,27.0,1997.0,34,34,3060.0,34.0,0,0,0,0,0,0,1,0,0.0,0.0,0.0,0.0,0.0
,2526,Gladbach,Nico Elvedi,SUI,DF,28.0,1996.0,33,33,2966.0,33.0,0,2,2,0,0,0,5,0,0.0,0.06,0.06,0.0,0.06
,2526,Gladbach,Oscar Fraulo,DEN,MF,21.0,2003.0,4,0,43.0,0.5,1,0,1,1,0,0,0,0,2.09,0.0,2.09,2.09,2.09
,2526,Gladbach,Philipp Sander,GER,"DF,MF",27.0,1998.0,30,29,2445.0,27.2,2,0,2,2,0,0,4,0,0.07,0.0,0.07,0.07,0.07
,2526,Gladbach,Robin Hack,GER,MF,26.0,1998.0,8,3,320.0,3.6,1,0,1,1,0,0,1,0,0.28,0.0,0.28,0.28,0.28
,2526,Gladbach,Rocco Reitz,GER,MF,23.0,2002.0,31,31,2627.0,29.2,0,4,4,0,0,0,8,1,0.0,0.14,0.14,0.0,0.14
,2526,Gladbach,Shuto Machino,JPN,"FW,MF",25.0,1999.0,32,9,1076.0,12.0,3,1,4,3,0,0,2,0,0.25,0.08,0.33,0.25,0.33
,2526,Gladbach,Tim Kleindienst,GER,FW,29.0,1995.0,3,0,7.0,0.1,0,0,0,0,0,0,0,0,0.0,0.0,0.0,0.0,0.0
,2526,Gladbach,Wael Mohya,GER,"MF,FW",16.0,2008.0,15,6,552.0,6.1,2,1,3,2,0,0,1,0,0.33,0.16,0.49,0.33,0.49
,2526,Gladbach,Yannik Engelhardt,GER,MF,24.0,2001.0,31,29,2487.0,27.6,2,2,4,2,0,0,7,0,0.07,0.07,0.14,0.07,0.14
,2526,Hamburger SV,Aboubaka Soumahoro,FRA,"MF,DF",20.0,2005.0,4,2,136.0,1.5,0,0,0,0,0,0,1,0,0.0,0.0,0.0,0.0,0.0
,2526,Hamburger SV,Albert Grønbaek,DEN,MF,24.0,2001.0,7,6,492.0,5.5,1,2,3,1,0,0,0,0,0.18,0.37,0.55,0.18,0.55
,2526,Hamburger SV,Albert Sambi Lokonga,BEL,MF,25.0,1999.0,26,20,1710.0,19.0,5,0,5,5,0,0,3,0,0.26,0.0,0.26,0.26,0.26
,2526,Hamburger SV,Alexander Røssing-Lelesiit,NOR,"FW,MF",18.0,2007.0,11,5,321.0,3.6,0,1,1,0,0,0,3,1,0.0,0.28,0.28,0.0,0.28
,2526,Hamburger SV,Bakery Jatta,GAM,MF,27.0,1998.0,15,12,911.0,10.1,1,1,2,1,0,0,1,0,0.1,0.1,0.2,0.1,0.2
,2526,Hamburger SV,Damion Downs,USA,FW,21.0,2004.0,12,6,536.0,6.0,0,0,0,0,0,0,0,0,0.0,0.0,0.0,0.0,0.0
,2526,Hamburger SV,Daniel Elfadli,LBY,DF,28.0,1997.0,21,15,1253.0,13.9,0,0,0,0,0,0,6,1,0.0,0.0,0.0,0.0,0.0
,2526,Hamburger SV,Daniel Heuer Fernandes,POR,GK,32.0,1992.0,33,33,2970.0,33.0,0,0,0,0,0,0,3,0,0.0,0.0,0.0,0.0,0.0
,2526,Hamburger SV,Emir Sahiti,KVX,FW,26.0,1998.0,2,2,120.0,1.3,0,0,0,0,0,0,0,0,0.0,0.0,0.0,0.0,0.0
,2526,Hamburger SV,Fabio Baldé,POR,"FW,MF",20.0,2005.0,16,3,448.0,5.0,1,1,2,1,0,0,1,0,0.2,0.2,0.4,0.2,0.4
,2526,Hamburger SV,Fabio Vieira,POR,"MF,FW",25.0,2000.0,29,25,2206.0,24.5,7,5,12,6,1,1,4,2,0.29,0.2,0.49,0.24,0.45
,2526,Hamburger SV,Giorgi Gocholeishvili,GEO,MF,24.0,2001.0,24,9,940.0,10.4,0,2,2,0,0,0,3,1,0.0,0.19,0.19,0.0,0.19
,2526,Hamburger SV,Guilherme Ramos,POR,DF,27.0,1997.0,8,0,48.0,0.5,0,0,0,0,0,0,0,0,0.0,0.0,0.0,0.0,0.0
,2526,Hamburger SV,Immanuel Pherai,SUR,"FW,MF",24.0,2001.0,6,0,35.0,0.4,0,0,0,0,0,0,2,1,0.0,0.0,0.0,0.0,0.0
,2526,Hamburger SV,Jean-Luc Dompé,FRA,"FW,MF",29.0,1995.0,20,12,1138.0,12.6,3,0,3,2,1,1,0,0,0.24,0.0,0.24,0.16,0.16
,2526,Hamburger SV,Jonas Meffert,GER,MF,30.0,1994.0,4,1,145.0,1.6,0,0,0,0,0,0,0,0,0.0,0.0,0.0,0.0,0.0
,2526,Hamburger SV,Jordan Torunarigha,GER,DF,27.0,1997.0,24,21,1962.0,21.8,0,0,0,0,0,0,3,0,0.0,0.0,0.0,0.0,0.0
,2526,Hamburger SV,Louis Lemke,GER,DF,15.0,2009.0,1,0,1.0,0.0,0,0,0,0,0,0,0,0,0.0,0.0,0.0,0.0,0.0
,2526,Hamburger SV,Luka Vušković,CRO,DF,18.0,2007.0,28,27,2442.0,27.1,6,0,6,5,1,1,6,0,0.22,0.0,0.22,0.18,0.18
,2526,Hamburger SV,Miro Muheim,SUI,"MF,DF",27.0,1998.0,29,27,2435.0,27.1,0,4,4,0,0,0,7,1,0.0,0.15,0.15,0.0,0.15
,2526,Hamburger SV,Nicolai Remberg,GER,MF,25.0,2000.0,32,32,2880.0,32.0,0,2,2,0,0,0,11,0,0.0,0.06,0.06,0.0,0.06
,2526,Hamburger SV,Nicolás Capaldo,ARG,"DF,MF",26.0,1998.0,26,24,2001.0,22.2,1,3,4,1,0,0,10,0,0.04,0.13,0.18,0.04,0.18
,2526,Hamburger SV,Otto Stange,GER,FW,18.0,2007.0,10,2,293.0,3.3,0,0,0,0,0,0,0,0,0.0,0.0,0.0,0.0,0.0
,2526,Hamburger SV,Philip Otele,NGA,"MF,FW",26.0,1999.0,9,7,471.0,5.2,1,1,2,1,0,0,3,1,0.19,0.19,0.38,0.19,0.38
,2526,Hamburger SV,Ransford Königsdörffer,GHA,"FW,MF",23.0,2001.0,33,29,2329.0,25.9,5,1,6,5,0,1,2,0,0.19,0.04,0.23,0.19,0.23
,2526,Hamburger SV,Rayan Philippe,FRA,"FW,MF",24.0,2000.0,28,13,1285.0,14.3,5,0,5,5,0,1,2,0,0.35,0.0,0.35,0.35,0.35
,2526,Hamburger SV,Robert Glatzel,GER,FW,31.0,1994.0,19,7,612.0,6.8,3,2,5,2,1,1,0,0,0.44,0.29,0.74,0.29,0.59
,2526,Hamburger SV,Sander Tangvik,NOR,GK,22.0,2002.0,1,1,90.0,1.0,0,0,0,0,0,0,0,0,0.0,0.0,0.0,0.0,0.0
,2526,Hamburger SV,Shafiq Nandja,GER,DF,18.0,2007.0,2,0,15.0,0.2,0,0,0,0,0,0,0,0,0.0,0.0,0.0,0.0,0.0
,2526,Hamburger SV,Warmed Omari,COM,DF,25.0,2000.0,20,17,1605.0,17.8,0,1,1,0,0,0,0,0,0.0,0.06,0.06,0.0,0.06
,2526,Hamburger SV,William Mikelbrencis,FRA,"MF,DF",21.0,2004.0,26,15,1372.0,15.2,0,4,4,0,0,0,3,0,0.0,0.26,0.26,0.0,0.26
,2526,Hamburger SV,Yussuf Poulsen,DEN,FW,31.0,1994.0,15,1,334.0,3.7,1,0,1,1,0,0,4,0,0.27,0.0,0.27,0.27,0.27
,2526,Heidenheim,Adam Kölle,GER,DF,19.0,2006.0,6,0,93.0,1.0,1,0,1,1,0,0,1,0,0.97,0.0,0.97,0.97,0.97
,2526,Heidenheim,Adrian Beck,GER,MF,28.0,1997.0,24,9,868.0,9.6,1,1,2,1,0,0,1,0,0.1,0.1,0.21,0.1,0.21
,2526,Heidenheim,Arijon Ibrahimović,GER,"MF,FW",19.0,2005.0,32,25,2169.0,24.1,2,4,6,1,1,1,2,0,0.08,0.17,0.25,0.04,0.21
,2526,Heidenheim,Benedikt Gimber,GER,DF,28.0,1997.0,21,18,1436.0,16.0,0,0,0,0,0,0,6,0,0.0,0.0,0.0,0.0,0.0
,2526,Heidenheim,Budu Zivzivadze,GEO,FW,31.0,1994.0,20,14,1142.0,12.7,6,0,6,6,0,0,2,1,0.47,0.0,0.47,0.47,0.47
,2526,Heidenheim,Christian Conteh,GER,"MF,FW",25.0,1999.0,9,4,404.0,4.5,0,0,0,0,0,0,0,0,0.0,0.0,0.0,0.0,0.0
,2526,Heidenheim,Diant Ramaj,GER,GK,23.0,2001.0,31,31,2790.0,31.0,0,1,1,0,0,0,2,0,0.0,0.03,0.03,0.0,0.03
,2526,Heidenheim,Eren Dinkçi,GER,"MF,FW",23.0,2001.0,14,13,1131.0,12.6,3,1,4,3,0,0,3,0,0.24,0.08,0.32,0.24,0.32
,2526,Heidenheim,Frank Feller,GER,GK,21.0,2004.0,3,3,270.0,3.0,0,0,0,0,0,0,0,0,0.0,0.0,0.0,0.0,0.0
,2526,Heidenheim,Hannes Behrens,GER,"DF,MF",20.0,2005.0,16,15,1318.0,14.6,1,2,3,1,0,0,0,0,0.07,0.14,0.2,0.07,0.2
,2526,Heidenheim,Jan Schöppner,GER,MF,26.0,1999.0,31,29,2252.0,25.0,3,3,6,3,0,0,5,0,0.12,0.12,0.24,0.12,0.24
,2526,Heidenheim,Jonas Föhrenbach,GER,"DF,MF",29.0,1996.0,27,25,2325.0,25.8,1,1,2,1,0,0,3,0,0.04,0.04,0.08,0.04,0.08
,2526,Heidenheim,Julian Niehues,GER,MF,24.0,2001.0,24,17,1383.0,15.4,3,0,3,3,0,0,1,0,0.2,0.0,0.2,0.2,0.2
,2526,Heidenheim,Leart Paqarada,KVX,DF,30.0,1994.0,1,1,6.0,0.1,0,0,0,0,0,0,0,0,0.0,0.0,0.0,0.0,0.0
,2526,Heidenheim,Leonidas Stergiou,SUI,DF,23.0,2002.0,5,1,206.0,2.3,0,0,0,0,0,0,0,0,0.0,0.0,0.0,0.0,0.0
,2526,Heidenheim,Luca Kerber,GER,MF,23.0,2002.0,18,8,682.0,7.6,2,0,2,2,0,0,3,0,0.26,0.0,0.26,0.26,0.26
,2526,Heidenheim,Léo Scienza,BRA,MF,26.0,1998.0,2,2,180.0,2.0,1,0,1,1,0,0,0,0,0.5,0.0,0.5,0.5,0.5
,2526,Heidenheim,Marnon Busch,GER,"DF,MF",30.0,1994.0,29,20,1915.0,21.3,1,5,6,1,0,0,4,0,0.05,0.23,0.28,0.05,0.28
,2526,Heidenheim,Marvin Pieringer,GER,"FW,MF",25.0,1999.0,27,20,1650.0,18.3,4,1,5,3,1,1,2,0,0.22,0.05,0.27,0.16,0.22
,2526,Heidenheim,Mathias Honsak,AUT,"MF,FW",28.0,1996.0,27,15,1249.0,13.9,2,1,3,2,0,0,1,0,0.14,0.07,0.22,0.14,0.22
,2526,Heidenheim,Mikkel Kaufmann,DEN,FW,24.0,2001.0,16,6,537.0,6.0,1,1,2,1,0,0,2,0,0.17,0.17,0.34,0.17,0.34
,2526,Heidenheim,Niklas Dorsch,GER,MF,27.0,1998.0,32,27,2258.0,25.1,0,1,1,0,0,0,2,0,0.0,0.04,0.04,0.0,0.04
,2526,Heidenheim,Omar Traoré,GER,"DF,MF",27.0,1998.0,26,16,1501.0,16.7,0,2,2,0,0,0,2,0,0.0,0.12,0.12,0.0,0.12
,2526,Heidenheim,Patrick Mainka,GER,DF,30.0,1994.0,34,34,3060.0,34.0,2,2,4,2,0,0,1,0,0.06,0.06,0.12,0.06,0.12
,2526,Heidenheim,Sirlord Conteh,GER,"MF,FW",29.0,1996.0,15,3,625.0,6.9,2,1,3,2,0,0,1,0,0.29,0.14,0.43,0.29,0.43
,2526,Heidenheim,Stefan Schimmer,GER,FW,31.0,1994.0,27,3,820.0,9.1,5,1,6,5,0,0,1,0,0.55,0.11,0.66,0.55,0.66
,2526,Heidenheim,Thomas Keller,GER,DF,25.0,1999.0,4,3,188.0,2.1,0,0,0,0,0,0,1,0,0.0,0.0,0.0,0.0,0.0
,2526,Heidenheim,Tim Siersleben,GER,DF,25.0,2000.0,15,12,1081.0,12.0,0,0,0,0,0,0,2,0,0.0,0.0,0.0,0.0,0.0
,2526,Heidenheim,Tobias Weigel,GER,FW,18.0,2007.0,1,0,2.0,0.0,0,0,0,0,0,0,0,0,0.0,0.0,0.0,0.0,0.0
,2526,Heidenheim,Yannik Wagner,GER,FW,18.0,2007.0,4,0,49.0,0.5,0,0,0,0,0,0,0,0,0.0,0.0,0.0,0.0,0.0
,2526,Hoffenheim,Adam Hložek,CZE,"FW,MF",23.0,2002.0,5,0,41.0,0.5,0,0,0,0,0,0,0,0,0.0,0.0,0.0,0.0,0.0
,2526,Hoffenheim,Albian Hajdari,KVX,DF,22.0,2003.0,30,28,2434.0,27.0,1,2,3,1,0,0,10,0,0.04,0.07,0.11,0.04,0.11
,2526,Hoffenheim,Alexander Prass,AUT,MF,24.0,2001.0,32,12,1308.0,14.5,3,2,5,3,0,0,4,0,0.21,0.14,0.34,0.21,0.34
,2526,Hoffenheim,Andrej Kramarić,CRO,"MF,FW",34.0,1991.0,34,26,2207.0,24.5,14,6,20,9,5,5,2,0,0.57,0.24,0.82,0.37,0.61
,2526,Hoffenheim,Arthur Chaves,BRA,DF,24.0,2001.0,4,2,240.0,2.7,0,0,0,0,0,0,1,0,0.0,0.0,0.0,0.0,0.0
,2526,Hoffenheim,Bazoumana Touré,CIV,"MF,FW",19.0,2006.0,30,29,2308.0,25.6,5,9,14,5,0,0,2,0,0.19,0.35,0.55,0.19,0.55
,2526,Hoffenheim,Bernardo,BRA,DF,30.0,1995.0,29,26,2312.0,25.7,0,0,0,0,0,0,9,0,0.0,0.0,0.0,0.0,0.0
,2526,Hoffenheim,Cole Campbell,USA,FW,19.0,2006.0,5,0,79.0,0.9,0,0,0,0,0,0,0,0,0.0,0.0,0.0,0.0,0.0
,2526,Hoffenheim,Fisnik Asllani,KVX,"FW,MF",22.0,2002.0,33,31,2335.0,25.9,10,7,17,10,0,0,2,0,0.39,0.27,0.66,0.39,0.66
,2526,Hoffenheim,Grischa Prömel,GER,MF,30.0,1995.0,33,16,1758.0,19.5,7,2,9,7,0,0,5,0,0.36,0.1,0.46,0.36,0.46
,2526,Hoffenheim,Ihlas Bebou,TOG,"FW,MF",31.0,1994.0,16,0,190.0,2.1,0,0,0,0,0,0,1,0,0.0,0.0,0.0,0.0,0.0
,2526,Hoffenheim,Kevin Akpoguma,NGA,DF,30.0,1995.0,8,1,61.0,0.7,0,0,0,0,0,0,0,1,0.0,0.0,0.0,0.0,0.0
,2526,Hoffenheim,Koki Machida,JPN,DF,27.0,1997.0,1,1,44.0,0.5,0,0,0,0,0,0,1,0,0.0,0.0,0.0,0.0,0.0
,2526,Hoffenheim,Leon Avdullahu,KVX,MF,21.0,2004.0,33,32,2834.0,31.5,0,1,1,0,0,0,5,0,0.0,0.03,0.03,0.0,0.03
,2526,Hoffenheim,Luka Đurić,SRB,MF,22.0,2003.0,1,0,10.0,0.1,0,0,0,0,0,0,0,0,0.0,0.0,0.0,0.0,0.0
,2526,Hoffenheim,Max Moerstedt,GER,FW,19.0,2006.0,22,1,420.0,4.7,2,0,2,2,0,0,2,0,0.43,0.0,0.43,0.43,0.43
,2526,Hoffenheim,Muhammed Damar,GER,"MF,FW",21.0,2004.0,15,2,277.0,3.1,0,0,0,0,0,0,0,0,0.0,0.0,0.0,0.0,0.0
,2526,Hoffenheim,Oliver Baumann,GER,GK,35.0,1990.0,34,34,3060.0,34.0,0,0,0,0,0,0,3,0,0.0,0.0,0.0,0.0,0.0
,2526,Hoffenheim,Ozan Kabak,TUR,DF,25.0,2000.0,25,18,1751.0,19.5,4,0,4,4,0,0,5,0,0.21,0.0,0.21,0.21,0.21
,2526,Hoffenheim,Robin Hranáč,CZE,DF,25.0,2000.0,29,26,2251.0,25.0,1,0,1,1,0,0,5,0,0.04,0.0,0.04,0.04,0.04
,2526,Hoffenheim,Tim Lemperle,GER,FW,23.0,2002.0,29,24,1944.0,21.6,8,2,10,7,1,1,3,1,0.37,0.09,0.46,0.32,0.42
,2526,Hoffenheim,Umut Tohumcu,GER,MF,20.0,2004.0,5,1,136.0,1.5,0,0,0,0,0,0,2,0,0.0,0.0,0.0,0.0,0.0
,2526,Hoffenheim,Valentin Gendrey,FRA,DF,25.0,2000.0,8,0,59.0,0.7,1,1,2,1,0,0,0,0,1.53,1.53,3.05,1.53,3.05
,2526,Hoffenheim,Vladimír Coufal,CZE,"DF,MF",32.0,1992.0,34,34,3012.0,33.5,1,8,9,1,0,0,4,0,0.03,0.24,0.27,0.03,0.27
,2526,Hoffenheim,Wouter Burger,NED,MF,24.0,2001.0,30,30,2430.0,27.0,4,5,9,4,0,0,7,1,0.15,0.19,0.33,0.15,0.33
,2526,Hoffenheim,Yannick Eduardo,CZE,FW,19.0,2006.0,1,0,1.0,0.0,0,0,0,0,0,0,0,0,0.0,0.0,0.0,0.0,0.0
,2526,Köln,Alessio Castro-Montes,BEL,"MF,DF",28.0,1997.0,14,7,672.0,7.5,1,3,4,1,0,0,2,0,0.13,0.4,0.54,0.13,0.54
,2526,Köln,Cenk Özkacar,TUR,DF,24.0,2000.0,25,20,1791.0,19.9,0,0,0,0,0,0,2,0,0.0,0.0,0.0,0.0,0.0
,2526,Köln,Cenny Neumann,GER,DF,18.0,2007.0,2,1,74.0,0.8,0,0,0,0,0,0,0,0,0.0,0.0,0.0,0.0,0.0
,2526,Köln,Denis Huseinbasic,BIH,MF,24.0,2001.0,15,9,726.0,8.1,0,0,0,0,0,0,1,0,0.0,0.0,0.0,0.0,0.0
,2526,Köln,Dominique Heintz,GER,DF,31.0,1993.0,9,5,382.0,4.2,0,0,0,0,0,0,0,0,0.0,0.0,0.0,0.0,0.0
,2526,Köln,Eric Martel,GER,"MF,DF",23.0,2002.0,31,30,2559.0,28.4,2,2,4,2,0,0,12,1,0.07,0.07,0.14,0.07,0.14
,2526,Köln,Felipe Chávez,PER,MF,18.0,2007.0,7,0,102.0,1.1,0,0,0,0,0,0,0,0,0.0,0.0,0.0,0.0,0.0
,2526,Köln,Florian Kainz,AUT,MF,32.0,1992.0,15,2,279.0,3.1,1,1,2,1,0,0,1,0,0.32,0.32,0.65,0.32,0.65
,2526,Köln,Fynn Schenten,GER,FW,17.0,2007.0,7,1,100.0,1.1,0,0,0,0,0,0,0,0,0.0,0.0,0.0,0.0,0.0
,2526,Köln,Jahmai Simpson-Pusey,ENG,DF,19.0,2005.0,11,10,863.0,9.6,0,0,0,0,0,0,2,1,0.0,0.0,0.0,0.0,0.0
,2526,Köln,Jakub Kamiński,POL,"MF,FW",23.0,2002.0,34,34,3016.0,33.5,7,3,10,7,0,0,4,0,0.21,0.09,0.3,0.21,0.3
,2526,Köln,Jan Thielmann,GER,"MF,FW",23.0,2002.0,26,20,1540.0,17.1,3,1,4,3,0,0,4,0,0.18,0.06,0.23,0.18,0.23
,2526,Köln,Joël Schmied,SUI,DF,26.0,1998.0,16,13,1078.0,12.0,0,0,0,0,0,0,5,0,0.0,0.0,0.0,0.0,0.0
,2526,Köln,Jusuf Gazibegović,BIH,DF,25.0,2000.0,1,0,23.0,0.3,0,0,0,0,0,0,0,0,0.0,0.0,0.0,0.0,0.0
,2526,Köln,Kristoffer Lund,USA,"DF,MF",23.0,2002.0,33,26,2276.0,25.3,0,2,2,0,0,0,2,0,0.0,0.08,0.08,0.0,0.08
,2526,Köln,Linton Maina,GER,"MF,FW",26.0,1999.0,24,9,1023.0,11.4,2,0,2,2,0,0,0,0,0.18,0.0,0.18,0.18,0.18
,2526,Köln,Luca Waldschmidt,GER,"FW,MF",29.0,1996.0,24,7,677.0,7.5,5,4,9,3,2,2,1,0,0.66,0.53,1.2,0.4,0.93
,2526,Köln,Marius Bülter,GER,"FW,MF",32.0,1993.0,32,18,1597.0,17.7,5,4,9,5,0,0,3,0,0.28,0.23,0.51,0.28,0.51
,2526,Köln,Marvin Schwäbe,GER,GK,30.0,1995.0,34,34,3060.0,34.0,0,0,0,0,0,0,2,0,0.0,0.0,0.0,0.0,0.0
,2526,Köln,Ragnar Ache,GER,FW,27.0,1998.0,29,18,1718.0,19.1,7,4,11,7,0,0,3,0,0.37,0.21,0.58,0.37,0.58
,2526,Köln,Rav van den Berg,NED,DF,21.0,2004.0,14,12,1131.0,12.6,0,1,1,0,0,0,0,1,0.0,0.08,0.08,0.0,0.08
,2526,Köln,Said El Mala,GER,"FW,MF",18.0,2006.0,34,20,1956.0,21.7,13,4,17,12,1,1,4,0,0.6,0.18,0.78,0.55,0.74
,2526,Köln,Sebastian Sebulonsen,NOR,"DF,MF",25.0,2000.0,31,28,2498.0,27.8,0,0,0,0,0,0,5,0,0.0,0.0,0.0,0.0,0.0
,2526,Köln,Timo Hübers,GER,DF,29.0,1996.0,8,8,675.0,7.5,0,0,0,0,0,0,0,0,0.0,0.0,0.0,0.0,0.0
,2526,Köln,Tom Krauß,GER,"MF,DF",24.0,2001.0,26,19,1780.0,19.8,0,2,2,0,0,0,4,0,0.0,0.1,0.1,0.0,0.1
,2526,Köln,Youssoupha Niang,GER,MF,19.0,2006.0,10,2,194.0,2.2,0,0,0,0,0,0,0,0,0.0,0.0,0.0,0.0,0.0
,2526,Köln,Ísak Jóhannesson,ISL,MF,22.0,2003.0,31,21,1809.0,20.1,1,2,3,1,0,0,6,0,0.05,0.1,0.15,0.05,0.15
,2526,Leverkusen,Aleix García,ESP,MF,28.0,1997.0,33,31,2667.0,29.6,3,8,11,3,0,0,6,0,0.1,0.27,0.37,0.1,0.37
,2526,Leverkusen,Alejo Sarco,ARG,FW,19.0,2006.0,3,0,74.0,0.8,0,0,0,0,0,0,0,0,0.0,0.0,0.0,0.0,0.0
,2526,Leverkusen,Arthur,BRA,MF,22.0,2003.0,20,13,1136.0,12.6,1,3,4,1,0,0,3,0,0.08,0.24,0.32,0.08,0.32
,2526,Leverkusen,Axel Tapé,FRA,"MF,DF",17.0,2007.0,6,2,222.0,2.5,0,0,0,0,0,0,1,0,0.0,0.0,0.0,0.0,0.0
,2526,Leverkusen,Christian Kofane,CMR,FW,19.0,2006.0,29,12,1239.0,13.8,5,4,9,5,0,0,3,0,0.36,0.29,0.65,0.36,0.65
,2526,Leverkusen,Claudio Echeverri,ARG,MF,19.0,2006.0,6,1,134.0,1.5,0,0,0,0,0,0,0,0,0.0,0.0,0.0,0.0,0.0
,2526,Leverkusen,Edmond Tapsoba,BFA,DF,26.0,1999.0,29,29,2575.0,28.6,5,3,8,5,0,0,7,0,0.17,0.1,0.28,0.17,0.28
,2526,Leverkusen,Eliesse Ben Seghir,MAR,MF,20.0,2005.0,10,2,252.0,2.8,0,0,0,0,0,0,2,0,0.0,0.0,0.0,0.0,0.0
,2526,Leverkusen,Ernest Poku,NED,MF,21.0,2004.0,29,16,1482.0,16.5,5,5,10,5,0,0,0,0,0.3,0.3,0.61,0.3,0.61
,2526,Leverkusen,Exequiel Palacios,ARG,MF,26.0,1998.0,18,12,1099.0,12.2,0,1,1,0,0,0,3,0,0.0,0.08,0.08,0.0,0.08
,2526,Leverkusen,Ezequiél Fernández,ARG,MF,23.0,2002.0,20,12,984.0,10.9,0,1,1,0,0,0,4,1,0.0,0.09,0.09,0.0,0.09
,2526,Leverkusen,Ibrahim Maza,ALG,MF,19.0,2005.0,28,20,1849.0,20.5,3,4,7,3,0,0,2,0,0.15,0.19,0.34,0.15,0.34
,2526,Leverkusen,Janis Blaswich,GER,GK,34.0,1991.0,11,10,931.0,10.3,0,0,0,0,0,0,1,0,0.0,0.0,0.0,0.0,0.0
,2526,Leverkusen,Jarell Quansah,ENG,DF,22.0,2003.0,28,25,2299.0,25.5,4,0,4,4,0,0,9,0,0.16,0.0,0.16,0.16,0.16
,2526,Leverkusen,Jeanuël Belocian,FRA,DF,20.0,2005.0,8,3,292.0,3.2,0,0,0,0,0,0,0,0,0.0,0.0,0.0,0.0,0.0
,2526,Leverkusen,Jonas Hofmann,GER,MF,33.0,1992.0,23,11,1013.0,11.3,2,2,4,2,0,0,3,0,0.18,0.18,0.36,0.18,0.36
,2526,Leverkusen,Loïc Bade,FRA,DF,25.0,2000.0,23,19,1653.0,18.4,0,0,0,0,0,0,4,0,0.0,0.0,0.0,0.0,0.0
,2526,Leverkusen,Lucas Vázquez,ESP,MF,34.0,1991.0,12,6,481.0,5.3,1,2,3,1,0,0,2,0,0.19,0.37,0.56,0.19,0.56
,2526,Leverkusen,Malik Tillman,USA,MF,23.0,2002.0,29,18,1674.0,18.6,6,1,7,6,0,0,2,0,0.32,0.05,0.38,0.32,0.38
,2526,Leverkusen,Mark Flekken,NED,GK,32.0,1993.0,24,24,2129.0,23.7,0,0,0,0,0,0,2,0,0.0,0.0,0.0,0.0,0.0
,2526,Leverkusen,Martin Terrier,FRA,"MF,FW",28.0,1997.0,18,7,675.0,7.5,4,1,5,4,0,0,1,0,0.53,0.13,0.67,0.53,0.67
,2526,Leverkusen,Montrell Culbreath,GER,"MF,DF",17.0,2007.0,12,9,736.0,8.2,1,0,1,1,0,0,0,0,0.12,0.0,0.12,0.12,0.12
,2526,Leverkusen,Nathan Tella,NGA,MF,26.0,1999.0,17,10,868.0,9.6,1,4,5,1,0,0,2,0,0.1,0.41,0.52,0.1,0.52
,2526,Leverkusen,Patrik Schick,CZE,FW,29.0,1996.0,28,23,1988.0,22.1,16,3,19,12,4,5,2,0,0.72,0.14,0.86,0.54,0.68
,2526,Leverkusen,Piero Hincapié,ECU,DF,23.0,2002.0,1,1,90.0,1.0,0,0,0,0,0,0,0,0,0.0,0.0,0.0,0.0,0.0
,2526,Leverkusen,Robert Andrich,GER,"DF,MF",30.0,1994.0,32,29,2546.0,28.3,2,0,2,2,0,0,6,1,0.07,0.0,0.07,0.07,0.07
,2526,Leverkusen,Tim Oermann,GER,DF,21.0,2003.0,2,0,18.0,0.2,0,0,0,0,0,0,0,0,0.0,0.0,0.0,0.0,0.0
,2526,Leverkusen,Álex Grimaldo,ESP,MF,29.0,1995.0,29,29,2521.0,28.0,8,7,15,5,3,3,5,0,0.29,0.25,0.54,0.18,0.43
,2526,Mainz 05,Andreas Hanche-Olsen,NOR,DF,28.0,1997.0,13,8,851.0,9.5,0,1,1,0,0,0,3,0,0.0,0.11,0.11,0.0,0.11
,2526,Mainz 05,Anthony Caci,FRA,MF,28.0,1997.0,10,6,519.0,5.8,0,0,0,0,0,0,3,0,0.0,0.0,0.0,0.0,0.0
,2526,Mainz 05,Armindo Sieb,GER,FW,22.0,2003.0,22,3,548.0,6.1,2,0,2,2,0,0,1,0,0.33,0.0,0.33,0.33,0.33
,2526,Mainz 05,Arnaud Nordin,FRA,"MF,FW",27.0,1998.0,13,5,469.0,5.2,0,0,0,0,0,0,0,0,0.0,0.0,0.0,0.0,0.0
,2526,Mainz 05,Ben Bobzien,GER,"FW,MF",22.0,2003.0,1,0,9.0,0.1,0,0,0,0,0,0,0,0,0.0,0.0,0.0,0.0,0.0
,2526,Mainz 05,Benedict Hollerbach,GER,"FW,MF",24.0,2001.0,14,13,872.0,9.7,1,3,4,1,0,0,0,0,0.1,0.31,0.41,0.1,0.41
,2526,Mainz 05,Daniel Batz,GER,GK,34.0,1991.0,21,21,1890.0,21.0,0,0,0,0,0,0,2,0,0.0,0.0,0.0,0.0,0.0
,2526,Mainz 05,Danny da Costa,GER,"DF,MF",32.0,1993.0,34,30,2695.0,29.9,2,3,5,2,0,0,3,0,0.07,0.1,0.17,0.07,0.17
,2526,Mainz 05,Dominik Kohr,GER,DF,31.0,1994.0,29,28,2338.0,26.0,2,0,2,2,0,0,11,2,0.08,0.0,0.08,0.08,0.08
,2526,Mainz 05,Fabio Moreno Fell,GER,FW,25.0,2000.0,2,1,77.0,0.9,0,0,0,0,0,0,0,0,0.0,0.0,0.0,0.0,0.0
,2526,Mainz 05,Kacper Potulski,POL,DF,17.0,2007.0,15,9,1065.0,11.8,1,0,1,1,0,0,3,0,0.08,0.0,0.08,0.08,0.08
,2526,Mainz 05,Kaishū Sano,JPN,MF,24.0,2000.0,34,34,3059.0,34.0,1,2,3,1,0,0,1,0,0.03,0.06,0.09,0.03,0.09
,2526,Mainz 05,Lasse Rieß,GER,GK,24.0,2001.0,4,3,292.0,3.2,0,0,0,0,0,0,0,0,0.0,0.0,0.0,0.0,0.0
,2526,Mainz 05,Lee Jae-sung,KOR,"MF,FW",32.0,1992.0,28,26,2185.0,24.3,4,2,6,4,0,0,4,0,0.16,0.08,0.25,0.16,0.25
,2526,Mainz 05,Lennard Maloney,USA,"DF,MF",25.0,1999.0,21,4,485.0,5.4,0,0,0,0,0,0,1,0,0.0,0.0,0.0,0.0,0.0
,2526,Mainz 05,Maxim Leitsch,GER,DF,27.0,1998.0,3,2,162.0,1.8,0,0,0,0,0,0,0,0,0.0,0.0,0.0,0.0,0.0
,2526,Mainz 05,Nadiem Amiri,GER,MF,28.0,1996.0,26,24,2083.0,23.1,12,2,14,4,8,8,6,0,0.52,0.09,0.6,0.17,0.26
,2526,Mainz 05,Nelson Weiper,GER,FW,20.0,2005.0,24,3,558.0,6.2,0,0,0,0,0,0,1,0,0.0,0.0,0.0,0.0,0.0
,2526,Mainz 05,Nikolas Veratschnig,AUT,"MF,DF",22.0,2003.0,21,6,660.0,7.3,0,1,1,0,0,0,3,0,0.0,0.14,0.14,0.0,0.14
,2526,Mainz 05,Paul Nebel,GER,MF,22.0,2002.0,30,24,2073.0,23.0,5,2,7,5,0,0,2,2,0.22,0.09,0.3,0.22,0.3
,2526,Mainz 05,Phillip Tietz,GER,FW,28.0,1997.0,19,19,1610.0,17.9,5,2,7,5,0,1,2,0,0.28,0.11,0.39,0.28,0.39
,2526,Mainz 05,Phillipp Mwene,AUT,MF,31.0,1994.0,29,24,2069.0,23.0,1,2,3,1,0,0,4,0,0.04,0.09,0.13,0.04,0.13
,2526,Mainz 05,Robin Zentner,GER,GK,30.0,1994.0,10,10,876.0,9.7,0,0,0,0,0,0,2,1,0.0,0.0,0.0,0.0,0.0
,2526,Mainz 05,Sheraldo Becker,SUR,FW,30.0,1995.0,14,11,946.0,10.5,3,3,6,3,0,0,2,0,0.29,0.29,0.57,0.29,0.57
,2526,Mainz 05,Silas Katompa,COD,FW,26.0,1998.0,8,4,334.0,3.7,1,0,1,1,0,0,1,0,0.27,0.0,0.27,0.27,0.27
,2526,Mainz 05,Silvan Widmer,SUI,MF,32.0,1993.0,27,22,1810.0,20.1,2,1,3,2,0,0,5,0,0.1,0.05,0.15,0.1,0.15
,2526,Mainz 05,Sota Kawasaki,JPN,"MF,DF",24.0,2001.0,10,3,309.0,3.4,0,0,0,0,0,0,1,0,0.0,0.0,0.0,0.0,0.0
,2526,Mainz 05,Stefan Bell,GER,DF,33.0,1991.0,18,13,1039.0,11.5,2,1,3,2,0,0,4,0,0.17,0.09,0.26,0.17,0.26
,2526,Mainz 05,Stefan Posch,AUT,DF,28.0,1997.0,16,16,1395.0,15.5,0,0,0,0,0,0,4,0,0.0,0.0,0.0,0.0,0.0
,2526,Mainz 05,William Bøving,DEN,MF,22.0,2003.0,9,2,223.0,2.5,0,1,1,0,0,0,1,0,0.0,0.4,0.4,0.0,0.4
,2526,RB Leipzig,Andrija Maksimović,SRB,FW,18.0,2007.0,8,0,93.0,1.0,0,0,0,0,0,0,0,0,0.0,0.0,0.0,0.0,0.0
,2526,RB Leipzig,Antonio Nusa,NOR,"FW,MF",20.0,2005.0,31,24,2027.0,22.5,4,3,7,4,0,0,0,0,0.18,0.13,0.31,0.18,0.31
,2526,RB Leipzig,Assan Ouédraogo,GER,MF,19.0,2006.0,19,13,948.0,10.5,4,3,7,4,0,0,0,0,0.38,0.28,0.66,0.38,0.66
,2526,RB Leipzig,Benjamin Henrichs,GER,DF,28.0,1997.0,17,3,305.0,3.4,1,0,1,1,0,0,0,0,0.3,0.0,0.3,0.3,0.3
,2526,RB Leipzig,Brajan Gruda,GER,"MF,FW",21.0,2004.0,13,8,753.0,8.4,3,3,6,3,0,0,1,0,0.36,0.36,0.72,0.36,0.72
,2526,RB Leipzig,Castello Lukeba,FRA,DF,22.0,2002.0,26,24,2176.0,24.2,1,0,1,1,0,0,3,0,0.04,0.0,0.04,0.04,0.04
,2526,RB Leipzig,Christoph Baumgartner,AUT,MF,25.0,1999.0,33,32,2780.0,30.9,13,8,21,13,0,1,10,0,0.42,0.26,0.68,0.42,0.68
,2526,RB Leipzig,Conrad Harder,DEN,FW,20.0,2005.0,29,8,932.0,10.4,3,3,6,3,0,0,3,0,0.29,0.29,0.58,0.29,0.58
,2526,RB Leipzig,David Raum,GER,DF,27.0,1998.0,30,29,2553.0,28.4,3,7,10,2,1,1,6,0,0.11,0.25,0.35,0.07,0.32
,2526,RB Leipzig,El Chadaille Bitshiabu,FRA,DF,20.0,2005.0,11,8,655.0,7.3,0,0,0,0,0,0,0,0,0.0,0.0,0.0,0.0,0.0
,2526,RB Leipzig,Ezechiel Banzuzi,NED,MF,20.0,2005.0,24,2,597.0,6.6,0,1,1,0,0,0,3,0,0.0,0.15,0.15,0.0,0.15
,2526,RB Leipzig,Johan Bakayoko,BEL,"FW,MF",22.0,2003.0,20,8,777.0,8.6,2,0,2,2,0,0,1,0,0.23,0.0,0.23,0.23,0.23
,2526,RB Leipzig,Kevin Kampl,SVN,MF,34.0,1990.0,3,0,3.0,0.0,0,0,0,0,0,0,0,0,0.0,0.0,0.0,0.0,0.0
,2526,RB Leipzig,Kosta Nedeljković,SRB,DF,19.0,2005.0,5,3,251.0,2.8,0,0,0,0,0,0,0,0,0.0,0.0,0.0,0.0,0.0
,2526,RB Leipzig,Loïs Openda,BEL,FW,25.0,2000.0,2,1,51.0,0.6,0,0,0,0,0,0,0,0,0.0,0.0,0.0,0.0,0.0
,2526,RB Leipzig,Lukas Klostermann,GER,DF,29.0,1996.0,5,1,95.0,1.1,0,1,1,0,0,0,0,0,0.0,0.95,0.95,0.0,0.95
,2526,RB Leipzig,Maarten Vandevoordt,BEL,GK,23.0,2002.0,12,11,1052.0,11.7,0,0,0,0,0,0,0,0,0.0,0.0,0.0,0.0,0.0
,2526,RB Leipzig,Max Finkgräfe,GER,DF,21.0,2004.0,13,5,504.0,5.6,1,1,2,1,0,0,2,0,0.18,0.18,0.36,0.18,0.36
,2526,RB Leipzig,Nicolas Seiwald,AUT,MF,24.0,2001.0,33,31,2694.0,29.9,0,2,2,0,0,0,2,0,0.0,0.07,0.07,0.0,0.07
,2526,RB Leipzig,Péter Gulácsi,HUN,GK,35.0,1990.0,23,23,2008.0,22.3,0,0,0,0,0,0,1,0,0.0,0.0,0.0,0.0,0.0
,2526,RB Leipzig,Ridle Baku,GER,DF,27.0,1998.0,32,28,2504.0,27.8,2,3,5,2,0,0,4,0,0.07,0.11,0.18,0.07,0.18
,2526,RB Leipzig,Rômulo,BRA,FW,23.0,2002.0,30,27,2188.0,24.3,9,4,13,9,0,1,3,0,0.37,0.16,0.53,0.37,0.53
,2526,RB Leipzig,Samba Konaté,FRA,FW,16.0,2009.0,1,0,4.0,0.0,0,0,0,0,0,0,0,0,0.0,0.0,0.0,0.0,0.0
,2526,RB Leipzig,Tidiam Gomis,FRA,FW,18.0,2006.0,18,2,348.0,3.9,1,0,1,1,0,0,1,0,0.26,0.0,0.26,0.26,0.26
,2526,RB Leipzig,Timo Werner,GER,"FW,MF",29.0,1996.0,3,0,14.0,0.2,0,0,0,0,0,0,0,0,0.0,0.0,0.0,0.0,0.0
,2526,RB Leipzig,Willi Orban,HUN,DF,32.0,1992.0,33,33,2949.0,32.8,2,0,2,2,0,0,4,0,0.06,0.0,0.06,0.06,0.06
,2526,RB Leipzig,Xaver Schlager,AUT,MF,27.0,1997.0,26,21,1837.0,20.4,3,1,4,3,0,0,6,0,0.15,0.05,0.2,0.15,0.2
,2526,RB Leipzig,Xavi Simons,NED,MF,22.0,2003.0,1,1,90.0,1.0,0,0,0,0,0,0,0,0,0.0,0.0,0.0,0.0,0.0
,2526,RB Leipzig,Yan Diomandé,CIV,"FW,MF",18.0,2006.0,33,28,2472.0,27.5,12,8,20,12,0,0,2,0,0.44,0.29,0.73,0.44,0.73
,2526,St Pauli,Abdoulie Ceesay,GAM,FW,21.0,2004.0,20,0,336.0,3.7,3,0,3,3,0,0,4,0,0.8,0.0,0.8,0.8,0.8
,2526,St Pauli,Adam Dźwigała,POL,DF,29.0,1995.0,19,14,1288.0,14.3,1,1,2,1,0,0,5,0,0.07,0.07,0.14,0.07,0.14
,2526,St Pauli,Andreas Hountondji,BEN,FW,23.0,2002.0,21,15,1067.0,11.9,4,0,4,4,0,1,2,0,0.34,0.0,0.34,0.34,0.34
,2526,St Pauli,Arkadiusz Pyrka,POL,MF,22.0,2002.0,31,30,2576.0,28.6,0,1,1,0,0,0,3,0,0.0,0.03,0.03,0.0,0.03
,2526,St Pauli,Connor Metcalfe,AUS,"MF,FW",25.0,1999.0,25,3,592.0,6.6,0,2,2,0,0,0,2,0,0.0,0.3,0.3,0.0,0.3
,2526,St Pauli,Danel Sinani,LUX,"MF,FW",28.0,1997.0,30,23,2069.0,23.0,5,3,8,2,3,3,4,0,0.22,0.13,0.35,0.09,0.22
,2526,St Pauli,Dapo Afolayan,ENG,MF,27.0,1997.0,7,1,150.0,1.7,0,0,0,0,0,0,1,0,0.0,0.0,0.0,0.0,0.0
,2526,St Pauli,Eric Smith,SWE,"DF,MF",28.0,1997.0,27,26,2311.0,25.7,2,2,4,2,0,0,4,1,0.08,0.08,0.16,0.08,0.16
,2526,St Pauli,Finley Stevens,WAL,DF,22.0,2003.0,1,0,27.0,0.3,0,0,0,0,0,0,0,0,0.0,0.0,0.0,0.0,0.0
,2526,St Pauli,Hauke Wahl,GER,DF,31.0,1994.0,30,29,2592.0,28.8,2,1,3,2,0,0,1,0,0.07,0.03,0.1,0.07,0.1
,2526,St Pauli,Jackson Irvine,AUS,MF,32.0,1993.0,24,18,1624.0,18.0,0,1,1,0,0,0,2,1,0.0,0.06,0.06,0.0,0.06
,2526,St Pauli,James Sands,USA,MF,25.0,2000.0,24,23,1934.0,21.5,1,0,1,1,0,0,4,0,0.05,0.0,0.05,0.05,0.05
,2526,St Pauli,Joel Fujita,JPN,MF,23.0,2002.0,32,31,2665.0,29.6,1,3,4,1,0,0,6,0,0.03,0.1,0.14,0.03,0.14
,2526,St Pauli,Karol Mets,EST,DF,32.0,1993.0,23,22,1932.0,21.5,1,0,1,1,0,0,3,0,0.05,0.0,0.05,0.05,0.05
,2526,St Pauli,Lars Ritzka,GER,"MF,DF",27.0,1998.0,21,12,966.0,10.7,0,0,0,0,0,0,1,0,0.0,0.0,0.0,0.0,0.0
,2526,St Pauli,Louis Oppie,GER,MF,23.0,2002.0,23,17,1620.0,18.0,1,0,1,1,0,0,0,0,0.06,0.0,0.06,0.06,0.06
,2526,St Pauli,Manolis Saliakas,GRE,MF,28.0,1996.0,17,12,1106.0,12.3,1,3,4,1,0,0,3,0,0.08,0.24,0.33,0.08,0.33
,2526,St Pauli,Martijn Kaars,NED,FW,26.0,1999.0,29,14,1348.0,15.0,3,1,4,2,1,1,2,0,0.2,0.07,0.27,0.13,0.2
,2526,St Pauli,Mathias Pereira Lage,POR,"MF,FW",28.0,1996.0,28,25,2018.0,22.4,2,2,4,2,0,0,3,0,0.09,0.09,0.18,0.09,0.18
,2526,St Pauli,Mathias Rasmussen,NOR,MF,27.0,1997.0,13,8,694.0,7.7,0,0,0,0,0,0,0,0,0.0,0.0,0.0,0.0,0.0
,2526,St Pauli,Nikola Vasilj,BIH,GK,29.0,1995.0,34,34,3060.0,34.0,0,0,0,0,0,0,0,0,0.0,0.0,0.0,0.0,0.0
,2526,St Pauli,Ricky-Jade Jones,ENG,FW,24.0,2001.0,9,3,351.0,3.9,2,0,2,2,0,0,1,0,0.51,0.0,0.51,0.51,0.51
,2526,St Pauli,Taichi Hara,JPN,FW,26.0,1999.0,4,0,27.0,0.3,0,0,0,0,0,0,0,0,0.0,0.0,0.0,0.0,0.0
,2526,St Pauli,Tomoya Ando,JPN,DF,26.0,1999.0,15,14,1260.0,14.0,0,1,1,0,0,0,3,0,0.0,0.07,0.07,0.0,0.07
,2526,Stuttgart,Alexander Nübel,GER,GK,28.0,1996.0,34,34,3060.0,34.0,0,1,1,0,0,0,0,0,0.0,0.03,0.03,0.0,0.03
,2526,Stuttgart,Ameen Al-Dakhil,BEL,DF,23.0,2002.0,8,3,380.0,4.2,0,0,0,0,0,0,1,0,0.0,0.0,0.0,0.0,0.0
,2526,Stuttgart,Angelo Stiller,GER,MF,24.0,2001.0,34,30,2743.0,30.5,2,5,7,2,0,1,1,0,0.07,0.16,0.23,0.07,0.23
,2526,Stuttgart,Atakan Karazor,TUR,MF,28.0,1996.0,28,22,1884.0,20.9,0,1,1,0,0,0,5,1,0.0,0.05,0.05,0.0,0.05
,2526,Stuttgart,Badredine Bouanani,ALG,MF,20.0,2004.0,14,5,463.0,5.1,0,0,0,0,0,0,1,0,0.0,0.0,0.0,0.0,0.0
,2526,Stuttgart,Bilal El Khannouss,MAR,"MF,FW",21.0,2004.0,25,19,1630.0,18.1,4,5,9,4,0,0,6,0,0.22,0.28,0.5,0.22,0.5
,2526,Stuttgart,Chema,ESP,MF,20.0,2005.0,25,14,1310.0,14.6,3,0,3,3,0,0,5,0,0.21,0.0,0.21,0.21,0.21
,2526,Stuttgart,Chris Führich,GER,MF,27.0,1998.0,33,20,1698.0,18.9,7,7,14,7,0,0,2,0,0.37,0.37,0.74,0.37,0.74
,2526,Stuttgart,Dan-Axel Zagadou,FRA,DF,26.0,1999.0,3,3,209.0,2.3,0,0,0,0,0,0,0,0,0.0,0.0,0.0,0.0,0.0
,2526,Stuttgart,Deniz Undav,GER,"FW,MF",29.0,1996.0,29,25,2241.0,24.9,19,7,26,19,0,1,5,0,0.76,0.28,1.04,0.76,1.04
,2526,Stuttgart,Ermedin Demirović,BIH,FW,27.0,1998.0,25,17,1497.0,16.6,12,3,15,11,1,1,5,0,0.72,0.18,0.9,0.66,0.84
,2526,Stuttgart,Finn Jeltsch,GER,DF,19.0,2006.0,23,17,1511.0,16.8,0,1,1,0,0,0,3,0,0.0,0.06,0.06,0.0,0.06
,2526,Stuttgart,Jamie Leweling,GER,MF,24.0,2001.0,32,26,2367.0,26.3,7,9,16,7,0,0,4,0,0.27,0.34,0.61,0.27,0.61
,2526,Stuttgart,Jeremy Arévalo,ECU,FW,20.0,2005.0,7,0,38.0,0.4,0,0,0,0,0,0,0,0,0.0,0.0,0.0,0.0,0.0
,2526,Stuttgart,Josha Vagnoman,GER,"DF,MF",24.0,2000.0,27,18,1587.0,17.6,1,3,4,1,0,0,3,0,0.06,0.17,0.23,0.06,0.23
,2526,Stuttgart,Julian Chabot,GER,DF,27.0,1998.0,27,26,2294.0,25.5,0,0,0,0,0,0,3,0,0.0,0.0,0.0,0.0,0.0
,2526,Stuttgart,Lazar Jovanović,SRB,FW,18.0,2006.0,3,0,40.0,0.4,0,0,0,0,0,0,0,0,0.0,0.0,0.0,0.0,0.0
,2526,Stuttgart,Leonidas Stergiou,SUI,DF,23.0,2002.0,1,0,1.0,0.0,0,0,0,0,0,0,0,0,0.0,0.0,0.0,0.0,0.0
,2526,Stuttgart,Lorenz Assignon,TOG,"DF,MF",25.0,2000.0,24,12,1094.0,12.2,0,0,0,0,0,0,3,1,0.0,0.0,0.0,0.0,0.0
,2526,Stuttgart,Luca Jaquez,SUI,DF,22.0,2003.0,14,10,898.0,10.0,0,1,1,0,0,0,1,0,0.0,0.1,0.1,0.0,0.1
,2526,Stuttgart,Maximilian Mittelstädt,GER,"DF,MF",28.0,1997.0,32,24,2186.0,24.3,6,4,10,2,4,4,4,0,0.25,0.16,0.41,0.08,0.25
,2526,Stuttgart,Nick Woltemade,GER,MF,23.0,2002.0,1,1,90.0,1.0,0,0,0,0,0,0,0,0,0.0,0.0,0.0,0.0,0.0
,2526,Stuttgart,Nikolas Nartey,DEN,MF,25.0,2000.0,28,14,1256.0,14.0,4,3,7,4,0,0,2,0,0.29,0.21,0.5,0.29,0.5
,2526,Stuttgart,Pascal Stenzel,GER,MF,29.0,1996.0,2,2,106.0,1.2,0,0,0,0,0,0,2,0,0.0,0.0,0.0,0.0,0.0
,2526,Stuttgart,Ramon Hendriks,NED,DF,24.0,2001.0,31,22,2025.0,22.5,0,3,3,0,0,0,3,0,0.0,0.13,0.13,0.0,0.13
,2526,Stuttgart,Tiago Tomás,POR,"MF,FW",23.0,2002.0,27,10,1020.0,11.3,5,3,8,5,0,0,4,0,0.44,0.26,0.71,0.44,0.71
,2526,Union Berlin,Alex Král,CZE,MF,27.0,1998.0,20,2,459.0,5.1,0,0,0,0,0,0,1,0,0.0,0.0,0.0,0.0,0.0
,2526,Union Berlin,Aljoscha Kemlein,GER,MF,20.0,2004.0,30,23,1959.0,21.8,0,2,2,0,0,0,4,0,0.0,0.09,0.09,0.0,0.09
,2526,Union Berlin,Andrej Ilic,SRB,FW,25.0,2000.0,32,24,2257.0,25.1,5,10,15,5,0,1,5,0,0.2,0.4,0.6,0.2,0.6
,2526,Union Berlin,András Schäfer,HUN,MF,26.0,1999.0,28,16,1421.0,15.8,2,1,3,2,0,0,2,1,0.13,0.06,0.19,0.13,0.19
,2526,Union Berlin,Carl Klaus,GER,GK,31.0,1994.0,4,3,330.0,3.7,0,0,0,0,0,0,0,0,0.0,0.0,0.0,0.0,0.0
,2526,Union Berlin,Christopher Trimmel,AUT,"MF,DF",38.0,1987.0,29,22,1861.0,20.7,0,3,3,0,0,0,8,0,0.0,0.15,0.15,0.0,0.15
,2526,Union Berlin,Danilho Doekhi,NED,DF,27.0,1998.0,34,34,3060.0,34.0,5,0,5,5,0,0,4,0,0.15,0.0,0.15,0.15,0.15
,2526,Union Berlin,Derrick Köhn,GHA,"MF,DF",26.0,1999.0,29,21,1899.0,21.1,1,2,3,0,1,1,5,1,0.05,0.09,0.14,0.0,0.09
,2526,Union Berlin,Diogo Leite,POR,DF,26.0,1999.0,23,23,1963.0,21.8,0,0,0,0,0,0,4,0,0.0,0.0,0.0,0.0,0.0
,2526,Union Berlin,Dmytro Bohdanov,UKR,MF,18.0,2007.0,2,0,6.0,0.1,0,0,0,0,0,0,0,0,0.0,0.0,0.0,0.0,0.0
,2526,Union Berlin,Frederik Rønnow,DEN,GK,32.0,1992.0,30,30,2640.0,29.3,0,0,0,0,0,0,2,0,0.0,0.0,0.0,0.0,0.0
,2526,Union Berlin,Ilyas Ansah,GER,"MF,FW",20.0,2004.0,33,23,1892.0,21.0,5,1,6,5,0,0,1,0,0.24,0.05,0.29,0.24,0.29
,2526,Union Berlin,Janik Haberer,GER,MF,31.0,1994.0,28,20,1646.0,18.3,0,1,1,0,0,0,8,0,0.0,0.05,0.05,0.0,0.05
,2526,Union Berlin,Jeong Woo-yeong,KOR,"MF,FW",25.0,1999.0,28,13,1197.0,13.3,4,1,5,4,0,0,0,0,0.3,0.08,0.38,0.3,0.38
,2526,Union Berlin,Josip Juranović,CRO,MF,29.0,1995.0,11,3,330.0,3.7,1,1,2,1,0,0,1,0,0.27,0.27,0.55,0.27,0.55
,2526,Union Berlin,Leopold Querfeld,AUT,DF,21.0,2003.0,31,30,2705.0,30.1,3,0,3,1,2,3,7,0,0.1,0.0,0.1,0.03,0.03
,2526,Union Berlin,Linus Güther,GER,MF,15.0,2010.0,1,0,7.0,0.1,0,0,0,0,0,0,1,0,0.0,0.0,0.0,0.0,0.0
,2526,Union Berlin,Livan Burcu,TUR,"MF,FW",20.0,2004.0,18,6,651.0,7.2,1,1,2,1,0,0,4,0,0.14,0.14,0.28,0.14,0.28
,2526,Union Berlin,Marin Ljubicic,CRO,FW,23.0,2002.0,2,0,22.0,0.2,2,0,2,2,0,0,0,0,8.18,0.0,8.18,8.18,8.18
,2526,Union Berlin,Matheo Raab,GER,GK,26.0,1998.0,1,1,90.0,1.0,0,0,0,0,0,0,0,0,0.0,0.0,0.0,0.0,0.0
,2526,Union Berlin,Oliver Burke,SCO,"FW,MF",28.0,1997.0,29,21,1664.0,18.5,6,2,8,6,0,0,4,0,0.32,0.11,0.43,0.32,0.43
,2526,Union Berlin,Rani Khedira,TUN,MF,31.0,1994.0,32,32,2830.0,31.4,5,1,6,5,0,0,7,0,0.16,0.03,0.19,0.16,0.19
,2526,Union Berlin,Robert Skov,DEN,"DF,MF",29.0,1996.0,3,3,220.0,2.4,0,0,0,0,0,0,0,0,0.0,0.0,0.0,0.0,0.0
,2526,Union Berlin,Stanley N'Soki,FRA,"DF,MF",26.0,1999.0,13,10,816.0,9.1,1,2,3,1,0,0,2,0,0.11,0.22,0.33,0.11,0.33
,2526,Union Berlin,Tim Skarke,GER,"MF,FW",28.0,1996.0,22,4,623.0,6.9,1,1,2,1,0,0,0,0,0.14,0.14,0.29,0.14,0.29
,2526,Union Berlin,Tom Rothe,GER,"MF,DF",20.0,2004.0,21,10,1029.0,11.4,2,0,2,2,0,0,1,1,0.17,0.0,0.17,0.17,0.17
,2526,Werder Bremen,Abdoul Coulibaly,GER,DF,18.0,2007.0,27,24,2120.0,23.6,1,0,1,1,0,0,5,1,0.04,0.0,0.04,0.04,0.04
,2526,Werder Bremen,Amos Pieper,GER,DF,27.0,1998.0,19,19,1502.0,16.7,0,0,0,0,0,0,4,0,0.0,0.0,0.0,0.0,0.0
,2526,Werder Bremen,Cameron Puertas,SUI,MF,26.0,1998.0,28,22,1846.0,20.5,1,2,3,1,0,0,6,0,0.05,0.1,0.15,0.05,0.15
,2526,Werder Bremen,Felix Agu,NGA,"DF,MF",25.0,1999.0,11,9,744.0,8.3,0,0,0,0,0,0,1,0,0.0,0.0,0.0,0.0,0.0
,2526,Werder Bremen,Isaac Schmidt,SUI,"MF,DF",25.0,1999.0,19,6,682.0,7.6,1,0,1,1,0,0,2,0,0.13,0.0,0.13,0.13,0.13
,2526,Werder Bremen,Isak Hansen-Aarøen,NOR,MF,20.0,2004.0,1,0,2.0,0.0,0,0,0,0,0,0,0,0,0.0,0.0,0.0,0.0,0.0
,2526,Werder Bremen,Jens Stage,DEN,MF,28.0,1996.0,29,29,2460.0,27.3,10,2,12,10,0,0,5,0,0.37,0.07,0.44,0.37,0.44
,2526,Werder Bremen,Jovan Milošević,SRB,FW,20.0,2005.0,13,5,488.0,5.4,3,1,4,3,0,0,2,0,0.55,0.18,0.74,0.55,0.74
,2526,Werder Bremen,Julián Malatini,ARG,DF,24.0,2001.0,11,5,516.0,5.7,0,0,0,0,0,0,3,0,0.0,0.0,0.0,0.0,0.0
,2526,Werder Bremen,Justin Njinmah,GER,"FW,MF",24.0,2000.0,33,22,1947.0,21.6,5,0,5,5,0,0,2,0,0.23,0.0,0.23,0.23,0.23
,2526,Werder Bremen,Karl Jakob Hein,EST,GK,23.0,2002.0,2,2,180.0,2.0,0,0,0,0,0,0,0,0,0.0,0.0,0.0,0.0,0.0
,2526,Werder Bremen,Keke Topp,GER,FW,21.0,2004.0,20,7,638.0,7.1,1,1,2,1,0,0,4,0,0.14,0.14,0.28,0.14,0.28
,2526,Werder Bremen,Leonardo Bittencourt,GER,MF,31.0,1993.0,17,5,615.0,6.8,0,1,1,0,0,0,5,0,0.0,0.15,0.15,0.0,0.15
,2526,Werder Bremen,Marco Friedl,AUT,DF,27.0,1998.0,30,29,2546.0,28.3,1,0,1,1,0,0,9,1,0.04,0.0,0.04,0.04,0.04
,2526,Werder Bremen,Marco Grüll,AUT,"MF,FW",27.0,1998.0,33,23,2006.0,22.3,3,1,4,3,0,0,5,0,0.13,0.04,0.18,0.13,0.18
,2526,Werder Bremen,Maximilian Wöber,AUT,DF,27.0,1998.0,2,0,37.0,0.4,0,0,0,0,0,0,0,0,0.0,0.0,0.0,0.0,0.0
,2526,Werder Bremen,Mick Schmetgens,GER,MF,17.0,2007.0,2,0,37.0,0.4,0,0,0,0,0,0,0,0,0.0,0.0,0.0,0.0,0.0
,2526,Werder Bremen,Mio Backhaus,GER,GK,21.0,2004.0,32,32,2880.0,32.0,0,0,0,0,0,0,1,0,0.0,0.0,0.0,0.0,0.0
,2526,Werder Bremen,Niklas Stark,GER,DF,30.0,1995.0,14,9,697.0,7.7,0,0,0,0,0,0,8,2,0.0,0.0,0.0,0.0,0.0
,2526,Werder Bremen,Olivier Deman,BEL,"DF,MF",25.0,2000.0,16,14,1254.0,13.9,1,2,3,1,0,0,3,0,0.07,0.14,0.22,0.07,0.22
,2526,Werder Bremen,Patrice Čović,CRO,MF,18.0,2007.0,15,2,351.0,3.9,1,0,1,1,0,0,1,0,0.26,0.0,0.26,0.26,0.26
,2526,Werder Bremen,Romano Schmid,AUT,"MF,FW",25.0,2000.0,34,34,2982.0,33.1,4,8,12,1,3,4,4,0,0.12,0.24,0.36,0.03,0.27
,2526,Werder Bremen,Salim Musah,GER,FW,19.0,2006.0,8,2,198.0,2.2,1,0,1,1,0,0,0,0,0.45,0.0,0.45,0.45,0.45
,2526,Werder Bremen,Samuel Mbangula,BEL,"MF,FW",21.0,2004.0,26,12,1171.0,13.0,3,2,5,3,0,0,0,0,0.23,0.15,0.38,0.23,0.38
,2526,Werder Bremen,Senne Lynen,BEL,MF,26.0,1999.0,31,31,2752.0,30.6,0,0,0,0,0,0,4,0,0.0,0.0,0.0,0.0,0.0
,2526,Werder Bremen,Skelly Alvero,FRA,MF,23.0,2002.0,2,0,34.0,0.4,0,0,0,0,0,0,0,0,0.0,0.0,0.0,0.0,0.0
,2526,Werder Bremen,Victor Boniface,NGA,FW,24.0,2000.0,11,2,333.0,3.7,0,2,2,0,0,0,1,0,0.0,0.54,0.54,0.0,0.54
,2526,Werder Bremen,Yukinari Sugawara,JPN,"DF,MF",25.0,2000.0,31,29,2428.0,27.0,0,6,6,0,0,0,2,1,0.0,0.22,0.22,0.0,0.22
,2526,Wolfsburg,Aaron Zehnter,GER,"DF,MF",20.0,2004.0,20,17,1456.0,16.2,2,0,2,2,0,0,0,0,0.12,0.0,0.12,0.12,0.12
,2526,Wolfsburg,Adam Daghim,DEN,"MF,FW",19.0,2005.0,27,12,1364.0,15.2,2,3,5,2,0,0,3,0,0.13,0.2,0.33,0.13,0.33
,2526,Wolfsburg,Andreas Skov Olsen,DEN,MF,25.0,1999.0,8,4,362.0,4.0,1,0,1,1,0,0,1,0,0.25,0.0,0.25,0.25,0.25
,2526,Wolfsburg,Bence Dárdai,HUN,MF,19.0,2006.0,1,0,35.0,0.4,0,0,0,0,0,0,0,0,0.0,0.0,0.0,0.0,0.0
,2526,Wolfsburg,Christian Eriksen,DEN,MF,33.0,1992.0,31,27,2410.0,26.8,3,9,12,0,3,4,4,0,0.11,0.34,0.45,0.0,0.34
,2526,Wolfsburg,Denis Vavro,SVK,DF,29.0,1996.0,17,13,1176.0,13.1,1,0,1,1,0,0,2,0,0.08,0.0,0.08,0.08,0.08
,2526,Wolfsburg,Dženan Pejčinović,GER,FW,20.0,2005.0,30,16,1460.0,16.2,8,0,8,8,0,0,1,0,0.49,0.0,0.49,0.49,0.49
,2526,Wolfsburg,Jan Bürger,GER,"MF,DF",18.0,2007.0,7,2,247.0,2.7,0,0,0,0,0,0,0,0,0.0,0.0,0.0,0.0,0.0
,2526,Wolfsburg,Jeanuël Belocian,FRA,DF,20.0,2005.0,14,14,1254.0,13.9,0,1,1,0,0,0,3,0,0.0,0.07,0.07,0.0,0.07
,2526,Wolfsburg,Jenson Seelt,NED,DF,22.0,2003.0,9,8,681.0,7.6,0,0,0,0,0,0,0,0,0.0,0.0,0.0,0.0,0.0
,2526,Wolfsburg,Jesper Lindstrøm,DEN,MF,25.0,2000.0,13,4,379.0,4.2,0,0,0,0,0,0,2,0,0.0,0.0,0.0,0.0,0.0
,2526,Wolfsburg,Joakim Mæhle,DEN,"MF,DF",28.0,1997.0,16,14,1222.0,13.6,1,2,3,1,0,0,1,0,0.07,0.15,0.22,0.07,0.22
,2526,Wolfsburg,Jonas Adjetey,GHA,DF,21.0,2003.0,4,1,137.0,1.5,0,0,0,0,0,0,1,0,0.0,0.0,0.0,0.0,0.0
,2526,Wolfsburg,Jonas Wind,DEN,FW,26.0,1999.0,11,5,481.0,5.3,1,0,1,1,0,0,1,0,0.19,0.0,0.19,0.19,0.19
,2526,Wolfsburg,Kamil Grabara,POL,GK,26.0,1999.0,34,34,3060.0,34.0,0,0,0,0,0,0,1,0,0.0,0.0,0.0,0.0,0.0
,2526,Wolfsburg,Kento Shiogai,JPN,MF,20.0,2005.0,12,2,318.0,3.5,1,0,1,1,0,0,3,0,0.28,0.0,0.28,0.28,0.28
,2526,Wolfsburg,Kevin Paredes,USA,MF,22.0,2003.0,6,1,164.0,1.8,0,0,0,0,0,0,1,0,0.0,0.0,0.0,0.0,0.0
,2526,Wolfsburg,Kilian Fischer,GER,DF,24.0,2000.0,11,10,800.0,8.9,0,0,0,0,0,0,0,0,0.0,0.0,0.0,0.0,0.0
,2526,Wolfsburg,Konstantinos Koulierakis,GRE,DF,21.0,2003.0,29,27,2482.0,27.6,4,1,5,4,0,0,5,0,0.15,0.04,0.18,0.15,0.18
,2526,Wolfsburg,Lovro Majer,CRO,MF,27.0,1998.0,28,16,1371.0,15.2,2,3,5,2,0,0,5,0,0.13,0.2,0.33,0.13,0.33
,2526,Wolfsburg,Mattias Svanberg,SWE,MF,26.0,1999.0,24,8,861.0,9.6,3,1,4,3,0,0,6,1,0.31,0.1,0.42,0.31,0.42
,2526,Wolfsburg,Maximilian Arnold,GER,MF,31.0,1994.0,25,20,1859.0,20.7,1,4,5,1,0,0,5,0,0.05,0.19,0.24,0.05,0.24
,2526,Wolfsburg,Mohamed Amoura,ALG,"FW,MF",25.0,2000.0,30,23,1919.0,21.3,8,3,11,7,1,1,2,0,0.38,0.14,0.52,0.33,0.47
,2526,Wolfsburg,Moritz Jenz,GER,DF,26.0,1999.0,22,20,1787.0,19.9,1,0,1,1,0,0,8,1,0.05,0.0,0.05,0.05,0.05
,2526,Wolfsburg,Patrick Wimmer,AUT,MF,24.0,2001.0,25,21,1621.0,18.0,4,3,7,4,0,0,4,0,0.22,0.17,0.39,0.22,0.39
,2526,Wolfsburg,Pharell Hensel,GER,MF,18.0,2007.0,5,1,69.0,0.8,0,0,0,0,0,0,0,0,0.0,0.0,0.0,0.0,0.0
,2526,Wolfsburg,Sael Kumbedi,FRA,"DF,MF",20.0,2005.0,24,20,1804.0,20.0,0,5,5,0,0,0,2,0,0.0,0.25,0.25,0.0,0.25
,2526,Wolfsburg,Vinicius Souza,BRA,MF,26.0,1999.0,24,22,1764.0,19.6,0,0,0,0,0,0,5,0,0.0,0.0,0.0,0.0,0.0
,2526,Wolfsburg,Václav Černý,CZE,"FW,MF",27.0,1997.0,2,0,47.0,0.5,0,0,0,0,0,0,0,0,0.0,0.0,0.0,0.0,0.0
,2526,Wolfsburg,Yannick Gerhardt,GER,MF,31.0,1994.0,19,12,1068.0,11.9,1,0,1,1,0,0,1,0,0.08,0.0,0.08,0.08,0.08
ENG-Premier League,2627,Arsenal,Ben White,ENG,DF,28-328,1997.0,2,2,180.0,2.0,0,1,1,0,0,0,0,0,0.0,0.5,0.5,0.0,0.5
ENG-Premier League,2627,Arsenal,Bruno Guimarães,BRA,MF,28-289,1997.0,1,0,20.0,0.2,0,0,0,0,0,0,0,0,0.0,0.0,0.0,0.0,0.0
ENG-Premier League,2627,Arsenal,Bukayo Saka,ENG,MF,24-361,2001.0,2,2,157.0,1.7,2,0,2,2,0,0,0,0,1.15,0.0,1.15,1.15,1.15
ENG-Premier League,2627,Arsenal,Christos Tzolis,GRE,MF,24-214,2002.0,2,2,120.0,1.3,0,0,0,0,0,0,1,0,0.0,0.0,0.0,0.0,0.0
ENG-Premier League,2627,Arsenal,Cristhian Mosquera,ESP,DF,22-066,2004.0,2,2,168.0,1.9,0,0,0,0,0,0,0,0,0.0,0.0,0.0,0.0,0.0
ENG-Premier League,2627,Arsenal,David Raya,ESP,GK,30-351,1995.0,2,2,180.0,2.0,0,0,0,0,0,0,0,0,0.0,0.0,0.0,0.0,0.0
ENG-Premier League,2627,Arsenal,Declan Rice,ENG,MF,27-230,1999.0,2,2,151.0,1.7,0,0,0,0,0,0,0,0,0.0,0.0,0.0,0.0,0.0
ENG-Premier League,2627,Arsenal,Eberechi Eze,ENG,"FW,MF",28-064,1998.0,2,0,60.0,0.7,0,0,0,0,0,0,0,0,0.0,0.0,0.0,0.0,0.0
ENG-Premier League,2627,Arsenal,Ezri Konsa,ENG,"DF,FW",28-313,1997.0,1,0,12.0,0.1,0,0,0,0,0,0,0,0,0.0,0.0,0.0,0.0,0.0
ENG-Premier League,2627,Arsenal,Gabriel Magalhães,BRA,DF,28-256,1997.0,2,2,180.0,2.0,0,0,0,0,0,0,1,0,0.0,0.0,0.0,0.0,0.0
ENG-Premier League,2627,Arsenal,Kai Havertz,GER,FW,27-082,1999.0,2,2,180.0,2.0,1,0,1,1,0,0,0,0,0.5,0.0,0.5,0.5,0.5
ENG-Premier League,2627,Arsenal,Martin Ødegaard,NOR,MF,27-258,1998.0,2,2,145.0,1.6,1,0,1,1,0,0,0,0,0.62,0.0,0.62,0.62,0.62
ENG-Premier League,2627,Arsenal,Martín Zubimendi,ESP,MF,27-211,1999.0,2,0,29.0,0.3,0,0,0,0,0,0,0,0,0.0,0.0,0.0,0.0,0.0
ENG-Premier League,2627,Arsenal,Mikel Merino,ESP,MF,30-071,1996.0,2,0,35.0,0.4,0,0,0,0,0,0,0,0,0.0,0.0,0.0,0.0,0.0
ENG-Premier League,2627,Arsenal,Myles Lewis-Skelly,ENG,MF,19-340,2006.0,2,2,160.0,1.8,0,0,0,0,0,0,0,0,0.0,0.0,0.0,0.0,0.0
ENG-Premier League,2627,Arsenal,Noni Madueke,ENG,"FW,MF",24-175,2002.0,1,0,23.0,0.3,0,0,0,0,0,0,0,0,0.0,0.0,0.0,0.0,0.0
ENG-Premier League,2627,Arsenal,Piero Hincapié,ECU,DF,24-235,2002.0,1,0,9.0,0.1,0,0,0,0,0,0,0,0,0.0,0.0,0.0,0.0,0.0
ENG-Premier League,2627,Arsenal,Riccardo Calafiori,ITA,DF,24-105,2002.0,2,2,171.0,1.9,0,2,2,0,0,0,0,0,0.0,1.05,1.05,0.0,1.05
ENG-Premier League,2627,Aston Villa,Aaron Wan-Bissaka,COD,"DF,MF",28-279,1997.0,1,0,13.0,0.1,0,0,0,0,0,0,0,0,0.0,0.0,0.0,0.0,0.0
ENG-Premier League,2627,Aston Villa,Alejandro Garnacho,ARG,MF,22-062,2004.0,2,0,18.0,0.2,0,0,0,0,0,0,0,0,0.0,0.0,0.0,0.0,0.0
ENG-Premier League,2627,Aston Villa,Alysson,BRA,MF,20-119,2006.0,2,0,29.0,0.3,0,0,0,0,0,0,1,0,0.0,0.0,0.0,0.0,0.0
ENG-Premier League,2627,Aston Villa,Boubacar Kamara,FRA,MF,26-282,1999.0,2,2,180.0,2.0,0,0,0,0,0,0,0,0,0.0,0.0,0.0,0.0,0.0
ENG-Premier League,2627,Aston Villa,Emi Buendía,ARG,"MF,FW",29-250,1996.0,2,2,175.0,1.9,0,0,0,0,0,0,0,0,0.0,0.0,0.0,0.0,0.0
ENG-Premier League,2627,Aston Villa,George Hemmings,ENG,MF,19-181,2007.0,2,2,160.0,1.8,0,0,0,0,0,0,0,0,0.0,0.0,0.0,0.0,0.0
ENG-Premier League,2627,Aston Villa,Ian Maatsen,NED,DF,24-175,2002.0,2,2,171.0,1.9,0,0,0,0,0,0,1,0,0.0,0.0,0.0,0.0,0.0
ENG-Premier League,2627,Aston Villa,John McGinn,SCO,MF,31-318,1994.0,2,2,171.0,1.9,0,0,0,0,0,0,2,0,0.0,0.0,0.0,0.0,0.0
ENG-Premier League,2627,Aston Villa,João Gomes,BRA,MF,25-201,2001.0,1,1,39.0,0.4,0,0,0,0,0,0,1,1,0.0,0.0,0.0,0.0,0.0
ENG-Premier League,2627,Aston Villa,Lamare Bogarde,NED,"DF,MF",22-239,2004.0,1,0,17.0,0.2,0,0,0,0,0,0,0,0,0.0,0.0,0.0,0.0,0.0
ENG-Premier League,2627,Aston Villa,Marco Bizot,NED,GK,35-175,1991.0,1,1,90.0,1.0,0,0,0,0,0,0,0,0,0.0,0.0,0.0,0.0,0.0
ENG-Premier League,2627,Aston Villa,Matteo Ruggeri,ITA,"DF,MF",24-052,2002.0,1,0,9.0,0.1,0,0,0,0,0,0,0,0,0.0,0.0,0.0,0.0,0.0
ENG-Premier League,2627,Aston Villa,Matty Cash,POL,DF,29-025,1997.0,2,2,167.0,1.9,0,0,0,0,0,0,1,0,0.0,0.0,0.0,0.0,0.0
ENG-Premier League,2627,Aston Villa,Nicolas Jackson,SEN,FW,25-073,2001.0,1,1,70.0,0.8,0,0,0,0,0,0,0,0,0.0,0.0,0.0,0.0,0.0
ENG-Premier League,2627,Aston Villa,Pau Torres,ESP,DF,29-228,1997.0,2,2,163.0,1.8,0,0,0,0,0,0,0,0,0.0,0.0,0.0,0.0,0.0
ENG-Premier League,2627,Aston Villa,Ross Barkley,ENG,MF,32-270,1993.0,2,2,150.0,1.7,0,0,0,0,0,0,0,0,0.0,0.0,0.0,0.0,0.0
ENG-Premier League,2627,Aston Villa,Tammy Abraham,ENG,FW,28-334,1997.0,1,0,20.0,0.2,0,0,0,0,0,0,0,0,0.0,0.0,0.0,0.0,0.0
ENG-Premier League,2627,Aston Villa,Tyrone Mings,ENG,DF,33-172,1993.0,1,0,17.0,0.2,0,0,0,0,0,0,0,0,0.0,0.0,0.0,0.0,0.0
ENG-Premier League,2627,Aston Villa,Victor Lindelöf,SWE,DF,32-046,1994.0,2,2,180.0,2.0,0,0,0,0,0,0,0,0,0.0,0.0,0.0,0.0,0.0
ENG-Premier League,2627,Aston Villa,Zion Suzuki,JPN,GK,24-011,2002.0,1,1,90.0,1.0,0,0,0,0,0,0,0,0,0.0,0.0,0.0,0.0,0.0
ENG-Premier League,2627,Bournemouth,Adam Smith,ENG,DF,35-125,1991.0,2,2,180.0,2.0,0,0,0,0,0,0,1,0,0.0,0.0,0.0,0.0,0.0
ENG-Premier League,2627,Bournemouth,Adrien Truffert,FRA,DF,24-285,2001.0,2,2,180.0,2.0,0,0,0,0,0,0,0,0,0.0,0.0,0.0,0.0,0.0
ENG-Premier League,2627,Bournemouth,Alex Scott,ENG,MF,23-011,2003.0,2,2,176.0,2.0,1,0,1,1,0,0,1,0,0.51,0.0,0.51,0.51,0.51
ENG-Premier League,2627,Bournemouth,Alex Tóth,HUN,MF,20-313,2005.0,1,0,16.0,0.2,0,0,0,0,0,0,0,0,0.0,0.0,0.0,0.0,0.0
ENG-Premier League,2627,Bournemouth,António Silva,POR,DF,22-306,2003.0,2,2,180.0,2.0,0,0,0,0,0,0,1,0,0.0,0.0,0.0,0.0,0.0
ENG-Premier League,2627,Bournemouth,Ben Gannon-Doak,SCO,MF,20-294,2005.0,1,0,2.0,0.0,0,0,0,0,0,0,0,0,0.0,0.0,0.0,0.0,0.0
ENG-Premier League,2627,Bournemouth,Daniel Jebbison,CAN,FW,23-019,2003.0,1,0,16.0,0.2,0,0,0,0,0,0,0,0,0.0,0.0,0.0,0.0,0.0
ENG-Premier League,2627,Bournemouth,David Brooks,WAL,"FW,MF",29-055,1997.0,1,0,10.0,0.1,0,0,0,0,0,0,0,0,0.0,0.0,0.0,0.0,0.0
ENG-Premier League,2627,Bournemouth,Evanilson,BRA,FW,26-330,1999.0,2,2,154.0,1.7,0,2,2,0,0,0,1,0,0.0,1.17,1.17,0.0,1.17
ENG-Premier League,2627,Bournemouth,James Hill,ENG,DF,24-234,2002.0,2,2,180.0,2.0,0,0,0,0,0,0,0,0,0.0,0.0,0.0,0.0,0.0
ENG-Premier League,2627,Bournemouth,Justin Kluivert,NED,MF,27-119,1999.0,2,2,154.0,1.7,0,0,0,0,0,0,0,0,0.0,0.0,0.0,0.0,0.0
ENG-Premier League,2627,Bournemouth,Lewis Cook,ENG,MF,29-210,1997.0,2,2,142.0,1.6,0,0,0,0,0,0,0,0,0.0,0.0,0.0,0.0,0.0
ENG-Premier League,2627,Bournemouth,Marcus Tavernier,ENG,MF,27-163,1999.0,2,2,180.0,2.0,1,0,1,1,0,0,1,0,0.5,0.0,0.5,0.5,0.5
ENG-Premier League,2627,Bournemouth,Rayan,BRA,MF,20-029,2006.0,2,2,178.0,2.0,0,0,0,0,0,0,0,0,0.0,0.0,0.0,0.0,0.0
ENG-Premier League,2627,Bournemouth,Ryan Christie,SCO,"FW,MF",31-191,1995.0,1,0,4.0,0.0,0,0,0,0,0,0,0,0,0.0,0.0,0.0,0.0,0.0
ENG-Premier League,2627,Bournemouth,Tyler Adams,USA,MF,27-199,1999.0,2,0,38.0,0.4,0,0,0,0,0,0,0,0,0.0,0.0,0.0,0.0,0.0
ENG-Premier League,2627,Bournemouth,Álvaro Rodríguez,URU,FW,22-049,2004.0,1,0,10.0,0.1,0,0,0,0,0,0,0,0,0.0,0.0,0.0,0.0,0.0
ENG-Premier League,2627,Bournemouth,Đorđe Petrović,SRB,GK,26-328,1999.0,2,2,180.0,2.0,0,0,0,0,0,0,0,0,0.0,0.0,0.0,0.0,0.0
ENG-Premier League,2627,Brentford,Aaron Hickey,SCO,"DF,MF",24-083,2002.0,2,0,18.0,0.2,0,0,0,0,0,0,0,0,0.0,0.0,0.0,0.0,0.0
ENG-Premier League,2627,Brentford,Callum Wilson,ENG,FW,34-186,1992.0,2,0,11.0,0.1,0,0,0,0,0,0,0,0,0.0,0.0,0.0,0.0,0.0
ENG-Premier League,2627,Brentford,Caoimhín Kelleher,IRL,GK,27-282,1998.0,2,2,180.0,2.0,0,0,0,0,0,0,0,0,0.0,0.0,0.0,0.0,0.0
ENG-Premier League,2627,Brentford,Dango Ouattara,BFA,MF,24-202,2002.0,2,1,96.0,1.1,0,0,0,0,0,0,0,0,0.0,0.0,0.0,0.0,0.0
ENG-Premier League,2627,Brentford,Igor Thiago,BRA,FW,25-067,2001.0,2,2,172.0,1.9,0,0,0,0,0,1,0,0,0.0,0.0,0.0,0.0,0.0
ENG-Premier League,2627,Brentford,Jaidon Anthony,ENG,MF,26-274,1999.0,2,1,84.0,0.9,0,0,0,0,0,0,1,0,0.0,0.0,0.0,0.0,0.0
ENG-Premier League,2627,Brentford,Keane Lewis-Potter,ENG,DF,25-191,2001.0,2,2,177.0,2.0,1,1,2,1,0,0,0,0,0.51,0.51,1.02,0.51,1.02
ENG-Premier League,2627,Brentford,Kevin Schade,GER,MF,24-278,2001.0,2,2,177.0,2.0,1,0,1,1,0,0,0,0,0.51,0.0,0.51,0.51,0.51
ENG-Premier League,2627,Brentford,Kristoffer Ajer,NOR,DF,28-137,1998.0,2,2,180.0,2.0,0,0,0,0,0,0,1,0,0.0,0.0,0.0,0.0,0.0
ENG-Premier League,2627,Brentford,Mamadou Sangare,MLI,MF,24-067,2002.0,2,2,165.0,1.8,0,1,1,0,0,0,0,0,0.0,0.55,0.55,0.0,0.55
ENG-Premier League,2627,Brentford,Mathias Jensen,DEN,MF,30-243,1996.0,1,1,66.0,0.7,0,0,0,0,0,0,0,0,0.0,0.0,0.0,0.0,0.0
ENG-Premier League,2627,Brentford,Michael Kayode,ITA,DF,22-053,2004.0,2,2,162.0,1.8,1,0,1,1,0,0,0,0,0.56,0.0,0.56,0.56,0.56
ENG-Premier League,2627,Brentford,Mikkel Damsgaard,DEN,MF,26-060,2000.0,2,1,83.0,0.9,0,0,0,0,0,0,0,0,0.0,0.0,0.0,0.0,0.0
ENG-Premier League,2627,Brentford,Nathan Collins,IRL,DF,25-124,2001.0,2,2,180.0,2.0,0,0,0,0,0,0,1,0,0.0,0.0,0.0,0.0,0.0
ENG-Premier League,2627,Brentford,Rico Henry,JAM,"DF,MF",29-055,1997.0,1,0,3.0,0.0,0,0,0,0,0,0,0,0,0.0,0.0,0.0,0.0,0.0
ENG-Premier League,2627,Brentford,Vitaly Janelt,GER,MF,28-114,1998.0,2,2,180.0,2.0,1,0,1,1,0,0,2,0,0.5,0.0,0.5,0.5,0.5
ENG-Premier League,2627,Brentford,Yehor Yarmoliuk,UKR,MF,22-184,2004.0,2,0,46.0,0.5,0,0,0,0,0,0,0,0,0.0,0.0,0.0,0.0,0.0
ENG-Premier League,2627,Brighton,Bart Verbruggen,NED,GK,24-014,2002.0,2,2,180.0,2.0,0,0,0,0,0,0,0,0,0.0,0.0,0.0,0.0,0.0
ENG-Premier League,2627,Brighton,Charalampos Kostoulas,GRE,FW,19-094,2007.0,2,1,106.0,1.2,0,0,0,0,0,0,0,0,0.0,0.0,0.0,0.0,0.0
ENG-Premier League,2627,Brighton,Costinha,POR,"DF,MF",26-159,2000.0,2,0,38.0,0.4,0,0,0,0,0,0,1,0,0.0,0.0,0.0,0.0,0.0
ENG-Premier League,2627,Brighton,Diego Gómez,PAR,MF,23-158,2003.0,2,2,175.0,1.9,0,1,1,0,0,0,0,0,0.0,0.51,0.51,0.0,0.51
ENG-Premier League,2627,Brighton,Ferdi Kadioglu,TUR,DF,26-329,1999.0,1,1,90.0,1.0,0,0,0,0,0,0,0,0,0.0,0.0,0.0,0.0,0.0
ENG-Premier League,2627,Brighton,Georginio Rutter,FRA,FW,24-134,2002.0,1,1,90.0,1.0,0,1,1,0,0,0,0,0,0.0,1.0,1.0,0.0,1.0
ENG-Premier League,2627,Brighton,Ibrahim Osman,GHA,"FW,MF",21-276,2004.0,2,0,30.0,0.3,0,0,0,0,0,0,0,0,0.0,0.0,0.0,0.0,0.0
ENG-Premier League,2627,Brighton,Jack Hinshelwood,ENG,MF,21-143,2005.0,1,1,63.0,0.7,2,0,2,2,0,0,0,0,2.86,0.0,2.86,2.86,2.86
ENG-Premier League,2627,Brighton,Lewis Dunk,ENG,DF,34-284,1991.0,2,2,180.0,2.0,0,0,0,0,0,0,1,0,0.0,0.0,0.0,0.0,0.0
ENG-Premier League,2627,Brighton,Luka Vušković,CRO,DF,19-189,2007.0,2,2,180.0,2.0,0,0,0,0,0,0,0,0,0.0,0.0,0.0,0.0,0.0
ENG-Premier League,2627,Brighton,Malick Yalcouye,CIV,MF,20-287,2005.0,2,1,78.0,0.9,1,0,1,1,0,0,0,0,1.15,0.0,1.15,1.15,1.15
ENG-Premier League,2627,Brighton,Mats Wieffer,NED,DF,26-289,1999.0,2,2,156.0,1.7,0,0,0,0,0,0,0,0,0.0,0.0,0.0,0.0,0.0
ENG-Premier League,2627,Brighton,Maxim De Cuyper,BEL,MF,25-253,2000.0,2,2,167.0,1.9,1,0,1,1,0,0,0,0,0.54,0.0,0.54,0.54,0.54
ENG-Premier League,2627,Brighton,Olivier Boscagli,FRA,"MF,DF",28-287,1997.0,2,2,180.0,2.0,0,0,0,0,0,0,1,0,0.0,0.0,0.0,0.0,0.0
ENG-Premier League,2627,Brighton,Pascal Groß,GER,MF,35-078,1991.0,2,2,180.0,2.0,1,0,1,1,0,0,1,0,0.5,0.0,0.5,0.5,0.5
ENG-Premier League,2627,Brighton,Promise David,CAN,FW,25-060,2001.0,1,0,11.0,0.1,0,0,0,0,0,0,0,0,0.0,0.0,0.0,0.0,0.0
ENG-Premier League,2627,Brighton,Yasin Ayari,SWE,MF,22-330,2003.0,1,1,63.0,0.7,0,0,0,0,0,0,1,0,0.0,0.0,0.0,0.0,0.0
ENG-Premier League,2627,Brighton,Zadok Yohanna,NGA,FW,19-064,2007.0,1,0,13.0,0.1,0,0,0,0,0,0,0,0,0.0,0.0,0.0,0.0,0.0
ENG-Premier League,2627,Chelsea,Cole Palmer,ENG,MF,24-118,2002.0,2,2,172.0,1.9,2,1,3,2,0,0,0,0,1.05,0.52,1.57,1.05,1.57
ENG-Premier League,2627,Chelsea,Emiliano Martínez,ARG,GK,33-364,1992.0,1,1,90.0,1.0,0,0,0,0,0,0,0,0,0.0,0.0,0.0,0.0,0.0
ENG-Premier League,2627,Chelsea,Enzo Fernández,ARG,MF,25-227,2001.0,1,0,26.0,0.3,0,0,0,0,0,0,0,0,0.0,0.0,0.0,0.0,0.0
ENG-Premier League,2627,Chelsea,Estêvão Willian,BRA,MF,19-130,2007.0,1,0,8.0,0.1,0,0,0,0,0,0,0,0,0.0,0.0,0.0,0.0,0.0
ENG-Premier League,2627,Chelsea,Geovany Quenda,POR,MF,19-124,2007.0,1,0,9.0,0.1,0,0,0,0,0,0,0,0,0.0,0.0,0.0,0.0,0.0
ENG-Premier League,2627,Chelsea,Jorrel Hato,NED,MF,20-178,2006.0,2,2,154.0,1.7,0,1,1,0,0,0,0,0,0.0,0.58,0.58,0.0,0.58
ENG-Premier League,2627,Chelsea,Joshua Acheampong,ENG,DF,20-119,2006.0,2,1,113.0,1.3,0,0,0,0,0,0,0,0,0.0,0.0,0.0,0.0,0.0
ENG-Premier League,2627,Chelsea,João Pedro,BRA,FW,24-340,2001.0,2,2,180.0,2.0,2,2,4,2,0,0,0,0,1.0,1.0,2.0,1.0,2.0
ENG-Premier League,2627,Chelsea,Levi Colwill,ENG,DF,23-187,2003.0,2,2,161.0,1.8,0,0,0,0,0,0,1,0,0.0,0.0,0.0,0.0,0.0
ENG-Premier League,2627,Chelsea,Malo Gusto,FRA,MF,23-105,2003.0,2,2,165.0,1.8,0,0,0,0,0,0,0,0,0.0,0.0,0.0,0.0,0.0
ENG-Premier League,2627,Chelsea,Maxence Lacroix,FRA,DF,26-148,2000.0,2,2,180.0,2.0,0,1,1,0,0,0,0,0,0.0,0.5,0.5,0.0,0.5
ENG-Premier League,2627,Chelsea,Moisés Caicedo,ECU,MF,24-303,2001.0,1,0,14.0,0.2,0,0,0,0,0,0,0,0,0.0,0.0,0.0,0.0,0.0
ENG-Premier League,2627,Chelsea,Morgan Rogers,ENG,MF,24-037,2002.0,2,2,171.0,1.9,1,1,2,1,0,0,0,0,0.53,0.53,1.05,0.53,1.05
ENG-Premier League,2627,Chelsea,Pedro Neto,POR,MF,26-176,2000.0,2,1,82.0,0.9,1,0,1,1,0,0,0,0,1.1,0.0,1.1,1.1,1.1
ENG-Premier League,2627,Chelsea,Pep Chavarría,ESP,"DF,MF",28-144,1998.0,2,0,45.0,0.5,0,0,0,0,0,0,0,0,0.0,0.0,0.0,0.0,0.0
ENG-Premier League,2627,Chelsea,Reece James,ENG,MF,26-267,1999.0,2,1,113.0,1.3,0,0,0,0,0,0,1,0,0.0,0.0,0.0,0.0,0.0
ENG-Premier League,2627,Chelsea,Robert Sánchez,ESP,GK,28-287,1997.0,1,1,90.0,1.0,0,0,0,0,0,0,0,0,0.0,0.0,0.0,0.0,0.0
ENG-Premier League,2627,Chelsea,Roméo Lavia,BEL,MF,22-238,2004.0,2,2,131.0,1.5,1,0,1,1,0,0,1,0,0.69,0.0,0.69,0.69,0.69
ENG-Premier League,2627,Chelsea,Valentín Barco,ARG,"DF,MF",22-040,2004.0,1,0,9.0,0.1,0,0,0,0,0,0,0,0,0.0,0.0,0.0,0.0,0.0
ENG-Premier League,2627,Chelsea,Wesley Fofana,FRA,DF,25-258,2000.0,1,1,67.0,0.7,0,0,0,0,0,0,1,0,0.0,0.0,0.0,0.0,0.0
ENG-Premier League,2627,Coventry City,Aurèle Amenda,SUI,DF,23-032,2003.0,2,2,180.0,2.0,0,0,0,0,0,0,1,0,0.0,0.0,0.0,0.0,0.0
ENG-Premier League,2627,Coventry City,Bobby Thomas,ENG,DF,25-214,2001.0,2,2,167.0,1.9,0,0,0,0,0,0,0,0,0.0,0.0,0.0,0.0,0.0
ENG-Premier League,2627,Coventry City,Brandon Thomas-Asante,GHA,MF,27-246,1998.0,2,1,102.0,1.1,0,0,0,0,0,0,0,0,0.0,0.0,0.0,0.0,0.0
ENG-Premier League,2627,Coventry City,Caleb Yirenkyi,GHA,MF,20-229,2006.0,2,2,131.0,1.5,0,0,0,0,0,0,1,0,0.0,0.0,0.0,0.0,0.0
ENG-Premier League,2627,Coventry City,Carl Rushworth,ENG,GK,25-061,2001.0,2,2,180.0,2.0,0,0,0,0,0,0,0,0,0.0,0.0,0.0,0.0,0.0
ENG-Premier League,2627,Coventry City,Ellis Simms,ENG,FW,25-239,2001.0,1,1,69.0,0.8,0,0,0,0,0,0,0,0,0.0,0.0,0.0,0.0,0.0
ENG-Premier League,2627,Coventry City,Ephron Mason-Clark,JAM,MF,27-007,1999.0,1,1,57.0,0.6,0,0,0,0,0,0,0,0,0.0,0.0,0.0,0.0,0.0
ENG-Premier League,2627,Coventry City,Ethan Pinnock,JAM,DF,33-095,1993.0,1,0,13.0,0.1,0,0,0,0,0,0,0,0,0.0,0.0,0.0,0.0,0.0
ENG-Premier League,2627,Coventry City,Frank Onyeka,NGA,MF,28-243,1998.0,1,1,90.0,1.0,0,0,0,0,0,0,0,0,0.0,0.0,0.0,0.0,0.0
ENG-Premier League,2627,Coventry City,Gustavo Hamer,NED,MF,29-069,1997.0,2,0,29.0,0.3,0,0,0,0,0,0,0,0,0.0,0.0,0.0,0.0,0.0
ENG-Premier League,2627,Coventry City,Jack Rudoni,ENG,MF,26-098,2000.0,2,1,91.0,1.0,0,0,0,0,0,0,0,0,0.0,0.0,0.0,0.0,0.0
ENG-Premier League,2627,Coventry City,Jay Dasilva,WAL,DF,28-132,1998.0,2,2,180.0,2.0,0,0,0,0,0,0,0,0,0.0,0.0,0.0,0.0,0.0
ENG-Premier League,2627,Coventry City,Loum Tchaouna,FRA,MF,22-358,2003.0,2,2,139.0,1.5,0,0,0,0,0,0,0,0,0.0,0.0,0.0,0.0,0.0
ENG-Premier League,2627,Coventry City,Matt Grimes,ENG,MF,31-048,1995.0,2,2,180.0,2.0,0,0,0,0,0,0,0,0,0.0,0.0,0.0,0.0,0.0
ENG-Premier League,2627,Coventry City,Milan van Ewijk,NED,DF,25-358,2000.0,2,2,180.0,2.0,0,0,0,0,0,0,0,0,0.0,0.0,0.0,0.0,0.0
ENG-Premier League,2627,Coventry City,Taiwo Awoniyi,NGA,FW,29-020,1997.0,2,1,111.0,1.2,0,0,0,0,0,0,0,0,0.0,0.0,0.0,0.0,0.0
ENG-Premier League,2627,Coventry City,Tatsuhiro Sakamoto,JPN,"FW,MF",29-314,1996.0,1,0,32.0,0.4,0,0,0,0,0,0,0,0,0.0,0.0,0.0,0.0,0.0
ENG-Premier League,2627,Coventry City,Victor Torp,DEN,MF,27-033,1999.0,2,0,49.0,0.5,0,0,0,0,0,0,0,0,0.0,0.0,0.0,0.0,0.0
ENG-Premier League,2627,Crystal Palace,Adam Wharton,ENG,MF,22-207,2004.0,2,2,180.0,2.0,0,0,0,0,0,0,0,0,0.0,0.0,0.0,0.0,0.0
ENG-Premier League,2627,Crystal Palace,Anan Khalaili,ISR,MF,21-363,2004.0,2,1,110.0,1.2,0,0,0,0,0,0,1,0,0.0,0.0,0.0,0.0,0.0
ENG-Premier League,2627,Crystal Palace,Axel Disasi,FRA,DF,28-174,1998.0,1,0,17.0,0.2,0,0,0,0,0,0,0,0,0.0,0.0,0.0,0.0,0.0
ENG-Premier League,2627,Crystal Palace,Chadi Riad,MAR,DF,23-076,2003.0,1,1,71.0,0.8,0,0,0,0,0,0,0,0,0.0,0.0,0.0,0.0,0.0
ENG-Premier League,2627,Crystal Palace,Chris Richards,USA,DF,26-157,2000.0,2,2,180.0,2.0,0,0,0,0,0,0,0,0,0.0,0.0,0.0,0.0,0.0
ENG-Premier League,2627,Crystal Palace,Daichi Kamada,JPN,MF,30-027,1996.0,2,2,180.0,2.0,0,0,0,0,0,0,1,0,0.0,0.0,0.0,0.0,0.0
ENG-Premier League,2627,Crystal Palace,Daniel Muñoz,COL,MF,30-098,1996.0,1,1,54.0,0.6,0,0,0,0,0,0,0,0,0.0,0.0,0.0,0.0,0.0
ENG-Premier League,2627,Crystal Palace,Dean Henderson,ENG,GK,29-173,1997.0,2,2,180.0,2.0,0,0,0,0,0,0,0,0,0.0,0.0,0.0,0.0,0.0
ENG-Premier League,2627,Crystal Palace,Dwight McNeil,ENG,MF,26-283,1999.0,2,1,85.0,0.9,0,0,0,0,0,0,0,0,0.0,0.0,0.0,0.0,0.0
ENG-Premier League,2627,Crystal Palace,Eddie Nketiah,ENG,MF,27-094,1999.0,2,2,121.0,1.3,0,0,0,0,0,0,0,0,0.0,0.0,0.0,0.0,0.0
ENG-Premier League,2627,Crystal Palace,Evann Guessand,CIV,"FW,MF",25-062,2001.0,2,0,56.0,0.6,0,0,0,0,0,0,0,0,0.0,0.0,0.0,0.0,0.0
ENG-Premier League,2627,Crystal Palace,Jaydee Canvot,FRA,DF,20-034,2006.0,2,2,180.0,2.0,0,0,0,0,0,0,0,0,0.0,0.0,0.0,0.0,0.0
ENG-Premier League,2627,Crystal Palace,Jean-Philippe Mateta,FRA,FW,29-065,1997.0,1,1,62.0,0.7,0,0,0,0,0,0,0,0,0.0,0.0,0.0,0.0,0.0
ENG-Premier League,2627,Crystal Palace,Jørgen Strand Larsen,NOR,FW,26-207,2000.0,2,1,90.0,1.0,0,0,0,0,0,0,0,0,0.0,0.0,0.0,0.0,0.0
ENG-Premier League,2627,Crystal Palace,Takehiro Tomiyasu,JPN,DF,27-300,1998.0,2,1,92.0,1.0,0,0,0,0,0,0,0,0,0.0,0.0,0.0,0.0,0.0
ENG-Premier League,2627,Crystal Palace,Tyrick Mitchell,ENG,MF,27-000,1999.0,2,2,180.0,2.0,0,0,0,0,0,0,0,0,0.0,0.0,0.0,0.0,0.0
ENG-Premier League,2627,Crystal Palace,Yéremy Pino,ESP,MF,23-316,2002.0,2,1,103.0,1.1,0,0,0,0,0,0,0,0,0.0,0.0,0.0,0.0,0.0
ENG-Premier League,2627,Crystal Palace,Zavier Gozo,USA,MF,19-163,2007.0,1,0,23.0,0.3,0,0,0,0,0,0,0,0,0.0,0.0,0.0,0.0,0.0
ENG-Premier League,2627,Crystal Palace,Óscar Mingueza,ESP,"DF,MF",27-111,1999.0,1,0,16.0,0.2,0,0,0,0,0,0,0,0,0.0,0.0,0.0,0.0,0.0
ENG-Premier League,2627,Everton,Beto,GNB,FW,28-213,1998.0,2,0,33.0,0.4,0,0,0,0,0,0,0,0,0.0,0.0,0.0,0.0,0.0
ENG-Premier League,2627,Everton,Brennan Johnson,WAL,"FW,MF",25-101,2001.0,2,0,36.0,0.4,0,0,0,0,0,0,0,0,0.0,0.0,0.0,0.0,0.0
ENG-Premier League,2627,Everton,Carlos Alcaraz,ARG,MF,23-275,2002.0,2,0,6.0,0.1,0,0,0,0,0,0,1,0,0.0,0.0,0.0,0.0,0.0
ENG-Premier League,2627,Everton,Harrison Armstrong,ENG,MF,19-225,2007.0,2,2,175.0,1.9,0,1,1,0,0,0,0,0,0.0,0.51,0.51,0.0,0.51
ENG-Premier League,2627,Everton,Hayden Hackney,ENG,MF,24-067,2002.0,2,1,107.0,1.2,0,0,0,0,0,0,0,0,0.0,0.0,0.0,0.0,0.0
ENG-Premier League,2627,Everton,Iliman Ndiaye,SEN,MF,26-179,2000.0,2,2,180.0,2.0,0,1,1,0,0,0,0,0,0.0,0.5,0.5,0.0,0.5
ENG-Premier League,2627,Everton,James Garner,ENG,MF,25-172,2001.0,2,1,73.0,0.8,0,0,0,0,0,0,1,0,0.0,0.0,0.0,0.0,0.0
ENG-Premier League,2627,Everton,James Tarkowski,ENG,DF,33-286,1992.0,2,2,180.0,2.0,1,0,1,1,0,0,0,0,0.5,0.0,0.5,0.5,0.5
ENG-Premier League,2627,Everton,Jarrad Branthwaite,ENG,DF,24-066,2002.0,2,2,180.0,2.0,0,0,0,0,0,0,0,0,0.0,0.0,0.0,0.0,0.0
ENG-Premier League,2627,Everton,Jordan Pickford,ENG,GK,32-178,1994.0,2,2,180.0,2.0,0,0,0,0,0,0,0,0,0.0,0.0,0.0,0.0,0.0
ENG-Premier League,2627,Everton,Kiernan Dewsbury-Hall,ENG,MF,27-360,1998.0,2,2,179.0,2.0,1,0,1,1,0,0,0,0,0.5,0.0,0.5,0.5,0.5
ENG-Premier League,2627,Everton,Merlin Röhl,GER,DF,24-058,2002.0,2,2,175.0,1.9,0,0,0,0,0,0,0,0,0.0,0.0,0.0,0.0,0.0
ENG-Premier League,2627,Everton,Thierno Barry,FRA,FW,23-315,2002.0,2,2,147.0,1.6,1,0,1,1,0,0,0,0,0.61,0.0,0.61,0.61,0.61
ENG-Premier League,2627,Everton,Tim Iroegbunam,ENG,MF,23-063,2003.0,1,0,5.0,0.1,0,0,0,0,0,0,0,0,0.0,0.0,0.0,0.0,0.0
ENG-Premier League,2627,Everton,Tyrique George,ENG,MF,20-209,2006.0,2,2,144.0,1.6,0,0,0,0,0,0,0,0,0.0,0.0,0.0,0.0,0.0
ENG-Premier League,2627,Everton,Vitaliy Mykolenko,UKR,DF,27-095,1999.0,2,2,180.0,2.0,0,0,0,0,0,0,0,0,0.0,0.0,0.0,0.0,0.0
ENG-Premier League,2627,Fulham,Alex Iwobi,NGA,MF,30-121,1996.0,2,2,180.0,2.0,0,0,0,0,0,0,0,0,0.0,0.0,0.0,0.0,0.0
ENG-Premier League,2627,Fulham,Antonee Robinson,USA,DF,29-024,1997.0,2,2,171.0,1.9,0,0,0,0,0,0,0,0,0.0,0.0,0.0,0.0,0.0
ENG-Premier League,2627,Fulham,Bernd Leno,GER,GK,34-181,1992.0,2,2,180.0,2.0,0,0,0,0,0,0,0,0,0.0,0.0,0.0,0.0,0.0
ENG-Premier League,2627,Fulham,Calvin Bassey,NGA,DF,26-244,1999.0,2,2,180.0,2.0,0,0,0,0,0,0,1,0,0.0,0.0,0.0,0.0,0.0
ENG-Premier League,2627,Fulham,César Palacios,ESP,MF,21-294,2004.0,2,2,147.0,1.6,0,0,0,0,0,0,1,0,0.0,0.0,0.0,0.0,0.0
ENG-Premier League,2627,Fulham,Emile Smith Rowe,ENG,MF,26-035,2000.0,1,0,15.0,0.2,0,0,0,0,0,0,0,0,0.0,0.0,0.0,0.0,0.0
ENG-Premier League,2627,Fulham,Gonzalo García,ESP,FW,22-161,2004.0,2,2,180.0,2.0,1,0,1,1,0,0,0,0,0.5,0.0,0.5,0.5,0.5
ENG-Premier League,2627,Fulham,Joachim Andersen,DEN,DF,30-093,1996.0,1,1,90.0,1.0,0,0,0,0,0,0,1,0,0.0,0.0,0.0,0.0,0.0
ENG-Premier League,2627,Fulham,Jorge Cuenca,ESP,DF,26-288,1999.0,1,1,90.0,1.0,0,0,0,0,0,0,0,0,0.0,0.0,0.0,0.0,0.0
ENG-Premier League,2627,Fulham,Joshua King,ENG,MF,19-241,2007.0,2,2,180.0,2.0,1,0,1,1,0,0,0,0,0.5,0.0,0.5,0.5,0.5
ENG-Premier League,2627,Fulham,Kevin,BRA,MF,23-240,2003.0,2,0,26.0,0.3,0,0,0,0,0,0,0,0,0.0,0.0,0.0,0.0,0.0
ENG-Premier League,2627,Fulham,Oscar Bobb,NOR,MF,23-051,2003.0,2,2,133.0,1.5,0,0,0,0,0,0,0,0,0.0,0.0,0.0,0.0,0.0
ENG-Premier League,2627,Fulham,Rodrigo Muniz,BRA,FW,25-120,2001.0,1,0,9.0,0.1,0,0,0,0,0,0,0,0,0.0,0.0,0.0,0.0,0.0
ENG-Premier League,2627,Fulham,Ryan Sessegnon,ENG,"DF,FW",26-106,2000.0,2,0,41.0,0.5,0,0,0,0,0,0,0,0,0.0,0.0,0.0,0.0,0.0
ENG-Premier League,2627,Fulham,Sander Berge,NOR,MF,28-199,1998.0,2,2,154.0,1.7,0,0,0,0,0,0,0,0,0.0,0.0,0.0,0.0,0.0
ENG-Premier League,2627,Fulham,Shea Charles,NIR,"DF,MF",22-300,2003.0,2,0,47.0,0.5,0,0,0,0,0,0,0,0,0.0,0.0,0.0,0.0,0.0
ENG-Premier League,2627,Fulham,Timothy Castagne,BEL,DF,30-270,1995.0,2,2,157.0,1.7,0,1,1,0,0,0,1,0,0.0,0.57,0.57,0.0,0.57
ENG-Premier League,2627,Hull City,Bachir Belloumi,ALG,MF,24-092,2002.0,2,2,172.0,1.9,0,1,1,0,0,0,0,0,0.0,0.52,0.52,0.0,0.52
ENG-Premier League,2627,Hull City,Cody Drameh,ENG,"DF,MF",24-267,2001.0,2,0,66.0,0.7,0,0,0,0,0,0,0,0,0.0,0.0,0.0,0.0,0.0
ENG-Premier League,2627,Hull City,Elliot Stroud,SWE,MF,24-071,2002.0,2,2,128.0,1.4,0,0,0,0,0,0,1,0,0.0,0.0,0.0,0.0,0.0
ENG-Premier League,2627,Hull City,Hidemasa Morita,JPN,MF,31-114,1995.0,1,1,45.0,0.5,0,0,0,0,0,0,0,0,0.0,0.0,0.0,0.0,0.0
ENG-Premier League,2627,Hull City,John Egan,IRL,DF,33-316,1992.0,2,2,180.0,2.0,0,0,0,0,0,0,0,0,0.0,0.0,0.0,0.0,0.0
ENG-Premier League,2627,Hull City,Kostas Tzolakis,GRE,GK,23-297,2002.0,2,2,180.0,2.0,0,0,0,0,0,0,0,0,0.0,0.0,0.0,0.0,0.0
ENG-Premier League,2627,Hull City,Lewie Coyle,ENG,DF,30-321,1995.0,2,2,114.0,1.3,0,0,0,0,0,0,1,0,0.0,0.0,0.0,0.0,0.0
ENG-Premier League,2627,Hull City,Liam Millar,CAN,"FW,MF",26-339,1999.0,2,0,52.0,0.6,1,0,1,1,0,0,1,0,1.73,0.0,1.73,1.73,1.73
ENG-Premier League,2627,Hull City,Lucas Gourna-Douath,FRA,MF,23-027,2003.0,1,0,45.0,0.5,0,0,0,0,0,0,0,0,0.0,0.0,0.0,0.0,0.0
ENG-Premier League,2627,Hull City,Lucas Herrington,AUS,DF,18-361,2007.0,2,0,59.0,0.7,0,0,0,0,0,0,0,0,0.0,0.0,0.0,0.0,0.0
ENG-Premier League,2627,Hull City,Matt Crooks,ENG,MF,32-224,1994.0,1,1,90.0,1.0,0,0,0,0,0,0,1,0,0.0,0.0,0.0,0.0,0.0
ENG-Premier League,2627,Hull City,Matt Targett,ENG,"DF,MF",30-348,1995.0,1,0,6.0,0.1,0,0,0,0,0,0,0,0,0.0,0.0,0.0,0.0,0.0
ENG-Premier League,2627,Hull City,Mohamed Ali Cho,FRA,"FW,MF",22-225,2004.0,1,0,8.0,0.1,0,0,0,0,0,0,0,0,0.0,0.0,0.0,0.0,0.0
ENG-Premier League,2627,Hull City,Nobel Mendy,SEN,DF,21-363,2004.0,2,2,121.0,1.3,1,0,1,1,0,0,0,0,0.74,0.0,0.74,0.74,0.74
ENG-Premier League,2627,Hull City,Oliver McBurnie,SCO,FW,30-089,1996.0,2,2,180.0,2.0,0,0,0,0,0,0,1,0,0.0,0.0,0.0,0.0,0.0
ENG-Premier League,2627,Hull City,Paddy McNair,NIR,"DF,MF",31-127,1995.0,1,0,27.0,0.3,0,0,0,0,0,0,0,0,0.0,0.0,0.0,0.0,0.0
ENG-Premier League,2627,Hull City,Regan Slater,ENG,MF,26-355,1999.0,2,2,180.0,2.0,0,1,1,0,0,0,1,0,0.0,0.5,0.5,0.0,0.5
ENG-Premier League,2627,Hull City,Ryan Giles,ENG,DF,26-218,2000.0,2,2,174.0,1.9,0,0,0,0,0,0,0,0,0.0,0.0,0.0,0.0,0.0
ENG-Premier League,2627,Hull City,Semi Ajayi,NGA,DF,32-296,1993.0,2,2,153.0,1.7,1,0,1,1,0,0,0,0,0.59,0.0,0.59,0.59,0.59
ENG-Premier League,2627,Ipswich Town,Abdoul Ouattara,FRA,MF,20-314,2005.0,2,0,29.0,0.3,0,0,0,0,0,0,0,0,0.0,0.0,0.0,0.0,0.0
ENG-Premier League,2627,Ipswich Town,Abdul Fatawu Issahaku,GHA,MF,22-177,2004.0,2,2,147.0,1.6,0,1,1,0,0,0,1,0,0.0,0.61,0.61,0.0,0.61
ENG-Premier League,2627,Ipswich Town,Chuba Akpom,ENG,"FW,MF",30-327,1995.0,2,0,70.0,0.8,1,0,1,1,0,0,0,0,1.29,0.0,1.29,1.29,1.29
ENG-Premier League,2627,Ipswich Town,Daizen Maeda,JPN,MF,28-316,1997.0,2,2,151.0,1.7,0,0,0,0,0,0,0,0,0.0,0.0,0.0,0.0,0.0
ENG-Premier League,2627,Ipswich Town,Dara O'Shea,IRL,DF,27-181,1999.0,2,2,180.0,2.0,0,0,0,0,0,0,0,0,0.0,0.0,0.0,0.0,0.0
ENG-Premier League,2627,Ipswich Town,Darnell Furlong,ENG,"DF,MF",30-305,1995.0,1,0,18.0,0.2,0,0,0,0,0,0,0,0,0.0,0.0,0.0,0.0,0.0
ENG-Premier League,2627,Ipswich Town,Emersonn,BRA,FW,22-047,2004.0,2,2,110.0,1.2,1,0,1,1,0,0,0,0,0.82,0.0,0.82,0.82,0.82
ENG-Premier League,2627,Ipswich Town,Exequiel Palacios,ARG,"DF,MF",27-331,1998.0,1,0,29.0,0.3,0,0,0,0,0,0,0,0,0.0,0.0,0.0,0.0,0.0
ENG-Premier League,2627,Ipswich Town,Issa Diop,MAR,DF,29-235,1997.0,2,2,180.0,2.0,0,0,0,0,0,0,0,0,0.0,0.0,0.0,0.0,0.0
ENG-Premier League,2627,Ipswich Town,Jack Clarke,ENG,"FW,MF",25-282,2000.0,1,0,20.0,0.2,1,0,1,1,0,0,0,0,4.5,0.0,4.5,4.5,4.5
ENG-Premier League,2627,Ipswich Town,Jacob Greaves,ENG,DF,25-354,2000.0,2,2,180.0,2.0,0,0,0,0,0,0,1,0,0.0,0.0,0.0,0.0,0.0
ENG-Premier League,2627,Ipswich Town,Julio Enciso,PAR,MF,22-221,2004.0,2,2,160.0,1.8,0,2,2,0,0,0,0,0,0.0,1.13,1.13,0.0,1.13
ENG-Premier League,2627,Ipswich Town,Kasey McAteer,IRL,MF,24-283,2001.0,2,0,33.0,0.4,0,0,0,0,0,0,0,0,0.0,0.0,0.0,0.0,0.0
ENG-Premier League,2627,Ipswich Town,Kjell Scherpen,NED,GK,26-221,2000.0,2,2,180.0,2.0,0,0,0,0,0,0,0,0,0.0,0.0,0.0,0.0,0.0
ENG-Premier League,2627,Ipswich Town,Leif Davis,ENG,DF,26-244,1999.0,2,2,180.0,2.0,1,0,1,1,0,0,0,0,0.5,0.0,0.5,0.5,0.5
ENG-Premier League,2627,Ipswich Town,Marcelino Núñez,CHI,MF,26-184,2000.0,2,2,140.0,1.6,0,0,0,0,0,0,0,0,0.0,0.0,0.0,0.0,0.0
ENG-Premier League,2627,Ipswich Town,Saša Lukić,SRB,MF,30-019,1996.0,2,2,162.0,1.8,0,1,1,0,0,0,1,0,0.0,0.56,0.56,0.0,0.56
ENG-Premier League,2627,Ipswich Town,Sindre Egeli,NOR,"FW,MF",20-072,2006.0,1,0,11.0,0.1,0,0,0,0,0,0,0,0,0.0,0.0,0.0,0.0,0.0
ENG-Premier League,2627,Leeds United,Anton Stach,GER,MF,27-290,1998.0,2,2,180.0,2.0,1,0,1,1,0,0,0,0,0.5,0.0,0.5,0.5,0.5
ENG-Premier League,2627,Leeds United,Ao Tanaka,JPN,MF,27-356,1998.0,1,0,45.0,0.5,0,0,0,0,0,0,0,0,0.0,0.0,0.0,0.0,0.0
ENG-Premier League,2627,Leeds United,Brenden Aaronson,USA,MF,25-314,2000.0,2,2,126.0,1.4,0,0,0,0,0,0,0,0,0.0,0.0,0.0,0.0,0.0
ENG-Premier League,2627,Leeds United,Daniel James,WAL,"FW,MF",28-295,1997.0,1,0,23.0,0.3,0,0,0,0,0,0,0,0,0.0,0.0,0.0,0.0,0.0
ENG-Premier League,2627,Leeds United,Dominic Calvert-Lewin,ENG,FW,29-169,1997.0,2,2,180.0,2.0,1,0,1,1,0,0,1,0,0.5,0.0,0.5,0.5,0.5
ENG-Premier League,2627,Leeds United,Ethan Ampadu,WAL,MF,25-352,2000.0,2,2,180.0,2.0,0,0,0,0,0,0,0,0,0.0,0.0,0.0,0.0,0.0
ENG-Premier League,2627,Leeds United,Harry Wilson,WAL,MF,29-163,1997.0,2,1,110.0,1.2,0,0,0,0,0,0,0,0,0.0,0.0,0.0,0.0,0.0
ENG-Premier League,2627,Leeds United,Jaka Bijol,SVN,DF,27-208,1999.0,2,2,135.0,1.5,0,0,0,0,0,0,0,0,0.0,0.0,0.0,0.0,0.0
ENG-Premier League,2627,Leeds United,James Justin,ENG,MF,28-190,1998.0,2,2,180.0,2.0,0,0,0,0,0,0,0,0,0.0,0.0,0.0,0.0,0.0
ENG-Premier League,2627,Leeds United,James Trafford,ENG,GK,23-326,2002.0,2,2,180.0,2.0,0,0,0,0,0,0,0,0,0.0,0.0,0.0,0.0,0.0
ENG-Premier League,2627,Leeds United,Jayden Bogle,ENG,MF,26-036,2000.0,2,2,157.0,1.7,0,0,0,0,0,0,0,0,0.0,0.0,0.0,0.0,0.0
ENG-Premier League,2627,Leeds United,Joe Rodon,WAL,DF,28-314,1997.0,2,2,123.0,1.4,0,0,0,0,0,0,0,0,0.0,0.0,0.0,0.0,0.0
ENG-Premier League,2627,Leeds United,Lukas Nmecha,GER,FW,27-261,1998.0,1,0,22.0,0.2,0,1,1,0,0,0,0,0,0.0,4.09,4.09,0.0,4.09
ENG-Premier League,2627,Leeds United,Nico Elvedi,SUI,DF,29-336,1996.0,1,0,57.0,0.6,0,0,0,0,0,0,0,0,0.0,0.0,0.0,0.0,0.0
ENG-Premier League,2627,Leeds United,Noah Okafor,SUI,MF,26-100,2000.0,2,1,93.0,1.0,0,0,0,0,0,0,0,0,0.0,0.0,0.0,0.0,0.0
ENG-Premier League,2627,Leeds United,Sean Longstaff,ENG,MF,28-306,1997.0,1,0,9.0,0.1,0,0,0,0,0,0,0,0,0.0,0.0,0.0,0.0,0.0
ENG-Premier League,2627,Leeds United,Tarik Muharemovic,BIH,DF,23-185,2003.0,2,2,180.0,2.0,0,0,0,0,0,0,0,0,0.0,0.0,0.0,0.0,0.0
ENG-Premier League,2627,Liverpool,Alexander Isak,SWE,FW,26-345,1999.0,2,2,180.0,2.0,1,0,1,1,0,0,0,0,0.5,0.0,0.5,0.5,0.5
ENG-Premier League,2627,Liverpool,Alexis Mac Allister,ARG,MF,27-251,1998.0,2,1,104.0,1.2,0,0,0,0,0,0,0,0,0.0,0.0,0.0,0.0,0.0
ENG-Premier League,2627,Liverpool,Alisson,BRA,GK,33-334,1992.0,2,2,180.0,2.0,0,0,0,0,0,0,1,0,0.0,0.0,0.0,0.0,0.0
ENG-Premier League,2627,Liverpool,Cody Gakpo,NED,MF,27-117,1999.0,2,2,160.0,1.8,1,1,2,1,0,0,0,0,0.56,0.56,1.13,0.56,1.13
ENG-Premier League,2627,Liverpool,Dominik Szoboszlai,HUN,MF,25-311,2000.0,2,2,180.0,2.0,1,0,1,0,1,1,0,0,0.5,0.0,0.5,0.0,0.0
ENG-Premier League,2627,Liverpool,Florian Wirtz,GER,MF,23-121,2003.0,2,2,152.0,1.7,0,1,1,0,0,0,1,0,0.0,0.59,0.59,0.0,0.59
ENG-Premier League,2627,Liverpool,Jeremie Frimpong,NED,DF,25-265,2000.0,2,2,160.0,1.8,0,0,0,0,0,0,1,0,0.0,0.0,0.0,0.0,0.0
ENG-Premier League,2627,Liverpool,Jérémy Jacquet,FRA,DF,21-050,2005.0,2,2,145.0,1.6,0,0,0,0,0,0,0,0,0.0,0.0,0.0,0.0,0.0
ENG-Premier League,2627,Liverpool,Kostas Tsimikas,GRE,DF,30-112,1996.0,1,0,20.0,0.2,0,0,0,0,0,0,0,0,0.0,0.0,0.0,0.0,0.0
ENG-Premier League,2627,Liverpool,Lewis Koumas,WAL,MF,20-347,2005.0,1,0,13.0,0.1,0,0,0,0,0,0,0,0,0.0,0.0,0.0,0.0,0.0
ENG-Premier League,2627,Liverpool,Milos Kerkez,HUN,DF,22-298,2003.0,2,2,160.0,1.8,0,0,0,0,0,0,1,0,0.0,0.0,0.0,0.0,0.0
ENG-Premier League,2627,Liverpool,Rio Ngumoha,ENG,MF,18-003,2008.0,2,1,82.0,0.9,0,0,0,0,0,0,0,0,0.0,0.0,0.0,0.0,0.0
ENG-Premier League,2627,Liverpool,Ronald Araújo,URU,DF,27-178,1999.0,2,0,35.0,0.4,0,0,0,0,0,0,1,0,0.0,0.0,0.0,0.0,0.0
ENG-Premier League,2627,Liverpool,Ryan Gravenberch,NED,MF,24-108,2002.0,2,1,97.0,1.1,0,1,1,0,0,0,0,0,0.0,0.93,0.93,0.0,0.93
ENG-Premier League,2627,Liverpool,Trey Nyoni,ENG,MF,19-063,2007.0,1,0,14.0,0.2,0,0,0,0,0,0,0,0,0.0,0.0,0.0,0.0,0.0
ENG-Premier League,2627,Liverpool,Virgil van Dijk,NED,DF,35-055,1991.0,2,2,180.0,2.0,0,0,0,0,0,0,1,0,0.0,0.0,0.0,0.0,0.0
ENG-Premier League,2627,Liverpool,Víctor Muñoz,ESP,MF,23-050,2003.0,2,1,118.0,1.3,1,0,1,1,0,0,1,0,0.76,0.0,0.76,0.76,0.76
ENG-Premier League,2627,Manchester City,Abdukodir Khusanov,UZB,DF,22-184,2004.0,2,2,178.0,2.0,0,0,0,0,0,0,0,0,0.0,0.0,0.0,0.0,0.0
ENG-Premier League,2627,Manchester City,Antoine Semenyo,GHA,MF,26-237,2000.0,2,2,180.0,2.0,0,1,1,0,0,0,0,0,0.0,0.5,0.5,0.0,0.5
ENG-Premier League,2627,Manchester City,Ayyoub Bouaddi,MAR,MF,18-334,2007.0,1,0,9.0,0.1,0,0,0,0,0,0,0,0,0.0,0.0,0.0,0.0,0.0
ENG-Premier League,2627,Manchester City,Elliot Anderson,ENG,MF,23-299,2002.0,2,2,143.0,1.6,0,0,0,0,0,0,1,0,0.0,0.0,0.0,0.0,0.0
ENG-Premier League,2627,Manchester City,Erling Haaland,NOR,FW,26-042,2000.0,2,2,180.0,2.0,2,0,2,2,0,0,0,0,1.0,0.0,1.0,1.0,1.0
ENG-Premier League,2627,Manchester City,Gianluigi Donnarumma,ITA,GK,27-188,1999.0,2,2,180.0,2.0,0,0,0,0,0,0,0,0,0.0,0.0,0.0,0.0,0.0
ENG-Premier League,2627,Manchester City,Jack Grealish,ENG,"FW,MF",30-356,1995.0,1,0,9.0,0.1,0,0,0,0,0,0,0,0,0.0,0.0,0.0,0.0,0.0
ENG-Premier League,2627,Manchester City,Joško Gvardiol,CRO,DF,24-221,2002.0,2,2,164.0,1.8,1,1,2,1,0,0,0,0,0.55,0.55,1.1,0.55,1.1
ENG-Premier League,2627,Manchester City,Kaden Braithwaite,ENG,DF,18-205,2008.0,1,0,2.0,0.0,0,0,0,0,0,0,0,0,0.0,0.0,0.0,0.0,0.0
ENG-Premier League,2627,Manchester City,Marc Guéhi,ENG,"MF,DF",26-050,2000.0,2,2,180.0,2.0,1,0,1,1,0,0,0,0,0.5,0.0,0.5,0.5,0.5
ENG-Premier League,2627,Manchester City,Mateo Kovačić,CRO,MF,32-118,1994.0,2,0,44.0,0.5,0,0,0,0,0,0,0,0,0.0,0.0,0.0,0.0,0.0
ENG-Premier League,2627,Manchester City,Matheus Nunes,POR,"DF,MF",28-005,1998.0,1,0,34.0,0.4,0,0,0,0,0,0,0,0,0.0,0.0,0.0,0.0,0.0
ENG-Premier League,2627,Manchester City,Nico O'Reilly,ENG,MF,21-164,2005.0,2,2,150.0,1.7,0,0,0,0,0,0,0,0,0.0,0.0,0.0,0.0,0.0
ENG-Premier League,2627,Manchester City,Phil Foden,ENG,MF,26-096,2000.0,2,2,171.0,1.9,0,2,2,0,0,0,1,0,0.0,1.05,1.05,0.0,1.05
ENG-Premier League,2627,Manchester City,Rayan Cherki,FRA,MF,23-015,2003.0,2,1,109.0,1.2,2,2,4,2,0,0,1,0,1.65,1.65,3.3,1.65,3.3
ENG-Premier League,2627,Manchester City,Rico Lewis,ENG,DF,21-284,2004.0,1,1,56.0,0.6,0,0,0,0,0,0,0,0,0.0,0.0,0.0,0.0,0.0
ENG-Premier League,2627,Manchester City,Ryan Mcaidoo,ENG,FW,18-069,2008.0,1,0,9.0,0.1,0,0,0,0,0,0,0,0,0.0,0.0,0.0,0.0,0.0
ENG-Premier League,2627,Manchester City,Rúben Dias,POR,DF,29-110,1997.0,2,2,180.0,2.0,0,0,0,0,0,0,0,0,0.0,0.0,0.0,0.0,0.0
ENG-Premier League,2627,Manchester City,Vitor Reis,BRA,DF,20-232,2006.0,1,0,2.0,0.0,0,0,0,0,0,0,0,0,0.0,0.0,0.0,0.0,0.0
ENG-Premier League,2627,Manchester Utd,Andrey Santos,BRA,MF,22-121,2004.0,2,1,77.0,0.9,0,0,0,0,0,0,0,0,0.0,0.0,0.0,0.0,0.0
ENG-Premier League,2627,Manchester Utd,Ayden Heaven,ENG,DF,19-344,2006.0,1,1,90.0,1.0,0,0,0,0,0,0,0,0,0.0,0.0,0.0,0.0,0.0
ENG-Premier League,2627,Manchester Utd,Benjamin Šeško,SVN,FW,23-093,2003.0,2,0,35.0,0.4,0,0,0,0,0,0,0,0,0.0,0.0,0.0,0.0,0.0
ENG-Premier League,2627,Manchester Utd,Bruno Fernandes,POR,MF,31-358,1994.0,2,2,180.0,2.0,3,1,4,2,1,1,0,0,1.5,0.5,2.0,1.0,1.5
ENG-Premier League,2627,Manchester Utd,Bryan Mbeumo,CMR,MF,27-025,1999.0,2,2,180.0,2.0,1,0,1,1,0,0,1,0,0.5,0.0,0.5,0.5,0.5
ENG-Premier League,2627,Manchester Utd,Diogo Dalot,POR,DF,27-167,1999.0,2,1,84.0,0.9,0,0,0,0,0,0,0,0,0.0,0.0,0.0,0.0,0.0
ENG-Premier League,2627,Manchester Utd,Harry Maguire,ENG,DF,33-180,1993.0,2,2,180.0,2.0,0,0,0,0,0,0,0,0,0.0,0.0,0.0,0.0,0.0
ENG-Premier League,2627,Manchester Utd,Kobbie Mainoo,ENG,MF,21-135,2005.0,2,1,103.0,1.1,0,0,0,0,0,0,0,0,0.0,0.0,0.0,0.0,0.0
ENG-Premier League,2627,Manchester Utd,Leny Yoro,FRA,DF,20-292,2005.0,1,0,17.0,0.2,0,0,0,0,0,0,0,0,0.0,0.0,0.0,0.0,0.0
ENG-Premier League,2627,Manchester Utd,Lisandro Martínez,ARG,DF,28-226,1998.0,1,1,90.0,1.0,0,0,0,0,0,0,0,0,0.0,0.0,0.0,0.0,0.0
ENG-Premier League,2627,Manchester Utd,Luke Shaw,ENG,DF,31-051,1995.0,2,2,162.0,1.8,0,0,0,0,0,0,0,0,0.0,0.0,0.0,0.0,0.0
ENG-Premier League,2627,Manchester Utd,Marcus Rashford,ENG,MF,28-305,1997.0,2,1,124.0,1.4,0,0,0,0,0,0,0,0,0.0,0.0,0.0,0.0,0.0
ENG-Premier League,2627,Manchester Utd,Matheus Cunha,BRA,FW,27-097,1999.0,2,2,158.0,1.8,0,1,1,0,0,0,0,0,0.0,0.57,0.57,0.0,0.57
ENG-Premier League,2627,Manchester Utd,Noussair Mazraoui,MAR,DF,28-291,1997.0,2,1,97.0,1.1,0,0,0,0,0,0,0,0,0.0,0.0,0.0,0.0,0.0
ENG-Premier League,2627,Manchester Utd,Patrick Dorgu,DEN,MF,21-310,2004.0,2,1,56.0,0.6,0,0,0,0,0,0,1,0,0.0,0.0,0.0,0.0,0.0
ENG-Premier League,2627,Manchester Utd,Senne Lammens,BEL,GK,24-056,2002.0,2,2,180.0,2.0,0,0,0,0,0,0,0,0,0.0,0.0,0.0,0.0,0.0
ENG-Premier League,2627,Manchester Utd,Shea Lacey,ENG,FW,19-140,2007.0,1,0,11.0,0.1,0,0,0,0,0,0,0,0,0.0,0.0,0.0,0.0,0.0
ENG-Premier League,2627,Manchester Utd,Youri Tielemans,BEL,MF,29-117,1997.0,2,2,156.0,1.7,0,0,0,0,0,0,0,0,0.0,0.0,0.0,0.0,0.0
ENG-Premier League,2627,Newcastle,Aladji Bamba,FRA,MF,20-049,2006.0,1,0,15.0,0.2,0,0,0,0,0,0,0,0,0.0,0.0,0.0,0.0,0.0
ENG-Premier League,2627,Newcastle,Amar Dedić,BIH,DF,24-014,2002.0,2,2,180.0,2.0,0,1,1,0,0,0,0,0,0.0,0.5,0.5,0.0,0.5
ENG-Premier League,2627,Newcastle,Anthony Elanga,SWE,MF,24-127,2002.0,2,2,156.0,1.7,2,0,2,2,0,0,0,0,1.15,0.0,1.15,1.15,1.15
ENG-Premier League,2627,Newcastle,Bazoumana Touré,CIV,MF,20-183,2006.0,1,0,1.0,0.0,0,0,0,0,0,0,0,0,0.0,0.0,0.0,0.0,0.0
ENG-Premier League,2627,Newcastle,Fabian Schär,SUI,DF,34-255,1991.0,1,0,1.0,0.0,0,0,0,0,0,0,0,0,0.0,0.0,0.0,0.0,0.0
ENG-Premier League,2627,Newcastle,Harvey Barnes,ENG,MF,28-266,1997.0,2,2,179.0,2.0,0,0,0,0,0,0,0,0,0.0,0.0,0.0,0.0,0.0
ENG-Premier League,2627,Newcastle,Jacob Murphy,ENG,"DF,FW",31-189,1995.0,2,0,24.0,0.3,0,0,0,0,0,0,1,0,0.0,0.0,0.0,0.0,0.0
ENG-Premier League,2627,Newcastle,Jacob Ramsey,ENG,MF,25-096,2001.0,2,0,44.0,0.5,0,0,0,0,0,0,1,0,0.0,0.0,0.0,0.0,0.0
ENG-Premier League,2627,Newcastle,Joe Willock,ENG,MF,27-012,1999.0,2,1,105.0,1.2,1,0,1,1,0,0,0,0,0.86,0.0,0.86,0.86,0.86
ENG-Premier League,2627,Newcastle,Lewis Hall,ENG,DF,21-358,2004.0,2,2,180.0,2.0,0,0,0,0,0,0,0,0,0.0,0.0,0.0,0.0,0.0
ENG-Premier League,2627,Newcastle,Lewis Miley,ENG,MF,20-123,2006.0,2,2,165.0,1.8,0,0,0,0,0,0,1,0,0.0,0.0,0.0,0.0,0.0
ENG-Premier League,2627,Newcastle,Lukáš Horníček,CZE,GK,24-050,2002.0,2,2,180.0,2.0,0,0,0,0,0,0,1,0,0.0,0.0,0.0,0.0,0.0
ENG-Premier League,2627,Newcastle,Malick Thiaw,GER,DF,25-024,2001.0,2,2,180.0,2.0,0,0,0,0,0,0,0,0,0.0,0.0,0.0,0.0,0.0
ENG-Premier League,2627,Newcastle,Nick Woltemade,GER,"FW,MF",24-199,2002.0,1,0,20.0,0.2,0,1,1,0,0,0,0,0,0.0,4.5,4.5,0.0,4.5
ENG-Premier League,2627,Newcastle,Nicolás González,ESP,MF,24-241,2002.0,1,1,70.0,0.8,0,0,0,0,0,0,1,0,0.0,0.0,0.0,0.0,0.0
ENG-Premier League,2627,Newcastle,Sean Steur,NED,MF,18-233,2008.0,2,1,75.0,0.8,0,0,0,0,0,0,0,0,0.0,0.0,0.0,0.0,0.0
ENG-Premier League,2627,Newcastle,Sven Botman,NED,DF,26-232,2000.0,2,2,180.0,2.0,0,0,0,0,0,0,1,0,0.0,0.0,0.0,0.0,0.0
ENG-Premier League,2627,Newcastle,William Osula,DEN,FW,23-028,2003.0,1,1,55.0,0.6,0,1,1,0,0,0,0,0,0.0,1.64,1.64,0.0,1.64
ENG-Premier League,2627,Newcastle,Yoane Wissa,COD,"MF,FW",29-363,1996.0,2,2,170.0,1.9,1,1,2,1,0,0,1,0,0.53,0.53,1.06,0.53,1.06
ENG-Premier League,2627,Nottingham,Arnaud Kalimuendo,FRA,FW,24-224,2002.0,1,0,1.0,0.0,0,0,0,0,0,0,0,0,0.0,0.0,0.0,0.0,0.0
ENG-Premier League,2627,Nottingham,Callum Hudson-Odoi,ENG,"FW,MF",25-298,2000.0,1,0,1.0,0.0,0,0,0,0,0,0,0,0,0.0,0.0,0.0,0.0,0.0
ENG-Premier League,2627,Nottingham,Chris Wood,NZL,FW,34-268,1991.0,1,0,29.0,0.3,0,0,0,0,0,0,0,0,0.0,0.0,0.0,0.0,0.0
ENG-Premier League,2627,Nottingham,Dan Ndoye,SUI,MF,25-311,2000.0,2,2,126.0,1.4,1,0,1,1,0,0,0,0,0.71,0.0,0.71,0.71,0.71
ENG-Premier League,2627,Nottingham,Ibrahim Sangaré,CIV,MF,28-273,1997.0,1,1,90.0,1.0,0,0,0,0,0,0,0,0,0.0,0.0,0.0,0.0,0.0
ENG-Premier League,2627,Nottingham,Igor Jesus,BRA,FW,25-188,2001.0,2,2,179.0,2.0,0,0,0,0,0,0,1,0,0.0,0.0,0.0,0.0,0.0
ENG-Premier League,2627,Nottingham,Jair Cunha,BRA,DF,21-178,2005.0,2,2,180.0,2.0,0,0,0,0,0,0,1,0,0.0,0.0,0.0,0.0,0.0
ENG-Premier League,2627,Nottingham,James Mcatee,ENG,MF,23-318,2002.0,2,2,162.0,1.8,0,0,0,0,0,0,0,0,0.0,0.0,0.0,0.0,0.0
ENG-Premier League,2627,Nottingham,Liam Delap,ENG,FW,23-205,2003.0,1,0,25.0,0.3,0,0,0,0,0,0,0,0,0.0,0.0,0.0,0.0,0.0
ENG-Premier League,2627,Nottingham,Luca Netz,GER,"DF,MF",23-109,2003.0,2,0,22.0,0.2,0,0,0,0,0,0,0,0,0.0,0.0,0.0,0.0,0.0
ENG-Premier League,2627,Nottingham,Matz Sels,BEL,GK,34-187,1992.0,2,2,180.0,2.0,0,0,0,0,0,0,0,0,0.0,0.0,0.0,0.0,0.0
ENG-Premier League,2627,Nottingham,Morgan Gibbs-White,ENG,MF,26-217,2000.0,2,2,180.0,2.0,1,1,2,0,1,1,0,0,0.5,0.5,1.0,0.0,0.5
ENG-Premier League,2627,Nottingham,Murillo,BRA,DF,24-059,2002.0,2,2,179.0,2.0,0,0,0,0,0,0,0,0,0.0,0.0,0.0,0.0,0.0
ENG-Premier League,2627,Nottingham,Neco Williams,WAL,MF,25-141,2001.0,2,2,180.0,2.0,0,0,0,0,0,0,0,0,0.0,0.0,0.0,0.0,0.0
ENG-Premier League,2627,Nottingham,Nicolás Domínguez,ARG,MF,28-065,1998.0,1,0,1.0,0.0,0,0,0,0,0,0,0,0,0.0,0.0,0.0,0.0,0.0
ENG-Premier League,2627,Nottingham,Nikola Milenković,SRB,DF,28-324,1997.0,2,2,180.0,2.0,0,0,0,0,0,0,0,0,0.0,0.0,0.0,0.0,0.0
ENG-Premier League,2627,Nottingham,Ola Aina,NGA,MF,29-328,1996.0,2,2,158.0,1.8,0,0,0,0,0,0,2,0,0.0,0.0,0.0,0.0,0.0
ENG-Premier League,2627,Nottingham,Xaver Schlager,AUT,MF,28-338,1997.0,2,1,107.0,1.2,0,0,0,0,0,0,0,0,0.0,0.0,0.0,0.0,0.0
ENG-Premier League,2627,Sunderland,Brian Brobbey,NED,FW,24-212,2002.0,2,2,129.0,1.4,0,0,0,0,0,0,0,0,0.0,0.0,0.0,0.0,0.0
ENG-Premier League,2627,Sunderland,Chemsdine Talbi,MAR,MF,21-115,2005.0,1,0,32.0,0.4,0,0,0,0,0,0,0,0,0.0,0.0,0.0,0.0,0.0
ENG-Premier League,2627,Sunderland,Chris Rigg,ENG,MF,19-075,2007.0,2,0,19.0,0.2,0,0,0,0,0,0,0,0,0.0,0.0,0.0,0.0,0.0
ENG-Premier League,2627,Sunderland,Daniel Ballard,NIR,DF,26-344,1999.0,2,2,180.0,2.0,0,0,0,0,0,0,1,0,0.0,0.0,0.0,0.0,0.0
ENG-Premier League,2627,Sunderland,Enzo Le Fée,FRA,MF,26-210,2000.0,2,2,168.0,1.9,0,0,0,0,0,0,0,0,0.0,0.0,0.0,0.0,0.0
ENG-Premier League,2627,Sunderland,Granit Xhaka,SUI,MF,33-339,1992.0,2,2,180.0,2.0,0,0,0,0,0,0,0,0,0.0,0.0,0.0,0.0,0.0
ENG-Premier League,2627,Sunderland,Habib Diarra,SEN,MF,22-241,2004.0,2,0,29.0,0.3,0,1,1,0,0,0,0,0,0.0,3.1,3.1,0.0,3.1
ENG-Premier League,2627,Sunderland,Luke O'Nien,ENG,DF,31-284,1994.0,1,1,66.0,0.7,0,0,0,0,0,0,1,0,0.0,0.0,0.0,0.0,0.0
ENG-Premier League,2627,Sunderland,Nilson Angulo,ECU,MF,23-074,2003.0,2,2,122.0,1.4,1,0,1,1,0,0,1,0,0.74,0.0,0.74,0.74,0.74
ENG-Premier League,2627,Sunderland,Noah Sadiki,COD,MF,21-258,2004.0,2,2,180.0,2.0,0,0,0,0,0,0,0,0,0.0,0.0,0.0,0.0,0.0
ENG-Premier League,2627,Sunderland,Nordi Mukiele,FRA,DF,28-304,1997.0,1,1,90.0,1.0,0,0,0,0,0,0,0,0,0.0,0.0,0.0,0.0,0.0
ENG-Premier League,2627,Sunderland,Omar Alderete,PAR,DF,29-249,1996.0,1,0,24.0,0.3,0,0,0,0,0,0,0,0,0.0,0.0,0.0,0.0,0.0
ENG-Premier League,2627,Sunderland,Reinildo Mandava,MOZ,DF,32-223,1994.0,2,2,180.0,2.0,0,0,0,0,0,0,0,0,0.0,0.0,0.0,0.0,0.0
ENG-Premier League,2627,Sunderland,Robin Roefs,NED,GK,23-227,2003.0,2,2,180.0,2.0,0,0,0,0,0,0,0,0,0.0,0.0,0.0,0.0,0.0
ENG-Premier League,2627,Sunderland,Romaine Mundle,ENG,MF,23-130,2003.0,1,0,1.0,0.0,0,0,0,0,0,0,0,0,0.0,0.0,0.0,0.0,0.0
ENG-Premier League,2627,Sunderland,Thomas Meunier,BEL,DF,34-354,1991.0,2,2,180.0,2.0,0,0,0,0,0,0,0,0,0.0,0.0,0.0,0.0,0.0
ENG-Premier League,2627,Sunderland,Trai Hume,NIR,MF,24-167,2002.0,2,2,169.0,1.9,0,0,0,0,0,0,0,0,0.0,0.0,0.0,0.0,0.0
ENG-Premier League,2627,Sunderland,Wilson Isidor,HAI,"FW,MF",26-005,2000.0,2,0,51.0,0.6,1,0,1,1,0,0,0,0,1.76,0.0,1.76,1.76,1.76
ENG-Premier League,2627,Tottenham,Andy Robertson,SCO,DF,32-174,1994.0,2,2,157.0,1.7,0,0,0,0,0,0,0,0,0.0,0.0,0.0,0.0,0.0
ENG-Premier League,2627,Tottenham,Antonín Kinský,CZE,GK,23-172,2003.0,2,2,180.0,2.0,0,0,0,0,0,0,0,0,0.0,0.0,0.0,0.0,0.0
ENG-Premier League,2627,Tottenham,Archie Gray,ENG,DF,20-173,2006.0,2,2,152.0,1.7,0,0,0,0,0,0,0,0,0.0,0.0,0.0,0.0,0.0
ENG-Premier League,2627,Tottenham,Conor Gallagher,ENG,MF,26-207,2000.0,1,1,45.0,0.5,0,0,0,0,0,0,1,0,0.0,0.0,0.0,0.0,0.0
ENG-Premier League,2627,Tottenham,Destiny Udogie,ITA,"DF,MF",23-277,2002.0,2,0,28.0,0.3,0,0,0,0,0,0,0,0,0.0,0.0,0.0,0.0,0.0
ENG-Premier League,2627,Tottenham,Dominic Solanke,ENG,FW,28-352,1997.0,2,0,39.0,0.4,0,0,0,0,0,0,0,0,0.0,0.0,0.0,0.0,0.0
ENG-Premier League,2627,Tottenham,James Maddison,ENG,"FW,MF",29-282,1996.0,1,0,23.0,0.3,0,0,0,0,0,0,0,0,0.0,0.0,0.0,0.0,0.0
ENG-Premier League,2627,Tottenham,Jan Paul van Hecke,NED,DF,26-085,2000.0,2,2,180.0,2.0,0,0,0,0,0,0,0,0,0.0,0.0,0.0,0.0,0.0
ENG-Premier League,2627,Tottenham,Lucas Bergvall,SWE,MF,20-211,2006.0,1,1,45.0,0.5,0,0,0,0,0,0,0,0,0.0,0.0,0.0,0.0,0.0
ENG-Premier League,2627,Tottenham,Marcos Senesi,ARG,DF,29-114,1997.0,1,1,90.0,1.0,0,0,0,0,0,0,0,0,0.0,0.0,0.0,0.0,0.0
ENG-Premier League,2627,Tottenham,Mateus Fernandes,POR,MF,22-053,2004.0,2,1,135.0,1.5,0,0,0,0,0,0,0,0,0.0,0.0,0.0,0.0,0.0
ENG-Premier League,2627,Tottenham,Mathys Tel,FRA,MF,21-127,2005.0,2,2,157.0,1.7,0,0,0,0,0,0,0,0,0.0,0.0,0.0,0.0,0.0
ENG-Premier League,2627,Tottenham,Micky van de Ven,NED,DF,25-135,2001.0,1,1,90.0,1.0,0,0,0,0,0,0,1,0,0.0,0.0,0.0,0.0,0.0
ENG-Premier League,2627,Tottenham,Mikey Moore,ENG,MF,19-021,2007.0,2,1,90.0,1.0,0,0,0,0,0,0,0,0,0.0,0.0,0.0,0.0,0.0
ENG-Premier League,2627,Tottenham,Mohammed Kudus,GHA,"FW,MF",26-030,2000.0,1,0,23.0,0.3,0,0,0,0,0,0,0,0,0.0,0.0,0.0,0.0,0.0
ENG-Premier League,2627,Tottenham,Omar Marmoush,EGY,FW,27-206,1999.0,1,1,90.0,1.0,0,0,0,0,0,0,0,0,0.0,0.0,0.0,0.0,0.0
ENG-Premier League,2627,Tottenham,Pedro Porro,ESP,MF,26-353,1999.0,1,1,90.0,1.0,0,0,0,0,0,0,0,0,0.0,0.0,0.0,0.0,0.0
ENG-Premier League,2627,Tottenham,Richarlison,BRA,FW,29-114,1997.0,1,1,67.0,0.7,0,0,0,0,0,0,0,0,0.0,0.0,0.0,0.0,0.0
ENG-Premier League,2627,Tottenham,Rodrigo Bentancur,URU,MF,29-068,1997.0,2,1,135.0,1.5,0,0,0,0,0,0,0,0,0.0,0.0,0.0,0.0,0.0
ENG-Premier League,2627,Tottenham,Sandro Tonali,ITA,MF,26-116,2000.0,2,2,164.0,1.8,0,0,0,0,0,0,0,0,0.0,0.0,0.0,0.0,0.0
ESP-La Liga,2627,Alavés,Abde Rebbach,ALG,"DF,MF",28-021,1998.0,3,3,249.0,2.8,0,0,0,0,0,0,2,0,0.0,0.0,0.0,0.0,0.0
ESP-La Liga,2627,Alavés,Aitor Mañas,ESP,FW,23-239,2003.0,2,1,65.0,0.7,0,0,0,0,0,0,0,0,0.0,0.0,0.0,0.0,0.0
ESP-La Liga,2627,Alavés,Ander Guevara,ESP,MF,29-056,1997.0,1,0,1.0,0.0,0,0,0,0,0,0,0,0,0.0,0.0,0.0,0.0,0.0
ESP-La Liga,2627,Alavés,Antonio Blanco,ESP,MF,26-040,2000.0,3,3,269.0,3.0,0,0,0,0,0,0,1,0,0.0,0.0,0.0,0.0,0.0
ESP-La Liga,2627,Alavés,Antonio Sivera,ESP,GK,30-021,1996.0,3,3,270.0,3.0,0,0,0,0,0,0,1,0,0.0,0.0,0.0,0.0,0.0
ESP-La Liga,2627,Alavés,Carles Aleñá,ESP,MF,28-239,1998.0,2,0,12.0,0.1,0,0,0,0,0,0,0,0,0.0,0.0,0.0,0.0,0.0
ESP-La Liga,2627,Alavés,Carlos Benavídez,URU,MF,28-155,1998.0,1,0,20.0,0.2,0,0,0,0,0,0,0,0,0.0,0.0,0.0,0.0,0.0
ESP-La Liga,2627,Alavés,Denis Suárez,ESP,MF,32-238,1994.0,3,1,105.0,1.2,0,0,0,0,0,0,1,0,0.0,0.0,0.0,0.0,0.0
ESP-La Liga,2627,Alavés,Jonny Castro,ESP,DF,32-182,1994.0,3,3,249.0,2.8,0,0,0,0,0,0,0,0,0.0,0.0,0.0,0.0,0.0
ESP-La Liga,2627,Alavés,Lucas Boyé,ARG,FW,30-185,1996.0,2,2,142.0,1.6,1,0,1,1,0,0,0,0,0.63,0.0,0.63,0.63,0.63
ESP-La Liga,2627,Alavés,Mariano,DOM,FW,33-031,1993.0,3,0,100.0,1.1,2,2,4,2,0,0,2,0,1.8,1.8,3.6,1.8,3.6
ESP-La Liga,2627,Alavés,Mikel Rodriguez,ESP,MF,24-151,2002.0,3,2,148.0,1.6,1,0,1,1,0,0,0,0,0.61,0.0,0.61,0.61,0.61
ESP-La Liga,2627,Alavés,Nahuel Tenaglia,ARG,DF,30-192,1996.0,3,3,270.0,3.0,1,0,1,1,0,0,1,0,0.33,0.0,0.33,0.33,0.33
ESP-La Liga,2627,Alavés,Nicolás Valentini,ARG,DF,25-148,2001.0,1,0,11.0,0.1,0,0,0,0,0,0,1,0,0.0,0.0,0.0,0.0,0.0
ESP-La Liga,2627,Alavés,Pablo Ibáñez,ESP,MF,27-346,1998.0,3,3,270.0,3.0,0,0,0,0,0,0,0,0,0.0,0.0,0.0,0.0,0.0
ESP-La Liga,2627,Alavés,Toni Martínez,ESP,FW,29-063,1997.0,3,3,233.0,2.6,0,0,0,0,0,0,0,0,0.0,0.0,0.0,0.0,0.0
ESP-La Liga,2627,Alavés,Ville Koski,FIN,DF,24-217,2002.0,3,3,259.0,2.9,0,0,0,0,0,0,0,0,0.0,0.0,0.0,0.0,0.0
ESP-La Liga,2627,Alavés,Youssef Lekhedim,ESP,DF,20-329,2005.0,3,0,84.0,0.9,0,0,0,0,0,0,0,0,0.0,0.0,0.0,0.0,0.0
ESP-La Liga,2627,Alavés,Ángel Pérez,ESP,"DF,MF",24-003,2002.0,3,3,213.0,2.4,0,1,1,0,0,0,0,0,0.0,0.42,0.42,0.0,0.42
ESP-La Liga,2627,Athletic Club,Adama Boiro,ESP,DF,24-071,2002.0,1,0,21.0,0.2,0,0,0,0,0,0,0,0,0.0,0.0,0.0,0.0,0.0
ESP-La Liga,2627,Athletic Club,Aitor Paredes,ESP,DF,26-125,2000.0,2,2,163.0,1.8,1,0,1,1,0,0,0,0,0.55,0.0,0.55,0.55,0.55
ESP-La Liga,2627,Athletic Club,Aymeric Laporte,ESP,DF,32-097,1994.0,3,2,213.0,2.4,0,0,0,0,0,0,0,0,0.0,0.0,0.0,0.0,0.0
ESP-La Liga,2627,Athletic Club,Beñat Gerenabarrena,ESP,MF,23-156,2003.0,3,2,193.0,2.1,0,0,0,0,0,0,1,0,0.0,0.0,0.0,0.0,0.0
ESP-La Liga,2627,Athletic Club,Gorka Guruzeta,ESP,FW,29-354,1996.0,3,2,163.0,1.8,0,0,0,0,0,0,2,0,0.0,0.0,0.0,0.0,0.0
ESP-La Liga,2627,Athletic Club,Hugo Rincón,ESP,DF,23-217,2003.0,2,1,107.0,1.2,0,0,0,0,0,0,0,0,0.0,0.0,0.0,0.0,0.0
ESP-La Liga,2627,Athletic Club,Iñaki Williams,GHA,"MF,FW",32-078,1994.0,3,3,180.0,2.0,0,1,1,0,0,0,0,0,0.0,0.5,0.5,0.0,0.5
ESP-La Liga,2627,Athletic Club,Iñigo Ruiz de Galarreta,ESP,MF,33-026,1993.0,2,1,72.0,0.8,0,1,1,0,0,0,1,0,0.0,1.25,1.25,0.0,1.25
ESP-La Liga,2627,Athletic Club,Jesús Areso,ESP,DF,27-061,1999.0,2,2,142.0,1.6,0,0,0,0,0,0,0,0,0.0,0.0,0.0,0.0,0.0
ESP-La Liga,2627,Athletic Club,Johaneko Louisjean,FRA,DF,22-065,2004.0,2,1,74.0,0.8,0,0,0,0,0,0,1,0,0.0,0.0,0.0,0.0,0.0
ESP-La Liga,2627,Athletic Club,Maroan Sannadi,MAR,FW,25-212,2001.0,1,0,33.0,0.4,0,0,0,0,0,0,0,0,0.0,0.0,0.0,0.0,0.0
ESP-La Liga,2627,Athletic Club,Mikel Jauregizar,ESP,MF,22-292,2003.0,2,1,95.0,1.1,0,0,0,0,0,0,0,0,0.0,0.0,0.0,0.0,0.0
ESP-La Liga,2627,Athletic Club,Nico Williams,ESP,MF,24-051,2002.0,3,1,109.0,1.2,0,0,0,0,0,0,0,0,0.0,0.0,0.0,0.0,0.0
ESP-La Liga,2627,Athletic Club,Oihan Sancet,ESP,MF,26-129,2000.0,3,3,244.0,2.7,0,0,0,0,0,0,0,0,0.0,0.0,0.0,0.0,0.0
ESP-La Liga,2627,Athletic Club,Peio Canales,ESP,MF,21-227,2005.0,3,2,206.0,2.3,0,0,0,0,0,0,0,0,0.0,0.0,0.0,0.0,0.0
ESP-La Liga,2627,Athletic Club,Roberto Navarro,ESP,MF,24-142,2002.0,2,1,104.0,1.2,1,0,1,1,0,0,1,0,0.87,0.0,0.87,0.87,0.87
ESP-La Liga,2627,Athletic Club,Unai Simón,ESP,GK,29-082,1997.0,3,3,270.0,3.0,0,0,0,0,0,0,0,0,0.0,0.0,0.0,0.0,0.0
ESP-La Liga,2627,Athletic Club,Yeray Álvarez,ESP,DF,31-220,1995.0,2,2,180.0,2.0,0,1,1,0,0,0,0,0,0.0,0.5,0.5,0.0,0.5
ESP-La Liga,2627,Athletic Club,Yuri Berchiche,ESP,DF,36-203,1990.0,2,2,100.0,1.1,0,0,0,0,0,0,1,1,0.0,0.0,0.0,0.0,0.0
ESP-La Liga,2627,Athletic Club,Álex Berenguer,ESP,MF,31-059,1995.0,3,2,211.0,2.3,1,0,1,1,0,0,0,0,0.43,0.0,0.43,0.43,0.43
ESP-La Liga,2627,Athletic Club,Álvaro djaló,GNB,MF,27-016,1999.0,1,0,10.0,0.1,0,0,0,0,0,0,0,0,0.0,0.0,0.0,0.0,0.0
ESP-La Liga,2627,Atlético Madrid,Ademola Lookman,NGA,"FW,MF",28-316,1997.0,3,3,233.0,2.6,1,0,1,1,0,0,0,0,0.39,0.0,0.39,0.39,0.39
ESP-La Liga,2627,Atlético Madrid,Arnau Ortiz,ESP,MF,24-307,2001.0,2,1,81.0,0.9,0,0,0,0,0,0,0,0,0.0,0.0,0.0,0.0,0.0
ESP-La Liga,2627,Atlético Madrid,Carlos Martín,ESP,MF,24-132,2002.0,1,1,56.0,0.6,0,0,0,0,0,0,0,0,0.0,0.0,0.0,0.0,0.0
ESP-La Liga,2627,Atlético Madrid,Daniel Martinez,ESP,DF,22-119,2004.0,1,1,90.0,1.0,0,0,0,0,0,0,0,0,0.0,0.0,0.0,0.0,0.0
ESP-La Liga,2627,Atlético Madrid,Dávid Hancko,SVK,DF,28-262,1997.0,3,3,270.0,3.0,0,1,1,0,0,0,1,0,0.0,0.33,0.33,0.0,0.33
ESP-La Liga,2627,Atlético Madrid,Giuliano Simeone,ARG,MF,23-257,2002.0,3,2,214.0,2.4,1,1,2,1,0,0,0,0,0.42,0.42,0.84,0.42,0.84
ESP-La Liga,2627,Atlético Madrid,Jan Oblak,SVN,GK,33-237,1993.0,3,3,270.0,3.0,0,0,0,0,0,0,0,0,0.0,0.0,0.0,0.0,0.0
ESP-La Liga,2627,Atlético Madrid,Johnny Cardoso,USA,MF,24-346,2001.0,1,0,6.0,0.1,0,0,0,0,0,0,0,0,0.0,0.0,0.0,0.0,0.0
ESP-La Liga,2627,Atlético Madrid,Jorge Domínguez,ESP,DF,16-254,2009.0,1,1,45.0,0.5,0,0,0,0,0,0,1,0,0.0,0.0,0.0,0.0,0.0
ESP-La Liga,2627,Atlético Madrid,José María Giménez,URU,DF,31-224,1995.0,2,0,37.0,0.4,0,0,0,0,0,0,1,0,0.0,0.0,0.0,0.0,0.0
ESP-La Liga,2627,Atlético Madrid,Julián Álvarez,ARG,"FW,MF",26-213,2000.0,1,0,25.0,0.3,0,0,0,0,0,0,0,0,0.0,0.0,0.0,0.0,0.0
ESP-La Liga,2627,Atlético Madrid,Koke,ESP,MF,34-236,1992.0,3,2,161.0,1.8,0,0,0,0,0,0,0,0,0.0,0.0,0.0,0.0,0.0
ESP-La Liga,2627,Atlético Madrid,Lee Kang-in,KOR,FW,25-194,2001.0,3,2,170.0,1.9,1,1,2,1,0,0,0,0,0.53,0.53,1.06,0.53,1.06
ESP-La Liga,2627,Atlético Madrid,Marc Pubill,ESP,DF,23-073,2003.0,2,2,155.0,1.7,1,0,1,1,0,0,1,0,0.58,0.0,0.58,0.58,0.58
ESP-La Liga,2627,Atlético Madrid,Marcos Llorente,ESP,DF,31-214,1995.0,3,1,135.0,1.5,0,1,1,0,0,0,1,0,0.0,0.67,0.67,0.0,0.67
ESP-La Liga,2627,Atlético Madrid,Morten Hjulmand,DEN,MF,27-068,1999.0,3,2,187.0,2.1,0,0,0,0,0,0,1,0,0.0,0.0,0.0,0.0,0.0
ESP-La Liga,2627,Atlético Madrid,Pablo Barrios,ESP,MF,23-078,2003.0,3,2,205.0,2.3,0,1,1,0,0,0,0,0,0.0,0.44,0.44,0.0,0.44
ESP-La Liga,2627,Atlético Madrid,Robin Le Normand,ESP,DF,29-294,1996.0,2,2,165.0,1.8,0,0,0,0,0,0,0,1,0.0,0.0,0.0,0.0,0.0
ESP-La Liga,2627,Atlético Madrid,Rodrigo Mendoza,ESP,MF,21-170,2005.0,3,2,107.0,1.2,0,0,0,0,0,0,0,0,0.0,0.0,0.0,0.0,0.0
ESP-La Liga,2627,Atlético Madrid,Álex Baena,ESP,FW,25-043,2001.0,3,1,163.0,1.8,3,1,4,3,0,0,1,0,1.66,0.55,2.21,1.66,2.21
ESP-La Liga,2627,Atlético Madrid,Álex Grimaldo,ESP,DF,30-346,1995.0,2,2,180.0,2.0,0,0,0,0,0,0,0,0,0.0,0.0,0.0,0.0,0.0
ESP-La Liga,2627,Barcelona,Andreas Christensen,DEN,DF,30-144,1996.0,2,2,180.0,2.0,0,0,0,0,0,0,0,0,0.0,0.0,0.0,0.0,0.0
ESP-La Liga,2627,Barcelona,Anthony Gordon,ENG,"MF,FW",25-189,2001.0,3,2,181.0,2.0,0,3,3,0,0,0,0,0,0.0,1.49,1.49,0.0,1.49
ESP-La Liga,2627,Barcelona,Dani Olmo,ESP,MF,28-117,1998.0,3,1,117.0,1.3,0,0,0,0,0,0,0,0,0.0,0.0,0.0,0.0,0.0
ESP-La Liga,2627,Barcelona,Eric García,ESP,DF,25-235,2001.0,2,2,169.0,1.9,0,0,0,0,0,0,0,0,0.0,0.0,0.0,0.0,0.0
ESP-La Liga,2627,Barcelona,Fermin López,ESP,MF,23-113,2003.0,3,2,207.0,2.3,3,0,3,3,0,0,0,0,1.3,0.0,1.3,1.3,1.3
ESP-La Liga,2627,Barcelona,Gavi,ESP,MF,22-027,2004.0,1,1,44.0,0.5,0,0,0,0,0,0,0,0,0.0,0.0,0.0,0.0,0.0
ESP-La Liga,2627,Barcelona,Gerard Martín,ESP,DF,24-187,2002.0,2,2,180.0,2.0,0,0,0,0,0,0,0,0,0.0,0.0,0.0,0.0,0.0
ESP-La Liga,2627,Barcelona,Hamza Abdelkarim,EGY,FW,18-243,2008.0,1,0,5.0,0.1,0,0,0,0,0,0,0,0,0.0,0.0,0.0,0.0,0.0
ESP-La Liga,2627,Barcelona,Joan García,ESP,GK,25-120,2001.0,3,3,270.0,3.0,0,0,0,0,0,0,0,0,0.0,0.0,0.0,0.0,0.0
ESP-La Liga,2627,Barcelona,João Cancelo,POR,"DF,MF",32-097,1994.0,3,0,31.0,0.3,0,0,0,0,0,0,0,0,0.0,0.0,0.0,0.0,0.0
ESP-La Liga,2627,Barcelona,Jules Koundé,FRA,DF,27-293,1998.0,3,1,112.0,1.2,0,0,0,0,0,0,0,0,0.0,0.0,0.0,0.0,0.0
ESP-La Liga,2627,Barcelona,Karim Adeyemi,GER,MF,24-226,2002.0,3,1,89.0,1.0,1,1,2,1,0,0,0,0,1.01,1.01,2.02,1.01,2.02
ESP-La Liga,2627,Barcelona,Lamine Yamal,ESP,"MF,FW",19-050,2007.0,3,3,244.0,2.7,2,0,2,2,0,0,0,0,0.74,0.0,0.74,0.74,0.74
ESP-La Liga,2627,Barcelona,Marc Bernal,ESP,MF,19-098,2007.0,3,3,204.0,2.3,0,1,1,0,0,0,0,0,0.0,0.44,0.44,0.0,0.44
ESP-La Liga,2627,Barcelona,Pau Cubarsí,ESP,DF,19-222,2007.0,2,2,180.0,2.0,0,0,0,0,0,0,0,0,0.0,0.0,0.0,0.0,0.0
ESP-La Liga,2627,Barcelona,Pedri,ESP,MF,23-280,2002.0,3,2,206.0,2.3,0,1,1,0,0,0,0,0,0.0,0.44,0.44,0.0,0.44
ESP-La Liga,2627,Barcelona,Raphinha,BRA,FW,29-261,1996.0,3,3,226.0,2.5,5,1,6,4,1,1,0,0,1.99,0.4,2.39,1.59,1.99
ESP-La Liga,2627,Barcelona,Rodri,ESP,"DF,MF",30-071,1996.0,2,0,55.0,0.6,0,0,0,0,0,0,0,0,0.0,0.0,0.0,0.0,0.0
ESP-La Liga,2627,Barcelona,Xavi Espart,ESP,DF,19-103,2007.0,3,3,270.0,3.0,0,2,2,0,0,0,1,0,0.0,0.67,0.67,0.0,0.67
ESP-La Liga,2627,Celta Vigo,Abdoulaye Faye,SEN,DF,21-344,2004.0,1,1,45.0,0.5,0,0,0,0,0,0,0,0,0.0,0.0,0.0,0.0,0.0
ESP-La Liga,2627,Celta Vigo,Aleix Febas,ESP,MF,30-211,1996.0,2,2,166.0,1.8,0,0,0,0,0,0,0,0,0.0,0.0,0.0,0.0,0.0
ESP-La Liga,2627,Celta Vigo,Carl Starfelt,SWE,DF,31-092,1995.0,2,1,129.0,1.4,0,0,0,0,0,0,0,0,0.0,0.0,0.0,0.0,0.0
ESP-La Liga,2627,Celta Vigo,Ferran Jutglà,ESP,FW,27-212,1999.0,3,2,165.0,1.8,0,0,0,0,0,0,0,0,0.0,0.0,0.0,0.0,0.0
ESP-La Liga,2627,Celta Vigo,Hugo González,ESP,FW,23-206,2003.0,1,1,45.0,0.5,0,0,0,0,0,0,0,0,0.0,0.0,0.0,0.0,0.0
ESP-La Liga,2627,Celta Vigo,Hugo Álvarez,ESP,FW,23-061,2003.0,3,1,116.0,1.3,0,0,0,0,0,0,0,0,0.0,0.0,0.0,0.0,0.0
ESP-La Liga,2627,Celta Vigo,Iago Aspas,ESP,FW,39-031,1987.0,3,1,123.0,1.4,1,0,1,1,0,0,0,0,0.73,0.0,0.73,0.73,0.73
ESP-La Liga,2627,Celta Vigo,Ilaix Moriba,GUI,MF,23-225,2003.0,3,2,149.0,1.7,0,0,0,0,0,0,0,0,0.0,0.0,0.0,0.0,0.0
ESP-La Liga,2627,Celta Vigo,Ionuț Radu,ROU,GK,29-096,1997.0,3,3,270.0,3.0,0,0,0,0,0,0,1,0,0.0,0.0,0.0,0.0,0.0
ESP-La Liga,2627,Celta Vigo,Javi Galán,ESP,MF,31-286,1994.0,2,2,127.0,1.4,0,0,0,0,0,0,0,0,0.0,0.0,0.0,0.0,0.0
ESP-La Liga,2627,Celta Vigo,Javi Rodríguez,ESP,DF,23-066,2003.0,3,3,225.0,2.5,0,0,0,0,0,0,0,0,0.0,0.0,0.0,0.0,0.0
ESP-La Liga,2627,Celta Vigo,Javi Rueda,ESP,MF,24-116,2002.0,3,1,137.0,1.5,0,0,0,0,0,0,1,0,0.0,0.0,0.0,0.0,0.0
ESP-La Liga,2627,Celta Vigo,Jones El-Abdellaoui,MAR,FW,20-232,2006.0,2,1,88.0,1.0,0,0,0,0,0,0,0,0,0.0,0.0,0.0,0.0,0.0
ESP-La Liga,2627,Celta Vigo,Marcos Alonso,ESP,DF,35-247,1990.0,2,2,140.0,1.6,0,0,0,0,0,0,0,1,0.0,0.0,0.0,0.0,0.0
ESP-La Liga,2627,Celta Vigo,Miguel Román,ESP,MF,23-249,2002.0,3,2,225.0,2.5,0,1,1,0,0,0,0,0,0.0,0.4,0.4,0.0,0.4
ESP-La Liga,2627,Celta Vigo,Pablo Durán,ESP,FW,25-099,2001.0,2,1,105.0,1.2,0,0,0,0,0,0,0,0,0.0,0.0,0.0,0.0,0.0
ESP-La Liga,2627,Celta Vigo,Sergio Carreira,ESP,MF,25-323,2000.0,3,2,206.0,2.3,0,0,0,0,0,0,1,0,0.0,0.0,0.0,0.0,0.0
ESP-La Liga,2627,Celta Vigo,Williot Swedberg,SWE,FW,22-212,2004.0,3,2,154.0,1.7,0,0,0,0,0,0,0,0,0.0,0.0,0.0,0.0,0.0
ESP-La Liga,2627,Celta Vigo,Yoel Lago,ESP,DF,22-160,2004.0,3,2,225.0,2.5,0,0,0,0,0,0,0,0,0.0,0.0,0.0,0.0,0.0
ESP-La Liga,2627,Celta Vigo,Álvaro Núñez,ESP,MF,26-056,2000.0,1,1,90.0,1.0,0,0,0,0,0,0,0,0,0.0,0.0,0.0,0.0,0.0
ESP-La Liga,2627,Dep. A Coruña,Adrià Altimira,ESP,MF,25-157,2001.0,3,2,148.0,1.6,0,0,0,0,0,0,2,1,0.0,0.0,0.0,0.0,0.0
ESP-La Liga,2627,Dep. A Coruña,Bil Nsongo,CMR,"MF,FW",21-345,2004.0,3,2,147.0,1.6,0,0,0,0,0,0,1,0,0.0,0.0,0.0,0.0,0.0
ESP-La Liga,2627,Dep. A Coruña,Bright Ede,POL,DF,19-195,2007.0,3,2,197.0,2.2,0,0,0,0,0,0,0,0,0.0,0.0,0.0,0.0,0.0
ESP-La Liga,2627,Dep. A Coruña,David Mella,ESP,MF,21-101,2005.0,2,0,49.0,0.5,0,0,0,0,0,0,0,0,0.0,0.0,0.0,0.0,0.0
ESP-La Liga,2627,Dep. A Coruña,Diego Villares,ESP,MF,30-076,1996.0,2,0,60.0,0.7,0,0,0,0,0,0,0,0,0.0,0.0,0.0,0.0,0.0
ESP-La Liga,2627,Dep. A Coruña,Giacomo Quagliata,ITA,DF,26-194,2000.0,3,3,270.0,3.0,0,0,0,0,0,0,1,0,0.0,0.0,0.0,0.0,0.0
ESP-La Liga,2627,Dep. A Coruña,Jonathan Asp Jensen,DEN,MF,20-230,2006.0,3,2,128.0,1.4,0,0,0,0,0,0,0,0,0.0,0.0,0.0,0.0,0.0
ESP-La Liga,2627,Dep. A Coruña,Kevin Sánchez,ESP,FW,21-193,2005.0,1,0,6.0,0.1,0,0,0,0,0,0,0,0,0.0,0.0,0.0,0.0,0.0
ESP-La Liga,2627,Dep. A Coruña,Leo Román,ESP,GK,26-057,2000.0,3,3,270.0,3.0,0,0,0,0,0,0,0,0,0.0,0.0,0.0,0.0,0.0
ESP-La Liga,2627,Dep. A Coruña,Lorenzo Amatucci,ITA,MF,22-208,2004.0,3,3,270.0,3.0,0,1,1,0,0,0,1,0,0.0,0.33,0.33,0.0,0.33
ESP-La Liga,2627,Dep. A Coruña,Lucas Noubi,BEL,DF,21-229,2005.0,3,3,270.0,3.0,0,0,0,0,0,0,0,0,0.0,0.0,0.0,0.0,0.0
ESP-La Liga,2627,Dep. A Coruña,Luismi,ESP,MF,25-101,2001.0,3,2,164.0,1.8,0,1,1,0,0,0,0,0,0.0,0.55,0.55,0.0,0.55
ESP-La Liga,2627,Dep. A Coruña,Mario Soriano,ESP,MF,24-132,2002.0,3,3,226.0,2.5,0,1,1,0,0,0,1,0,0.0,0.4,0.4,0.0,0.4
ESP-La Liga,2627,Dep. A Coruña,Miguel Loureiro,ESP,DF,29-284,1996.0,2,1,81.0,0.9,0,0,0,0,0,0,0,0,0.0,0.0,0.0,0.0,0.0
ESP-La Liga,2627,Dep. A Coruña,Pierre-Emerick Aubameyang,GAB,FW,37-075,1989.0,3,3,264.0,2.9,3,0,3,3,0,0,0,0,1.02,0.0,1.02,1.02,1.02
ESP-La Liga,2627,Dep. A Coruña,Riki Rodríguez,ESP,MF,28-341,1997.0,1,1,63.0,0.7,0,0,0,0,0,0,0,0,0.0,0.0,0.0,0.0,0.0
ESP-La Liga,2627,Dep. A Coruña,Teun Gijselhart,NED,MF,21-148,2005.0,1,0,27.0,0.3,0,0,0,0,0,0,0,0,0.0,0.0,0.0,0.0,0.0
ESP-La Liga,2627,Dep. A Coruña,Ximo Navarro,ESP,DF,36-221,1990.0,3,3,262.0,2.9,0,0,0,0,0,0,2,0,0.0,0.0,0.0,0.0,0.0
ESP-La Liga,2627,Dep. A Coruña,Yeremay Hernández,ESP,MF,23-265,2002.0,2,0,36.0,0.4,0,0,0,0,0,0,0,0,0.0,0.0,0.0,0.0,0.0
ESP-La Liga,2627,Dep. A Coruña,Zakaria Eddahchouri,NED,FW,26-113,2000.0,1,0,31.0,0.3,0,0,0,0,0,0,0,0,0.0,0.0,0.0,0.0,0.0
ESP-La Liga,2627,Elche,Ali Houary,MAR,MF,21-027,2005.0,3,3,188.0,2.1,0,0,0,0,0,0,1,0,0.0,0.0,0.0,0.0,0.0
ESP-La Liga,2627,Elche,Buba Sangaré,ESP,DF,19-026,2007.0,3,3,263.0,2.9,1,0,1,1,0,0,0,0,0.34,0.0,0.34,0.34,0.34
ESP-La Liga,2627,Elche,David Affengruber,AUT,DF,25-166,2001.0,3,3,270.0,3.0,0,0,0,0,0,0,0,0,0.0,0.0,0.0,0.0,0.0
ESP-La Liga,2627,Elche,Ezequiel Ponce,ARG,FW,29-156,1997.0,2,0,67.0,0.7,0,0,0,0,0,0,0,0,0.0,0.0,0.0,0.0,0.0
ESP-La Liga,2627,Elche,Facundo Buonanotte,ARG,MF,21-252,2004.0,2,1,95.0,1.1,0,0,0,0,0,0,1,0,0.0,0.0,0.0,0.0,0.0
ESP-La Liga,2627,Elche,Federico Redondo,ARG,DF,23-226,2003.0,2,2,139.0,1.5,0,0,0,0,0,0,0,0,0.0,0.0,0.0,0.0,0.0
ESP-La Liga,2627,Elche,Fernando Niño,ESP,FW,25-312,2000.0,3,3,226.0,2.5,1,0,1,1,0,0,0,0,0.4,0.0,0.4,0.4,0.4
ESP-La Liga,2627,Elche,Germán Valera,ESP,DF,24-169,2002.0,3,3,260.0,2.9,0,0,0,0,0,0,0,0,0.0,0.0,0.0,0.0,0.0
ESP-La Liga,2627,Elche,Gonzalo Villar,ESP,MF,28-162,1998.0,3,3,270.0,3.0,0,1,1,0,0,0,1,0,0.0,0.33,0.33,0.0,0.33
ESP-La Liga,2627,Elche,Javi Morcillo,ESP,MF,20-170,2006.0,2,0,39.0,0.4,0,0,0,0,0,0,0,0,0.0,0.0,0.0,0.0,0.0
ESP-La Liga,2627,Elche,Josan,ESP,"DF,MF",36-272,1989.0,1,0,7.0,0.1,0,0,0,0,0,0,0,0,0.0,0.0,0.0,0.0,0.0
ESP-La Liga,2627,Elche,Lucas Cepeda,CHI,MF,23-305,2002.0,3,0,80.0,0.9,0,1,1,0,0,0,0,0,0.0,1.13,1.13,0.0,1.13
ESP-La Liga,2627,Elche,Marc Aguado,ESP,MF,26-191,2000.0,3,3,198.0,2.2,1,0,1,1,0,0,0,0,0.45,0.0,0.45,0.45,0.45
ESP-La Liga,2627,Elche,Martim Neto,POR,MF,23-230,2003.0,2,1,86.0,1.0,0,0,0,0,0,0,0,0,0.0,0.0,0.0,0.0,0.0
ESP-La Liga,2627,Elche,Matías Dituro,ARG,GK,39-116,1987.0,3,3,270.0,3.0,0,0,0,0,0,0,0,0,0.0,0.0,0.0,0.0,0.0
ESP-La Liga,2627,Elche,Pedro Bigas,ESP,DF,35-351,1990.0,2,1,71.0,0.8,0,0,0,0,0,0,0,0,0.0,0.0,0.0,0.0,0.0
ESP-La Liga,2627,Elche,Tete Morente,ESP,MF,29-271,1996.0,3,1,139.0,1.5,0,1,1,0,0,0,0,0,0.0,0.65,0.65,0.0,0.65
ESP-La Liga,2627,Elche,Umaru Konare,ESP,FW,22-022,2004.0,1,0,22.0,0.2,0,0,0,0,0,0,1,0,0.0,0.0,0.0,0.0,0.0
ESP-La Liga,2627,Elche,Víctor Chust,ESP,DF,26-180,2000.0,3,3,270.0,3.0,0,0,0,0,0,0,0,0,0.0,0.0,0.0,0.0,0.0
ESP-La Liga,2627,Elche,Álvaro Padilla,ESP,FW,20-243,2006.0,1,0,10.0,0.1,0,0,0,0,0,0,0,0,0.0,0.0,0.0,0.0,0.0
ESP-La Liga,2627,Espanyol,Clemens Riedel,GER,DF,23-044,2003.0,2,2,155.0,1.7,0,0,0,0,0,0,1,0,0.0,0.0,0.0,0.0,0.0
ESP-La Liga,2627,Espanyol,Edu Expósito,ESP,MF,30-031,1996.0,3,3,241.0,2.7,0,0,0,0,0,0,1,0,0.0,0.0,0.0,0.0,0.0
ESP-La Liga,2627,Espanyol,Gabriel Moscardo,BRA,MF,20-338,2005.0,1,0,45.0,0.5,0,0,0,0,0,0,0,0,0.0,0.0,0.0,0.0,0.0
ESP-La Liga,2627,Espanyol,Javier Hernández,ESP,"MF,FW",22-214,2004.0,3,3,224.0,2.5,0,3,3,0,0,0,1,0,0.0,1.21,1.21,0.0,1.21
ESP-La Liga,2627,Espanyol,Jofre,ESP,MF,25-076,2001.0,3,0,21.0,0.2,0,0,0,0,0,0,0,0,0.0,0.0,0.0,0.0,0.0
ESP-La Liga,2627,Espanyol,Marcos Fernández,ESP,FW,23-107,2003.0,2,0,26.0,0.3,0,0,0,0,0,0,1,0,0.0,0.0,0.0,0.0,0.0
ESP-La Liga,2627,Espanyol,Marko Dmitrović,SRB,GK,34-220,1992.0,3,3,270.0,3.0,0,0,0,0,0,0,0,0,0.0,0.0,0.0,0.0,0.0
ESP-La Liga,2627,Espanyol,Omar El Hilali,MAR,DF,22-354,2003.0,3,3,270.0,3.0,0,0,0,0,0,0,0,0,0.0,0.0,0.0,0.0,0.0
ESP-La Liga,2627,Espanyol,Pere Milla,ESP,"FW,MF",33-343,1992.0,3,0,33.0,0.4,0,0,0,0,0,0,1,0,0.0,0.0,0.0,0.0,0.0
ESP-La Liga,2627,Espanyol,Pol Lozano,ESP,MF,26-330,1999.0,2,0,35.0,0.4,0,0,0,0,0,0,1,0,0.0,0.0,0.0,0.0,0.0
ESP-La Liga,2627,Espanyol,Rafael Bauza,ESP,MF,21-214,2005.0,3,0,65.0,0.7,0,1,1,0,0,0,1,0,0.0,1.38,1.38,0.0,1.38
ESP-La Liga,2627,Espanyol,Roberto Férnandez,ESP,FW,24-060,2002.0,3,3,262.0,2.9,3,0,3,3,0,0,0,0,1.03,0.0,1.03,1.03,1.03
ESP-La Liga,2627,Espanyol,Roger Hinojo,ESP,DF,21-192,2005.0,3,3,270.0,3.0,0,0,0,0,0,0,1,0,0.0,0.0,0.0,0.0,0.0
ESP-La Liga,2627,Espanyol,Tyrhys Dolan,ENG,MF,24-247,2001.0,3,3,252.0,2.8,1,0,1,1,0,0,0,0,0.36,0.0,0.36,0.36,0.36
ESP-La Liga,2627,Espanyol,Unai Núñez,ESP,DF,29-214,1997.0,3,3,270.0,3.0,0,0,0,0,0,0,0,0,0.0,0.0,0.0,0.0,0.0
ESP-La Liga,2627,Espanyol,Urko González,ESP,MF,25-165,2001.0,3,3,190.0,2.1,0,0,0,0,0,0,2,0,0.0,0.0,0.0,0.0,0.0
ESP-La Liga,2627,Espanyol,Vanja Drkušič,SVN,DF,26-306,1999.0,2,1,115.0,1.3,0,0,0,0,0,0,0,0,0.0,0.0,0.0,0.0,0.0
ESP-La Liga,2627,Espanyol,Álex Calatrava,ESP,MF,26-071,2000.0,3,3,226.0,2.5,1,0,1,1,0,0,2,0,0.4,0.0,0.4,0.4,0.4
ESP-La Liga,2627,Getafe,Abdel Abqar,MAR,DF,27-175,1999.0,2,1,91.0,1.0,0,0,0,0,0,0,0,0,0.0,0.0,0.0,0.0,0.0
ESP-La Liga,2627,Getafe,Alberto Risco,ESP,MF,21-002,2005.0,3,0,52.0,0.6,0,0,0,0,0,0,0,0,0.0,0.0,0.0,0.0,0.0
ESP-La Liga,2627,Getafe,Andrés García,ESP,"MF,FW",23-206,2003.0,3,3,228.0,2.5,0,0,0,0,0,0,0,0,0.0,0.0,0.0,0.0,0.0
ESP-La Liga,2627,Getafe,Borja Mayoral,ESP,FW,29-149,1997.0,2,0,6.0,0.1,0,0,0,0,0,0,0,0,0.0,0.0,0.0,0.0,0.0
ESP-La Liga,2627,Getafe,David Soria,ESP,GK,33-150,1993.0,3,3,270.0,3.0,0,0,0,0,0,0,0,0,0.0,0.0,0.0,0.0,0.0
ESP-La Liga,2627,Getafe,Davinchi,ESP,MF,18-320,2007.0,1,1,45.0,0.5,0,0,0,0,0,0,1,0,0.0,0.0,0.0,0.0,0.0
ESP-La Liga,2627,Getafe,Djené,TOG,DF,34-244,1991.0,3,3,260.0,2.9,0,0,0,0,0,0,2,0,0.0,0.0,0.0,0.0,0.0
ESP-La Liga,2627,Getafe,Enes Ünal,TUR,FW,29-114,1997.0,3,2,225.0,2.5,1,0,1,1,0,0,1,0,0.4,0.0,0.4,0.4,0.4
ESP-La Liga,2627,Getafe,Francho Serrano,ESP,MF,24-319,2001.0,2,2,165.0,1.8,0,0,0,0,0,0,0,0,0.0,0.0,0.0,0.0,0.0
ESP-La Liga,2627,Getafe,Jean Valou,CIV,DF,19-253,2006.0,1,0,18.0,0.2,0,0,0,0,0,0,0,0,0.0,0.0,0.0,0.0,0.0
ESP-La Liga,2627,Getafe,Johan Mojica,COL,"MF,DF",34-011,1992.0,2,2,180.0,2.0,0,0,0,0,0,0,1,0,0.0,0.0,0.0,0.0,0.0
ESP-La Liga,2627,Getafe,Kiko Femenía,ESP,"MF,DF",35-211,1991.0,2,2,131.0,1.5,0,0,0,0,0,0,0,1,0.0,0.0,0.0,0.0,0.0
ESP-La Liga,2627,Getafe,Mario Martín,ESP,MF,22-180,2004.0,1,1,65.0,0.7,0,0,0,0,0,0,1,0,0.0,0.0,0.0,0.0,0.0
ESP-La Liga,2627,Getafe,Martin Satriano,URU,FW,25-193,2001.0,3,3,246.0,2.7,0,0,0,0,0,0,0,0,0.0,0.0,0.0,0.0,0.0
ESP-La Liga,2627,Getafe,Nemanja Gudelj,SRB,"DF,MF",34-289,1991.0,1,0,15.0,0.2,0,0,0,0,0,0,0,0,0.0,0.0,0.0,0.0,0.0
ESP-La Liga,2627,Getafe,Orel Mangala,BEL,MF,28-167,1998.0,3,3,269.0,3.0,0,0,0,0,0,0,1,0,0.0,0.0,0.0,0.0,0.0
ESP-La Liga,2627,Getafe,Ramón Terrats,ESP,MF,25-318,2000.0,3,3,269.0,3.0,0,0,0,0,0,0,0,0,0.0,0.0,0.0,0.0,0.0
ESP-La Liga,2627,Getafe,Saba Sazonov,GEO,DF,24-212,2002.0,2,1,100.0,1.1,0,0,0,0,0,0,1,0,0.0,0.0,0.0,0.0,0.0
ESP-La Liga,2627,Getafe,Sebastián Boselli,URU,DF,22-271,2003.0,2,0,16.0,0.2,0,0,0,0,0,0,0,0,0.0,0.0,0.0,0.0,0.0
ESP-La Liga,2627,Getafe,Zaid Romero,ARG,DF,26-260,1999.0,3,3,270.0,3.0,0,0,0,0,0,0,0,0,0.0,0.0,0.0,0.0,0.0
ESP-La Liga,2627,Levante,Adrián de la Fuente,ESP,DF,27-187,1999.0,3,3,270.0,3.0,1,0,1,1,0,0,0,0,0.33,0.0,0.33,0.33,0.33
ESP-La Liga,2627,Levante,Aïssa Mandi,ALG,DF,34-314,1991.0,3,3,270.0,3.0,0,0,0,0,0,0,0,0,0.0,0.0,0.0,0.0,0.0
ESP-La Liga,2627,Levante,Brugui,ESP,MF,29-301,1996.0,2,2,173.0,1.9,2,0,2,2,0,0,0,0,1.04,0.0,1.04,1.04,1.04
ESP-La Liga,2627,Levante,Carlos Álvarez,ESP,MF,23-026,2003.0,1,1,45.0,0.5,0,0,0,0,0,0,0,0,0.0,0.0,0.0,0.0,0.0
ESP-La Liga,2627,Levante,Enzo Bardeli,FRA,MF,25-143,2001.0,3,2,199.0,2.2,1,1,2,1,0,0,0,0,0.45,0.45,0.9,0.45,0.9
ESP-La Liga,2627,Levante,Hugo Sotelo,ESP,MF,22-256,2003.0,2,0,27.0,0.3,0,0,0,0,0,0,0,0,0.0,0.0,0.0,0.0,0.0
ESP-La Liga,2627,Levante,Iván Romero,ESP,FW,25-144,2001.0,3,3,223.0,2.5,0,0,0,0,0,0,1,0,0.0,0.0,0.0,0.0,0.0
ESP-La Liga,2627,Levante,Jeremy Toljan,GER,"DF,MF",32-024,1994.0,3,0,73.0,0.8,0,0,0,0,0,0,1,0,0.0,0.0,0.0,0.0,0.0
ESP-La Liga,2627,Levante,Kareem Tunde,ESP,FW,21-013,2005.0,1,0,15.0,0.2,0,0,0,0,0,0,0,0,0.0,0.0,0.0,0.0,0.0
ESP-La Liga,2627,Levante,Karl Etta Eyong,CMR,FW,22-322,2003.0,3,0,65.0,0.7,0,1,1,0,0,0,0,0,0.0,1.38,1.38,0.0,1.38
ESP-La Liga,2627,Levante,Manu Sánchez,ESP,DF,26-008,2000.0,3,3,270.0,3.0,0,0,0,0,0,0,0,0,0.0,0.0,0.0,0.0,0.0
ESP-La Liga,2627,Levante,Marc Santos,ESP,DF,15-304,2010.0,1,0,27.0,0.3,0,0,0,0,0,0,0,0,0.0,0.0,0.0,0.0,0.0
ESP-La Liga,2627,Levante,Mathew Ryan,AUS,GK,34-146,1992.0,3,3,270.0,3.0,0,0,0,0,0,0,0,0,0.0,0.0,0.0,0.0,0.0
ESP-La Liga,2627,Levante,Nacho Pérez,ESP,DF,18-000,2008.0,3,3,197.0,2.2,0,0,0,0,0,0,0,0,0.0,0.0,0.0,0.0,0.0
ESP-La Liga,2627,Levante,Olasagasti,ESP,MF,26-016,2000.0,3,3,270.0,3.0,1,1,2,1,0,0,0,0,0.33,0.33,0.67,0.33,0.67
ESP-La Liga,2627,Levante,Oriol Rey,ESP,MF,28-188,1998.0,3,3,269.0,3.0,0,0,0,0,0,0,0,0,0.0,0.0,0.0,0.0,0.0
ESP-La Liga,2627,Levante,Paco Cortés,ESP,MF,19-021,2007.0,2,1,52.0,0.6,0,0,0,0,0,0,0,0,0.0,0.0,0.0,0.0,0.0
ESP-La Liga,2627,Levante,Thiago Fernández,ARG,MF,22-151,2004.0,2,2,148.0,1.6,0,0,0,0,0,0,0,0,0.0,0.0,0.0,0.0,0.0
ESP-La Liga,2627,Levante,Víctor García,ESP,MF,28-350,1997.0,3,1,107.0,1.2,0,0,0,0,0,0,0,0,0.0,0.0,0.0,0.0,0.0
ESP-La Liga,2627,Málaga,Alfonso Herrero,ESP,GK,32-133,1994.0,3,3,270.0,3.0,0,0,0,0,0,0,0,0,0.0,0.0,0.0,0.0,0.0
ESP-La Liga,2627,Málaga,Carlos Dotor,ESP,"MF,FW",25-170,2001.0,3,3,228.0,2.5,0,0,0,0,0,0,0,0,0.0,0.0,0.0,0.0,0.0
ESP-La Liga,2627,Málaga,Chupete,ESP,FW,22-008,2004.0,3,3,270.0,3.0,1,0,1,0,1,1,1,0,0.33,0.0,0.33,0.0,0.0
ESP-La Liga,2627,Málaga,Dani Lorenzo,ESP,MF,23-149,2003.0,2,2,163.0,1.8,0,0,0,0,0,0,0,0,0.0,0.0,0.0,0.0,0.0
ESP-La Liga,2627,Málaga,David Larrubia,ESP,MF,24-134,2002.0,3,2,215.0,2.4,0,0,0,0,0,0,1,0,0.0,0.0,0.0,0.0,0.0
ESP-La Liga,2627,Málaga,Einar Galilea,ESP,DF,32-102,1994.0,3,3,242.0,2.7,0,0,0,0,0,0,0,0,0.0,0.0,0.0,0.0,0.0
ESP-La Liga,2627,Málaga,Eneko Jauregi,ESP,FW,30-050,1996.0,1,0,11.0,0.1,0,0,0,0,0,0,0,0,0.0,0.0,0.0,0.0,0.0
ESP-La Liga,2627,Málaga,Haitam Abaida,MAR,FW,24-092,2002.0,2,0,35.0,0.4,0,0,0,0,0,0,0,0,0.0,0.0,0.0,0.0,0.0
ESP-La Liga,2627,Málaga,Izan Merino,ESP,MF,20-139,2006.0,3,3,260.0,2.9,0,0,0,0,0,0,0,0,0.0,0.0,0.0,0.0,0.0
ESP-La Liga,2627,Málaga,Joaquín Muñoz,ESP,MF,27-175,1999.0,3,3,198.0,2.2,0,0,0,0,0,0,0,0,0.0,0.0,0.0,0.0,0.0
ESP-La Liga,2627,Málaga,José Salinas,ESP,"DF,MF",25-336,2000.0,2,0,50.0,0.6,0,0,0,0,0,0,0,0,0.0,0.0,0.0,0.0,0.0
ESP-La Liga,2627,Málaga,Juan Cruz,ESP,MF,26-129,2000.0,3,1,109.0,1.2,0,0,0,0,0,0,1,0,0.0,0.0,0.0,0.0,0.0
ESP-La Liga,2627,Málaga,Julen Lobete,ESP,"FW,MF",25-348,2000.0,1,0,6.0,0.1,0,0,0,0,0,0,0,0,0.0,0.0,0.0,0.0,0.0
ESP-La Liga,2627,Málaga,Pablo Martínez,ESP,MF,28-191,1998.0,1,0,45.0,0.5,0,0,0,0,0,0,0,0,0.0,0.0,0.0,0.0,0.0
ESP-La Liga,2627,Málaga,Puga,ESP,DF,25-279,2000.0,3,3,220.0,2.4,0,0,0,0,0,0,1,0,0.0,0.0,0.0,0.0,0.0
ESP-La Liga,2627,Málaga,Rafa Rodríguez,ESP,MF,23-053,2003.0,3,1,87.0,1.0,0,0,0,0,0,0,0,0,0.0,0.0,0.0,0.0,0.0
ESP-La Liga,2627,Málaga,Rafael Garrido,,DF,,,3,3,270.0,3.0,0,0,0,0,0,0,0,0,0.0,0.0,0.0,0.0,0.0
ESP-La Liga,2627,Málaga,Ramón Enríquez,ESP,MF,25-135,2001.0,3,0,21.0,0.2,0,0,0,0,0,0,2,0,0.0,0.0,0.0,0.0,0.0
ESP-La Liga,2627,Málaga,Ángel Recio,,DF,,,3,3,270.0,3.0,0,0,0,0,0,0,0,0,0.0,0.0,0.0,0.0,0.0
ESP-La Liga,2627,Osasuna,Abel Bretones,ESP,DF,26-011,2000.0,3,3,270.0,3.0,0,0,0,0,0,0,0,0,0.0,0.0,0.0,0.0,0.0
ESP-La Liga,2627,Osasuna,Aimar Oroz,ESP,"MF,FW",24-278,2001.0,3,2,150.0,1.7,0,0,0,0,0,0,0,0,0.0,0.0,0.0,0.0,0.0
ESP-La Liga,2627,Osasuna,Ante Budimir,CRO,FW,35-041,1991.0,3,2,202.0,2.2,2,0,2,0,2,2,0,0,0.89,0.0,0.89,0.0,0.0
ESP-La Liga,2627,Osasuna,Asier Osambela,ESP,DF,22-205,2004.0,1,1,90.0,1.0,0,0,0,0,0,0,0,0,0.0,0.0,0.0,0.0,0.0
ESP-La Liga,2627,Osasuna,Catena,ESP,DF,31-308,1994.0,3,3,270.0,3.0,0,0,0,0,0,0,0,0,0.0,0.0,0.0,0.0,0.0
ESP-La Liga,2627,Osasuna,Enzo Boyomo,CMR,DF,24-329,2001.0,1,0,52.0,0.6,0,0,0,0,0,0,0,0,0.0,0.0,0.0,0.0,0.0
ESP-La Liga,2627,Osasuna,Iker Muñoz,ESP,MF,23-300,2002.0,3,2,205.0,2.3,0,0,0,0,0,0,1,0,0.0,0.0,0.0,0.0,0.0
ESP-La Liga,2627,Osasuna,Iñigo Arguibide,ESP,DF,21-135,2005.0,3,3,260.0,2.9,0,0,0,0,0,0,0,0,0.0,0.0,0.0,0.0,0.0
ESP-La Liga,2627,Osasuna,Jon Moncayola,ESP,MF,28-111,1998.0,3,3,225.0,2.5,0,0,0,0,0,0,0,0,0.0,0.0,0.0,0.0,0.0
ESP-La Liga,2627,Osasuna,Jonathan Dubasin,BEL,MF,26-211,2000.0,3,1,113.0,1.3,0,0,0,0,0,0,1,0,0.0,0.0,0.0,0.0,0.0
ESP-La Liga,2627,Osasuna,Jorge Herrando,ESP,DF,25-185,2001.0,3,3,185.0,2.1,0,0,0,0,0,0,1,0,0.0,0.0,0.0,0.0,0.0
ESP-La Liga,2627,Osasuna,Kike Barja,ESP,MF,29-153,1997.0,3,1,91.0,1.0,1,0,1,1,0,0,2,0,0.99,0.0,0.99,0.99,0.99
ESP-La Liga,2627,Osasuna,Lucas Torró,ESP,MF,32-044,1994.0,3,1,120.0,1.3,0,0,0,0,0,0,0,0,0.0,0.0,0.0,0.0,0.0
ESP-La Liga,2627,Osasuna,Moi Gómez,ESP,MF,32-070,1994.0,3,2,179.0,2.0,0,0,0,0,0,0,0,0,0.0,0.0,0.0,0.0,0.0
ESP-La Liga,2627,Osasuna,Raúl,ESP,FW,25-302,2000.0,3,1,120.0,1.3,0,1,1,0,0,0,1,0,0.0,0.75,0.75,0.0,0.75
ESP-La Liga,2627,Osasuna,Raúl Moro,ESP,MF,23-270,2002.0,1,0,19.0,0.2,0,0,0,0,0,0,0,0,0.0,0.0,0.0,0.0,0.0
ESP-La Liga,2627,Osasuna,Rubén García,ESP,MF,33-049,1993.0,3,2,149.0,1.7,0,0,0,0,0,0,0,0,0.0,0.0,0.0,0.0,0.0
ESP-La Liga,2627,Osasuna,Sergio Herrera,ESP,GK,33-088,1993.0,3,3,270.0,3.0,0,0,0,0,0,0,2,0,0.0,0.0,0.0,0.0,0.0
ESP-La Liga,2627,Racing Sant,Andrés Martín,ESP,MF,27-052,1999.0,3,3,238.0,2.6,1,0,1,0,1,2,0,0,0.38,0.0,0.38,0.0,0.0
ESP-La Liga,2627,Racing Sant,Arana,ESP,FW,26-205,2000.0,1,0,3.0,0.0,0,0,0,0,0,0,0,0,0.0,0.0,0.0,0.0,0.0
ESP-La Liga,2627,Racing Sant,Asier Villalibre,ESP,FW,28-336,1997.0,3,2,153.0,1.7,0,0,0,0,0,0,0,0,0.0,0.0,0.0,0.0,0.0
ESP-La Liga,2627,Racing Sant,Diego Diaz,ESP,FW,21-093,2005.0,1,0,14.0,0.2,0,0,0,0,0,0,0,0,0.0,0.0,0.0,0.0,0.0
ESP-La Liga,2627,Racing Sant,Facundo González,URU,DF,23-087,2003.0,3,1,107.0,1.2,0,0,0,0,0,0,1,0,0.0,0.0,0.0,0.0,0.0
ESP-La Liga,2627,Racing Sant,Giorgi Guliashvili,GEO,FW,24-361,2001.0,1,0,22.0,0.2,0,0,0,0,0,0,0,0,0.0,0.0,0.0,0.0,0.0
ESP-La Liga,2627,Racing Sant,Gustavo Puerta,COL,MF,23-040,2003.0,3,3,267.0,3.0,0,0,0,0,0,0,1,0,0.0,0.0,0.0,0.0,0.0
ESP-La Liga,2627,Racing Sant,Iván Martín,ESP,MF,27-199,1999.0,2,1,135.0,1.5,0,0,0,0,0,0,0,0,0.0,0.0,0.0,0.0,0.0
ESP-La Liga,2627,Racing Sant,Iñigo Vicente,ESP,MF,28-238,1998.0,3,3,248.0,2.8,0,1,1,0,0,0,0,0,0.0,0.36,0.36,0.0,0.36
ESP-La Liga,2627,Racing Sant,Jorge Salinas,ESP,DF,19-151,2007.0,3,3,270.0,3.0,0,0,0,0,0,0,1,0,0.0,0.0,0.0,0.0,0.0
ESP-La Liga,2627,Racing Sant,Julen Agirrezabala,ESP,GK,25-249,2000.0,3,3,270.0,3.0,0,0,0,0,0,0,0,0,0.0,0.0,0.0,0.0,0.0
ESP-La Liga,2627,Racing Sant,Maguette Gueye,SEN,MF,23-245,2002.0,3,0,55.0,0.6,0,0,0,0,0,0,0,0,0.0,0.0,0.0,0.0,0.0
ESP-La Liga,2627,Racing Sant,Mantilla,ESP,DF,26-115,2000.0,3,3,270.0,3.0,0,0,0,0,0,0,2,0,0.0,0.0,0.0,0.0,0.0
ESP-La Liga,2627,Racing Sant,Manu Hernando,ESP,DF,28-044,1998.0,3,2,252.0,2.8,0,0,0,0,0,0,1,0,0.0,0.0,0.0,0.0,0.0
ESP-La Liga,2627,Racing Sant,Matteo Prati,ITA,MF,22-247,2003.0,1,0,32.0,0.4,0,0,0,0,0,0,0,0,0.0,0.0,0.0,0.0,0.0
ESP-La Liga,2627,Racing Sant,Pablo Ramon,ESP,DF,25-063,2001.0,2,2,166.0,1.8,0,0,0,0,0,0,1,0,0.0,0.0,0.0,0.0,0.0
ESP-La Liga,2627,Racing Sant,Pedro Felipe,BRA,DF,22-101,2004.0,1,1,15.0,0.2,0,0,0,0,0,0,0,0,0.0,0.0,0.0,0.0,0.0
ESP-La Liga,2627,Racing Sant,Sergio Canales,ESP,MF,35-197,1991.0,3,3,223.0,2.5,0,0,0,0,0,0,0,0,0.0,0.0,0.0,0.0,0.0
ESP-La Liga,2627,Racing Sant,Sergio Martínez,ESP,MF,19-109,2007.0,2,2,113.0,1.3,1,0,1,1,0,0,0,0,0.8,0.0,0.8,0.8,0.8
ESP-La Liga,2627,Racing Sant,Yassir Zabiri,MAR,FW,21-190,2005.0,3,1,117.0,1.3,3,0,3,3,0,0,0,0,2.31,0.0,2.31,2.31,2.31
ESP-La Liga,2627,Rayo Vallecano,Adrià Pedrosa,ESP,"DF,MF",28-111,1998.0,1,0,59.0,0.7,0,0,0,0,0,0,1,0,0.0,0.0,0.0,0.0,0.0
ESP-La Liga,2627,Rayo Vallecano,Alexandre Alemão,BRA,FW,28-153,1998.0,2,0,42.0,0.5,0,0,0,0,0,0,0,0,0.0,0.0,0.0,0.0,0.0
ESP-La Liga,2627,Rayo Vallecano,Andrei Ratiu,ROU,DF,28-073,1998.0,2,2,180.0,2.0,0,0,0,0,0,0,0,0,0.0,0.0,0.0,0.0,0.0
ESP-La Liga,2627,Rayo Vallecano,Augusto Batalla,ARG,GK,30-124,1996.0,2,2,149.0,1.7,0,0,0,0,0,0,0,0,0.0,0.0,0.0,0.0,0.0
ESP-La Liga,2627,Rayo Vallecano,Dani Cárdenas,ESP,GK,29-157,1997.0,2,1,121.0,1.3,0,0,0,0,0,0,0,0,0.0,0.0,0.0,0.0,0.0
ESP-La Liga,2627,Rayo Vallecano,Florian Lejeune,FRA,DF,35-104,1991.0,3,3,270.0,3.0,0,0,0,0,0,0,0,0,0.0,0.0,0.0,0.0,0.0
ESP-La Liga,2627,Rayo Vallecano,Francisco Perez,ESP,MF,23-357,2002.0,3,1,109.0,1.2,0,0,0,0,0,0,1,0,0.0,0.0,0.0,0.0,0.0
ESP-La Liga,2627,Rayo Vallecano,Gnangoro,,,,,1,1,56.0,0.6,0,0,0,0,0,0,0,0,0.0,0.0,0.0,0.0,0.0
ESP-La Liga,2627,Rayo Vallecano,Isaac Palazón Camacho,ESP,MF,31-248,1994.0,2,2,79.0,0.9,0,0,0,0,0,0,0,0,0.0,0.0,0.0,0.0,0.0
ESP-La Liga,2627,Rayo Vallecano,Iván Balliu,ALB,DF,34-243,1992.0,2,2,180.0,2.0,0,0,0,0,0,0,0,0,0.0,0.0,0.0,0.0,0.0
ESP-La Liga,2627,Rayo Vallecano,Jorge de Frutos,ESP,MF,29-193,1997.0,3,3,236.0,2.6,0,1,1,0,0,0,0,0,0.0,0.38,0.38,0.0,0.38
ESP-La Liga,2627,Rayo Vallecano,Jozhua Vertrouwd,NED,DF,22-011,2004.0,2,2,121.0,1.3,0,0,0,0,0,0,0,0,0.0,0.0,0.0,0.0,0.0
ESP-La Liga,2627,Rayo Vallecano,Pathé Ciss,SEN,"DF,MF",32-169,1994.0,3,3,270.0,3.0,0,0,0,0,0,0,1,0,0.0,0.0,0.0,0.0,0.0
ESP-La Liga,2627,Rayo Vallecano,Pedro Díaz,ESP,MF,28-088,1998.0,2,0,47.0,0.5,0,0,0,0,0,0,0,0,0.0,0.0,0.0,0.0,0.0
ESP-La Liga,2627,Rayo Vallecano,Pelayo Fernandez,ESP,DF,23-125,2003.0,2,1,67.0,0.7,0,0,0,0,0,0,0,0,0.0,0.0,0.0,0.0,0.0
ESP-La Liga,2627,Rayo Vallecano,Randy Nteka,ANG,FW,28-269,1997.0,3,1,154.0,1.7,0,0,0,0,0,0,0,0,0.0,0.0,0.0,0.0,0.0
ESP-La Liga,2627,Rayo Vallecano,Sergio Camello,ESP,FW,25-203,2001.0,3,2,191.0,2.1,3,0,3,3,0,0,1,0,1.41,0.0,1.41,1.41,1.41
ESP-La Liga,2627,Rayo Vallecano,Unai López,ESP,MF,30-306,1995.0,3,3,241.0,2.7,0,1,1,0,0,0,1,0,0.0,0.37,0.37,0.0,0.37
ESP-La Liga,2627,Rayo Vallecano,Álvaro García,ESP,MF,33-309,1992.0,3,2,195.0,2.2,1,1,2,1,0,0,1,0,0.46,0.46,0.92,0.46,0.92
ESP-La Liga,2627,Rayo Vallecano,Óscar Valentín,ESP,MF,32-012,1994.0,3,2,203.0,2.3,0,0,0,0,0,0,0,0,0.0,0.0,0.0,0.0,0.0
ESP-La Liga,2627,Real Betis,Abde Ezzalzouli,MAR,"FW,MF",24-258,2001.0,1,0,17.0,0.2,0,0,0,0,0,0,0,0,0.0,0.0,0.0,0.0,0.0
ESP-La Liga,2627,Real Betis,Antony,BRA,MF,26-189,2000.0,3,3,270.0,3.0,0,0,0,0,0,0,0,0,0.0,0.0,0.0,0.0,0.0
ESP-La Liga,2627,Real Betis,Cucho,COL,FW,27-134,1999.0,3,2,183.0,2.0,0,1,1,0,0,0,0,0,0.0,0.49,0.49,0.0,0.49
ESP-La Liga,2627,Real Betis,Diego Llorente,ESP,DF,33-016,1993.0,1,1,90.0,1.0,0,0,0,0,0,0,0,0,0.0,0.0,0.0,0.0,0.0
ESP-La Liga,2627,Real Betis,Facundo Bernal,URU,MF,23-011,2003.0,3,3,220.0,2.4,0,0,0,0,0,0,0,0,0.0,0.0,0.0,0.0,0.0
ESP-La Liga,2627,Real Betis,Fran Garcia,ESP,DF,27-018,1999.0,3,2,212.0,2.4,0,1,1,0,0,0,1,0,0.0,0.42,0.42,0.0,0.42
ESP-La Liga,2627,Real Betis,Héctor Bellerín,ESP,DF,31-166,1995.0,3,2,200.0,2.2,0,0,0,0,0,0,1,0,0.0,0.0,0.0,0.0,0.0
ESP-La Liga,2627,Real Betis,Isco,ESP,MF,34-133,1992.0,3,1,121.0,1.3,0,0,0,0,0,0,0,0,0.0,0.0,0.0,0.0,0.0
ESP-La Liga,2627,Real Betis,Junior Firpo,DOM,DF,30-010,1996.0,1,1,58.0,0.6,0,0,0,0,0,0,1,0,0.0,0.0,0.0,0.0,0.0
ESP-La Liga,2627,Real Betis,Marc Bartra,ESP,DF,35-229,1991.0,2,2,180.0,2.0,1,0,1,1,0,0,0,0,0.5,0.0,0.5,0.5,0.5
ESP-La Liga,2627,Real Betis,Marc Roca,ESP,MF,29-279,1996.0,2,2,156.0,1.7,0,1,1,0,0,0,0,0,0.0,0.58,0.58,0.0,0.58
ESP-La Liga,2627,Real Betis,Natan,BRA,DF,25-207,2001.0,2,2,180.0,2.0,0,0,0,0,0,0,1,0,0.0,0.0,0.0,0.0,0.0
ESP-La Liga,2627,Real Betis,Nelson Deossa,COL,MF,26-207,2000.0,3,1,125.0,1.4,0,0,0,0,0,0,0,0,0.0,0.0,0.0,0.0,0.0
ESP-La Liga,2627,Real Betis,Pablo Fornals,ESP,MF,30-191,1996.0,3,2,202.0,2.2,0,0,0,0,0,0,0,0,0.0,0.0,0.0,0.0,0.0
ESP-La Liga,2627,Real Betis,Pablo Garcia,ESP,FW,20-080,2006.0,3,0,54.0,0.6,1,0,1,1,0,0,1,0,1.67,0.0,1.67,1.67,1.67
ESP-La Liga,2627,Real Betis,Rodrigo Riquelme,ESP,MF,26-152,2000.0,3,3,196.0,2.2,2,0,2,2,0,0,0,0,0.92,0.0,0.92,0.92,0.92
ESP-La Liga,2627,Real Betis,Troy Parrott,IRL,FW,24-209,2002.0,2,1,76.0,0.8,0,0,0,0,0,0,0,0,0.0,0.0,0.0,0.0,0.0
ESP-La Liga,2627,Real Betis,Valentín Gómez,ARG,DF,23-067,2003.0,1,1,90.0,1.0,0,0,0,0,0,0,0,0,0.0,0.0,0.0,0.0,0.0
ESP-La Liga,2627,Real Betis,Álvaro Vallés,ESP,GK,29-038,1997.0,3,3,270.0,3.0,0,0,0,0,0,0,0,0,0.0,0.0,0.0,0.0,0.0
ESP-La Liga,2627,Real Betis,Ángel Ortíz,ESP,DF,22-038,2004.0,1,1,70.0,0.8,0,0,0,0,0,0,0,0,0.0,0.0,0.0,0.0,0.0
ESP-La Liga,2627,Real Madrid,Antonio Rüdiger,GER,DF,33-182,1993.0,1,1,90.0,1.0,0,0,0,0,0,0,0,0,0.0,0.0,0.0,0.0,0.0
ESP-La Liga,2627,Real Madrid,Arda Güler,TUR,MF,21-188,2005.0,3,2,144.0,1.6,1,1,2,1,0,0,0,0,0.62,0.62,1.25,0.62,1.25
ESP-La Liga,2627,Real Madrid,Bernardo Silva,POR,MF,32-022,1994.0,3,2,178.0,2.0,0,0,0,0,0,0,0,0,0.0,0.0,0.0,0.0,0.0
ESP-La Liga,2627,Real Madrid,Brahim Díaz,MAR,MF,27-029,1999.0,2,1,77.0,0.9,0,0,0,0,0,0,0,0,0.0,0.0,0.0,0.0,0.0
ESP-La Liga,2627,Real Madrid,Carlos Espí,ESP,FW,21-039,2005.0,2,0,16.0,0.2,1,0,1,1,0,0,0,0,5.63,0.0,5.63,5.63,5.63
ESP-La Liga,2627,Real Madrid,Dean Huijsen,ESP,DF,21-140,2005.0,3,3,270.0,3.0,0,0,0,0,0,0,0,0,0.0,0.0,0.0,0.0,0.0
ESP-La Liga,2627,Real Madrid,Denzel Dumfries,NED,DF,30-136,1996.0,2,2,169.0,1.9,0,0,0,0,0,0,0,0,0.0,0.0,0.0,0.0,0.0
ESP-La Liga,2627,Real Madrid,Eduardo Camavinga,FRA,MF,23-295,2002.0,3,1,114.0,1.3,0,0,0,0,0,0,1,0,0.0,0.0,0.0,0.0,0.0
ESP-La Liga,2627,Real Madrid,Federico Valverde,URU,MF,28-041,1998.0,3,3,256.0,2.8,0,1,1,0,0,0,0,0,0.0,0.35,0.35,0.0,0.35
ESP-La Liga,2627,Real Madrid,Ibrahima Konaté,FRA,DF,27-099,1999.0,2,2,180.0,2.0,0,0,0,0,0,0,1,0,0.0,0.0,0.0,0.0,0.0
ESP-La Liga,2627,Real Madrid,Jude Bellingham,ENG,MF,23-064,2003.0,3,3,242.0,2.7,2,2,4,2,0,0,0,0,0.74,0.74,1.49,0.74,1.49
ESP-La Liga,2627,Real Madrid,Kylian Mbappé,FRA,FW,27-255,1998.0,3,3,270.0,3.0,4,0,4,4,0,0,0,0,1.33,0.0,1.33,1.33,1.33
ESP-La Liga,2627,Real Madrid,Marc Cucurella,ESP,DF,28-041,1998.0,3,1,162.0,1.8,0,0,0,0,0,0,0,0,0.0,0.0,0.0,0.0,0.0
ESP-La Liga,2627,Real Madrid,Thibaut Courtois,BEL,GK,34-113,1992.0,3,3,270.0,3.0,0,0,0,0,0,0,0,0,0.0,0.0,0.0,0.0,0.0
ESP-La Liga,2627,Real Madrid,Trent Alexander-Arnold,ENG,DF,27-329,1998.0,2,1,101.0,1.1,0,1,1,0,0,0,0,0,0.0,0.89,0.89,0.0,0.89
ESP-La Liga,2627,Real Madrid,Vinicius Júnior,BRA,MF,26-051,2000.0,3,3,263.0,2.9,1,2,3,1,0,0,1,0,0.34,0.68,1.03,0.34,1.03
ESP-La Liga,2627,Real Madrid,Yan Diomandé,CIV,FW,19-291,2006.0,3,0,60.0,0.7,0,0,0,0,0,0,0,0,0.0,0.0,0.0,0.0,0.0
ESP-La Liga,2627,Real Madrid,Álvaro Carreras,ESP,DF,23-162,2003.0,2,2,108.0,1.2,0,0,0,0,0,0,1,0,0.0,0.0,0.0,0.0,0.0
ESP-La Liga,2627,Real Sociedad,Aihen Muñoz,ESP,DF,29-016,1997.0,1,0,19.0,0.2,0,0,0,0,0,0,0,0,0.0,0.0,0.0,0.0,0.0
ESP-La Liga,2627,Real Sociedad,Alex Marchal,ESP,MF,18-349,2007.0,2,0,61.0,0.7,0,0,0,0,0,0,0,0,0.0,0.0,0.0,0.0,0.0
ESP-La Liga,2627,Real Sociedad,Ander Barrenetxea,ESP,MF,24-248,2001.0,3,2,144.0,1.6,1,0,1,1,0,0,0,0,0.62,0.0,0.62,0.62,0.62
ESP-La Liga,2627,Real Sociedad,Arsen Zakharyan,RUS,"FW,MF",23-098,2003.0,1,0,4.0,0.0,0,0,0,0,0,0,0,0,0.0,0.0,0.0,0.0,0.0
ESP-La Liga,2627,Real Sociedad,Beñat Turrientes,ESP,MF,24-213,2002.0,3,2,170.0,1.9,0,0,0,0,0,0,1,0,0.0,0.0,0.0,0.0,0.0
ESP-La Liga,2627,Real Sociedad,Carlos Soler,ESP,MF,29-242,1997.0,3,2,205.0,2.3,0,0,0,0,0,0,0,0,0.0,0.0,0.0,0.0,0.0
ESP-La Liga,2627,Real Sociedad,Gonçalo Guedes,POR,"FW,MF",29-276,1996.0,2,0,30.0,0.3,0,0,0,0,0,0,0,0,0.0,0.0,0.0,0.0,0.0
ESP-La Liga,2627,Real Sociedad,Igor Zubeldia,ESP,DF,29-155,1997.0,3,2,214.0,2.4,0,0,0,0,0,0,2,0,0.0,0.0,0.0,0.0,0.0
ESP-La Liga,2627,Real Sociedad,Job Ochieng',KEN,MF,23-227,2003.0,1,1,65.0,0.7,0,0,0,0,0,0,0,0,0.0,0.0,0.0,0.0,0.0
ESP-La Liga,2627,Real Sociedad,Jon Aramburu,VEN,DF,24-040,2002.0,3,3,236.0,2.6,0,0,0,0,0,0,2,0,0.0,0.0,0.0,0.0,0.0
ESP-La Liga,2627,Real Sociedad,Jon Gorrotxategi,ESP,MF,24-211,2002.0,1,0,1.0,0.0,0,0,0,0,0,0,0,0,0.0,0.0,0.0,0.0,0.0
ESP-La Liga,2627,Real Sociedad,Jon Martin,ESP,DF,20-131,2006.0,3,3,270.0,3.0,0,0,0,0,0,0,0,0,0.0,0.0,0.0,0.0,0.0
ESP-La Liga,2627,Real Sociedad,Luka Sučić,CRO,MF,23-358,2002.0,3,3,253.0,2.8,1,0,1,1,0,0,0,0,0.36,0.0,0.36,0.36,0.36
ESP-La Liga,2627,Real Sociedad,Luken Beitia,ESP,DF,22-063,2004.0,1,1,90.0,1.0,0,0,0,0,0,0,1,0,0.0,0.0,0.0,0.0,0.0
ESP-La Liga,2627,Real Sociedad,Mikel Oyarzabal,ESP,FW,29-133,1997.0,3,2,178.0,2.0,0,2,2,0,0,0,0,0,0.0,1.01,1.01,0.0,1.01
ESP-La Liga,2627,Real Sociedad,Orri Steinn Óskarsson,ISL,FW,22-003,2004.0,3,2,201.0,2.2,1,0,1,1,0,0,0,0,0.45,0.0,0.45,0.45,0.45
ESP-La Liga,2627,Real Sociedad,Sergio Gómez,ESP,DF,25-362,2000.0,3,3,251.0,2.8,0,0,0,0,0,0,1,0,0.0,0.0,0.0,0.0,0.0
ESP-La Liga,2627,Real Sociedad,Takefusa Kubo,JPN,MF,25-089,2001.0,3,2,143.0,1.6,0,0,0,0,0,0,0,0,0.0,0.0,0.0,0.0,0.0
ESP-La Liga,2627,Real Sociedad,Yangel Herrera,VEN,MF,28-230,1998.0,3,2,165.0,1.8,0,0,0,0,0,0,1,0,0.0,0.0,0.0,0.0,0.0
ESP-La Liga,2627,Real Sociedad,Álex Remiro,ESP,GK,31-161,1995.0,3,3,270.0,3.0,0,0,0,0,0,0,0,0,0.0,0.0,0.0,0.0,0.0
ESP-La Liga,2627,Sevilla,Alfon,ESP,FW,27-120,1999.0,1,0,11.0,0.1,0,0,0,0,0,0,0,0,0.0,0.0,0.0,0.0,0.0
ESP-La Liga,2627,Sevilla,Arouna Sangante,SEN,DF,24-142,2002.0,2,2,157.0,1.7,0,0,0,0,0,0,0,0,0.0,0.0,0.0,0.0,0.0
ESP-La Liga,2627,Sevilla,Carmona,ESP,"DF,MF",24-215,2002.0,1,0,23.0,0.3,0,0,0,0,0,0,0,0,0.0,0.0,0.0,0.0,0.0
ESP-La Liga,2627,Sevilla,Castrin,ESP,DF,23-243,2003.0,2,2,180.0,2.0,0,0,0,0,0,0,0,0,0.0,0.0,0.0,0.0,0.0
ESP-La Liga,2627,Sevilla,Chidera Ejuke,NGA,"FW,MF",28-242,1998.0,3,0,94.0,1.0,1,0,1,1,0,0,0,0,0.96,0.0,0.96,0.96,0.96
ESP-La Liga,2627,Sevilla,Gabriel Suazo,CHI,DF,29-023,1997.0,3,3,270.0,3.0,0,0,0,0,0,0,2,0,0.0,0.0,0.0,0.0,0.0
ESP-La Liga,2627,Sevilla,Giorgi Kochorashvili,GEO,MF,27-064,1999.0,1,0,36.0,0.4,0,0,0,0,0,0,0,0,0.0,0.0,0.0,0.0,0.0
ESP-La Liga,2627,Sevilla,Iglesias,ESP,DF,28-060,1998.0,3,3,270.0,3.0,0,0,0,0,0,0,0,0,0.0,0.0,0.0,0.0,0.0
ESP-La Liga,2627,Sevilla,Isaac Romero,ESP,FW,26-106,2000.0,3,1,113.0,1.3,1,1,2,1,0,0,2,0,0.8,0.8,1.59,0.8,1.59
ESP-La Liga,2627,Sevilla,Joaquín Martínez Gauna,ESP,MF,23-054,2003.0,2,2,154.0,1.7,1,1,2,1,0,0,0,0,0.58,0.58,1.17,0.58,1.17
ESP-La Liga,2627,Sevilla,Jon Guridi,ESP,MF,31-185,1995.0,3,3,180.0,2.0,1,0,1,0,1,1,2,0,0.5,0.0,0.5,0.0,0.0
ESP-La Liga,2627,Sevilla,Julio Diaz,ESP,MF,21-234,2005.0,2,1,67.0,0.7,0,0,0,0,0,0,0,0,0.0,0.0,0.0,0.0,0.0
ESP-La Liga,2627,Sevilla,Kike Salas,ESP,DF,24-131,2002.0,2,2,177.0,2.0,0,0,0,0,0,0,0,1,0.0,0.0,0.0,0.0,0.0
ESP-La Liga,2627,Sevilla,Lucien Agoume,FRA,MF,24-204,2002.0,3,3,270.0,3.0,0,0,0,0,0,0,1,0,0.0,0.0,0.0,0.0,0.0
ESP-La Liga,2627,Sevilla,Manu Bueno,ESP,MF,22-036,2004.0,1,0,9.0,0.1,0,0,0,0,0,0,0,0,0.0,0.0,0.0,0.0,0.0
ESP-La Liga,2627,Sevilla,Miguel Ángel Sierra,ESP,MF,22-049,2004.0,3,3,193.0,2.1,1,0,1,1,0,0,1,0,0.47,0.0,0.47,0.47,0.47
ESP-La Liga,2627,Sevilla,Nicolás Guilén Peguero,ESP,MF,18-214,2008.0,2,1,90.0,1.0,0,0,0,0,0,0,1,0,0.0,0.0,0.0,0.0,0.0
ESP-La Liga,2627,Sevilla,Odysseas Vlachodimos,GRE,GK,32-128,1994.0,3,3,270.0,3.0,0,0,0,0,0,0,0,0,0.0,0.0,0.0,0.0,0.0
ESP-La Liga,2627,Sevilla,Peque,ESP,MF,23-332,2002.0,3,2,157.0,1.7,1,0,1,0,1,1,1,0,0.57,0.0,0.57,0.0,0.0
ESP-La Liga,2627,Sevilla,Robbie Ure,SCO,FW,22-187,2004.0,3,2,225.0,2.5,0,1,1,0,0,0,0,0,0.0,0.4,0.4,0.0,0.4
ESP-La Liga,2627,Sevilla,Ruben Vargas,SUI,"FW,MF",28-027,1998.0,1,0,21.0,0.2,0,0,0,0,0,0,0,0,0.0,0.0,0.0,0.0,0.0
ESP-La Liga,2627,Valencia,Aliou Dieng,MLI,"DF,MF",28-320,1997.0,3,0,50.0,0.6,0,0,0,0,0,0,0,0,0.0,0.0,0.0,0.0,0.0
ESP-La Liga,2627,Valencia,Arnau Martinez,ESP,DF,23-129,2003.0,1,1,81.0,0.9,0,0,0,0,0,0,0,0,0.0,0.0,0.0,0.0,0.0
ESP-La Liga,2627,Valencia,Arnaut Danjuma,NED,"MF,FW",29-213,1997.0,3,2,167.0,1.9,0,0,0,0,0,0,0,0,0.0,0.0,0.0,0.0,0.0
ESP-La Liga,2627,Valencia,César Tárrega,ESP,DF,24-187,2002.0,3,3,270.0,3.0,0,0,0,0,0,0,0,0,0.0,0.0,0.0,0.0,0.0
ESP-La Liga,2627,Valencia,Dani Raba,ESP,"FW,MF",30-307,1995.0,1,0,9.0,0.1,0,0,0,0,0,0,0,0,0.0,0.0,0.0,0.0,0.0
ESP-La Liga,2627,Valencia,David Otorbi,ESP,FW,18-320,2007.0,2,0,34.0,0.4,0,0,0,0,0,0,0,0,0.0,0.0,0.0,0.0,0.0
ESP-La Liga,2627,Valencia,Filip Ugrinic,SUI,MF,27-239,1999.0,3,2,194.0,2.2,0,0,0,0,0,0,0,0,0.0,0.0,0.0,0.0,0.0
ESP-La Liga,2627,Valencia,Guido Rodríguez,ARG,MF,32-142,1994.0,2,2,177.0,2.0,0,0,0,0,0,0,0,0,0.0,0.0,0.0,0.0,0.0
ESP-La Liga,2627,Valencia,Hugo Duro,ESP,FW,26-295,1999.0,3,1,93.0,1.0,0,0,0,0,0,0,0,0,0.0,0.0,0.0,0.0,0.0
ESP-La Liga,2627,Valencia,Javier Guerra,ESP,MF,23-111,2003.0,3,3,239.0,2.7,0,0,0,0,0,0,0,0,0.0,0.0,0.0,0.0,0.0
ESP-La Liga,2627,Valencia,Jesus Vazquez,ESP,DF,23-242,2003.0,3,3,270.0,3.0,0,0,0,0,0,0,0,0,0.0,0.0,0.0,0.0,0.0
ESP-La Liga,2627,Valencia,José Luis García Vayá,ESP,"DF,MF",28-021,1998.0,3,3,242.0,2.7,0,0,0,0,0,0,0,0,0.0,0.0,0.0,0.0,0.0
ESP-La Liga,2627,Valencia,José Luis Gayà,ESP,DF,31-099,1995.0,1,1,68.0,0.8,0,0,0,0,0,0,0,0,0.0,0.0,0.0,0.0,0.0
ESP-La Liga,2627,Valencia,Justin de Haas,NED,DF,26-212,2000.0,1,1,45.0,0.5,0,0,0,0,0,0,1,0,0.0,0.0,0.0,0.0,0.0
ESP-La Liga,2627,Valencia,Luis Rioja,ESP,DF,32-320,1993.0,2,1,95.0,1.1,0,0,0,0,0,0,0,0,0.0,0.0,0.0,0.0,0.0
ESP-La Liga,2627,Valencia,Mouctar Diakhaby,GUI,DF,29-256,1996.0,3,2,225.0,2.5,0,0,0,0,0,0,2,0,0.0,0.0,0.0,0.0,0.0
ESP-La Liga,2627,Valencia,Pablo Maffeo,ESP,DF,29-051,1997.0,2,1,76.0,0.8,0,0,0,0,0,0,0,0,0.0,0.0,0.0,0.0,0.0
ESP-La Liga,2627,Valencia,Ryūnosuke Satō,JPN,MF,19-320,2006.0,3,3,205.0,2.3,0,0,0,0,0,0,1,0,0.0,0.0,0.0,0.0,0.0
ESP-La Liga,2627,Valencia,Stole Dimitrievski,MKD,GK,32-250,1993.0,3,3,270.0,3.0,0,0,0,0,0,0,1,0,0.0,0.0,0.0,0.0,0.0
ESP-La Liga,2627,Valencia,Umar Sadiq,NGA,FW,29-211,1997.0,3,1,160.0,1.8,1,0,1,1,0,0,0,0,0.56,0.0,0.56,0.56,0.56
ESP-La Liga,2627,Villarreal,Alberto Moleiro,ESP,MF,22-336,2003.0,3,2,142.0,1.6,0,1,1,0,0,0,0,0,0.0,0.63,0.63,0.0,0.63
ESP-La Liga,2627,Villarreal,Alex Freeman,USA,DF,22-023,2004.0,2,0,32.0,0.4,0,0,0,0,0,0,0,0,0.0,0.0,0.0,0.0,0.0
ESP-La Liga,2627,Villarreal,Ayoze Pérez,ESP,FW,33-034,1993.0,3,2,144.0,1.6,0,0,0,0,0,0,0,0,0.0,0.0,0.0,0.0,0.0
ESP-La Liga,2627,Villarreal,Carlos Macià,ESP,MF,18-000,2008.0,2,0,47.0,0.5,0,0,0,0,0,0,0,0,0.0,0.0,0.0,0.0,0.0
ESP-La Liga,2627,Villarreal,Carlos Romero,ESP,DF,24-307,2001.0,3,3,270.0,3.0,0,0,0,0,0,0,1,0,0.0,0.0,0.0,0.0,0.0
ESP-La Liga,2627,Villarreal,Georges Mikautadze,GEO,FW,25-305,2000.0,3,3,249.0,2.8,1,1,2,0,1,1,0,0,0.36,0.36,0.72,0.0,0.36
ESP-La Liga,2627,Villarreal,Gerard Moreno,ESP,FW,34-147,1992.0,3,1,135.0,1.5,1,0,1,0,1,1,0,0,0.67,0.0,0.67,0.0,0.0
ESP-La Liga,2627,Villarreal,Ilias Akhomach,MAR,MF,22-138,2004.0,3,0,47.0,0.5,0,0,0,0,0,0,0,0,0.0,0.0,0.0,0.0,0.0
ESP-La Liga,2627,Villarreal,Juan Foyth,ARG,DF,28-232,1998.0,3,3,270.0,3.0,0,0,0,0,0,0,2,0,0.0,0.0,0.0,0.0,0.0
ESP-La Liga,2627,Villarreal,Luiz Lúcio Reis Júnior,BRA,GK,25-230,2001.0,3,3,270.0,3.0,0,0,0,0,0,0,0,0,0.0,0.0,0.0,0.0,0.0
ESP-La Liga,2627,Villarreal,Nicolas Pépé,CIV,MF,31-095,1995.0,3,3,244.0,2.7,1,0,1,1,0,0,1,0,0.37,0.0,0.37,0.37,0.37
ESP-La Liga,2627,Villarreal,Pape Gueye,SEN,MF,27-220,1999.0,3,3,270.0,3.0,1,0,1,1,0,0,1,0,0.33,0.0,0.33,0.33,0.33
ESP-La Liga,2627,Villarreal,Renato Veiga,POR,DF,23-034,2003.0,3,3,270.0,3.0,0,0,0,0,0,0,0,0,0.0,0.0,0.0,0.0,0.0
ESP-La Liga,2627,Villarreal,Santi Comesaña,ESP,MF,29-331,1996.0,3,3,199.0,2.2,0,0,0,0,0,0,0,0,0.0,0.0,0.0,0.0,0.0
ESP-La Liga,2627,Villarreal,Santiago Mouriño,URU,DF,24-200,2002.0,3,3,238.0,2.6,0,0,0,0,0,0,2,0,0.0,0.0,0.0,0.0,0.0
ESP-La Liga,2627,Villarreal,Tajon Buchanan,CAN,MF,27-205,1999.0,3,1,127.0,1.4,0,0,0,0,0,0,0,0,0.0,0.0,0.0,0.0,0.0
ESP-La Liga,2627,Villarreal,Tani Oluwaseyi,CAN,FW,26-109,2000.0,2,0,16.0,0.2,0,0,0,0,0,0,0,0,0.0,0.0,0.0,0.0,0.0
FRA-Ligue 1,2627,Angers,Amine El Ouazzani,MAR,FW,25-048,2001.0,2,2,159.0,1.8,1,1,2,1,0,0,0,0,0.57,0.57,1.13,0.57,1.13
FRA-Ligue 1,2627,Angers,Amine Sbai,MAR,MF,25-300,2000.0,2,2,170.0,1.9,0,0,0,0,0,0,0,0,0.0,0.0,0.0,0.0,0.0
FRA-Ligue 1,2627,Angers,Anthony Bermont,FRA,MF,21-203,2005.0,2,2,123.0,1.4,0,0,0,0,0,0,1,0,0.0,0.0,0.0,0.0,0.0
FRA-Ligue 1,2627,Angers,Anthony Lopes,POR,GK,35-335,1990.0,2,2,180.0,2.0,0,0,0,0,0,0,0,0,0.0,0.0,0.0,0.0,0.0
FRA-Ligue 1,2627,Angers,Bane Diatta,FRA,MF,18-066,2008.0,2,0,9.0,0.1,0,0,0,0,0,0,0,0,0.0,0.0,0.0,0.0,0.0
FRA-Ligue 1,2627,Angers,Branco van den Boomen,NED,MF,31-042,1995.0,2,2,180.0,2.0,1,0,1,1,0,0,1,0,0.5,0.0,0.5,0.5,0.5
FRA-Ligue 1,2627,Angers,Carlens Arcus,HAI,DF,30-065,1996.0,2,1,92.0,1.0,0,0,0,0,0,0,0,0,0.0,0.0,0.0,0.0,0.0
FRA-Ligue 1,2627,Angers,Harouna Djibrin,CMR,FW,19-300,2006.0,2,0,41.0,0.5,1,0,1,1,0,0,0,0,2.2,0.0,2.2,2.2,2.2
FRA-Ligue 1,2627,Angers,Jacques Ekomie,GAB,DF,23-013,2003.0,1,1,90.0,1.0,0,0,0,0,0,0,0,0,0.0,0.0,0.0,0.0,0.0
FRA-Ligue 1,2627,Angers,Jim Allevinah,GAB,MF,31-186,1995.0,2,2,138.0,1.5,0,0,0,0,0,0,0,0,0.0,0.0,0.0,0.0,0.0
FRA-Ligue 1,2627,Angers,Jordan Lefort,MTN,DF,33-023,1993.0,2,2,180.0,2.0,0,0,0,0,0,0,0,0,0.0,0.0,0.0,0.0,0.0
FRA-Ligue 1,2627,Angers,Joseph Kalulu,FRA,DF,21-276,2004.0,1,1,90.0,1.0,0,0,0,0,0,0,0,0,0.0,0.0,0.0,0.0,0.0
FRA-Ligue 1,2627,Angers,Lilian Raolisoa,FRA,DF,26-077,2000.0,1,1,84.0,0.9,0,0,0,0,0,0,0,0,0.0,0.0,0.0,0.0,0.0
FRA-Ligue 1,2627,Angers,Marius Louer,FRA,MF,19-174,2007.0,1,0,4.0,0.0,0,0,0,0,0,0,0,0,0.0,0.0,0.0,0.0,0.0
FRA-Ligue 1,2627,Angers,Ousmane Camara,MLI,DF,23-179,2003.0,2,2,180.0,2.0,0,1,1,0,0,0,0,0,0.0,0.5,0.5,0.0,0.5
FRA-Ligue 1,2627,Angers,Prosper Peter,NGA,FW,19-023,2007.0,2,0,58.0,0.6,0,0,0,0,0,0,1,0,0.0,0.0,0.0,0.0,0.0
FRA-Ligue 1,2627,Angers,Usman Simbakoli,FRA,FW,25-135,2001.0,2,0,28.0,0.3,0,0,0,0,0,0,1,0,0.0,0.0,0.0,0.0,0.0
FRA-Ligue 1,2627,Angers,Yassin Belkhdim,FRA,MF,24-199,2002.0,2,2,174.0,1.9,0,0,0,0,0,0,0,0,0.0,0.0,0.0,0.0,0.0
FRA-Ligue 1,2627,Auxerre,Aristide Zossou,CIV,FW,21-079,2005.0,2,1,95.0,1.1,0,0,0,0,0,0,0,0,0.0,0.0,0.0,0.0,0.0
FRA-Ligue 1,2627,Auxerre,Arthur Piedfort,BEL,MF,21-212,2005.0,2,2,165.0,1.8,0,0,0,0,0,0,0,0,0.0,0.0,0.0,0.0,0.0
FRA-Ligue 1,2627,Auxerre,Christ Makosso,CGO,DF,22-115,2004.0,1,1,34.0,0.4,0,0,0,0,0,0,0,1,0.0,0.0,0.0,0.0,0.0
FRA-Ligue 1,2627,Auxerre,Clément Akpa,CIV,DF,24-281,2001.0,2,2,180.0,2.0,0,0,0,0,0,0,1,0,0.0,0.0,0.0,0.0,0.0
FRA-Ligue 1,2627,Auxerre,Danny Loader,CMR,FW,26-004,2000.0,2,2,146.0,1.6,1,0,1,0,1,1,0,0,0.62,0.0,0.62,0.0,0.0
FRA-Ligue 1,2627,Auxerre,Elikya Legros,FRA,DF,18-087,2008.0,2,1,75.0,0.8,0,0,0,0,0,0,1,0,0.0,0.0,0.0,0.0,0.0
FRA-Ligue 1,2627,Auxerre,Fredrik Oppegard,NOR,DF,24-025,2002.0,1,0,30.0,0.3,0,0,0,0,0,0,0,0,0.0,0.0,0.0,0.0,0.0
FRA-Ligue 1,2627,Auxerre,Josué Casimir,HAI,"FW,MF",24-342,2001.0,2,0,24.0,0.3,0,0,0,0,0,0,0,0,0.0,0.0,0.0,0.0,0.0
FRA-Ligue 1,2627,Auxerre,Kévin Danois,FRA,MF,22-065,2004.0,2,2,180.0,2.0,0,0,0,0,0,0,0,0,0.0,0.0,0.0,0.0,0.0
FRA-Ligue 1,2627,Auxerre,Lamfia Dioubaté,FRA,MF,19-043,2007.0,2,0,35.0,0.4,0,0,0,0,0,0,1,0,0.0,0.0,0.0,0.0,0.0
FRA-Ligue 1,2627,Auxerre,Lamine Sy,MTN,DF,24-022,2002.0,2,2,180.0,2.0,1,0,1,1,0,0,0,0,0.5,0.0,0.5,0.5,0.5
FRA-Ligue 1,2627,Auxerre,Lasso Coulibaly,CIV,MF,23-317,2002.0,1,0,14.0,0.2,0,0,0,0,0,0,0,0,0.0,0.0,0.0,0.0,0.0
FRA-Ligue 1,2627,Auxerre,Mamadou Diop,MTN,GK,26-241,2000.0,2,2,180.0,2.0,0,0,0,0,0,0,0,0,0.0,0.0,0.0,0.0,0.0
FRA-Ligue 1,2627,Auxerre,Naouirou Ahamada,FRA,MF,24-156,2002.0,2,2,166.0,1.8,0,0,0,0,0,0,0,0,0.0,0.0,0.0,0.0,0.0
FRA-Ligue 1,2627,Auxerre,Rayan Kwedi Mandengue,CMR,FW,20-238,2006.0,1,0,24.0,0.3,0,1,1,0,0,0,0,0,0.0,3.75,3.75,0.0,3.75
FRA-Ligue 1,2627,Auxerre,Romain Faivre,FRA,FW,28-049,1998.0,2,2,136.0,1.5,0,1,1,0,0,0,0,0,0.0,0.66,0.66,0.0,0.66
FRA-Ligue 1,2627,Auxerre,Rémy Labeau Lascary,GLP,FW,23-182,2003.0,1,1,60.0,0.7,1,0,1,1,0,0,0,0,1.5,0.0,1.5,1.5,1.5
FRA-Ligue 1,2627,Auxerre,Sinaly Diomande,CIV,DF,25-145,2001.0,2,2,180.0,2.0,0,0,0,0,0,0,1,0,0.0,0.0,0.0,0.0,0.0
FRA-Ligue 1,2627,Auxerre,Theo Bair,CAN,FW,27-005,1999.0,1,0,20.0,0.2,0,0,0,0,0,0,0,0,0.0,0.0,0.0,0.0,0.0
FRA-Ligue 1,2627,Brest,Axel Camblan,FRA,FW,23-002,2003.0,1,0,20.0,0.2,0,0,0,0,0,0,0,0,0.0,0.0,0.0,0.0,0.0
FRA-Ligue 1,2627,Brest,Bradley Locko,FRA,DF,24-118,2002.0,2,2,180.0,2.0,0,0,0,0,0,0,1,0,0.0,0.0,0.0,0.0,0.0
FRA-Ligue 1,2627,Brest,Egil Selvik,NOR,GK,29-033,1997.0,2,2,180.0,2.0,0,0,0,0,0,0,0,0,0.0,0.0,0.0,0.0,0.0
FRA-Ligue 1,2627,Brest,Gautier Lloris,FRA,DF,31-045,1995.0,1,1,82.0,0.9,0,0,0,0,0,0,0,0,0.0,0.0,0.0,0.0,0.0
FRA-Ligue 1,2627,Brest,Hugo Magnetti,FRA,MF,28-094,1998.0,1,0,16.0,0.2,0,1,1,0,0,0,0,0,0.0,5.63,5.63,0.0,5.63
FRA-Ligue 1,2627,Brest,Joris Chotard,FRA,MF,24-342,2001.0,2,2,180.0,2.0,0,0,0,0,0,0,0,0,0.0,0.0,0.0,0.0,0.0
FRA-Ligue 1,2627,Brest,Joseph Nonge,BEL,MF,21-109,2005.0,2,1,78.0,0.9,0,0,0,0,0,0,0,0,0.0,0.0,0.0,0.0,0.0
FRA-Ligue 1,2627,Brest,Kamory Doumbia,MLI,MF,23-195,2003.0,2,2,162.0,1.8,2,1,3,2,0,0,0,0,1.11,0.56,1.67,1.11,1.67
FRA-Ligue 1,2627,Brest,Kenny Lala,MAD,DF,34-333,1991.0,2,2,180.0,2.0,0,0,0,0,0,0,0,0,0.0,0.0,0.0,0.0,0.0
FRA-Ligue 1,2627,Brest,Lucas Tousart,FRA,DF,29-125,1997.0,2,1,98.0,1.1,0,0,0,0,0,0,0,0,0.0,0.0,0.0,0.0,0.0
FRA-Ligue 1,2627,Brest,Ludovic Ajorque,FRA,FW,32-188,1994.0,2,2,180.0,2.0,1,0,1,1,0,0,1,0,0.5,0.0,0.5,0.5,0.5
FRA-Ligue 1,2627,Brest,Mama Samba Baldé,GNB,"FW,MF",30-299,1995.0,2,0,44.0,0.5,0,0,0,0,0,0,0,0,0.0,0.0,0.0,0.0,0.0
FRA-Ligue 1,2627,Brest,Mamady Diambou,MLI,MF,23-294,2002.0,2,1,102.0,1.1,0,1,1,0,0,0,0,0,0.0,0.88,0.88,0.0,0.88
FRA-Ligue 1,2627,Brest,Mathis Lainé,FRA,DF,19-155,2007.0,2,0,10.0,0.1,0,0,0,0,0,0,0,0,0.0,0.0,0.0,0.0,0.0
FRA-Ligue 1,2627,Brest,Pathé Mboup,SEN,MF,22-317,2003.0,2,2,152.0,1.7,0,0,0,0,0,0,1,0,0.0,0.0,0.0,0.0,0.0
FRA-Ligue 1,2627,Brest,Raphael Le Guen,FRA,DF,20-000,2006.0,2,2,180.0,2.0,0,0,0,0,0,0,0,0,0.0,0.0,0.0,0.0,0.0
FRA-Ligue 1,2627,Brest,Romain Del Castillo,FRA,MF,30-156,1996.0,2,2,136.0,1.5,1,0,1,1,0,0,0,0,0.66,0.0,0.66,0.66,0.66
FRA-Ligue 1,2627,Le Havre,Ahmed Touba,ALG,DF,28-173,1998.0,1,1,90.0,1.0,0,0,0,0,0,0,0,0,0.0,0.0,0.0,0.0,0.0
FRA-Ligue 1,2627,Le Havre,Amir Richardson,MAR,MF,24-220,2002.0,2,2,180.0,2.0,0,0,0,0,0,0,1,0,0.0,0.0,0.0,0.0,0.0
FRA-Ligue 1,2627,Le Havre,Ayumu Seko,JPN,DF,26-086,2000.0,2,2,180.0,2.0,0,0,0,0,0,0,1,0,0.0,0.0,0.0,0.0,0.0
FRA-Ligue 1,2627,Le Havre,Djibril Ouziad,FRA,MF,17-127,2009.0,1,1,64.0,0.7,0,0,0,0,0,0,0,0,0.0,0.0,0.0,0.0,0.0
FRA-Ligue 1,2627,Le Havre,Elias Jelert,DEN,DF,23-081,2003.0,1,0,21.0,0.2,0,0,0,0,0,0,0,0,0.0,0.0,0.0,0.0,0.0
FRA-Ligue 1,2627,Le Havre,Enzo Koffi Vinette,FRA,FW,20-181,2006.0,2,0,66.0,0.7,0,0,0,0,0,0,0,0,0.0,0.0,0.0,0.0,0.0
FRA-Ligue 1,2627,Le Havre,Fodé Doucouré,MLI,MF,25-210,2001.0,2,1,95.0,1.1,0,1,1,0,0,0,2,0,0.0,0.95,0.95,0.0,0.95
FRA-Ligue 1,2627,Le Havre,Josh Maja,NGA,FW,27-248,1998.0,2,0,47.0,0.5,0,0,0,0,0,0,0,0,0.0,0.0,0.0,0.0,0.0
FRA-Ligue 1,2627,Le Havre,Junior Mwanga,FRA,"MF,DF",23-113,2003.0,2,2,180.0,2.0,0,0,0,0,0,0,0,0,0.0,0.0,0.0,0.0,0.0
FRA-Ligue 1,2627,Le Havre,Kaito Mizuta,JPN,MF,26-146,2000.0,2,1,67.0,0.7,0,0,0,0,0,0,0,0,0.0,0.0,0.0,0.0,0.0
FRA-Ligue 1,2627,Le Havre,Lionel Mpasi,COD,GK,32-031,1994.0,2,2,180.0,2.0,0,0,0,0,0,0,0,0,0.0,0.0,0.0,0.0,0.0
FRA-Ligue 1,2627,Le Havre,Mbwana Samatta,TAN,FW,33-252,1992.0,2,2,158.0,1.8,1,0,1,1,0,0,0,0,0.57,0.0,0.57,0.57,0.57
FRA-Ligue 1,2627,Le Havre,Rassoul Ndiaye,SEN,MF,24-264,2001.0,2,2,180.0,2.0,0,0,0,0,0,0,0,0,0.0,0.0,0.0,0.0,0.0
FRA-Ligue 1,2627,Le Havre,Simon Ebonog,CMR,MF,22-016,2004.0,2,2,162.0,1.8,0,0,0,0,0,0,0,0,0.0,0.0,0.0,0.0,0.0
FRA-Ligue 1,2627,Le Havre,Sota Nakamura,JPN,MF,23-321,2002.0,2,0,36.0,0.4,0,0,0,0,0,0,0,0,0.0,0.0,0.0,0.0,0.0
FRA-Ligue 1,2627,Le Havre,Timothee Pembele,FRA,"MF,DF",23-357,2002.0,2,2,144.0,1.6,0,0,0,0,0,0,0,0,0.0,0.0,0.0,0.0,0.0
FRA-Ligue 1,2627,Le Havre,Vincent Sasso,FRA,DF,35-197,1991.0,2,1,91.0,1.0,0,0,0,0,0,0,1,0,0.0,0.0,0.0,0.0,0.0
FRA-Ligue 1,2627,Le Havre,Yanis Zouaoui,ALG,MF,28-128,1998.0,1,1,39.0,0.4,0,0,0,0,0,0,0,0,0.0,0.0,0.0,0.0,0.0
FRA-Ligue 1,2627,Le Mans,Adil Bourabaa,FRA,MF,21-176,2005.0,2,2,151.0,1.7,0,1,1,0,0,0,0,0,0.0,0.6,0.6,0.0,0.6
FRA-Ligue 1,2627,Le Mans,Alexandre Lauray,FRA,MF,29-167,1997.0,2,2,152.0,1.7,0,0,0,0,0,0,2,0,0.0,0.0,0.0,0.0,0.0
FRA-Ligue 1,2627,Le Mans,Antoine Rabillard,FRA,MF,30-344,1995.0,2,1,113.0,1.3,0,0,0,0,0,0,0,0,0.0,0.0,0.0,0.0,0.0
FRA-Ligue 1,2627,Le Mans,Bilal Brahimi,ALG,"FW,MF",26-171,2000.0,1,0,19.0,0.2,0,0,0,0,0,0,0,0,0.0,0.0,0.0,0.0,0.0
FRA-Ligue 1,2627,Le Mans,Dame Guèye,SEN,FW,31-020,1995.0,2,2,138.0,1.5,1,0,1,1,0,0,0,0,0.65,0.0,0.65,0.65,0.65
FRA-Ligue 1,2627,Le Mans,Djibril Sidibé,FRA,"DF,MF",34-034,1992.0,1,0,,0.0,0,0,0,0,0,0,0,1,,,,,
FRA-Ligue 1,2627,Le Mans,Erwan Colas,FRA,MF,29-132,1997.0,1,0,28.0,0.3,0,0,0,0,0,0,0,0,0.0,0.0,0.0,0.0,0.0
FRA-Ligue 1,2627,Le Mans,Ewan Hatfout,FRA,GK,26-153,2000.0,1,0,10.0,0.1,0,0,0,0,0,0,0,0,0.0,0.0,0.0,0.0,0.0
FRA-Ligue 1,2627,Le Mans,Harold Voyer,MTQ,DF,29-159,1997.0,1,1,90.0,1.0,0,0,0,0,0,0,1,0,0.0,0.0,0.0,0.0,0.0
FRA-Ligue 1,2627,Le Mans,Jean Vercruysse,FRA,FW,26-060,2000.0,1,0,31.0,0.3,0,0,0,0,0,0,0,0,0.0,0.0,0.0,0.0,0.0
FRA-Ligue 1,2627,Le Mans,Louis Mafouta,CTA,FW,32-061,1994.0,2,2,152.0,1.7,3,1,4,2,1,1,0,0,1.78,0.59,2.37,1.18,1.78
FRA-Ligue 1,2627,Le Mans,Lucas Bretelle,FRA,MF,24-137,2002.0,2,1,87.0,1.0,0,0,0,0,0,0,0,0,0.0,0.0,0.0,0.0,0.0
FRA-Ligue 1,2627,Le Mans,Lucas Buadés,FRA,MF,28-247,1997.0,2,2,180.0,2.0,0,0,0,0,0,0,0,0,0.0,0.0,0.0,0.0,0.0
FRA-Ligue 1,2627,Le Mans,Lucas Calodat,FRA,MF,24-207,2002.0,2,1,77.0,0.9,0,1,1,0,0,0,0,0,0.0,1.17,1.17,0.0,1.17
FRA-Ligue 1,2627,Le Mans,Milan Robin,FRA,MF,26-281,1999.0,1,0,10.0,0.1,0,0,0,0,0,0,0,0,0.0,0.0,0.0,0.0,0.0
FRA-Ligue 1,2627,Le Mans,Nicolas Kocik,FRA,GK,28-028,1998.0,2,2,170.0,1.9,0,0,0,0,0,0,0,0,0.0,0.0,0.0,0.0,0.0
FRA-Ligue 1,2627,Le Mans,Noa Boisse,FRA,DF,20-224,2006.0,2,2,180.0,2.0,0,0,0,0,0,0,0,0,0.0,0.0,0.0,0.0,0.0
FRA-Ligue 1,2627,Le Mans,Rayan Bamba,FRA,DF,22-140,2004.0,1,1,90.0,1.0,0,0,0,0,0,0,0,0,0.0,0.0,0.0,0.0,0.0
FRA-Ligue 1,2627,Le Mans,Théo Eyoum,FRA,DF,24-237,2002.0,2,2,180.0,2.0,0,0,0,0,0,0,0,0,0.0,0.0,0.0,0.0,0.0
FRA-Ligue 1,2627,Le Mans,William Harhouz,FRA,FW,26-245,1999.0,1,0,19.0,0.2,0,0,0,0,0,0,0,0,0.0,0.0,0.0,0.0,0.0
FRA-Ligue 1,2627,Le Mans,Yasser Larouci,ALG,MF,25-243,2001.0,1,1,80.0,0.9,0,0,0,0,0,0,0,0,0.0,0.0,0.0,0.0,0.0
FRA-Ligue 1,2627,Lens,Abdallah Sima,SEN,FW,25-076,2001.0,2,2,158.0,1.8,0,1,1,0,0,0,0,0,0.0,0.57,0.57,0.0,0.57
FRA-Ligue 1,2627,Lens,Amadou Haidara,MLI,MF,28-213,1998.0,1,0,20.0,0.2,0,0,0,0,0,0,0,0,0.0,0.0,0.0,0.0,0.0
FRA-Ligue 1,2627,Lens,Andrija Bulatović,MNE,MF,19-248,2006.0,2,0,31.0,0.3,0,0,0,0,0,0,0,0,0.0,0.0,0.0,0.0,0.0
FRA-Ligue 1,2627,Lens,Florian Sotoca,FRA,"FW,MF",35-311,1990.0,1,0,2.0,0.0,0,0,0,0,0,0,0,0,0.0,0.0,0.0,0.0,0.0
FRA-Ligue 1,2627,Lens,Florian Thauvin,FRA,MF,33-218,1993.0,2,2,180.0,2.0,3,1,4,0,3,3,0,0,1.5,0.5,2.0,0.0,0.5
FRA-Ligue 1,2627,Lens,Franjo Ivanović,CRO,MF,22-335,2003.0,2,2,133.0,1.5,1,0,1,1,0,0,1,0,0.68,0.0,0.68,0.68,0.68
FRA-Ligue 1,2627,Lens,Ismaëlo Ganiou,FRA,DF,21-171,2005.0,2,2,168.0,1.9,1,0,1,1,0,0,0,0,0.54,0.0,0.54,0.54,0.54
FRA-Ligue 1,2627,Lens,Maik Nawrocki,POL,DF,25-206,2001.0,2,2,151.0,1.7,0,0,0,0,0,0,1,0,0.0,0.0,0.0,0.0,0.0
FRA-Ligue 1,2627,Lens,Matthieu Udol,FRA,MF,30-165,1996.0,2,2,180.0,2.0,0,0,0,0,0,0,0,0,0.0,0.0,0.0,0.0,0.0
FRA-Ligue 1,2627,Lens,Mezian Soares,POR,MF,16-297,2009.0,1,0,2.0,0.0,0,0,0,0,0,0,0,0,0.0,0.0,0.0,0.0,0.0
FRA-Ligue 1,2627,Lens,Michał Skóraś,POL,MF,26-198,2000.0,2,1,117.0,1.3,0,1,1,0,0,0,0,0,0.0,0.77,0.77,0.0,0.77
FRA-Ligue 1,2627,Lens,Mickaël Cuisance,FRA,MF,27-016,1999.0,2,2,141.0,1.6,0,0,0,0,0,0,0,0,0.0,0.0,0.0,0.0,0.0
FRA-Ligue 1,2627,Lens,Odsonne Édouard,FRA,FW,28-228,1998.0,1,0,20.0,0.2,0,0,0,0,0,0,0,0,0.0,0.0,0.0,0.0,0.0
FRA-Ligue 1,2627,Lens,Robin Risser,FRA,GK,21-273,2004.0,2,2,180.0,2.0,0,0,0,0,0,0,0,0,0.0,0.0,0.0,0.0,0.0
FRA-Ligue 1,2627,Lens,Ruben Aguilar,FRA,"DF,MF",33-128,1993.0,1,0,29.0,0.3,0,0,0,0,0,0,1,0,0.0,0.0,0.0,0.0,0.0
FRA-Ligue 1,2627,Lens,Saud Abdulhamid,KSA,MF,27-045,1999.0,1,1,61.0,0.7,1,0,1,1,0,0,0,0,1.48,0.0,1.48,1.48,1.48
FRA-Ligue 1,2627,Lens,Souleymane Sagnan,FRA,DF,21-118,2005.0,2,2,180.0,2.0,0,0,0,0,0,0,0,0,0.0,0.0,0.0,0.0,0.0
FRA-Ligue 1,2627,Lens,Thorgan Hazard,BEL,"FW,MF",33-156,1993.0,2,0,47.0,0.5,0,0,0,0,0,0,0,0,0.0,0.0,0.0,0.0,0.0
FRA-Ligue 1,2627,Lens,Yassine Titraoui,ALG,MF,23-037,2003.0,2,2,180.0,2.0,0,0,0,0,0,0,0,0,0.0,0.0,0.0,0.0,0.0
FRA-Ligue 1,2627,Lille,Alexsandro Ribeiro,BRA,DF,27-023,1999.0,2,2,180.0,2.0,0,0,0,0,0,0,0,0,0.0,0.0,0.0,0.0,0.0
FRA-Ligue 1,2627,Lille,Basar Onal,TUR,MF,22-057,2004.0,1,1,56.0,0.6,0,0,0,0,0,0,0,0,0.0,0.0,0.0,0.0,0.0
FRA-Ligue 1,2627,Lille,Benjamin André,FRA,MF,36-029,1990.0,1,1,60.0,0.7,0,0,0,0,0,0,1,0,0.0,0.0,0.0,0.0,0.0
FRA-Ligue 1,2627,Lille,Berke Özer,TUR,GK,26-099,2000.0,2,2,180.0,2.0,0,0,0,0,0,0,0,0,0.0,0.0,0.0,0.0,0.0
FRA-Ligue 1,2627,Lille,Calvin Verdonk,IDN,DF,29-128,1997.0,2,0,26.0,0.3,0,0,0,0,0,0,0,0,0.0,0.0,0.0,0.0,0.0
FRA-Ligue 1,2627,Lille,Dilane Bakwa,FRA,"FW,MF",24-006,2002.0,1,0,23.0,0.3,1,0,1,1,0,0,0,0,3.91,0.0,3.91,3.91,3.91
FRA-Ligue 1,2627,Lille,Ethan Mbappé,FRA,MF,19-246,2006.0,2,2,129.0,1.4,0,0,0,0,0,0,0,0,0.0,0.0,0.0,0.0,0.0
FRA-Ligue 1,2627,Lille,Félix Correia,POR,MF,25-222,2001.0,2,1,94.0,1.0,0,0,0,0,0,0,0,0,0.0,0.0,0.0,0.0,0.0
FRA-Ligue 1,2627,Lille,Gaëtan Perrin,FRA,"FW,MF",30-086,1996.0,2,0,57.0,0.6,0,0,0,0,0,0,0,0,0.0,0.0,0.0,0.0,0.0
FRA-Ligue 1,2627,Lille,Hákon Haraldsson,ISL,MF,23-144,2003.0,2,2,154.0,1.7,1,0,1,1,0,0,1,0,0.58,0.0,0.58,0.58,0.58
FRA-Ligue 1,2627,Lille,Isaac Cossier,FRA,DF,19-275,2006.0,1,0,15.0,0.2,0,0,0,0,0,0,0,0,0.0,0.0,0.0,0.0,0.0
FRA-Ligue 1,2627,Lille,Nabil Bentaleb,ALG,MF,31-281,1994.0,2,2,180.0,2.0,0,1,1,0,0,0,0,0,0.0,0.5,0.5,0.0,0.5
FRA-Ligue 1,2627,Lille,Nathan Ngoy,BEL,DF,23-083,2003.0,2,2,180.0,2.0,0,0,0,0,0,0,0,0,0.0,0.0,0.0,0.0,0.0
FRA-Ligue 1,2627,Lille,Ngal'Ayel Mukau,COD,MF,21-302,2004.0,2,1,120.0,1.3,0,0,0,0,0,0,0,0,0.0,0.0,0.0,0.0,0.0
FRA-Ligue 1,2627,Lille,Olivier Giroud,FRA,FW,39-336,1986.0,2,2,153.0,1.7,1,2,3,1,0,0,0,0,0.59,1.18,1.76,0.59,1.76
FRA-Ligue 1,2627,Lille,Osame Sahraoui,MAR,"FW,MF",25-082,2001.0,1,0,28.0,0.3,0,0,0,0,0,0,0,0,0.0,0.0,0.0,0.0,0.0
FRA-Ligue 1,2627,Lille,Romain Perraud,FRA,DF,28-344,1997.0,2,2,165.0,1.8,0,0,0,0,0,0,2,0,0.0,0.0,0.0,0.0,0.0
FRA-Ligue 1,2627,Lille,Tiago Santos,POR,DF,24-040,2002.0,2,2,180.0,2.0,1,0,1,1,0,0,0,0,0.5,0.0,0.5,0.5,0.5
FRA-Ligue 1,2627,Lorient,Alec Georgen,FRA,DF,27-349,1998.0,1,0,19.0,0.2,0,0,0,0,0,0,0,0,0.0,0.0,0.0,0.0,0.0
FRA-Ligue 1,2627,Lorient,Arsène Kouassi,BFA,MF,21-355,2004.0,2,2,180.0,2.0,0,0,0,0,0,0,0,0,0.0,0.0,0.0,0.0,0.0
FRA-Ligue 1,2627,Lorient,Arthur Avom,CMR,MF,21-260,2004.0,2,2,180.0,2.0,0,0,0,0,0,0,0,0,0.0,0.0,0.0,0.0,0.0
FRA-Ligue 1,2627,Lorient,Dembo Sylla,GUI,DF,23-295,2002.0,2,2,161.0,1.8,0,0,0,0,0,0,0,0,0.0,0.0,0.0,0.0,0.0
FRA-Ligue 1,2627,Lorient,Gabin Bernardeau,FRA,MF,20-220,2006.0,2,2,133.0,1.5,0,0,0,0,0,0,0,0,0.0,0.0,0.0,0.0,0.0
FRA-Ligue 1,2627,Lorient,Isak Jensen,DEN,"FW,MF",22-252,2003.0,1,0,25.0,0.3,0,0,0,0,0,0,0,0,0.0,0.0,0.0,0.0,0.0
FRA-Ligue 1,2627,Lorient,Jean-Victor Makengo,FRA,MF,28-081,1998.0,2,2,162.0,1.8,1,0,1,1,0,0,0,0,0.56,0.0,0.56,0.56,0.56
FRA-Ligue 1,2627,Lorient,Mamadou Koné,CIV,FW,19-285,2006.0,2,2,134.0,1.5,0,0,0,0,0,0,0,0,0.0,0.0,0.0,0.0,0.0
FRA-Ligue 1,2627,Lorient,Montassar Talbi,TUN,DF,28-098,1998.0,2,2,180.0,2.0,0,0,0,0,0,0,0,0,0.0,0.0,0.0,0.0,0.0
FRA-Ligue 1,2627,Lorient,Nathaniel Adjei,GHA,DF,24-011,2002.0,2,2,180.0,2.0,0,0,0,0,0,0,0,0,0.0,0.0,0.0,0.0,0.0
FRA-Ligue 1,2627,Lorient,Noah Cadiou,GLP,MF,27-310,1998.0,2,2,173.0,1.9,0,0,0,0,0,0,0,0,0.0,0.0,0.0,0.0,0.0
FRA-Ligue 1,2627,Lorient,Noah Mbamba,BEL,MF,21-239,2005.0,1,0,7.0,0.1,0,0,0,0,0,0,0,0,0.0,0.0,0.0,0.0,0.0
FRA-Ligue 1,2627,Lorient,Panos Katseris,GRE,MF,25-058,2001.0,2,0,37.0,0.4,0,0,0,0,0,0,0,0,0.0,0.0,0.0,0.0,0.0
FRA-Ligue 1,2627,Lorient,Souleymane Faye,SEN,FW,23-205,2003.0,2,0,40.0,0.4,0,0,0,0,0,0,0,0,0.0,0.0,0.0,0.0,0.0
FRA-Ligue 1,2627,Lorient,Théo Le Bris,FRA,MF,23-335,2002.0,2,2,143.0,1.6,0,0,0,0,0,0,0,0,0.0,0.0,0.0,0.0,0.0
FRA-Ligue 1,2627,Lorient,Tosin Aiyegun,BEN,"FW,MF",28-067,1998.0,2,0,46.0,0.5,0,0,0,0,0,0,0,0,0.0,0.0,0.0,0.0,0.0
FRA-Ligue 1,2627,Lorient,Yvon Mvogo,SUI,GK,32-087,1994.0,2,2,180.0,2.0,0,0,0,0,0,0,0,0,0.0,0.0,0.0,0.0,0.0
FRA-Ligue 1,2627,Lyon,Abner,BRA,"DF,MF",26-097,2000.0,1,0,11.0,0.1,0,0,0,0,0,0,0,0,0.0,0.0,0.0,0.0,0.0
FRA-Ligue 1,2627,Lyon,Clinton Mata,ANG,DF,33-298,1992.0,1,1,90.0,1.0,0,0,0,0,0,0,0,0,0.0,0.0,0.0,0.0,0.0
FRA-Ligue 1,2627,Lyon,Corentin Tolisso,FRA,MF,32-029,1994.0,2,1,112.0,1.2,0,1,1,0,0,0,0,0,0.0,0.8,0.8,0.0,0.8
FRA-Ligue 1,2627,Lyon,Dominik Greif,SVK,GK,29-148,1997.0,1,1,90.0,1.0,0,0,0,0,0,0,0,0,0.0,0.0,0.0,0.0,0.0
FRA-Ligue 1,2627,Lyon,Ernest Nuamah,GHA,MF,22-304,2003.0,1,1,79.0,0.9,0,0,0,0,0,0,0,0,0.0,0.0,0.0,0.0,0.0
FRA-Ligue 1,2627,Lyon,Felix Bacher,AUT,DF,25-311,2000.0,2,2,180.0,2.0,0,0,0,0,0,0,0,0,0.0,0.0,0.0,0.0,0.0
FRA-Ligue 1,2627,Lyon,Julien Duranville,BEL,FW,20-119,2006.0,1,1,62.0,0.7,0,0,0,0,0,0,0,0,0.0,0.0,0.0,0.0,0.0
FRA-Ligue 1,2627,Lyon,Kaïl Boudache,FRA,"MF,FW",20-078,2006.0,2,2,150.0,1.7,0,0,0,0,0,0,0,0,0.0,0.0,0.0,0.0,0.0
FRA-Ligue 1,2627,Lyon,Loïs Openda,BEL,FW,26-197,2000.0,1,1,90.0,1.0,1,0,1,1,0,0,0,0,1.0,0.0,1.0,1.0,1.0
FRA-Ligue 1,2627,Lyon,Mads Bidstrup,DEN,MF,25-188,2001.0,2,2,140.0,1.6,0,0,0,0,0,0,0,0,0.0,0.0,0.0,0.0,0.0
FRA-Ligue 1,2627,Lyon,Malick Fofana,BEL,"FW,MF",21-154,2005.0,2,0,58.0,0.6,1,0,1,1,0,0,0,0,1.55,0.0,1.55,1.55,1.55
FRA-Ligue 1,2627,Lyon,Mathys De Carvalho,FRA,MF,21-123,2005.0,1,1,68.0,0.8,0,0,0,0,0,0,0,0,0.0,0.0,0.0,0.0,0.0
FRA-Ligue 1,2627,Lyon,Mohamed Ouédraogo,BFA,DF,23-242,2003.0,1,1,90.0,1.0,0,0,0,0,0,0,0,0,0.0,0.0,0.0,0.0,0.0
FRA-Ligue 1,2627,Lyon,Moussa Niakhaté,SEN,DF,30-177,1996.0,1,1,90.0,1.0,0,0,0,0,0,0,0,0,0.0,0.0,0.0,0.0,0.0
FRA-Ligue 1,2627,Lyon,Nicolás Tagliafico,ARG,DF,34-001,1992.0,1,1,79.0,0.9,0,0,0,0,0,0,0,0,0.0,0.0,0.0,0.0,0.0
FRA-Ligue 1,2627,Lyon,Noah Nartey,DEN,MF,20-331,2005.0,2,1,97.0,1.1,1,0,1,1,0,0,1,0,0.93,0.0,0.93,0.93,0.93
FRA-Ligue 1,2627,Lyon,Pavel Šulc,CZE,"FW,MF",25-246,2000.0,2,0,39.0,0.4,0,1,1,0,0,0,0,0,0.0,2.31,2.31,0.0,2.31
FRA-Ligue 1,2627,Lyon,Rémi Himbert,FRA,FW,18-184,2008.0,1,1,62.0,0.7,0,0,0,0,0,0,0,0,0.0,0.0,0.0,0.0,0.0
FRA-Ligue 1,2627,Lyon,Rémy Descamps,FRA,GK,30-068,1996.0,1,1,90.0,1.0,0,0,0,0,0,0,0,0,0.0,0.0,0.0,0.0,0.0
FRA-Ligue 1,2627,Lyon,Tanner Tessmann,USA,MF,24-342,2001.0,1,0,11.0,0.1,0,0,0,0,0,0,1,0,0.0,0.0,0.0,0.0,0.0
FRA-Ligue 1,2627,Lyon,Tyler Morton,ENG,MF,23-305,2002.0,2,1,112.0,1.2,0,0,0,0,0,0,0,0,0.0,0.0,0.0,0.0,0.0
FRA-Ligue 1,2627,Lyon,Zachary Athekame,SUI,DF,21-262,2004.0,2,2,180.0,2.0,0,1,1,0,0,0,0,0,0.0,0.5,0.5,0.0,0.5
FRA-Ligue 1,2627,Marseille,Amine Gouiri,ALG,FW,26-197,2000.0,2,2,180.0,2.0,2,0,2,1,1,1,0,0,1.0,0.0,1.0,0.5,0.5
FRA-Ligue 1,2627,Marseille,Amine Harit,MAR,MF,29-075,1997.0,2,2,172.0,1.9,0,0,0,0,0,0,0,0,0.0,0.0,0.0,0.0,0.0
FRA-Ligue 1,2627,Marseille,Angel Gomes,ENG,MF,26-001,2000.0,2,2,173.0,1.9,0,1,1,0,0,0,0,0,0.0,0.52,0.52,0.0,0.52
FRA-Ligue 1,2627,Marseille,CJ Egan-Riley,ENG,DF,23-242,2003.0,2,2,164.0,1.8,0,0,0,0,0,0,0,0,0.0,0.0,0.0,0.0,0.0
FRA-Ligue 1,2627,Marseille,Derek Cornelius,CAN,"DF,FW",28-280,1997.0,1,0,8.0,0.1,0,0,0,0,0,0,0,0,0.0,0.0,0.0,0.0,0.0
FRA-Ligue 1,2627,Marseille,Emerson Palmieri,ITA,DF,32-029,1994.0,2,2,180.0,2.0,0,0,0,0,0,0,0,0,0.0,0.0,0.0,0.0,0.0
FRA-Ligue 1,2627,Marseille,Faris Pemi Moumbagna,CMR,FW,26-062,2000.0,1,0,6.0,0.1,0,0,0,0,0,0,0,0,0.0,0.0,0.0,0.0,0.0
FRA-Ligue 1,2627,Marseille,Geoffrey Kondogbia,CTA,DF,33-198,1993.0,2,2,139.0,1.5,0,0,0,0,0,0,0,0,0.0,0.0,0.0,0.0,0.0
FRA-Ligue 1,2627,Marseille,Himad Abdelli,ALG,MF,26-288,1999.0,2,2,127.0,1.4,0,0,0,0,0,0,0,0,0.0,0.0,0.0,0.0,0.0
FRA-Ligue 1,2627,Marseille,Igor Paixão,BRA,MF,26-065,2000.0,1,1,90.0,1.0,0,0,0,0,0,0,0,0,0.0,0.0,0.0,0.0,0.0
FRA-Ligue 1,2627,Marseille,Jeffrey De Lange,NED,GK,28-153,1998.0,2,2,180.0,2.0,0,0,0,0,0,0,0,0,0.0,0.0,0.0,0.0,0.0
FRA-Ligue 1,2627,Marseille,Keyliane Abdallah,FRA,FW,20-149,2006.0,2,0,53.0,0.6,1,0,1,1,0,0,0,0,1.7,0.0,1.7,1.7,1.7
FRA-Ligue 1,2627,Marseille,Nayef Aguerd,MAR,DF,30-155,1996.0,2,0,49.0,0.5,0,0,0,0,0,0,1,0,0.0,0.0,0.0,0.0,0.0
FRA-Ligue 1,2627,Marseille,Neal Maupay,FRA,"FW,MF",30-018,1996.0,2,0,19.0,0.2,0,0,0,0,0,0,0,0,0.0,0.0,0.0,0.0,0.0
FRA-Ligue 1,2627,Marseille,Pierre Højbjerg,DEN,MF,31-027,1995.0,2,2,180.0,2.0,1,0,1,1,0,0,0,0,0.5,0.0,0.5,0.5,0.5
FRA-Ligue 1,2627,Marseille,Quinten Timber,NED,MF,25-076,2001.0,1,1,45.0,0.5,0,0,0,0,0,0,0,0,0.0,0.0,0.0,0.0,0.0
FRA-Ligue 1,2627,Marseille,Timothy Weah,USA,DF,26-191,2000.0,2,2,180.0,2.0,0,0,0,0,0,0,0,0,0.0,0.0,0.0,0.0,0.0
FRA-Ligue 1,2627,Marseille,Tochukwu Nnadi,NGA,MF,23-063,2003.0,2,0,35.0,0.4,0,0,0,0,0,0,0,0,0.0,0.0,0.0,0.0,0.0
FRA-Ligue 1,2627,Monaco,Aleksandr Golovin,RUS,MF,30-094,1996.0,2,2,170.0,1.9,0,1,1,0,0,0,1,0,0.0,0.53,0.53,0.0,0.53
FRA-Ligue 1,2627,Monaco,Anis Soubeir,FRA,FW,19-094,2007.0,2,0,44.0,0.5,0,0,0,0,0,0,0,0,0.0,0.0,0.0,0.0,0.0
FRA-Ligue 1,2627,Monaco,Denis Zakaria,SUI,MF,29-285,1996.0,2,2,180.0,2.0,0,0,0,0,0,0,1,0,0.0,0.0,0.0,0.0,0.0
FRA-Ligue 1,2627,Monaco,Eric Dier,ENG,DF,32-229,1994.0,2,2,180.0,2.0,1,1,2,1,0,0,0,0,0.5,0.5,1.0,0.5,1.0
FRA-Ligue 1,2627,Monaco,Flávio Nazinho,POR,DF,23-043,2003.0,2,2,169.0,1.9,0,1,1,0,0,0,1,0,0.0,0.53,0.53,0.0,0.53
FRA-Ligue 1,2627,Monaco,Ilane Touré,FRA,MF,20-028,2006.0,1,0,11.0,0.1,0,0,0,0,0,0,0,0,0.0,0.0,0.0,0.0,0.0
FRA-Ligue 1,2627,Monaco,Lamine Camara,SEN,MF,22-243,2004.0,2,2,180.0,2.0,0,0,0,0,0,0,1,0,0.0,0.0,0.0,0.0,0.0
FRA-Ligue 1,2627,Monaco,Lukáš Hrádecký,FIN,GK,36-281,1989.0,2,2,180.0,2.0,0,0,0,0,0,0,1,0,0.0,0.0,0.0,0.0,0.0
FRA-Ligue 1,2627,Monaco,Mamadou Coulibaly,FRA,MF,22-133,2004.0,2,2,136.0,1.5,0,0,0,0,0,0,0,0,0.0,0.0,0.0,0.0,0.0
FRA-Ligue 1,2627,Monaco,Mathys Detourbet,FRA,MF,19-125,2007.0,1,0,6.0,0.1,0,0,0,0,0,0,0,0,0.0,0.0,0.0,0.0,0.0
FRA-Ligue 1,2627,Monaco,Matthis Abline,FRA,"FW,MF",23-157,2003.0,1,0,10.0,0.1,0,0,0,0,0,0,0,0,0.0,0.0,0.0,0.0,0.0
FRA-Ligue 1,2627,Monaco,Mika Biereth,DEN,FW,23-205,2003.0,2,0,44.0,0.5,0,0,0,0,0,0,0,0,0.0,0.0,0.0,0.0,0.0
FRA-Ligue 1,2627,Monaco,Oumar Konaté,CIV,FW,19-119,2007.0,1,0,10.0,0.1,0,0,0,0,0,0,0,0,0.0,0.0,0.0,0.0,0.0
FRA-Ligue 1,2627,Monaco,Paris Brunner,GER,FW,20-198,2006.0,2,2,136.0,1.5,2,0,2,2,0,0,0,0,1.32,0.0,1.32,1.32,1.32
FRA-Ligue 1,2627,Monaco,Sadibou Sané,SEN,DF,22-083,2004.0,2,2,180.0,2.0,0,0,0,0,0,0,0,0,0.0,0.0,0.0,0.0,0.0
FRA-Ligue 1,2627,Monaco,Stanis Idumbo,BEL,MF,21-064,2005.0,2,2,164.0,1.8,0,0,0,0,0,0,0,0,0.0,0.0,0.0,0.0,0.0
FRA-Ligue 1,2627,Monaco,Thilo Kehrer,GER,DF,29-345,1996.0,1,0,2.0,0.0,0,0,0,0,0,0,0,0,0.0,0.0,0.0,0.0,0.0
FRA-Ligue 1,2627,Monaco,Vanderson,BRA,DF,25-072,2001.0,2,2,178.0,2.0,0,0,0,0,0,0,1,0,0.0,0.0,0.0,0.0,0.0
FRA-Ligue 1,2627,Nice,Antoine Mendy,SEN,DF,22-097,2004.0,2,1,108.0,1.2,0,0,0,0,0,0,0,0,0.0,0.0,0.0,0.0,0.0
FRA-Ligue 1,2627,Nice,Axel Witsel,BEL,MF,37-232,1989.0,1,1,72.0,0.8,0,0,0,0,0,0,0,0,0.0,0.0,0.0,0.0,0.0
FRA-Ligue 1,2627,Nice,Djelan Morana,FRA,FW,18-119,2008.0,1,0,9.0,0.1,0,0,0,0,0,0,0,0,0.0,0.0,0.0,0.0,0.0
FRA-Ligue 1,2627,Nice,Djibril Coulibaly,FRA,MF,17-287,2008.0,2,2,180.0,2.0,0,0,0,0,0,0,0,0,0.0,0.0,0.0,0.0,0.0
FRA-Ligue 1,2627,Nice,Elye Wahi,CIV,FW,23-242,2003.0,1,0,28.0,0.3,0,0,0,0,0,0,0,0,0.0,0.0,0.0,0.0,0.0
FRA-Ligue 1,2627,Nice,Everton Pereira,FRA,MF,19-142,2007.0,1,1,90.0,1.0,0,0,0,0,0,0,0,0,0.0,0.0,0.0,0.0,0.0
FRA-Ligue 1,2627,Nice,Gauthier Hein,FRA,MF,30-025,1996.0,2,2,180.0,2.0,0,0,0,0,0,0,0,0,0.0,0.0,0.0,0.0,0.0
FRA-Ligue 1,2627,Nice,Hamza Koutoune,MAR,DF,19-349,2006.0,2,0,19.0,0.2,0,0,0,0,0,0,0,0,0.0,0.0,0.0,0.0,0.0
FRA-Ligue 1,2627,Nice,Isak Jansson,SWE,"FW,MF",24-213,2002.0,1,0,18.0,0.2,0,0,0,0,0,0,0,0,0.0,0.0,0.0,0.0,0.0
FRA-Ligue 1,2627,Nice,Jonathan Clauss,FRA,MF,33-341,1992.0,2,2,161.0,1.8,0,0,0,0,0,0,0,0,0.0,0.0,0.0,0.0,0.0
FRA-Ligue 1,2627,Nice,Melvin Bard,FRA,MF,25-299,2000.0,2,2,171.0,1.9,0,0,0,0,0,0,0,0,0.0,0.0,0.0,0.0,0.0
FRA-Ligue 1,2627,Nice,Mohamed Abdelmonem,EGY,DF,27-212,1999.0,2,1,75.0,0.8,0,0,0,0,0,0,0,0,0.0,0.0,0.0,0.0,0.0
FRA-Ligue 1,2627,Nice,Mohamed Ali Cho,FRA,"FW,MF",22-225,2004.0,1,0,31.0,0.3,0,0,0,0,0,0,0,0,0.0,0.0,0.0,0.0,0.0
FRA-Ligue 1,2627,Nice,Nathan N'Goumou,CMR,FW,26-171,2000.0,2,1,72.0,0.8,0,0,0,0,0,0,0,0,0.0,0.0,0.0,0.0,0.0
FRA-Ligue 1,2627,Nice,Sofiane Diop,MAR,MF,26-084,2000.0,2,2,170.0,1.9,0,0,0,0,0,0,0,0,0.0,0.0,0.0,0.0,0.0
FRA-Ligue 1,2627,Nice,Xavier Mandza Tsiendi,FRA,DF,17-148,2009.0,2,2,177.0,2.0,0,0,0,0,0,0,0,0,0.0,0.0,0.0,0.0,0.0
FRA-Ligue 1,2627,Nice,Yehvann Diouf,SEN,GK,26-289,1999.0,2,2,180.0,2.0,0,0,0,0,0,0,0,0,0.0,0.0,0.0,0.0,0.0
FRA-Ligue 1,2627,Nice,Youssouf Ndayishimiye,BDI,DF,27-309,1998.0,2,2,180.0,2.0,0,0,0,0,0,0,1,0,0.0,0.0,0.0,0.0,0.0
FRA-Ligue 1,2627,Nice,Zoumana Diallo,FRA,FW,21-211,2005.0,1,1,59.0,0.7,0,0,0,0,0,0,1,0,0.0,0.0,0.0,0.0,0.0
FRA-Ligue 1,2627,PSG,Achraf Hakimi,MAR,DF,27-301,1998.0,2,2,180.0,2.0,0,0,0,0,0,0,1,0,0.0,0.0,0.0,0.0,0.0
FRA-Ligue 1,2627,PSG,Dro Fernández,ESP,MF,18-232,2008.0,1,0,13.0,0.1,0,0,0,0,0,0,0,0,0.0,0.0,0.0,0.0,0.0
FRA-Ligue 1,2627,PSG,Désiré Doué,FRA,FW,21-090,2005.0,2,2,135.0,1.5,0,0,0,0,0,0,0,0,0.0,0.0,0.0,0.0,0.0
FRA-Ligue 1,2627,PSG,Fabián Ruiz Peña,ESP,MF,30-151,1996.0,2,1,102.0,1.1,0,2,2,0,0,0,1,0,0.0,1.76,1.76,0.0,1.76
FRA-Ligue 1,2627,PSG,Ferran Torres,ESP,FW,26-184,2000.0,2,1,116.0,1.3,2,0,2,2,0,0,0,0,1.55,0.0,1.55,1.55,1.55
FRA-Ligue 1,2627,PSG,João Neves,POR,MF,21-339,2004.0,1,1,59.0,0.7,0,0,0,0,0,0,0,0,0.0,0.0,0.0,0.0,0.0
FRA-Ligue 1,2627,PSG,Khvicha Kvaratskhelia,GEO,FW,25-201,2001.0,2,1,90.0,1.0,0,0,0,0,0,0,0,0,0.0,0.0,0.0,0.0,0.0
FRA-Ligue 1,2627,PSG,Lucas Beraldo,BRA,MF,22-281,2003.0,2,1,84.0,0.9,0,0,0,0,0,0,0,0,0.0,0.0,0.0,0.0,0.0
FRA-Ligue 1,2627,PSG,Lucas Digne,FRA,"DF,MF",33-043,1993.0,1,0,19.0,0.2,0,0,0,0,0,0,0,0,0.0,0.0,0.0,0.0,0.0
FRA-Ligue 1,2627,PSG,Lucas Hernández,FRA,DF,30-199,1996.0,1,1,90.0,1.0,0,0,0,0,0,0,0,0,0.0,0.0,0.0,0.0,0.0
FRA-Ligue 1,2627,PSG,Maghnes Akliouche,FRA,FW,24-188,2002.0,2,1,108.0,1.2,0,0,0,0,0,0,0,0,0.0,0.0,0.0,0.0,0.0
FRA-Ligue 1,2627,PSG,Marquinhos,BRA,DF,32-110,1994.0,2,2,180.0,2.0,1,0,1,1,0,0,1,0,0.5,0.0,0.5,0.5,0.5
FRA-Ligue 1,2627,PSG,Matvei Safonov,RUS,GK,27-188,1999.0,2,2,180.0,2.0,0,0,0,0,0,0,0,0,0.0,0.0,0.0,0.0,0.0
FRA-Ligue 1,2627,PSG,Mika Godts,BEL,"FW,MF",21-086,2005.0,2,0,73.0,0.8,0,1,1,0,0,0,0,0,0.0,1.23,1.23,0.0,1.23
FRA-Ligue 1,2627,PSG,Ousmane Dembélé,FRA,FW,29-109,1997.0,1,1,45.0,0.5,0,0,0,0,0,0,0,0,0.0,0.0,0.0,0.0,0.0
FRA-Ligue 1,2627,PSG,Senny Mayulu,FRA,MF,20-107,2006.0,1,0,19.0,0.2,0,0,0,0,0,0,0,0,0.0,0.0,0.0,0.0,0.0
FRA-Ligue 1,2627,PSG,Vitinha,POR,MF,26-200,2000.0,2,2,158.0,1.8,1,1,2,1,0,0,0,0,0.57,0.57,1.14,0.57,1.14
FRA-Ligue 1,2627,PSG,Warren Zaïre-Emery,FRA,"MF,DF",20-177,2006.0,2,2,149.0,1.7,0,0,0,0,0,0,0,0,0.0,0.0,0.0,0.0,0.0
FRA-Ligue 1,2627,PSG,Willian Pacho,ECU,DF,24-320,2001.0,2,2,180.0,2.0,0,0,0,0,0,0,0,0,0.0,0.0,0.0,0.0,0.0
FRA-Ligue 1,2627,Paris FC,Adama Camara,FRA,DF,29-318,1996.0,2,2,180.0,2.0,0,0,0,0,0,0,0,0,0.0,0.0,0.0,0.0,0.0
FRA-Ligue 1,2627,Paris FC,Diego Coppola,ITA,DF,22-247,2003.0,2,2,180.0,2.0,0,0,0,0,0,0,0,0,0.0,0.0,0.0,0.0,0.0
FRA-Ligue 1,2627,Paris FC,Eloge Zabi,CIV,MF,19-342,2006.0,2,0,29.0,0.3,0,1,1,0,0,0,0,0,0.0,3.1,3.1,0.0,3.1
FRA-Ligue 1,2627,Paris FC,Hamari Traoré,MLI,DF,34-217,1992.0,1,0,8.0,0.1,0,0,0,0,0,0,0,0,0.0,0.0,0.0,0.0,0.0
FRA-Ligue 1,2627,Paris FC,Ilan Kebbal,ALG,MF,28-054,1998.0,2,2,172.0,1.9,0,1,1,0,0,0,0,0,0.0,0.52,0.52,0.0,0.52
FRA-Ligue 1,2627,Paris FC,Kevin Trapp,GER,GK,36-055,1990.0,2,2,180.0,2.0,0,0,0,0,0,0,0,0,0.0,0.0,0.0,0.0,0.0
FRA-Ligue 1,2627,Paris FC,Lassine Sinayoko,MLI,FW,26-267,1999.0,2,2,168.0,1.9,1,0,1,0,1,1,0,0,0.54,0.0,0.54,0.0,0.0
FRA-Ligue 1,2627,Paris FC,Luca Koleosho,ITA,MF,21-351,2004.0,1,1,45.0,0.5,0,0,0,0,0,0,0,0,0.0,0.0,0.0,0.0,0.0
FRA-Ligue 1,2627,Paris FC,Maxime Lopez,FRA,MF,28-271,1997.0,2,1,118.0,1.3,0,0,0,0,0,0,0,0,0.0,0.0,0.0,0.0,0.0
FRA-Ligue 1,2627,Paris FC,Moses Simon,NGA,MF,31-051,1995.0,2,1,107.0,1.2,0,0,0,0,0,0,0,0,0.0,0.0,0.0,0.0,0.0
FRA-Ligue 1,2627,Paris FC,Moustapha Mbow,SEN,DF,26-177,2000.0,1,1,90.0,1.0,0,0,0,0,0,0,0,0,0.0,0.0,0.0,0.0,0.0
FRA-Ligue 1,2627,Paris FC,Omar Sissoko,FRA,MF,20-014,2006.0,1,0,12.0,0.1,0,0,0,0,0,0,0,0,0.0,0.0,0.0,0.0,0.0
FRA-Ligue 1,2627,Paris FC,Otavio Ataide,BRA,DF,24-133,2002.0,2,2,172.0,1.9,0,0,0,0,0,0,1,0,0.0,0.0,0.0,0.0,0.0
FRA-Ligue 1,2627,Paris FC,Pablo Pagis,FRA,MF,23-246,2002.0,2,2,151.0,1.7,0,0,0,0,0,0,0,0,0.0,0.0,0.0,0.0,0.0
FRA-Ligue 1,2627,Paris FC,Pierre Lees-Melou,FRA,MF,33-099,1993.0,2,2,180.0,2.0,0,0,0,0,0,0,0,0,0.0,0.0,0.0,0.0,0.0
FRA-Ligue 1,2627,Paris FC,Rudy Matondo,FRA,MF,18-172,2008.0,2,1,90.0,1.0,0,0,0,0,0,0,0,0,0.0,0.0,0.0,0.0,0.0
FRA-Ligue 1,2627,Paris FC,Samir Chergui,ALG,DF,27-207,1999.0,1,1,90.0,1.0,1,0,1,1,0,0,0,0,1.0,0.0,1.0,1.0,1.0
FRA-Ligue 1,2627,Paris FC,Vincent Marchetti,FRA,"DF,MF",29-059,1997.0,1,0,8.0,0.1,1,0,1,1,0,0,0,0,11.25,0.0,11.25,11.25,11.25
FRA-Ligue 1,2627,Rennes,Abdelhamid Ait Boudlal,MAR,DF,20-138,2006.0,2,2,180.0,2.0,0,0,0,0,0,0,1,0,0.0,0.0,0.0,0.0,0.0
FRA-Ligue 1,2627,Rennes,Adrien Thomasson,FRA,MF,32-265,1993.0,2,2,180.0,2.0,0,2,2,0,0,0,1,0,0.0,1.0,1.0,0.0,1.0
FRA-Ligue 1,2627,Rennes,Arnaud Nordin,FRA,"FW,MF",28-076,1998.0,2,0,34.0,0.4,0,0,0,0,0,0,0,0,0.0,0.0,0.0,0.0,0.0
FRA-Ligue 1,2627,Rennes,Brice Samba,FRA,GK,32-129,1994.0,1,1,90.0,1.0,0,0,0,0,0,0,0,0,0.0,0.0,0.0,0.0,0.0
FRA-Ligue 1,2627,Rennes,Bryan Reynolds,USA,DF,25-065,2001.0,1,0,3.0,0.0,0,0,0,0,0,0,0,0,0.0,0.0,0.0,0.0,0.0
FRA-Ligue 1,2627,Rennes,Charlie Cresswell,ENG,DF,24-015,2002.0,2,2,180.0,2.0,0,0,0,0,0,0,0,0,0.0,0.0,0.0,0.0,0.0
FRA-Ligue 1,2627,Rennes,Eliezer Mayenda,ESP,FW,21-116,2005.0,1,0,17.0,0.2,0,0,0,0,0,0,0,0,0.0,0.0,0.0,0.0,0.0
FRA-Ligue 1,2627,Rennes,Esteban Lepaul,FRA,FW,26-136,2000.0,2,2,180.0,2.0,3,0,3,2,1,1,1,0,1.5,0.0,1.5,1.0,1.0
FRA-Ligue 1,2627,Rennes,Henrick Do Marcolino,FRA,FW,20-164,2006.0,1,0,13.0,0.1,0,0,0,0,0,0,0,0,0.0,0.0,0.0,0.0,0.0
FRA-Ligue 1,2627,Rennes,Issa Soumaré,SEN,"MF,FW",25-326,2000.0,2,2,146.0,1.6,0,1,1,0,0,0,1,0,0.0,0.62,0.62,0.0,0.62
FRA-Ligue 1,2627,Rennes,Ludovic Blas,FRA,"FW,MF",28-244,1997.0,2,0,36.0,0.4,0,0,0,0,0,0,0,0,0.0,0.0,0.0,0.0,0.0
FRA-Ligue 1,2627,Rennes,Mahamadou Nagida,CMR,DF,21-065,2005.0,2,1,90.0,1.0,0,0,0,0,0,0,0,0,0.0,0.0,0.0,0.0,0.0
FRA-Ligue 1,2627,Rennes,Mahdi Camara,FRA,MF,28-063,1998.0,1,0,31.0,0.3,0,0,0,0,0,0,0,0,0.0,0.0,0.0,0.0,0.0
FRA-Ligue 1,2627,Rennes,Musa Al-Taamari,JOR,"MF,FW",29-083,1997.0,2,2,144.0,1.6,0,0,0,0,0,0,1,0,0.0,0.0,0.0,0.0,0.0
FRA-Ligue 1,2627,Rennes,Nicolas Lemaître,FRA,GK,29-232,1997.0,1,1,90.0,1.0,0,0,0,0,0,0,0,0,0.0,0.0,0.0,0.0,0.0
FRA-Ligue 1,2627,Rennes,Przemysław Frankowski,POL,DF,31-142,1995.0,2,2,177.0,2.0,0,1,1,0,0,0,0,0,0.0,0.51,0.51,0.0,0.51
FRA-Ligue 1,2627,Rennes,Quentin Merlin,FRA,DF,24-108,2002.0,2,1,90.0,1.0,0,0,0,0,0,0,0,0,0.0,0.0,0.0,0.0,0.0
FRA-Ligue 1,2627,Rennes,Sebastian Szymański,POL,MF,27-114,1999.0,2,2,136.0,1.5,1,0,1,1,0,0,0,0,0.66,0.0,0.66,0.66,0.66
FRA-Ligue 1,2627,Rennes,Valentin Rongier,FRA,MF,31-268,1994.0,2,2,163.0,1.8,1,0,1,1,0,0,0,0,0.55,0.0,0.55,0.55,0.55
FRA-Ligue 1,2627,Strasbourg,Abdoul Coulibaly,GER,DF,19-101,2007.0,1,0,8.0,0.1,0,0,0,0,0,0,0,0,0.0,0.0,0.0,0.0,0.0
FRA-Ligue 1,2627,Strasbourg,Andrew Omobamidele,IRL,DF,24-070,2002.0,2,2,180.0,2.0,0,0,0,0,0,0,0,0,0.0,0.0,0.0,0.0,0.0
FRA-Ligue 1,2627,Strasbourg,Diogo Lobão,POR,MF,20-224,2006.0,2,2,158.0,1.8,0,0,0,0,0,0,0,0,0.0,0.0,0.0,0.0,0.0
FRA-Ligue 1,2627,Strasbourg,Fabio Baldé,POR,MF,21-043,2005.0,2,0,13.0,0.1,0,0,0,0,0,0,0,0,0.0,0.0,0.0,0.0,0.0
FRA-Ligue 1,2627,Strasbourg,Filip Jørgensen,DEN,GK,24-138,2002.0,2,2,180.0,2.0,0,0,0,0,0,0,1,0,0.0,0.0,0.0,0.0,0.0
FRA-Ligue 1,2627,Strasbourg,Genesis Antwi,SWE,DF,19-113,2007.0,2,2,168.0,1.9,0,0,0,0,0,0,0,0,0.0,0.0,0.0,0.0,0.0
FRA-Ligue 1,2627,Strasbourg,Gessime Yassine,MAR,"MF,FW",20-283,2005.0,2,2,179.0,2.0,2,0,2,2,0,0,1,0,1.01,0.0,1.01,1.01,1.01
FRA-Ligue 1,2627,Strasbourg,Gio Reyna,USA,MF,23-292,2002.0,2,1,97.0,1.1,0,0,0,0,0,0,0,0,0.0,0.0,0.0,0.0,0.0
FRA-Ligue 1,2627,Strasbourg,Guéla Doué,CIV,DF,23-319,2002.0,1,1,90.0,1.0,0,0,0,0,0,0,0,0,0.0,0.0,0.0,0.0,0.0
FRA-Ligue 1,2627,Strasbourg,Jacobo Ortega,ESP,FW,20-095,2006.0,2,1,104.0,1.2,0,0,0,0,0,0,0,0,0.0,0.0,0.0,0.0,0.0
FRA-Ligue 1,2627,Strasbourg,Jeyland Mitchell,CRC,DF,21-337,2004.0,1,1,90.0,1.0,0,0,0,0,0,0,1,0,0.0,0.0,0.0,0.0,0.0
FRA-Ligue 1,2627,Strasbourg,Lucas Høgsberg,DEN,DF,20-070,2006.0,2,2,172.0,1.9,0,0,0,0,0,0,0,0,0.0,0.0,0.0,0.0,0.0
FRA-Ligue 1,2627,Strasbourg,Mateo Del Blanco,ARG,DF,22-305,2003.0,2,0,13.0,0.1,0,0,0,0,0,0,0,0,0.0,0.0,0.0,0.0,0.0
FRA-Ligue 1,2627,Strasbourg,Pape Demba Diop,SEN,MF,22-362,2003.0,2,1,112.0,1.2,0,0,0,0,0,0,0,0,0.0,0.0,0.0,0.0,0.0
FRA-Ligue 1,2627,Strasbourg,Samir El Mourabet,MAR,MF,20-330,2005.0,1,1,58.0,0.6,0,0,0,0,0,0,0,1,0.0,0.0,0.0,0.0,0.0
FRA-Ligue 1,2627,Strasbourg,Samuel Amo-Ameyaw,ENG,MF,20-045,2006.0,2,1,83.0,0.9,0,0,0,0,0,0,1,0,0.0,0.0,0.0,0.0,0.0
FRA-Ligue 1,2627,Strasbourg,Sebastian Nanasi,SWE,"MF,FW",24-108,2002.0,2,2,167.0,1.9,0,2,2,0,0,0,0,0,0.0,1.08,1.08,0.0,1.08
FRA-Ligue 1,2627,Strasbourg,Sekou Mara,FRA,FW,24-033,2002.0,2,1,76.0,0.8,0,0,0,0,0,0,1,0,0.0,0.0,0.0,0.0,0.0
FRA-Ligue 1,2627,Toulouse,Alexis Vossah,FRA,MF,18-174,2008.0,1,1,59.0,0.7,0,0,0,0,0,0,0,0,0.0,0.0,0.0,0.0,0.0
FRA-Ligue 1,2627,Toulouse,Christ Tapé,CIV,DF,20-183,2006.0,2,2,180.0,2.0,1,0,1,1,0,0,0,0,0.5,0.0,0.5,0.5,0.5
FRA-Ligue 1,2627,Toulouse,Cristian Cásseres Jr.,VEN,MF,26-224,2000.0,2,2,180.0,2.0,0,1,1,0,0,0,1,0,0.0,0.5,0.5,0.0,0.5
FRA-Ligue 1,2627,Toulouse,Guillaume Restes,FRA,GK,21-174,2005.0,2,2,180.0,2.0,0,0,0,0,0,0,0,0,0.0,0.0,0.0,0.0,0.0
FRA-Ligue 1,2627,Toulouse,Ilyas Azizi,FRA,FW,18-138,2008.0,1,0,20.0,0.2,0,0,0,0,0,0,0,0,0.0,0.0,0.0,0.0,0.0
FRA-Ligue 1,2627,Toulouse,Ismail Diallo,FRA,DF,23-009,2003.0,2,2,115.0,1.3,0,0,0,0,0,0,0,0,0.0,0.0,0.0,0.0,0.0
FRA-Ligue 1,2627,Toulouse,Jacen Russell-Rowe,CAN,FW,23-353,2002.0,2,1,97.0,1.1,1,0,1,1,0,0,0,0,0.93,0.0,0.93,0.93,0.93
FRA-Ligue 1,2627,Toulouse,Julián Vignolo,ARG,MF,19-268,2006.0,2,2,136.0,1.5,0,0,0,0,0,0,0,0,0.0,0.0,0.0,0.0,0.0
FRA-Ligue 1,2627,Toulouse,Mark McKenzie,USA,DF,27-188,1999.0,2,2,180.0,2.0,0,0,0,0,0,0,0,0,0.0,0.0,0.0,0.0,0.0
FRA-Ligue 1,2627,Toulouse,Mathis Saka,FRA,FW,19-346,2006.0,1,0,5.0,0.1,0,0,0,0,0,0,0,0,0.0,0.0,0.0,0.0,0.0
FRA-Ligue 1,2627,Toulouse,Niklas Schmidt,GER,MF,28-184,1998.0,2,1,116.0,1.3,0,0,0,0,0,0,2,0,0.0,0.0,0.0,0.0,0.0
FRA-Ligue 1,2627,Toulouse,Rafik Messali,FRA,MF,23-126,2003.0,2,0,65.0,0.7,0,0,0,0,0,0,0,0,0.0,0.0,0.0,0.0,0.0
FRA-Ligue 1,2627,Toulouse,Rasmus Nicolaisen,DEN,DF,29-169,1997.0,2,2,180.0,2.0,0,0,0,0,0,0,1,0,0.0,0.0,0.0,0.0,0.0
FRA-Ligue 1,2627,Toulouse,Santiago Hidalgo,ARG,FW,21-196,2005.0,2,1,83.0,0.9,0,0,0,0,0,0,0,0,0.0,0.0,0.0,0.0,0.0
FRA-Ligue 1,2627,Toulouse,Seny Koumbassa,FRA,DF,19-073,2007.0,1,0,13.0,0.1,0,0,0,0,0,0,0,0,0.0,0.0,0.0,0.0,0.0
FRA-Ligue 1,2627,Toulouse,Sion Oppong,SWE,FW,18-341,2007.0,2,0,35.0,0.4,0,0,0,0,0,0,0,0,0.0,0.0,0.0,0.0,0.0
FRA-Ligue 1,2627,Toulouse,Thomas Jørgensen,DEN,MF,20-336,2005.0,2,2,167.0,1.9,0,0,0,0,0,0,0,0,0.0,0.0,0.0,0.0,0.0
FRA-Ligue 1,2627,Toulouse,Yann Gboho,FRA,MF,25-230,2001.0,2,2,169.0,1.9,0,1,1,0,0,0,0,0,0.0,0.53,0.53,0.0,0.53
FRA-Ligue 1,2627,Troyes,Adrien Monfray,FRA,DF,35-255,1990.0,2,2,180.0,2.0,0,0,0,0,0,0,0,0,0.0,0.0,0.0,0.0,0.0
FRA-Ligue 1,2627,Troyes,Alexandre Phliponeau,FRA,MF,26-218,2000.0,2,0,21.0,0.2,0,0,0,0,0,0,0,0,0.0,0.0,0.0,0.0,0.0
FRA-Ligue 1,2627,Troyes,Anis Ouzenadji,FRA,DF,19-301,2006.0,2,2,180.0,2.0,0,0,0,0,0,0,0,0,0.0,0.0,0.0,0.0,0.0
FRA-Ligue 1,2627,Troyes,Antoine Mille,FRA,MF,29-018,1997.0,2,1,93.0,1.0,0,1,1,0,0,0,0,0,0.0,0.97,0.97,0.0,0.97
FRA-Ligue 1,2627,Troyes,Dermane Karim,TOG,MF,22-249,2003.0,1,0,13.0,0.1,0,0,0,0,0,0,0,0,0.0,0.0,0.0,0.0,0.0
FRA-Ligue 1,2627,Troyes,Hugo Picard,FRA,MF,23-115,2003.0,2,2,156.0,1.7,0,0,0,0,0,0,0,0,0.0,0.0,0.0,0.0,0.0
FRA-Ligue 1,2627,Troyes,Iron Gomis,FRA,MF,26-297,1999.0,2,2,159.0,1.8,0,0,0,0,0,0,0,0,0.0,0.0,0.0,0.0,0.0
FRA-Ligue 1,2627,Troyes,Junior Diaz,CIV,DF,23-040,2003.0,2,2,180.0,2.0,0,0,0,0,0,0,1,0,0.0,0.0,0.0,0.0,0.0
FRA-Ligue 1,2627,Troyes,Kandet Diawara,GUI,FW,26-203,2000.0,2,1,98.0,1.1,0,0,0,0,0,0,0,0,0.0,0.0,0.0,0.0,0.0
FRA-Ligue 1,2627,Troyes,Lucas Maronnier,FRA,DF,26-176,2000.0,1,1,85.0,0.9,1,0,1,1,0,0,0,0,1.06,0.0,1.06,1.06,1.06
FRA-Ligue 1,2627,Troyes,Merwan Ifnaoui,FRA,"MF,FW",27-314,1998.0,2,2,180.0,2.0,0,0,0,0,0,0,0,0,0.0,0.0,0.0,0.0,0.0
FRA-Ligue 1,2627,Troyes,Mouhamed Diop,SEN,MF,25-336,2000.0,2,2,180.0,2.0,0,0,0,0,0,0,1,0,0.0,0.0,0.0,0.0,0.0
FRA-Ligue 1,2627,Troyes,Noah Donkor,FRA,DF,19-280,2006.0,2,0,41.0,0.5,0,0,0,0,0,0,0,0,0.0,0.0,0.0,0.0,0.0
FRA-Ligue 1,2627,Troyes,Patrick Beach,AUS,GK,23-026,2003.0,2,2,180.0,2.0,0,0,0,0,0,0,0,0,0.0,0.0,0.0,0.0,0.0
FRA-Ligue 1,2627,Troyes,Renaud Ripart,FRA,FW,33-171,1993.0,2,2,170.0,1.9,1,0,1,0,1,1,0,0,0.53,0.0,0.53,0.0,0.0
FRA-Ligue 1,2627,Troyes,Yacouba Koné,CIV,FW,19-072,2007.0,2,0,10.0,0.1,0,0,0,0,0,0,0,0,0.0,0.0,0.0,0.0,0.0
FRA-Ligue 1,2627,Troyes,Yvann Titi,FRA,DF,20-119,2006.0,1,1,54.0,0.6,0,0,0,0,0,0,0,0,0.0,0.0,0.0,0.0,0.0
ITA-Serie A,2627,Atalanta,Charles De Ketelaere,BEL,FW,25-175,2001.0,2,1,85.0,0.9,0,0,0,0,0,0,0,0,0.0,0.0,0.0,0.0,0.0
ITA-Serie A,2627,Atalanta,Davide Zappacosta,ITA,DF,34-082,1992.0,2,2,180.0,2.0,0,0,0,0,0,0,0,0,0.0,0.0,0.0,0.0,0.0
ITA-Serie A,2627,Atalanta,Elif Elmas,MKD,"FW,MF",26-342,1999.0,2,0,44.0,0.5,0,0,0,0,0,0,0,0,0.0,0.0,0.0,0.0,0.0
ITA-Serie A,2627,Atalanta,Giacomo Raspadori,ITA,FW,26-195,2000.0,2,2,136.0,1.5,1,0,1,1,0,0,0,0,0.66,0.0,0.66,0.66,0.66
ITA-Serie A,2627,Atalanta,Gianluca Gaetano,ITA,MF,26-119,2000.0,2,2,180.0,2.0,0,1,1,0,0,0,0,0,0.0,0.5,0.5,0.0,0.5
ITA-Serie A,2627,Atalanta,Gianluca Scamacca,ITA,FW,27-243,1999.0,2,2,126.0,1.4,0,0,0,0,0,0,0,0,0.0,0.0,0.0,0.0,0.0
ITA-Serie A,2627,Atalanta,Giorgio Scalvini,ITA,DF,22-264,2003.0,2,2,180.0,2.0,0,0,0,0,0,0,0,0,0.0,0.0,0.0,0.0,0.0
ITA-Serie A,2627,Atalanta,Lazar Samardzic,SRB,MF,24-189,2002.0,2,0,54.0,0.6,1,0,1,1,0,0,0,0,1.67,0.0,1.67,1.67,1.67
ITA-Serie A,2627,Atalanta,Lorenzo Bernasconi,ITA,DF,22-289,2003.0,1,1,70.0,0.8,0,0,0,0,0,0,0,0,0.0,0.0,0.0,0.0,0.0
ITA-Serie A,2627,Atalanta,Marco Carnesecchi,ITA,GK,26-062,2000.0,2,2,180.0,2.0,0,0,0,0,0,0,0,0,0.0,0.0,0.0,0.0,0.0
ITA-Serie A,2627,Atalanta,Mario Pašalić,CRO,MF,31-204,1995.0,2,2,149.0,1.7,0,0,0,0,0,0,0,0,0.0,0.0,0.0,0.0,0.0
ITA-Serie A,2627,Atalanta,Nicola Zalewski,POL,FW,24-221,2002.0,2,1,95.0,1.1,0,1,1,0,0,0,0,0,0.0,0.95,0.95,0.0,0.95
ITA-Serie A,2627,Atalanta,Nikola Krstović,MNE,FW,26-149,2000.0,2,0,54.0,0.6,1,0,1,1,0,0,1,0,1.67,0.0,1.67,1.67,1.67
ITA-Serie A,2627,Atalanta,Odilon Kossounou,CIV,DF,25-240,2001.0,2,2,180.0,2.0,0,0,0,0,0,0,0,0,0.0,0.0,0.0,0.0,0.0
ITA-Serie A,2627,Atalanta,Raoul Bellanova,ITA,MF,26-107,2000.0,1,0,13.0,0.1,0,0,0,0,0,0,0,0,0.0,0.0,0.0,0.0,0.0
ITA-Serie A,2627,Atalanta,Sead Kolašinac,BIH,DF,33-073,1993.0,2,1,97.0,1.1,0,0,0,0,0,0,0,0,0.0,0.0,0.0,0.0,0.0
ITA-Serie A,2627,Atalanta,Éderson Silva,BRA,MF,27-056,1999.0,2,2,157.0,1.7,0,0,0,0,0,0,0,0,0.0,0.0,0.0,0.0,0.0
ITA-Serie A,2627,Bologna,Artem Dovbyk,UKR,FW,29-072,1997.0,2,0,62.0,0.7,0,0,0,0,0,0,0,0,0.0,0.0,0.0,0.0,0.0
ITA-Serie A,2627,Bologna,Eivind Helland,NOR,DF,21-129,2005.0,2,2,180.0,2.0,0,0,0,0,0,0,0,0,0.0,0.0,0.0,0.0,0.0
ITA-Serie A,2627,Bologna,Emil Holm,SWE,DF,26-111,2000.0,2,1,93.0,1.0,0,0,0,0,0,0,0,0,0.0,0.0,0.0,0.0,0.0
ITA-Serie A,2627,Bologna,Federico Bernardeschi,ITA,MF,32-197,1994.0,2,1,121.0,1.3,0,0,0,0,0,0,0,0,0.0,0.0,0.0,0.0,0.0
ITA-Serie A,2627,Bologna,Jens Odgaard,DEN,MF,27-154,1999.0,2,2,149.0,1.7,0,0,0,0,0,0,1,0,0.0,0.0,0.0,0.0,0.0
ITA-Serie A,2627,Bologna,Jonathan Rowe,ENG,"FW,MF",23-124,2003.0,1,0,31.0,0.3,0,0,0,0,0,0,0,0,0.0,0.0,0.0,0.0,0.0
ITA-Serie A,2627,Bologna,Juan Miranda,ESP,DF,26-225,2000.0,1,1,90.0,1.0,0,0,0,0,0,0,0,0,0.0,0.0,0.0,0.0,0.0
ITA-Serie A,2627,Bologna,Lewis Ferguson,SCO,MF,27-008,1999.0,2,2,180.0,2.0,0,0,0,0,0,0,0,0,0.0,0.0,0.0,0.0,0.0
ITA-Serie A,2627,Bologna,Mikel Amondarain,ARG,MF,21-238,2005.0,2,0,31.0,0.3,0,0,0,0,0,0,0,0,0.0,0.0,0.0,0.0,0.0
ITA-Serie A,2627,Bologna,Nadir Zortea,ITA,DF,27-074,1999.0,2,1,87.0,1.0,0,0,0,0,0,0,0,0,0.0,0.0,0.0,0.0,0.0
ITA-Serie A,2627,Bologna,Nicolò Cambiaghi,ITA,MF,25-247,2000.0,2,2,149.0,1.7,0,0,0,0,0,0,1,0,0.0,0.0,0.0,0.0,0.0
ITA-Serie A,2627,Bologna,Nikola Moro,CRO,MF,28-173,1998.0,1,0,11.0,0.1,0,0,0,0,0,0,0,0,0.0,0.0,0.0,0.0,0.0
ITA-Serie A,2627,Bologna,Oussama El Azzouzi,MAR,MF,25-095,2001.0,1,1,78.0,0.9,0,0,0,0,0,0,1,0,0.0,0.0,0.0,0.0,0.0
ITA-Serie A,2627,Bologna,Rahim Bonkano,NIG,DF,24-243,2002.0,1,1,90.0,1.0,0,0,0,0,0,0,0,0,0.0,0.0,0.0,0.0,0.0
ITA-Serie A,2627,Bologna,Riccardo Orsolini,ITA,MF,29-220,1997.0,2,1,79.0,0.9,0,0,0,0,0,0,0,0,0.0,0.0,0.0,0.0,0.0
ITA-Serie A,2627,Bologna,Roberto Piccoli,ITA,FW,25-217,2001.0,2,2,118.0,1.3,0,0,0,0,0,0,0,0,0.0,0.0,0.0,0.0,0.0
ITA-Serie A,2627,Bologna,Tommaso Pobega,ITA,MF,27-048,1999.0,1,1,71.0,0.8,0,0,0,0,0,0,0,0,0.0,0.0,0.0,0.0,0.0
ITA-Serie A,2627,Bologna,Torbjørn Heggem,NOR,DF,27-232,1999.0,2,2,180.0,2.0,0,0,0,0,0,0,1,0,0.0,0.0,0.0,0.0,0.0
ITA-Serie A,2627,Bologna,Łukasz Skorupski,POL,GK,35-119,1991.0,2,2,180.0,2.0,0,0,0,0,0,0,0,0,0.0,0.0,0.0,0.0,0.0
ITA-Serie A,2627,Cagliari,Adam Obert,SVK,DF,24-009,2002.0,2,2,176.0,2.0,0,0,0,0,0,0,0,0,0.0,0.0,0.0,0.0,0.0
ITA-Serie A,2627,Cagliari,Alessandro Deiola,ITA,DF,31-031,1995.0,2,2,172.0,1.9,0,0,0,0,0,0,1,0,0.0,0.0,0.0,0.0,0.0
ITA-Serie A,2627,Cagliari,Alessandro Romano,SUI,MF,20-076,2006.0,2,2,180.0,2.0,1,0,1,1,0,0,0,0,0.5,0.0,0.5,0.5,0.5
ITA-Serie A,2627,Cagliari,Alieu Fadera,GAM,"FW,MF",24-302,2001.0,1,0,34.0,0.4,0,0,0,0,0,0,0,0,0.0,0.0,0.0,0.0,0.0
ITA-Serie A,2627,Cagliari,Daniel Maldini,ITA,MF,24-325,2001.0,2,2,163.0,1.8,0,0,0,0,0,0,0,0,0.0,0.0,0.0,0.0,0.0
ITA-Serie A,2627,Cagliari,Elia Caprile,ITA,GK,25-007,2001.0,2,2,180.0,2.0,0,0,0,0,0,0,0,0,0.0,0.0,0.0,0.0,0.0
ITA-Serie A,2627,Cagliari,Gabriele Zappa,ITA,"DF,MF",26-253,1999.0,1,0,25.0,0.3,0,0,0,0,0,0,0,0,0.0,0.0,0.0,0.0,0.0
ITA-Serie A,2627,Cagliari,Gennaro Borrelli,ITA,FW,26-175,2000.0,2,0,38.0,0.4,0,0,0,0,0,0,0,0,0.0,0.0,0.0,0.0,0.0
ITA-Serie A,2627,Cagliari,Giuseppe Aurelio,ITA,MF,26-163,2000.0,1,0,4.0,0.0,0,0,0,0,0,0,0,0,0.0,0.0,0.0,0.0,0.0
ITA-Serie A,2627,Cagliari,Harry Winks,ENG,MF,30-211,1996.0,2,2,146.0,1.6,0,0,0,0,0,0,0,0,0.0,0.0,0.0,0.0,0.0
ITA-Serie A,2627,Cagliari,Jacopo Fazzini,ITA,MF,23-169,2003.0,2,2,121.0,1.3,0,0,0,0,0,0,1,0,0.0,0.0,0.0,0.0,0.0
ITA-Serie A,2627,Cagliari,Juan Rodríguez,URU,DF,21-094,2005.0,2,2,180.0,2.0,0,0,0,0,0,0,0,0,0.0,0.0,0.0,0.0,0.0
ITA-Serie A,2627,Cagliari,Kevin Carlos,ESP,FW,25-144,2001.0,1,0,34.0,0.4,0,0,0,0,0,0,1,0,0.0,0.0,0.0,0.0,0.0
ITA-Serie A,2627,Cagliari,Kingstone Mutandwa,ZAM,FW,23-239,2003.0,1,0,4.0,0.0,0,0,0,0,0,0,0,0,0.0,0.0,0.0,0.0,0.0
ITA-Serie A,2627,Cagliari,Mattia Felici,ITA,MF,25-137,2001.0,1,0,25.0,0.3,0,0,0,0,0,0,0,0,0.0,0.0,0.0,0.0,0.0
ITA-Serie A,2627,Cagliari,Michel Ndary Adopo,FRA,MF,26-044,2000.0,2,2,180.0,2.0,0,1,1,0,0,0,0,0,0.0,0.5,0.5,0.0,0.5
ITA-Serie A,2627,Cagliari,Paul Mendy,SEN,FW,19-243,2007.0,2,2,121.0,1.3,0,0,0,0,0,0,0,0,0.0,0.0,0.0,0.0,0.0
ITA-Serie A,2627,Cagliari,Raphael Kofler,ITA,DF,21-128,2005.0,1,0,34.0,0.4,0,0,0,0,0,0,0,0,0.0,0.0,0.0,0.0,0.0
ITA-Serie A,2627,Cagliari,Riccardo Ciervo,ITA,MF,24-153,2002.0,1,0,8.0,0.1,0,0,0,0,0,0,0,0,0.0,0.0,0.0,0.0,0.0
ITA-Serie A,2627,Cagliari,Zé Pedro Figueiredo,POR,DF,29-087,1997.0,2,2,155.0,1.7,0,0,0,0,0,0,1,0,0.0,0.0,0.0,0.0,0.0
ITA-Serie A,2627,Como,Anastasios Douvikas,GRE,FW,27-030,1999.0,2,2,180.0,2.0,2,0,2,2,0,0,0,0,1.0,0.0,1.0,1.0,1.0
ITA-Serie A,2627,Como,Assane Diao,SEN,MF,20-359,2005.0,2,1,109.0,1.2,0,1,1,0,0,0,0,0,0.0,0.83,0.83,0.0,0.83
ITA-Serie A,2627,Como,Ivan Smolčić,CRO,DF,26-015,2000.0,2,0,35.0,0.4,0,0,0,0,0,0,0,0,0.0,0.0,0.0,0.0,0.0
ITA-Serie A,2627,Como,Jacobo Ramón,ESP,DF,21-238,2005.0,2,2,180.0,2.0,0,0,0,0,0,0,0,0,0.0,0.0,0.0,0.0,0.0
ITA-Serie A,2627,Como,Jean Butez,FRA,GK,31-085,1995.0,2,2,180.0,2.0,0,0,0,0,0,0,0,0,0.0,0.0,0.0,0.0,0.0
ITA-Serie A,2627,Como,Jesus Rodríguez,ESP,MF,20-284,2005.0,1,1,70.0,0.8,0,0,0,0,0,0,0,0,0.0,0.0,0.0,0.0,0.0
ITA-Serie A,2627,Como,Kaiki Bruno,BRA,DF,23-177,2003.0,1,0,10.0,0.1,0,0,0,0,0,0,0,0,0.0,0.0,0.0,0.0,0.0
ITA-Serie A,2627,Como,Lucas Da Cunha,FRA,MF,25-084,2001.0,2,1,110.0,1.2,0,0,0,0,0,0,0,0,0.0,0.0,0.0,0.0,0.0
ITA-Serie A,2627,Como,Luis Milla,ESP,MF,31-329,1994.0,2,2,180.0,2.0,0,0,0,0,0,0,0,0,0.0,0.0,0.0,0.0,0.0
ITA-Serie A,2627,Como,Marc-Oliver Kempf,GER,DF,31-216,1995.0,1,0,26.0,0.3,0,0,0,0,0,0,0,0,0.0,0.0,0.0,0.0,0.0
ITA-Serie A,2627,Como,Martin Baturina,CRO,MF,23-197,2003.0,2,2,102.0,1.1,1,1,2,1,0,0,0,0,0.88,0.88,1.76,0.88,1.76
ITA-Serie A,2627,Como,Mattia Liberali,ITA,MF,19-148,2007.0,1,0,20.0,0.2,0,0,0,0,0,0,0,0,0.0,0.0,0.0,0.0,0.0
ITA-Serie A,2627,Como,Maxence Caqueret,FRA,MF,26-198,2000.0,2,0,35.0,0.4,0,0,0,0,0,0,0,0,0.0,0.0,0.0,0.0,0.0
ITA-Serie A,2627,Como,Máximo Perrone,ARG,MF,23-237,2003.0,2,1,70.0,0.8,0,0,0,0,0,0,0,0,0.0,0.0,0.0,0.0,0.0
ITA-Serie A,2627,Como,Nicolás Paz,ARG,MF,21-358,2004.0,2,2,168.0,1.9,0,0,0,0,0,0,0,0,0.0,0.0,0.0,0.0,0.0
ITA-Serie A,2627,Como,Trevoh Chalobah,ENG,DF,27-058,1999.0,2,2,180.0,2.0,0,0,0,0,0,0,0,0,0.0,0.0,0.0,0.0,0.0
ITA-Serie A,2627,Como,Yan Couto,BRA,DF,24-090,2002.0,2,2,145.0,1.6,0,0,0,0,0,0,0,0,0.0,0.0,0.0,0.0,0.0
ITA-Serie A,2627,Como,Álex Valle,ESP,DF,22-129,2004.0,2,2,180.0,2.0,0,0,0,0,0,0,0,0,0.0,0.0,0.0,0.0,0.0
ITA-Serie A,2627,Fiorentina,Albert Guðmundsson,ISL,FW,29-078,1997.0,1,1,70.0,0.8,0,0,0,0,0,0,1,0,0.0,0.0,0.0,0.0,0.0
ITA-Serie A,2627,Fiorentina,Arthur Atta,FRA,MF,23-230,2003.0,2,2,163.0,1.8,0,0,0,0,0,0,0,0,0.0,0.0,0.0,0.0,0.0
ITA-Serie A,2627,Fiorentina,Cher Ndour,ITA,MF,22-036,2004.0,2,2,151.0,1.7,0,0,0,0,0,0,0,0,0.0,0.0,0.0,0.0,0.0
ITA-Serie A,2627,Fiorentina,Christ Inao Oulaï,CIV,MF,20-148,2006.0,2,1,99.0,1.1,0,0,0,0,0,0,0,0,0.0,0.0,0.0,0.0,0.0
ITA-Serie A,2627,Fiorentina,David de Gea,ESP,GK,35-298,1990.0,2,2,180.0,2.0,0,0,0,0,0,0,0,0,0.0,0.0,0.0,0.0,0.0
ITA-Serie A,2627,Fiorentina,Dodô,BRA,DF,27-288,1998.0,1,1,90.0,1.0,0,0,0,0,0,0,0,0,0.0,0.0,0.0,0.0,0.0
ITA-Serie A,2627,Fiorentina,Franco Mastantuono,ARG,"MF,FW",19-018,2007.0,2,2,152.0,1.7,0,0,0,0,0,0,0,0,0.0,0.0,0.0,0.0,0.0
ITA-Serie A,2627,Fiorentina,João Mário Lopes,POR,DF,26-241,2000.0,2,1,86.0,1.0,0,0,0,0,0,0,0,0,0.0,0.0,0.0,0.0,0.0
ITA-Serie A,2627,Fiorentina,Luca Ranieri,ITA,DF,27-131,1999.0,1,1,90.0,1.0,0,0,0,0,0,0,0,0,0.0,0.0,0.0,0.0,0.0
ITA-Serie A,2627,Fiorentina,Marco Brescianini,ITA,MF,26-224,2000.0,2,1,81.0,0.9,0,0,0,0,0,0,0,0,0.0,0.0,0.0,0.0,0.0
ITA-Serie A,2627,Fiorentina,Marin Pongračić,CRO,DF,28-355,1997.0,1,1,60.0,0.7,0,0,0,0,0,0,0,0,0.0,0.0,0.0,0.0,0.0
ITA-Serie A,2627,Fiorentina,Mateo Pellegrino,ARG,FW,25-184,2001.0,2,2,180.0,2.0,0,0,0,0,0,0,1,0,0.0,0.0,0.0,0.0,0.0
ITA-Serie A,2627,Fiorentina,Moise Kean,ITA,FW,26-185,2000.0,1,0,28.0,0.3,0,0,0,0,0,0,0,0,0.0,0.0,0.0,0.0,0.0
ITA-Serie A,2627,Fiorentina,Nicolò Fagioli,ITA,MF,25-201,2001.0,2,1,90.0,1.0,0,0,0,0,0,0,1,0,0.0,0.0,0.0,0.0,0.0
ITA-Serie A,2627,Fiorentina,Radu Drăgușin,ROU,DF,24-210,2002.0,2,2,180.0,2.0,0,0,0,0,0,0,1,0,0.0,0.0,0.0,0.0,0.0
ITA-Serie A,2627,Fiorentina,Rolando Mandragora,ITA,MF,29-064,1997.0,2,0,37.0,0.4,0,0,0,0,0,0,0,0,0.0,0.0,0.0,0.0,0.0
ITA-Serie A,2627,Fiorentina,Victor Valdepeñas,ESP,DF,19-316,2006.0,2,1,101.0,1.1,0,0,0,0,0,0,0,0,0.0,0.0,0.0,0.0,0.0
ITA-Serie A,2627,Fiorentina,Viery,BRA,DF,21-242,2005.0,1,0,30.0,0.3,0,0,0,0,0,0,0,0,0.0,0.0,0.0,0.0,0.0
ITA-Serie A,2627,Fiorentina,Álex Jiménez,ESP,DF,21-116,2005.0,2,1,112.0,1.2,0,0,0,0,0,0,1,0,0.0,0.0,0.0,0.0,0.0
ITA-Serie A,2627,Frosinone,Aleksa Terzić,SRB,DF,27-015,1999.0,2,0,32.0,0.4,0,0,0,0,0,0,0,0,0.0,0.0,0.0,0.0,0.0
ITA-Serie A,2627,Frosinone,Alessio Zerbin,ITA,"FW,MF",27-182,1999.0,2,0,77.0,0.9,0,0,0,0,0,0,0,0,0.0,0.0,0.0,0.0,0.0
ITA-Serie A,2627,Frosinone,Anthony Oyono,GAB,DF,25-142,2001.0,2,1,114.0,1.3,0,0,0,0,0,0,0,0,0.0,0.0,0.0,0.0,0.0
ITA-Serie A,2627,Frosinone,Antonio Raimondo,ITA,FW,22-167,2004.0,2,2,178.0,2.0,2,0,2,2,0,0,1,0,1.01,0.0,1.01,1.01,1.01
ITA-Serie A,2627,Frosinone,Daniel Birligea,ROU,FW,26-135,2000.0,1,0,2.0,0.0,0,0,0,0,0,0,0,0,0.0,0.0,0.0,0.0,0.0
ITA-Serie A,2627,Frosinone,Florian Grillitsch,AUT,"DF,MF",31-025,1995.0,1,0,9.0,0.1,0,0,0,0,0,0,0,0,0.0,0.0,0.0,0.0,0.0
ITA-Serie A,2627,Frosinone,Gabriele Bracaglia,ITA,DF,23-044,2003.0,2,2,148.0,1.6,1,1,2,1,0,0,1,0,0.61,0.61,1.22,0.61,1.22
ITA-Serie A,2627,Frosinone,Gabriele Calvani,ITA,DF,22-232,2004.0,2,2,163.0,1.8,0,0,0,0,0,0,2,0,0.0,0.0,0.0,0.0,0.0
ITA-Serie A,2627,Frosinone,Giacomo Calò,ITA,MF,29-208,1997.0,2,2,171.0,1.9,0,1,1,0,0,0,0,0,0.0,0.53,0.53,0.0,0.53
ITA-Serie A,2627,Frosinone,Giorgi Kvernadze,GEO,MF,23-206,2003.0,2,2,180.0,2.0,0,1,1,0,0,0,0,0,0.0,0.5,0.5,0.0,0.5
ITA-Serie A,2627,Frosinone,Giorgio Cittadini,ITA,DF,24-136,2002.0,2,1,107.0,1.2,0,0,0,0,0,0,0,0,0.0,0.0,0.0,0.0,0.0
ITA-Serie A,2627,Frosinone,Ilario Monterisi,ITA,DF,24-256,2001.0,2,2,156.0,1.7,0,0,0,0,0,0,0,0,0.0,0.0,0.0,0.0,0.0
ITA-Serie A,2627,Frosinone,Lorenzo Palmisani,ITA,GK,22-081,2004.0,2,2,180.0,2.0,0,0,0,0,0,0,0,0,0.0,0.0,0.0,0.0,0.0
ITA-Serie A,2627,Frosinone,Luis Hasa,ALB,MF,22-238,2004.0,1,0,24.0,0.3,0,0,0,0,0,0,0,0,0.0,0.0,0.0,0.0,0.0
ITA-Serie A,2627,Frosinone,Matteo Chichella,ITA,MF,20-332,2005.0,1,1,66.0,0.7,0,0,0,0,0,0,0,0,0.0,0.0,0.0,0.0,0.0
ITA-Serie A,2627,Frosinone,Patrizio Masini,ITA,MF,25-217,2001.0,2,1,122.0,1.4,0,0,0,0,0,0,0,0,0.0,0.0,0.0,0.0,0.0
ITA-Serie A,2627,Frosinone,Romano Schmid,AUT,MF,26-217,2000.0,2,2,148.0,1.6,0,0,0,0,0,0,1,0,0.0,0.0,0.0,0.0,0.0
ITA-Serie A,2627,Frosinone,Seydou Fini,ITA,MF,20-091,2006.0,2,2,103.0,1.1,0,0,0,0,0,0,0,0,0.0,0.0,0.0,0.0,0.0
ITA-Serie A,2627,Genoa,Adam Zulevic,SVK,FW,18-352,2007.0,1,0,4.0,0.0,0,0,0,0,0,0,0,0,0.0,0.0,0.0,0.0,0.0
ITA-Serie A,2627,Genoa,Alessandro Marcandalli,ITA,DF,23-311,2002.0,2,2,180.0,2.0,0,0,0,0,0,0,0,0,0.0,0.0,0.0,0.0,0.0
ITA-Serie A,2627,Genoa,Amorim,BRA,MF,21-106,2005.0,2,1,87.0,1.0,0,0,0,0,0,0,1,0,0.0,0.0,0.0,0.0,0.0
ITA-Serie A,2627,Genoa,Brooke Norton-Cuffy,ENG,MF,22-232,2004.0,2,2,180.0,2.0,0,0,0,0,0,0,0,0,0.0,0.0,0.0,0.0,0.0
ITA-Serie A,2627,Genoa,Djibril Sow,SUI,MF,29-207,1997.0,2,1,73.0,0.8,0,0,0,0,0,0,0,0,0.0,0.0,0.0,0.0,0.0
ITA-Serie A,2627,Genoa,Franz-Ethan Meichtry,SUI,MF,21-055,2005.0,2,0,30.0,0.3,0,0,0,0,0,0,0,0,0.0,0.0,0.0,0.0,0.0
ITA-Serie A,2627,Genoa,Johan Vásquez,MEX,DF,27-314,1998.0,2,2,163.0,1.8,0,0,0,0,0,0,0,0,0.0,0.0,0.0,0.0,0.0
ITA-Serie A,2627,Genoa,Junior Messias,BRA,"FW,MF",35-111,1991.0,2,0,58.0,0.6,0,0,0,0,0,0,0,0,0.0,0.0,0.0,0.0,0.0
ITA-Serie A,2627,Genoa,Justin Bijlow,NED,GK,28-222,1998.0,2,2,180.0,2.0,0,0,0,0,0,0,0,0,0.0,0.0,0.0,0.0,0.0
ITA-Serie A,2627,Genoa,Leo Østigård,NOR,DF,26-277,1999.0,2,2,155.0,1.7,0,0,0,0,0,0,2,0,0.0,0.0,0.0,0.0,0.0
ITA-Serie A,2627,Genoa,Lorenzo Colombo,ITA,FW,24-177,2002.0,2,2,163.0,1.8,0,0,0,0,0,0,0,0,0.0,0.0,0.0,0.0,0.0
ITA-Serie A,2627,Genoa,Mikael Ellertsson,ISL,MF,24-174,2002.0,2,2,180.0,2.0,0,0,0,0,0,0,0,0,0.0,0.0,0.0,0.0,0.0
ITA-Serie A,2627,Genoa,Milutin Osmajić,MNE,FW,27-038,1999.0,1,0,28.0,0.3,0,0,0,0,0,0,0,0,0.0,0.0,0.0,0.0,0.0
ITA-Serie A,2627,Genoa,Morten Frendrup,DEN,MF,25-147,2001.0,2,2,180.0,2.0,0,0,0,0,0,0,0,0,0.0,0.0,0.0,0.0,0.0
ITA-Serie A,2627,Genoa,Sebastian Otoa,DEN,DF,22-111,2004.0,1,0,25.0,0.3,0,0,0,0,0,0,0,0,0.0,0.0,0.0,0.0,0.0
ITA-Serie A,2627,Genoa,Tommaso Baldanzi,ITA,MF,23-162,2003.0,2,2,142.0,1.6,0,0,0,0,0,0,0,0,0.0,0.0,0.0,0.0,0.0
ITA-Serie A,2627,Genoa,Vitinha,POR,MF,26-170,2000.0,2,2,152.0,1.7,0,0,0,0,0,0,0,0,0.0,0.0,0.0,0.0,0.0
ITA-Serie A,2627,Inter,Aleksandar Stanković,SRB,MF,21-029,2005.0,1,0,8.0,0.1,0,0,0,0,0,0,0,0,0.0,0.0,0.0,0.0,0.0
ITA-Serie A,2627,Inter,Alessandro Bastoni,ITA,DF,27-141,1999.0,2,2,180.0,2.0,0,0,0,0,0,0,0,0,0.0,0.0,0.0,0.0,0.0
ITA-Serie A,2627,Inter,Andy Diouf,FRA,MF,23-107,2003.0,1,1,74.0,0.8,0,2,2,0,0,0,0,0,0.0,2.43,2.43,0.0,2.43
ITA-Serie A,2627,Inter,Ange-Yoan Bonny,CIV,FW,22-311,2003.0,1,0,37.0,0.4,0,0,0,0,0,0,0,0,0.0,0.0,0.0,0.0,0.0
ITA-Serie A,2627,Inter,Benjamin Pavard,FRA,DF,30-157,1996.0,1,1,90.0,1.0,0,0,0,0,0,0,0,0,0.0,0.0,0.0,0.0,0.0
ITA-Serie A,2627,Inter,Curtis Jones,ENG,"FW,MF",25-214,2001.0,1,0,26.0,0.3,0,0,0,0,0,0,0,0,0.0,0.0,0.0,0.0,0.0
ITA-Serie A,2627,Inter,Federico Dimarco,ITA,MF,28-295,1997.0,2,2,180.0,2.0,0,0,0,0,0,0,0,0,0.0,0.0,0.0,0.0,0.0
ITA-Serie A,2627,Inter,Francesco Esposito,ITA,FW,21-065,2005.0,2,2,154.0,1.7,1,1,2,1,0,0,0,0,0.58,0.58,1.17,0.58,1.17
ITA-Serie A,2627,Inter,Hakan Çalhanoğlu,TUR,MF,32-205,1994.0,2,2,117.0,1.3,2,0,2,2,0,0,1,0,1.54,0.0,1.54,1.54,1.54
ITA-Serie A,2627,Inter,John Stones,ENG,DF,32-096,1994.0,2,0,39.0,0.4,0,0,0,0,0,0,0,0,0.0,0.0,0.0,0.0,0.0
ITA-Serie A,2627,Inter,Josep Martinez,ESP,GK,28-097,1998.0,2,2,180.0,2.0,0,0,0,0,0,0,0,0,0.0,0.0,0.0,0.0,0.0
ITA-Serie A,2627,Inter,Lautaro Martínez,ARG,FW,29-010,1997.0,2,2,143.0,1.6,0,0,0,0,0,0,1,0,0.0,0.0,0.0,0.0,0.0
ITA-Serie A,2627,Inter,Luis Henrique,BRA,MF,24-261,2001.0,2,1,96.0,1.1,0,0,0,0,0,0,0,0,0.0,0.0,0.0,0.0,0.0
ITA-Serie A,2627,Inter,Manuel Akanji,SUI,DF,31-044,1995.0,2,2,141.0,1.6,0,0,0,0,0,0,1,0,0.0,0.0,0.0,0.0,0.0
ITA-Serie A,2627,Inter,Marcus Thuram,FRA,"FW,MF",29-026,1997.0,1,0,26.0,0.3,0,0,0,0,0,0,0,0,0.0,0.0,0.0,0.0,0.0
ITA-Serie A,2627,Inter,Nicolò Barella,ITA,MF,29-206,1997.0,2,2,180.0,2.0,0,1,1,0,0,0,0,0,0.0,0.5,0.5,0.0,0.5
ITA-Serie A,2627,Inter,Petar Sučić,CRO,MF,22-311,2003.0,2,1,101.0,1.1,0,0,0,0,0,0,0,0,0.0,0.0,0.0,0.0,0.0
ITA-Serie A,2627,Inter,Piotr Zieliński,POL,MF,32-104,1994.0,2,1,108.0,1.2,1,0,1,1,0,0,0,0,0.83,0.0,0.83,0.83,0.83
ITA-Serie A,2627,Inter,Yann Aurel Bisseck,GER,DF,25-276,2000.0,2,1,100.0,1.1,1,0,1,1,0,0,0,0,0.9,0.0,0.9,0.9,0.9
ITA-Serie A,2627,Juventus,Andrea Cambiaso,ITA,"DF,MF",26-193,2000.0,2,0,32.0,0.4,0,0,0,0,0,0,1,0,0.0,0.0,0.0,0.0,0.0
ITA-Serie A,2627,Juventus,Douglas Luiz,BRA,MF,28-115,1998.0,2,2,168.0,1.9,0,0,0,0,0,0,0,0,0.0,0.0,0.0,0.0,0.0
ITA-Serie A,2627,Juventus,Edon Zhegrova,KVX,MF,27-154,1999.0,1,0,22.0,0.2,0,0,0,0,0,0,0,0,0.0,0.0,0.0,0.0,0.0
ITA-Serie A,2627,Juventus,Francisco Conceição,POR,MF,23-261,2002.0,2,2,143.0,1.6,0,1,1,0,0,0,0,0,0.0,0.63,0.63,0.0,0.63
ITA-Serie A,2627,Juventus,Gleison Bremer,BRA,DF,29-167,1997.0,2,2,180.0,2.0,1,0,1,1,0,0,0,0,0.5,0.0,0.5,0.5,0.5
ITA-Serie A,2627,Juventus,Guglielmo Vicario,ITA,GK,29-329,1996.0,2,2,179.0,2.0,0,0,0,0,0,0,0,0,0.0,0.0,0.0,0.0,0.0
ITA-Serie A,2627,Juventus,Jeremie Boga,CIV,MF,29-241,1997.0,2,1,78.0,0.9,0,0,0,0,0,0,0,0,0.0,0.0,0.0,0.0,0.0
ITA-Serie A,2627,Juventus,Jhon Lucumí,COL,DF,28-067,1998.0,1,1,74.0,0.8,0,0,0,0,0,0,1,0,0.0,0.0,0.0,0.0,0.0
ITA-Serie A,2627,Juventus,Jonathan David,CAN,FW,26-230,2000.0,1,1,56.0,0.6,0,0,0,0,0,0,0,0,0.0,0.0,0.0,0.0,0.0
ITA-Serie A,2627,Juventus,Kenan Yıldız,TUR,MF,21-120,2005.0,1,1,68.0,0.8,0,0,0,0,0,0,0,0,0.0,0.0,0.0,0.0,0.0
ITA-Serie A,2627,Juventus,Kerim Alajbegović,BIH,MF,18-345,2007.0,1,0,34.0,0.4,0,0,0,0,0,0,0,0,0.0,0.0,0.0,0.0,0.0
ITA-Serie A,2627,Juventus,Lloyd Kelly,ENG,DF,27-330,1998.0,2,1,106.0,1.2,0,0,0,0,0,0,0,0,0.0,0.0,0.0,0.0,0.0
ITA-Serie A,2627,Juventus,Manuel Locatelli,ITA,MF,28-236,1998.0,2,2,180.0,2.0,0,1,1,0,0,0,1,0,0.0,0.5,0.5,0.0,0.5
ITA-Serie A,2627,Juventus,Mattia Perin,ITA,GK,33-295,1992.0,1,0,1.0,0.0,0,0,0,0,0,0,0,0,0.0,0.0,0.0,0.0,0.0
ITA-Serie A,2627,Juventus,Nicolás González,ARG,"FW,MF",28-148,1998.0,1,0,34.0,0.4,1,0,1,1,0,0,0,0,2.65,0.0,2.65,2.65,2.65
ITA-Serie A,2627,Juventus,Pierre Kalulu,FRA,DF,26-088,2000.0,2,2,180.0,2.0,0,0,0,0,0,0,0,0,0.0,0.0,0.0,0.0,0.0
ITA-Serie A,2627,Juventus,Randal Kolo Muani,FRA,FW,27-270,1998.0,2,2,180.0,2.0,0,0,0,0,0,0,0,0,0.0,0.0,0.0,0.0,0.0
ITA-Serie A,2627,Juventus,Teun Koopmeiners,NED,"DF,MF",28-185,1998.0,2,0,17.0,0.2,1,0,1,1,0,0,0,0,5.29,0.0,5.29,5.29,5.29
ITA-Serie A,2627,Juventus,Weston McKennie,USA,MF,28-004,1998.0,1,1,90.0,1.0,0,0,0,0,0,0,0,0,0.0,0.0,0.0,0.0,0.0
ITA-Serie A,2627,Juventus,Zeki Çelik,TUR,DF,29-196,1997.0,2,2,158.0,1.8,0,0,0,0,0,0,1,0,0.0,0.0,0.0,0.0,0.0
ITA-Serie A,2627,Lazio,Adam Marušić,MNE,DF,33-319,1992.0,1,1,18.0,0.2,0,0,0,0,0,0,0,0,0.0,0.0,0.0,0.0,0.0
ITA-Serie A,2627,Lazio,Alfonso Pedraza,ESP,DF,30-145,1996.0,2,1,105.0,1.2,0,0,0,0,0,0,0,0,0.0,0.0,0.0,0.0,0.0
ITA-Serie A,2627,Lazio,Andrea Pinamonti,ITA,FW,27-105,1999.0,1,0,11.0,0.1,0,0,0,0,0,0,0,0,0.0,0.0,0.0,0.0,0.0
ITA-Serie A,2627,Lazio,Boulaye Dia,SEN,FW,29-289,1996.0,2,2,157.0,1.7,0,1,1,0,0,0,1,0,0.0,0.57,0.57,0.0,0.57
ITA-Serie A,2627,Lazio,Christos Mandas,GRE,GK,24-349,2001.0,2,2,180.0,2.0,0,0,0,0,0,0,0,0,0.0,0.0,0.0,0.0,0.0
ITA-Serie A,2627,Lazio,Danilho Doekhi,NED,DF,28-063,1998.0,2,2,180.0,2.0,0,0,0,0,0,0,0,0,0.0,0.0,0.0,0.0,0.0
ITA-Serie A,2627,Lazio,Davide Frattesi,ITA,MF,26-314,1999.0,2,1,127.0,1.4,2,0,2,2,0,0,0,0,1.42,0.0,1.42,1.42,1.42
ITA-Serie A,2627,Lazio,Fisayo Dele-Bashiru,NGA,MF,25-207,2001.0,1,1,53.0,0.6,0,0,0,0,0,0,0,0,0.0,0.0,0.0,0.0,0.0
ITA-Serie A,2627,Lazio,Gustav Isaksen,DEN,"FW,MF",25-135,2001.0,2,0,73.0,0.8,0,0,0,0,0,0,0,0,0.0,0.0,0.0,0.0,0.0
ITA-Serie A,2627,Lazio,Kenneth Taylor,NED,MF,24-108,2002.0,2,2,180.0,2.0,0,0,0,0,0,0,0,0,0.0,0.0,0.0,0.0,0.0
ITA-Serie A,2627,Lazio,Manuel Lazzari,ITA,"DF,MF",32-276,1993.0,1,0,11.0,0.1,0,0,0,0,0,0,0,0,0.0,0.0,0.0,0.0,0.0
ITA-Serie A,2627,Lazio,Matteo Cancellieri,ITA,FW,24-201,2002.0,2,2,107.0,1.2,0,0,0,0,0,0,1,0,0.0,0.0,0.0,0.0,0.0
ITA-Serie A,2627,Lazio,Mattia Zaccagni,ITA,FW,31-077,1995.0,2,2,180.0,2.0,0,0,0,0,0,0,1,0,0.0,0.0,0.0,0.0,0.0
ITA-Serie A,2627,Lazio,Nicolò Rovella,ITA,MF,24-271,2001.0,2,2,126.0,1.4,0,0,0,0,0,0,0,0,0.0,0.0,0.0,0.0,0.0
ITA-Serie A,2627,Lazio,Nuno Tavares,POR,DF,26-218,2000.0,2,1,75.0,0.8,0,1,1,0,0,0,0,0,0.0,1.2,1.2,0.0,1.2
ITA-Serie A,2627,Lazio,Oliver Nielsen,DEN,DF,23-089,2003.0,2,2,180.0,2.0,0,0,0,0,0,0,1,0,0.0,0.0,0.0,0.0,0.0
ITA-Serie A,2627,Lazio,Reda Belahyane,MAR,MF,22-092,2004.0,1,0,54.0,0.6,0,0,0,0,0,0,0,0,0.0,0.0,0.0,0.0,0.0
ITA-Serie A,2627,Lazio,Romano Floriani,ITA,DF,23-217,2003.0,2,1,151.0,1.7,0,0,0,0,0,0,1,0,0.0,0.0,0.0,0.0,0.0
ITA-Serie A,2627,Lazio,Tijjani Noslin,NED,"FW,MF",27-056,1999.0,1,0,12.0,0.1,0,0,0,0,0,0,0,0,0.0,0.0,0.0,0.0,0.0
ITA-Serie A,2627,Lecce,Amar Ahmed,SWE,FW,22-194,2004.0,1,0,19.0,0.2,0,0,0,0,0,0,0,0,0.0,0.0,0.0,0.0,0.0
ITA-Serie A,2627,Lecce,Antonino Gallo,ITA,DF,26-239,2000.0,1,1,45.0,0.5,0,0,0,0,0,0,0,0,0.0,0.0,0.0,0.0,0.0
ITA-Serie A,2627,Lecce,Corrie Ndaba,IRL,MF,26-250,1999.0,2,1,135.0,1.5,0,0,0,0,0,0,0,0,0.0,0.0,0.0,0.0,0.0
ITA-Serie A,2627,Lecce,Danilo Veiga,POR,"MF,DF",23-341,2002.0,2,2,180.0,2.0,0,0,0,0,0,0,1,0,0.0,0.0,0.0,0.0,0.0
ITA-Serie A,2627,Lecce,Ivan Ilić,SRB,MF,25-168,2001.0,1,0,19.0,0.2,0,0,0,0,0,0,1,0,0.0,0.0,0.0,0.0,0.0
ITA-Serie A,2627,Lecce,Jamil Siebert,GER,DF,24-152,2002.0,2,2,180.0,2.0,0,0,0,0,0,0,0,0,0.0,0.0,0.0,0.0,0.0
ITA-Serie A,2627,Lecce,Kialonda,ANG,DF,28-339,1997.0,2,2,180.0,2.0,0,0,0,0,0,0,1,0,0.0,0.0,0.0,0.0,0.0
ITA-Serie A,2627,Lecce,Konan N'dri,NIG,FW,25-309,2000.0,2,1,118.0,1.3,0,0,0,0,0,0,0,0,0.0,0.0,0.0,0.0,0.0
ITA-Serie A,2627,Lecce,Lassana Coulibaly,MLI,MF,30-144,1996.0,2,2,180.0,2.0,0,1,1,0,0,0,0,0,0.0,0.5,0.5,0.0,0.5
ITA-Serie A,2627,Lecce,Nikola Štulić,SRB,FW,24-358,2001.0,2,0,54.0,0.6,0,0,0,0,0,0,0,0,0.0,0.0,0.0,0.0,0.0
ITA-Serie A,2627,Lecce,Olaf Gorter,NED,MF,21-213,2005.0,2,2,105.0,1.2,1,0,1,1,0,0,0,0,0.86,0.0,0.86,0.86,0.86
ITA-Serie A,2627,Lecce,Omri Gandelman,ISR,MF,26-108,2000.0,1,0,1.0,0.0,0,0,0,0,0,0,0,0,0.0,0.0,0.0,0.0,0.0
ITA-Serie A,2627,Lecce,Oumar Ngom,MTN,MF,22-176,2004.0,2,2,161.0,1.8,0,0,0,0,0,0,1,0,0.0,0.0,0.0,0.0,0.0
ITA-Serie A,2627,Lecce,Santiago Pierotti,ARG,FW,25-151,2001.0,2,2,160.0,1.8,0,0,0,0,0,0,0,0,0.0,0.0,0.0,0.0,0.0
ITA-Serie A,2627,Lecce,Tiago Gabriel,POR,DF,21-249,2004.0,2,1,62.0,0.7,1,0,1,1,0,0,0,0,1.45,0.0,1.45,1.45,1.45
ITA-Serie A,2627,Lecce,Willem Geubbels,FRA,FW,25-016,2001.0,2,2,126.0,1.4,0,0,0,0,0,0,0,0,0.0,0.0,0.0,0.0,0.0
ITA-Serie A,2627,Lecce,Wladimiro Falcone,ITA,GK,31-142,1995.0,2,2,180.0,2.0,0,0,0,0,0,0,0,0,0.0,0.0,0.0,0.0,0.0
ITA-Serie A,2627,Lecce,Youssef Maleh,MAR,MF,28-010,1998.0,2,0,75.0,0.8,0,0,0,0,0,0,0,0,0.0,0.0,0.0,0.0,0.0
ITA-Serie A,2627,Milan,Adrien Rabiot,FRA,MF,31-151,1995.0,2,0,67.0,0.7,1,1,2,1,0,0,0,0,1.34,1.34,2.69,1.34,2.69
ITA-Serie A,2627,Milan,Alexis Saelemaekers,BEL,MF,27-066,1999.0,2,0,57.0,0.6,0,1,1,0,0,0,0,0,0.0,1.58,1.58,0.0,1.58
ITA-Serie A,2627,Milan,Alphadjo Cissè,ITA,MF,19-314,2006.0,2,2,123.0,1.4,1,0,1,1,0,0,0,0,0.73,0.0,0.73,0.73,0.73
ITA-Serie A,2627,Milan,Ardon Jashari,SUI,MF,24-033,2002.0,2,1,72.0,0.8,0,0,0,0,0,0,0,0,0.0,0.0,0.0,0.0,0.0
ITA-Serie A,2627,Milan,Davide Bartesaghi,ITA,MF,20-246,2005.0,2,1,111.0,1.2,0,0,0,0,0,0,0,0,0.0,0.0,0.0,0.0,0.0
ITA-Serie A,2627,Milan,Gonçalo Ramos,POR,FW,25-073,2001.0,2,2,180.0,2.0,1,0,1,1,0,0,0,0,0.5,0.0,0.5,0.5,0.5
ITA-Serie A,2627,Milan,Koni De Winter,BEL,DF,24-081,2002.0,2,2,180.0,2.0,0,0,0,0,0,0,0,0,0.0,0.0,0.0,0.0,0.0
ITA-Serie A,2627,Milan,Luka Modrić,CRO,MF,40-357,1985.0,2,1,108.0,1.2,0,0,0,0,0,0,0,0,0.0,0.0,0.0,0.0,0.0
ITA-Serie A,2627,Milan,Mario Gila,ESP,DF,26-003,2000.0,2,2,161.0,1.8,0,0,0,0,0,0,0,0,0.0,0.0,0.0,0.0,0.0
ITA-Serie A,2627,Milan,Matteo Gabbia,ITA,DF,26-315,1999.0,2,0,19.0,0.2,0,0,0,0,0,0,0,0,0.0,0.0,0.0,0.0,0.0
ITA-Serie A,2627,Milan,Mike Maignan,FRA,GK,31-060,1995.0,2,2,180.0,2.0,0,0,0,0,0,0,0,0,0.0,0.0,0.0,0.0,0.0
ITA-Serie A,2627,Milan,Pervis Estupiñán,ECU,MF,28-223,1998.0,2,1,69.0,0.8,0,0,0,0,0,0,0,0,0.0,0.0,0.0,0.0,0.0
ITA-Serie A,2627,Milan,Ruben Loftus-Cheek,ENG,MF,30-221,1996.0,2,2,113.0,1.3,0,0,0,0,0,0,1,0,0.0,0.0,0.0,0.0,0.0
ITA-Serie A,2627,Milan,Samuel Chukwueze,NGA,MF,27-102,1999.0,2,2,180.0,2.0,0,1,1,0,0,0,0,0,0.0,0.5,0.5,0.0,0.5
ITA-Serie A,2627,Milan,Strahinja Pavlović,SRB,DF,25-100,2001.0,2,2,180.0,2.0,0,0,0,0,0,0,1,0,0.0,0.0,0.0,0.0,0.0
ITA-Serie A,2627,Milan,Yunus Musah,USA,MF,23-276,2002.0,2,2,180.0,2.0,0,0,0,0,0,0,0,0,0.0,0.0,0.0,0.0,0.0
ITA-Serie A,2627,Monza,Adam Bakoune,ITA,MF,20-207,2006.0,1,1,69.0,0.8,0,0,0,0,0,0,0,0,0.0,0.0,0.0,0.0,0.0
ITA-Serie A,2627,Monza,Andrea Carboni,ITA,DF,25-209,2001.0,2,2,180.0,2.0,0,0,0,0,0,0,0,0,0.0,0.0,0.0,0.0,0.0
ITA-Serie A,2627,Monza,Andrea Colpani,ITA,"MF,FW",27-113,1999.0,2,2,152.0,1.7,1,0,1,1,0,0,0,0,0.59,0.0,0.59,0.59,0.59
ITA-Serie A,2627,Monza,Dany Mota,POR,"FW,MF",28-122,1998.0,1,0,7.0,0.1,0,0,0,0,0,0,0,0,0.0,0.0,0.0,0.0,0.0
ITA-Serie A,2627,Monza,Demba Thiam,SEN,GK,28-176,1998.0,1,1,90.0,1.0,0,0,0,0,0,0,0,0,0.0,0.0,0.0,0.0,0.0
ITA-Serie A,2627,Monza,Ebenezer Akinsanmiro,NGA,MF,21-280,2004.0,1,0,37.0,0.4,0,1,1,0,0,0,0,0,0.0,2.43,2.43,0.0,2.43
ITA-Serie A,2627,Monza,Eddy Kouadio,CIV,DF,20-094,2006.0,2,2,180.0,2.0,0,0,0,0,0,0,1,0,0.0,0.0,0.0,0.0,0.0
ITA-Serie A,2627,Monza,Filippo Delli Carri,ITA,DF,27-121,1999.0,2,0,33.0,0.4,0,0,0,0,0,0,0,0,0.0,0.0,0.0,0.0,0.0
ITA-Serie A,2627,Monza,Gustavo Varela,POR,FW,21-214,2005.0,2,2,172.0,1.9,2,0,2,2,0,0,0,0,1.05,0.0,1.05,1.05,1.05
ITA-Serie A,2627,Monza,Jay Robinson,ENG,MF,19-170,2007.0,1,0,8.0,0.1,0,0,0,0,0,0,0,0,0.0,0.0,0.0,0.0,0.0
ITA-Serie A,2627,Monza,Lorenzo Lucchesi,ITA,DF,23-115,2003.0,2,2,147.0,1.6,0,0,0,0,0,0,2,0,0.0,0.0,0.0,0.0,0.0
ITA-Serie A,2627,Monza,Manga Foe Ondoa,FRA,MF,20-263,2005.0,2,2,143.0,1.6,0,0,0,0,0,0,0,0,0.0,0.0,0.0,0.0,0.0
ITA-Serie A,2627,Monza,Mathis Mout,ITA,MF,19-026,2007.0,2,2,122.0,1.4,0,1,1,0,0,0,0,0,0.0,0.74,0.74,0.0,0.74
ITA-Serie A,2627,Monza,Michael Folorunsho,ITA,"FW,MF",28-206,1998.0,1,0,37.0,0.4,0,0,0,0,0,0,0,0,0.0,0.0,0.0,0.0,0.0
ITA-Serie A,2627,Monza,Nicolas Galazzi,ITA,MF,25-257,2000.0,1,0,21.0,0.2,0,0,0,0,0,0,0,0,0.0,0.0,0.0,0.0,0.0
ITA-Serie A,2627,Monza,Omari Forson,ENG,MF,22-043,2004.0,2,0,28.0,0.3,0,0,0,0,0,0,0,0,0.0,0.0,0.0,0.0,0.0
ITA-Serie A,2627,Monza,Patrick Cutrone,ITA,MF,28-241,1998.0,2,1,111.0,1.2,0,0,0,0,0,0,0,0,0.0,0.0,0.0,0.0,0.0
ITA-Serie A,2627,Monza,Ricardo Mangas,POR,"MF,FW",28-166,1998.0,2,2,180.0,2.0,0,1,1,0,0,0,0,0,0.0,0.5,0.5,0.0,0.5
ITA-Serie A,2627,Monza,Samuele Birindelli,ITA,MF,27-044,1999.0,2,2,173.0,1.9,0,0,0,0,0,0,0,0,0.0,0.0,0.0,0.0,0.0
ITA-Serie A,2627,Monza,Semuel Pizzignacco,ITA,GK,25-000,2001.0,1,1,90.0,1.0,0,0,0,0,0,0,0,0,0.0,0.0,0.0,0.0,0.0
ITA-Serie A,2627,Napoli,Alex Meret,ITA,GK,29-163,1997.0,2,2,180.0,2.0,0,0,0,0,0,0,0,0,0.0,0.0,0.0,0.0,0.0
ITA-Serie A,2627,Napoli,Alisson Santos,BRA,FW,23-339,2002.0,2,1,100.0,1.1,0,0,0,0,0,0,0,0,0.0,0.0,0.0,0.0,0.0
ITA-Serie A,2627,Napoli,Amir Rrahmani,KVX,DF,32-189,1994.0,2,2,180.0,2.0,0,1,1,0,0,0,0,0,0.0,0.5,0.5,0.0,0.5
ITA-Serie A,2627,Napoli,Antonio Vergara,ITA,MF,23-228,2003.0,1,0,24.0,0.3,1,1,2,1,0,0,0,0,3.75,3.75,7.5,3.75,7.5
ITA-Serie A,2627,Napoli,David Neres,BRA,"FW,MF",29-182,1997.0,1,0,11.0,0.1,0,0,0,0,0,0,0,0,0.0,0.0,0.0,0.0,0.0
ITA-Serie A,2627,Napoli,Frank Anguissa,CMR,MF,30-289,1995.0,2,2,145.0,1.6,0,0,0,0,0,0,0,0,0.0,0.0,0.0,0.0,0.0
ITA-Serie A,2627,Napoli,Giovanni Di Lorenzo,ITA,DF,33-028,1993.0,2,2,180.0,2.0,0,0,0,0,0,0,1,0,0.0,0.0,0.0,0.0,0.0
ITA-Serie A,2627,Napoli,Kevin De Bruyne,BEL,"FW,MF",35-065,1991.0,2,0,59.0,0.7,1,1,2,1,0,0,0,0,1.53,1.53,3.05,1.53,3.05
ITA-Serie A,2627,Napoli,Leonardo Spinazzola,ITA,DF,33-160,1993.0,2,1,125.0,1.4,0,0,0,0,0,0,0,0,0.0,0.0,0.0,0.0,0.0
ITA-Serie A,2627,Napoli,Lorenzo Lucca,ITA,FW,25-356,2000.0,2,0,24.0,0.3,0,0,0,0,0,0,0,0,0.0,0.0,0.0,0.0,0.0
ITA-Serie A,2627,Napoli,Mathías Olivera,URU,DF,28-305,1997.0,2,1,65.0,0.7,0,0,0,0,0,0,0,0,0.0,0.0,0.0,0.0,0.0
ITA-Serie A,2627,Napoli,Matteo Politano,ITA,FW,33-029,1993.0,2,2,156.0,1.7,0,0,0,0,0,0,1,0,0.0,0.0,0.0,0.0,0.0
ITA-Serie A,2627,Napoli,Noa Lang,NED,FW,27-076,1999.0,2,1,80.0,0.9,0,0,0,0,0,0,0,0,0.0,0.0,0.0,0.0,0.0
ITA-Serie A,2627,Napoli,Rafa Marín,ESP,DF,24-105,2002.0,2,2,170.0,1.9,0,0,0,0,0,0,0,0,0.0,0.0,0.0,0.0,0.0
ITA-Serie A,2627,Napoli,Rasmus Højlund,DEN,FW,23-209,2003.0,2,2,156.0,1.7,1,0,1,1,0,0,0,0,0.58,0.0,0.58,0.58,0.58
ITA-Serie A,2627,Napoli,Scott McTominay,SCO,MF,29-267,1996.0,2,2,145.0,1.6,0,0,0,0,0,0,0,0,0.0,0.0,0.0,0.0,0.0
ITA-Serie A,2627,Napoli,Stanislav Lobotka,SVK,MF,31-280,1994.0,2,2,180.0,2.0,0,0,0,0,0,0,0,0,0.0,0.0,0.0,0.0,0.0
ITA-Serie A,2627,Parma,Abdou-Salam Konaté,SEN,MF,19-280,2006.0,2,1,94.0,1.0,0,0,0,0,0,0,1,0,0.0,0.0,0.0,0.0,0.0
ITA-Serie A,2627,Parma,Abdoulaye Ndiaye,SEN,DF,24-144,2002.0,1,1,90.0,1.0,0,0,0,0,0,0,0,0,0.0,0.0,0.0,0.0,0.0
ITA-Serie A,2627,Parma,Adrian Bernabe,ESP,MF,25-098,2001.0,2,2,144.0,1.6,0,0,0,0,0,0,0,0,0.0,0.0,0.0,0.0,0.0
ITA-Serie A,2627,Parma,Ben Cremaschi,USA,MF,21-183,2005.0,2,0,36.0,0.4,0,0,0,0,0,0,0,0,0.0,0.0,0.0,0.0,0.0
ITA-Serie A,2627,Parma,Christian Ordoñez,ARG,MF,22-039,2004.0,2,2,150.0,1.7,0,0,0,0,0,0,0,0,0.0,0.0,0.0,0.0,0.0
ITA-Serie A,2627,Parma,Dominik Drobnič,SVN,DF,19-149,2007.0,1,1,90.0,1.0,0,0,0,0,0,0,0,0,0.0,0.0,0.0,0.0,0.0
ITA-Serie A,2627,Parma,Edoardo Corvi,ITA,GK,25-162,2001.0,2,2,180.0,2.0,0,0,0,0,0,0,0,0,0.0,0.0,0.0,0.0,0.0
ITA-Serie A,2627,Parma,El Bilal Touré,MLI,FW,24-333,2001.0,2,2,169.0,1.9,0,0,0,0,0,0,0,0,0.0,0.0,0.0,0.0,0.0
ITA-Serie A,2627,Parma,Emanuele Valeri,ITA,DF,27-268,1998.0,2,2,180.0,2.0,0,0,0,0,0,0,0,0,0.0,0.0,0.0,0.0,0.0
ITA-Serie A,2627,Parma,Enrico Delprato,ITA,DF,26-295,1999.0,2,2,180.0,2.0,0,0,0,0,0,0,1,0,0.0,0.0,0.0,0.0,0.0
ITA-Serie A,2627,Parma,José Romero,ARG,FW,23-160,2003.0,1,0,29.0,0.3,0,0,0,0,0,0,0,0,0.0,0.0,0.0,0.0,0.0
ITA-Serie A,2627,Parma,Mandela Keita,BEL,"MF,FW",24-114,2002.0,2,2,164.0,1.8,0,0,0,0,0,0,0,0,0.0,0.0,0.0,0.0,0.0
ITA-Serie A,2627,Parma,Mariano Troilo,ARG,DF,23-071,2003.0,2,2,174.0,1.9,0,0,0,0,0,0,1,0,0.0,0.0,0.0,0.0,0.0
ITA-Serie A,2627,Parma,Nesta Elphege,FRA,FW,25-235,2001.0,2,0,18.0,0.2,0,0,0,0,0,0,0,0,0.0,0.0,0.0,0.0,0.0
ITA-Serie A,2627,Parma,Ousmane Diallo,ESP,FW,19-081,2007.0,1,0,16.0,0.2,0,0,0,0,0,0,0,0,0.0,0.0,0.0,0.0,0.0
ITA-Serie A,2627,Parma,Pontus Almqvist,SWE,"FW,MF",27-053,1999.0,2,0,32.0,0.4,0,0,0,0,0,0,0,0,0.0,0.0,0.0,0.0,0.0
ITA-Serie A,2627,Parma,Rachid Kouda,ITA,MF,24-038,2002.0,1,0,16.0,0.2,0,0,0,0,0,0,0,0,0.0,0.0,0.0,0.0,0.0
ITA-Serie A,2627,Parma,Sascha Britschgi,SUI,MF,20-005,2006.0,1,1,83.0,0.9,0,0,0,0,0,0,0,0,0.0,0.0,0.0,0.0,0.0
ITA-Serie A,2627,Parma,Simone Lontani,ITA,FW,18-225,2008.0,2,2,135.0,1.5,0,0,0,0,0,0,0,0,0.0,0.0,0.0,0.0,0.0
ITA-Serie A,2627,Roma,Bryan Cristante,ITA,MF,31-182,1995.0,2,2,180.0,2.0,0,0,0,0,0,0,0,0,0.0,0.0,0.0,0.0,0.0
ITA-Serie A,2627,Roma,Daniele Ghilardi,ITA,DF,23-238,2003.0,1,1,90.0,1.0,0,0,0,0,0,0,0,0,0.0,0.0,0.0,0.0,0.0
ITA-Serie A,2627,Roma,Donyell Malen,NED,FW,27-235,1999.0,2,2,133.0,1.5,5,0,5,5,0,0,1,0,3.38,0.0,3.38,3.38,3.38
ITA-Serie A,2627,Roma,Emanuele Lulli,ITA,MF,19-015,2007.0,2,2,180.0,2.0,0,0,0,0,0,0,0,0,0.0,0.0,0.0,0.0,0.0
ITA-Serie A,2627,Roma,Gianluca Mancini,ITA,DF,30-137,1996.0,2,2,180.0,2.0,0,1,1,0,0,0,0,0,0.0,0.5,0.5,0.0,0.5
ITA-Serie A,2627,Roma,Konstantinos Koulierakis,GRE,DF,22-277,2003.0,1,0,23.0,0.3,0,0,0,0,0,0,0,0,0.0,0.0,0.0,0.0,0.0
ITA-Serie A,2627,Roma,Manu Koné,FRA,MF,25-107,2001.0,2,2,144.0,1.6,0,0,0,0,0,0,1,0,0.0,0.0,0.0,0.0,0.0
ITA-Serie A,2627,Roma,Mario Hermoso,ESP,DF,31-075,1995.0,2,2,157.0,1.7,0,0,0,0,0,0,1,0,0.0,0.0,0.0,0.0,0.0
ITA-Serie A,2627,Roma,Marten de Roon,NED,"DF,MF",35-156,1991.0,1,0,7.0,0.1,0,0,0,0,0,0,0,0,0.0,0.0,0.0,0.0,0.0
ITA-Serie A,2627,Roma,Matìas Soulé,ARG,MF,23-139,2003.0,2,1,96.0,1.1,1,0,1,1,0,0,0,0,0.94,0.0,0.94,0.94,0.94
ITA-Serie A,2627,Roma,Mile Svilar,SRB,GK,27-005,1999.0,2,2,180.0,2.0,0,0,0,0,0,0,0,0,0.0,0.0,0.0,0.0,0.0
ITA-Serie A,2627,Roma,Nahuel Molina,ARG,"DF,MF",28-148,1998.0,1,0,31.0,0.3,0,0,0,0,0,0,0,0,0.0,0.0,0.0,0.0,0.0
ITA-Serie A,2627,Roma,Neil El Aynaoui,MAR,MF,25-061,2001.0,1,0,12.0,0.1,0,0,0,0,0,0,0,0,0.0,0.0,0.0,0.0,0.0
ITA-Serie A,2627,Roma,Niccolò Pisilli,ITA,MF,21-343,2004.0,2,0,36.0,0.4,1,0,1,1,0,0,0,0,2.5,0.0,2.5,2.5,2.5
ITA-Serie A,2627,Roma,Obite N'Dicka,CIV,DF,27-012,1999.0,1,1,90.0,1.0,0,0,0,0,0,0,0,0,0.0,0.0,0.0,0.0,0.0
ITA-Serie A,2627,Roma,Paulo Dybala,ARG,MF,32-290,1993.0,2,2,161.0,1.8,0,3,3,0,0,0,0,0,0.0,1.68,1.68,0.0,1.68
ITA-Serie A,2627,Roma,Rodrigo Mora,POR,MF,19-119,2007.0,2,1,84.0,0.9,1,0,1,1,0,0,0,0,1.07,0.0,1.07,1.07,1.07
ITA-Serie A,2627,Roma,Santiago Castro,ARG,FW,21-348,2004.0,2,0,47.0,0.5,0,0,0,0,0,0,0,0,0.0,0.0,0.0,0.0,0.0
ITA-Serie A,2627,Roma,Wesley,BRA,MF,22-360,2003.0,2,2,149.0,1.7,0,1,1,0,0,0,0,0,0.0,0.6,0.6,0.0,0.6
ITA-Serie A,2627,Sassuolo,Arijanet Muric,KVX,GK,27-298,1998.0,2,2,180.0,2.0,0,0,0,0,0,0,0,0,0.0,0.0,0.0,0.0,0.0
ITA-Serie A,2627,Sassuolo,Armand Lauriente,FRA,FW,27-271,1998.0,2,2,180.0,2.0,0,0,0,0,0,0,1,0,0.0,0.0,0.0,0.0,0.0
ITA-Serie A,2627,Sassuolo,Benjamín Domínguez,ARG,MF,22-347,2003.0,2,0,48.0,0.5,0,0,0,0,0,0,0,0,0.0,0.0,0.0,0.0,0.0
ITA-Serie A,2627,Sassuolo,Cas Odenthal,NED,DF,25-340,2000.0,1,1,90.0,1.0,1,0,1,1,0,0,0,0,1.0,0.0,1.0,1.0,1.0
ITA-Serie A,2627,Sassuolo,Cristian Volpato,AUS,FW,22-290,2003.0,2,2,146.0,1.6,1,0,1,1,0,0,1,0,0.62,0.0,0.62,0.62,0.62
ITA-Serie A,2627,Sassuolo,Darryl Bakola,FRA,MF,18-275,2007.0,2,2,180.0,2.0,0,0,0,0,0,0,0,0,0.0,0.0,0.0,0.0,0.0
ITA-Serie A,2627,Sassuolo,Domenico Berardi,ITA,"FW,MF",32-031,1994.0,1,0,19.0,0.2,1,0,1,1,0,0,0,0,4.74,0.0,4.74,4.74,4.74
ITA-Serie A,2627,Sassuolo,Fedde Leysen,BEL,DF,23-054,2003.0,2,1,107.0,1.2,0,1,1,0,0,0,0,0,0.0,0.84,0.84,0.0,0.84
ITA-Serie A,2627,Sassuolo,Gabriel Kulla,ALB,FW,18-193,2008.0,1,0,3.0,0.0,0,0,0,0,0,0,0,0,0.0,0.0,0.0,0.0,0.0
ITA-Serie A,2627,Sassuolo,Jay Idzes,IDN,DF,26-091,2000.0,1,1,90.0,1.0,0,0,0,0,0,0,0,0,0.0,0.0,0.0,0.0,0.0
ITA-Serie A,2627,Sassuolo,Josh Doig,SCO,DF,24-106,2002.0,2,2,150.0,1.7,0,0,0,0,0,0,0,0,0.0,0.0,0.0,0.0,0.0
ITA-Serie A,2627,Sassuolo,Kieron Bowie,SCO,FW,23-345,2002.0,2,2,158.0,1.8,0,0,0,0,0,0,0,0,0.0,0.0,0.0,0.0,0.0
ITA-Serie A,2627,Sassuolo,Kristian Thorstvedt,NOR,MF,27-172,1999.0,2,0,58.0,0.6,0,0,0,0,0,0,0,0,0.0,0.0,0.0,0.0,0.0
ITA-Serie A,2627,Sassuolo,Luca Lipani,ITA,MF,21-106,2005.0,1,0,1.0,0.0,0,0,0,0,0,0,0,0,0.0,0.0,0.0,0.0,0.0
ITA-Serie A,2627,Sassuolo,Nemanja Matić,SRB,MF,38-031,1988.0,2,2,162.0,1.8,0,0,0,0,0,0,1,0,0.0,0.0,0.0,0.0,0.0
ITA-Serie A,2627,Sassuolo,Rafel Obrador,ESP,DF,22-189,2004.0,1,0,30.0,0.3,0,0,0,0,0,0,0,0,0.0,0.0,0.0,0.0,0.0
ITA-Serie A,2627,Sassuolo,Riccardo Ciervo,ITA,MF,24-153,2002.0,1,0,3.0,0.0,0,0,0,0,0,0,0,0,0.0,0.0,0.0,0.0,0.0
ITA-Serie A,2627,Sassuolo,Simone Cinquegrano,ITA,DF,22-068,2004.0,2,2,180.0,2.0,0,0,0,0,0,0,0,0,0.0,0.0,0.0,0.0,0.0
ITA-Serie A,2627,Sassuolo,Tommaso Macchioni,ITA,DF,20-150,2006.0,1,1,73.0,0.8,0,0,0,0,0,0,0,0,0.0,0.0,0.0,0.0,0.0
ITA-Serie A,2627,Sassuolo,Vasilije Adžić,MNE,MF,20-112,2006.0,2,2,122.0,1.4,0,1,1,0,0,0,0,0,0.0,0.74,0.74,0.0,0.74
ITA-Serie A,2627,Torino,Alessio Cacciamani,ITA,"MF,DF",19-064,2007.0,2,2,170.0,1.9,0,1,1,0,0,0,0,0,0.0,0.53,0.53,0.0,0.53
ITA-Serie A,2627,Torino,Alieu Njie,SWE,FW,21-110,2005.0,1,0,21.0,0.2,0,0,0,0,0,0,0,0,0.0,0.0,0.0,0.0,0.0
ITA-Serie A,2627,Torino,Ardian Ismajli,ALB,DF,29-336,1996.0,2,1,114.0,1.3,0,0,0,0,0,0,0,0,0.0,0.0,0.0,0.0,0.0
ITA-Serie A,2627,Torino,Cesare Casadei,ITA,MF,23-234,2003.0,1,1,69.0,0.8,0,0,0,0,0,0,0,0,0.0,0.0,0.0,0.0,0.0
ITA-Serie A,2627,Torino,Ché Adams,SCO,FW,30-050,1996.0,2,1,103.0,1.1,1,0,1,1,0,0,0,0,0.87,0.0,0.87,0.87,0.87
ITA-Serie A,2627,Torino,Diego Mascardi,ITA,GK,19-340,2006.0,2,2,180.0,2.0,0,0,0,0,0,0,0,0,0.0,0.0,0.0,0.0,0.0
ITA-Serie A,2627,Torino,Duván Zapata,COL,FW,35-153,1991.0,1,0,8.0,0.1,0,0,0,0,0,0,0,0,0.0,0.0,0.0,0.0,0.0
ITA-Serie A,2627,Torino,Emirhan İlkhan,TUR,MF,22-092,2004.0,1,0,24.0,0.3,0,0,0,0,0,0,0,0,0.0,0.0,0.0,0.0,0.0
ITA-Serie A,2627,Torino,Eray Cömert,SUI,DF,28-209,1998.0,1,1,66.0,0.7,0,0,0,0,0,0,0,0,0.0,0.0,0.0,0.0,0.0
ITA-Serie A,2627,Torino,Giovanni Simeone,ARG,FW,31-058,1995.0,2,2,141.0,1.6,0,0,0,0,0,0,0,0,0.0,0.0,0.0,0.0,0.0
ITA-Serie A,2627,Torino,Gvidas Gineitis,LTU,MF,22-139,2004.0,2,2,156.0,1.7,0,1,1,0,0,0,1,0,0.0,0.58,0.58,0.0,0.58
ITA-Serie A,2627,Torino,Kian Fitz-Jim,NED,MF,23-058,2003.0,2,2,180.0,2.0,0,0,0,0,0,0,0,0,0.0,0.0,0.0,0.0,0.0
ITA-Serie A,2627,Torino,Marcus Pedersen,NOR,MF,26-047,2000.0,1,1,69.0,0.8,0,0,0,0,0,0,0,0,0.0,0.0,0.0,0.0,0.0
ITA-Serie A,2627,Torino,Niccolò Fortini,ITA,DF,20-200,2006.0,2,1,93.0,1.0,0,0,0,0,0,0,0,0,0.0,0.0,0.0,0.0,0.0
ITA-Serie A,2627,Torino,Nikola Vlašić,CRO,MF,28-332,1997.0,2,2,180.0,2.0,0,0,0,0,0,0,0,0,0.0,0.0,0.0,0.0,0.0
ITA-Serie A,2627,Torino,Pietro Comuzzo,ITA,DF,21-193,2005.0,2,2,174.0,1.9,1,0,1,1,0,0,0,0,0.52,0.0,0.52,0.52,0.52
ITA-Serie A,2627,Torino,Sandro Kulenović,CRO,FW,26-271,1999.0,2,0,24.0,0.3,0,0,0,0,0,0,0,0,0.0,0.0,0.0,0.0,0.0
ITA-Serie A,2627,Torino,Saúl Coco,EQG,DF,27-204,1999.0,2,2,180.0,2.0,0,0,0,0,0,0,0,0,0.0,0.0,0.0,0.0,0.0
ITA-Serie A,2627,Torino,Zakaria Aboukhlal,MAR,"FW,MF",26-195,2000.0,2,0,28.0,0.3,0,0,0,0,0,0,0,0,0.0,0.0,0.0,0.0,0.0
ITA-Serie A,2627,Udinese,Enzo Ebosse,CMR,DF,27-174,1999.0,2,1,112.0,1.2,0,0,0,0,0,0,0,0,0.0,0.0,0.0,0.0,0.0
ITA-Serie A,2627,Udinese,Hassane Kamara,CIV,MF,32-180,1994.0,2,2,180.0,2.0,2,1,3,2,0,0,0,0,1.0,0.5,1.5,1.0,1.5
ITA-Serie A,2627,Udinese,Idrissa Guèye,SEN,FW,19-350,2006.0,2,1,94.0,1.0,0,0,0,0,0,0,0,0,0.0,0.0,0.0,0.0,0.0
ITA-Serie A,2627,Udinese,Jakub Piotrowski,POL,MF,28-332,1997.0,2,2,129.0,1.4,1,0,1,1,0,0,1,0,0.7,0.0,0.7,0.7,0.7
ITA-Serie A,2627,Udinese,James Abankwah,IRL,DF,22-228,2004.0,2,2,180.0,2.0,0,0,0,0,0,0,1,0,0.0,0.0,0.0,0.0,0.0
ITA-Serie A,2627,Udinese,Jesper Karlström,SWE,MF,31-072,1995.0,2,2,180.0,2.0,0,0,0,0,0,0,0,0,0.0,0.0,0.0,0.0,0.0
ITA-Serie A,2627,Udinese,Juan Arizala,COL,MF,20-326,2005.0,1,0,6.0,0.1,0,0,0,0,0,0,0,0,0.0,0.0,0.0,0.0,0.0
ITA-Serie A,2627,Udinese,Jurgen Ekkelenkamp,NED,MF,26-149,2000.0,2,2,174.0,1.9,1,1,2,1,0,0,0,0,0.52,0.52,1.03,0.52,1.03
ITA-Serie A,2627,Udinese,Keinan Davis,ENG,FW,28-200,1998.0,1,1,67.0,0.7,0,0,0,0,0,0,0,0,0.0,0.0,0.0,0.0,0.0
ITA-Serie A,2627,Udinese,Lennon Miller,SCO,MF,20-007,2006.0,2,0,51.0,0.6,0,0,0,0,0,0,0,0,0.0,0.0,0.0,0.0,0.0
ITA-Serie A,2627,Udinese,Maduka Okoye,NGA,GK,27-004,1999.0,2,2,180.0,2.0,0,0,0,0,0,0,0,0,0.0,0.0,0.0,0.0,0.0
ITA-Serie A,2627,Udinese,Matteo Palma,GER,DF,18-172,2008.0,1,1,45.0,0.5,0,0,0,0,0,0,0,0,0.0,0.0,0.0,0.0,0.0
ITA-Serie A,2627,Udinese,Mërgim Vojvoda,KVX,MF,31-212,1995.0,2,2,174.0,1.9,0,0,0,0,0,0,0,0,0.0,0.0,0.0,0.0,0.0
ITA-Serie A,2627,Udinese,Nicolò Bertola,ITA,DF,23-162,2003.0,1,0,23.0,0.3,0,0,0,0,0,0,0,0,0.0,0.0,0.0,0.0,0.0
ITA-Serie A,2627,Udinese,Nicolò Zaniolo,ITA,MF,27-061,1999.0,1,1,89.0,1.0,0,0,0,0,0,0,0,0,0.0,0.0,0.0,0.0,0.0
ITA-Serie A,2627,Udinese,Oier Zarraga,ESP,MF,27-240,1999.0,2,0,32.0,0.4,0,0,0,0,0,0,0,0,0.0,0.0,0.0,0.0,0.0
ITA-Serie A,2627,Udinese,Oumar Solet,FRA,DF,26-206,2000.0,2,2,180.0,2.0,0,0,0,0,0,0,0,0,0.0,0.0,0.0,0.0,0.0
ITA-Serie A,2627,Udinese,Unai Gómez,ESP,MF,23-099,2003.0,2,1,65.0,0.7,0,0,0,0,0,0,1,0,0.0,0.0,0.0,0.0,0.0
ITA-Serie A,2627,Udinese,Vakoun Bayo,CIV,FW,29-234,1997.0,1,0,19.0,0.2,0,0,0,0,0,0,0,0,0.0,0.0,0.0,0.0,0.0
ITA-Serie A,2627,Venezia,Akor Adams,NGA,FW,26-215,2000.0,2,2,180.0,2.0,0,0,0,0,0,0,0,0,0.0,0.0,0.0,0.0,0.0
ITA-Serie A,2627,Venezia,Albion Rrahmani,KVX,FW,26-001,2000.0,2,0,17.0,0.2,0,0,0,0,0,0,0,0,0.0,0.0,0.0,0.0,0.0
ITA-Serie A,2627,Venezia,Antoine Hainaut,FRA,MF,24-195,2002.0,2,2,174.0,1.9,0,0,0,0,0,0,0,0,0.0,0.0,0.0,0.0,0.0
ITA-Serie A,2627,Venezia,Armel Bella Kotchap,GER,DF,24-264,2001.0,2,2,180.0,2.0,0,0,0,0,0,0,0,0,0.0,0.0,0.0,0.0,0.0
ITA-Serie A,2627,Venezia,Bartol Franjić,CRO,DF,26-230,2000.0,2,2,134.0,1.5,0,0,0,0,0,0,0,0,0.0,0.0,0.0,0.0,0.0
ITA-Serie A,2627,Venezia,Filip Stankovic,SRB,GK,24-188,2002.0,2,2,180.0,2.0,0,0,0,0,0,0,0,0,0.0,0.0,0.0,0.0,0.0
ITA-Serie A,2627,Venezia,Gianluca Busio,USA,MF,24-096,2002.0,2,2,180.0,2.0,0,0,0,0,0,0,0,0,0.0,0.0,0.0,0.0,0.0
ITA-Serie A,2627,Venezia,John Yeboah,ECU,FW,26-070,2000.0,2,2,169.0,1.9,0,0,0,0,0,0,0,0,0.0,0.0,0.0,0.0,0.0
ITA-Serie A,2627,Venezia,Joël Schingtienne,BEL,DF,24-020,2002.0,2,2,180.0,2.0,0,0,0,0,0,0,1,0,0.0,0.0,0.0,0.0,0.0
ITA-Serie A,2627,Venezia,Kike Pérez,ESP,MF,29-199,1997.0,2,2,148.0,1.6,0,0,0,0,0,0,1,0,0.0,0.0,0.0,0.0,0.0
ITA-Serie A,2627,Venezia,Lion Lauberbach,GER,"FW,MF",28-198,1998.0,1,0,11.0,0.1,0,0,0,0,0,0,0,0,0.0,0.0,0.0,0.0,0.0
ITA-Serie A,2627,Venezia,Matteo Dagasso,ITA,MF,22-153,2004.0,1,0,21.0,0.2,0,0,0,0,0,0,1,0,0.0,0.0,0.0,0.0,0.0
ITA-Serie A,2627,Venezia,Redouane Halhal,MAR,DF,23-180,2003.0,1,0,46.0,0.5,0,0,0,0,0,0,0,0,0.0,0.0,0.0,0.0,0.0
ITA-Serie A,2627,Venezia,Richie Sagrado,BEL,MF,22-214,2004.0,1,0,6.0,0.1,0,0,0,0,0,0,0,0,0.0,0.0,0.0,0.0,0.0
ITA-Serie A,2627,Venezia,Ridgeciano Haps,SUR,MF,33-081,1993.0,2,1,92.0,1.0,0,0,0,0,0,0,1,0,0.0,0.0,0.0,0.0,0.0
ITA-Serie A,2627,Venezia,Simon Sohm,SUI,MF,25-143,2001.0,1,0,26.0,0.3,0,0,0,0,0,0,0,0,0.0,0.0,0.0,0.0,0.0
ITA-Serie A,2627,Venezia,Thierry Correia,POR,MF,27-176,1999.0,2,1,88.0,1.0,0,0,0,0,0,0,0,0,0.0,0.0,0.0,0.0,0.0
ITA-Serie A,2627,Venezia,Toma Bašić,CRO,MF,29-280,1996.0,2,2,148.0,1.6,0,0,0,0,0,0,0,0,0.0,0.0,0.0,0.0,0.0
,2627,Augsburg,Anton Kade,GER,MF,22-227,2004.0,1,1,90.0,1.0,1,1,2,1,0,0,0,0,1.0,1.0,2.0,1.0,2.0
,2627,Augsburg,Calvin Brackelmann,GER,DF,27-010,1999.0,1,1,89.0,1.0,0,0,0,0,0,0,0,0,0.0,0.0,0.0,0.0,0.0
,2627,Augsburg,Chrislain Matsima,FRA,DF,24-109,2002.0,1,1,90.0,1.0,0,0,0,0,0,0,0,0,0.0,0.0,0.0,0.0,0.0
,2627,Augsburg,Fabian Rieder,SUI,MF,24-197,2002.0,1,1,82.0,0.9,0,1,1,0,0,0,1,0,0.0,1.1,1.1,0.0,1.1
,2627,Augsburg,Finn Dahmen,GER,GK,28-158,1998.0,1,1,90.0,1.0,0,0,0,0,0,0,0,0,0.0,0.0,0.0,0.0,0.0
,2627,Augsburg,Han-Noah Massengo,FRA,MF,25-056,2001.0,1,1,90.0,1.0,0,0,0,0,0,0,0,0,0.0,0.0,0.0,0.0,0.0
,2627,Augsburg,Hannes Behrens,GER,MF,21-225,2005.0,1,1,90.0,1.0,0,0,0,0,0,0,0,0,0.0,0.0,0.0,0.0,0.0
,2627,Augsburg,Jeffrey Gouweleeuw,NED,DF,35-053,1991.0,1,0,1.0,0.0,0,0,0,0,0,0,0,0,0.0,0.0,0.0,0.0,0.0
,2627,Augsburg,Marius Wolf,GER,MF,31-097,1995.0,1,1,89.0,1.0,0,0,0,0,0,0,0,0,0.0,0.0,0.0,0.0,0.0
,2627,Augsburg,Mert Kömür,GER,MF,21-046,2005.0,1,0,15.0,0.2,0,0,0,0,0,0,0,0,0.0,0.0,0.0,0.0,0.0
,2627,Augsburg,Michael Gregoritsch,AUT,FW,32-136,1994.0,1,1,82.0,0.9,1,0,1,1,0,0,0,0,1.1,0.0,1.1,1.1,1.1
,2627,Augsburg,Noahkai Banks,USA,DF,19-274,2006.0,1,1,90.0,1.0,0,0,0,0,0,0,0,0,0.0,0.0,0.0,0.0,0.0
,2627,Augsburg,Robin Fellhauer,GER,MF,28-223,1998.0,1,1,75.0,0.8,0,0,0,0,0,0,0,0,0.0,0.0,0.0,0.0,0.0
,2627,Augsburg,Rodrigo Ribeiro,POR,FW,21-126,2005.0,1,0,8.0,0.1,1,0,1,1,0,0,0,0,11.25,0.0,11.25,11.25,11.25
,2627,Augsburg,Seol Young-woo,KOR,"DF,MF",27-270,1998.0,1,0,1.0,0.0,0,1,1,0,0,0,0,0,0.0,90.0,90.0,0.0,90.0
,2627,Augsburg,Yannik Keitel,GER,MF,26-198,2000.0,1,0,8.0,0.1,0,0,0,0,0,0,0,0,0.0,0.0,0.0,0.0,0.0
,2627,Bayern Munich,Aleksandar Pavlovic,GER,MF,22-121,2004.0,1,1,83.0,0.9,1,0,1,1,0,0,0,0,1.08,0.0,1.08,1.08,1.08
,2627,Bayern Munich,Alphonso Davies,CAN,DF,25-303,2000.0,1,1,73.0,0.8,0,0,0,0,0,0,0,0,0.0,0.0,0.0,0.0,0.0
,2627,Bayern Munich,Dayot Upamecano,FRA,DF,27-309,1998.0,1,1,90.0,1.0,1,0,1,1,0,0,0,0,1.0,0.0,1.0,1.0,1.0
,2627,Bayern Munich,Harry Kane,ENG,FW,33-035,1993.0,1,1,83.0,0.9,0,0,0,0,0,0,0,0,0.0,0.0,0.0,0.0,0.0
,2627,Bayern Munich,Ismael Saibari,MAR,"FW,MF",25-216,2001.0,1,0,30.0,0.3,0,2,2,0,0,0,0,0,0.0,6.0,6.0,0.0,6.0
,2627,Bayern Munich,Jonathan Tah,GER,DF,30-202,1996.0,1,0,7.0,0.1,0,0,0,0,0,0,0,0,0.0,0.0,0.0,0.0,0.0
,2627,Bayern Munich,Joshua Kimmich,GER,MF,31-205,1995.0,1,1,90.0,1.0,0,2,2,0,0,0,0,0,0.0,2.0,2.0,0.0,2.0
,2627,Bayern Munich,Josip Stanišić,CRO,DF,26-152,2000.0,1,0,17.0,0.2,0,0,0,0,0,0,0,0,0.0,0.0,0.0,0.0,0.0
,2627,Bayern Munich,Kim Min-jae,KOR,DF,29-290,1996.0,1,1,83.0,0.9,0,0,0,0,0,0,1,0,0.0,0.0,0.0,0.0,0.0
,2627,Bayern Munich,Konrad Laimer,AUT,DF,29-097,1997.0,1,1,90.0,1.0,0,0,0,0,0,0,0,0,0.0,0.0,0.0,0.0,0.0
,2627,Bayern Munich,Lennart Karl,GER,MF,18-191,2008.0,1,0,7.0,0.1,0,0,0,0,0,0,0,0,0.0,0.0,0.0,0.0,0.0
,2627,Bayern Munich,Luis Díaz,COL,MF,29-231,1997.0,1,1,90.0,1.0,1,0,1,1,0,0,0,0,1.0,0.0,1.0,1.0,1.0
,2627,Bayern Munich,Manuel Neuer,GER,GK,40-158,1986.0,1,1,90.0,1.0,0,0,0,0,0,0,0,0,0.0,0.0,0.0,0.0,0.0
,2627,Bayern Munich,Michael Olise,FRA,MF,24-263,2001.0,1,1,90.0,1.0,1,0,1,1,0,0,0,0,1.0,0.0,1.0,1.0,1.0
,2627,Bayern Munich,Nathaniel Brown,GER,MF,23-077,2003.0,1,1,60.0,0.7,0,0,0,0,0,0,0,0,0.0,0.0,0.0,0.0,0.0
,2627,Bayern Munich,Tom Bischof,GER,MF,21-065,2005.0,1,0,7.0,0.1,0,0,0,0,0,0,0,0,0.0,0.0,0.0,0.0,0.0
,2627,Dortmund,Daniel Svensson,SWE,DF,24-201,2002.0,1,1,90.0,1.0,0,0,0,0,0,0,1,0,0.0,0.0,0.0,0.0,0.0
,2627,Dortmund,Felix Nmecha,GER,MF,25-326,2000.0,1,1,73.0,0.8,0,0,0,0,0,0,0,0,0.0,0.0,0.0,0.0,0.0
,2627,Dortmund,Filippo Mane,ITA,DF,21-177,2005.0,1,0,17.0,0.2,0,0,0,0,0,0,0,0,0.0,0.0,0.0,0.0,0.0
,2627,Dortmund,Giannis Konstantelias,GRE,FW,23-180,2003.0,1,1,53.0,0.6,0,0,0,0,0,0,0,0,0.0,0.0,0.0,0.0,0.0
,2627,Dortmund,Gregor Kobel,SUI,GK,28-269,1997.0,1,1,90.0,1.0,0,0,0,0,0,0,0,0,0.0,0.0,0.0,0.0,0.0
,2627,Dortmund,Jobe Bellingham,ENG,MF,20-343,2005.0,1,1,90.0,1.0,0,0,0,0,0,0,0,0,0.0,0.0,0.0,0.0,0.0
,2627,Dortmund,Joey Veerman,NED,MF,27-286,1998.0,1,0,17.0,0.2,0,0,0,0,0,0,0,0,0.0,0.0,0.0,0.0,0.0
,2627,Dortmund,Julian Ryerson,NOR,MF,28-288,1997.0,1,1,73.0,0.8,0,0,0,0,0,0,1,0,0.0,0.0,0.0,0.0,0.0
,2627,Dortmund,Kauã Prates,BRA,DF,18-020,2008.0,1,0,7.0,0.1,0,0,0,0,0,0,0,0,0.0,0.0,0.0,0.0,0.0
,2627,Dortmund,Kos Karetsas,GRE,FW,18-286,2007.0,1,1,73.0,0.8,0,1,1,0,0,0,0,0,0.0,1.23,1.23,0.0,1.23
,2627,Dortmund,Kouakou Gadou,FRA,DF,19-227,2007.0,1,1,90.0,1.0,0,0,0,0,0,0,0,0,0.0,0.0,0.0,0.0,0.0
,2627,Dortmund,Marcel Sabitzer,AUT,"FW,MF",32-168,1994.0,1,0,37.0,0.4,0,0,0,0,0,0,0,0,0.0,0.0,0.0,0.0,0.0
,2627,Dortmund,Maximilian Beier,GER,MF,23-319,2002.0,1,1,83.0,0.9,0,0,0,0,0,0,0,0,0.0,0.0,0.0,0.0,0.0
,2627,Dortmund,Samuele Inácio,ITA,FW,18-152,2008.0,1,0,3.0,0.0,0,0,0,0,0,0,0,1,0.0,0.0,0.0,0.0,0.0
,2627,Dortmund,Serhou Guirassy,GUI,FW,30-173,1996.0,1,1,90.0,1.0,1,0,1,1,0,0,0,0,1.0,0.0,1.0,1.0,1.0
,2627,Dortmund,Waldemar Anton,GER,DF,30-043,1996.0,1,1,90.0,1.0,0,0,0,0,0,0,0,0,0.0,0.0,0.0,0.0,0.0
,2627,Elversberg,Cole Campbell,USA,MF,20-193,2006.0,1,1,64.0,0.7,1,0,1,1,0,0,1,0,1.41,0.0,1.41,1.41,1.41
,2627,Elversberg,David Mokwa,FRA,FW,22-121,2004.0,1,1,74.0,0.8,1,0,1,1,0,0,0,0,1.22,0.0,1.22,1.22,1.22
,2627,Elversberg,Felix Keidel,GER,MF,23-079,2003.0,1,1,90.0,1.0,0,0,0,0,0,0,0,0,0.0,0.0,0.0,0.0,0.0
,2627,Elversberg,Florian Le Joncour,FRA,DF,31-210,1995.0,1,0,9.0,0.1,0,0,0,0,0,0,0,0,0.0,0.0,0.0,0.0,0.0
,2627,Elversberg,Francis Onyeka,GER,MF,19-125,2007.0,1,1,64.0,0.7,0,1,1,0,0,0,0,0,0.0,1.41,1.41,0.0,1.41
,2627,Elversberg,Jan Gyamerah,GHA,DF,31-075,1995.0,1,1,74.0,0.8,0,0,0,0,0,0,0,0,0.0,0.0,0.0,0.0,0.0
,2627,Elversberg,Lasse Günther,GER,DF,23-164,2003.0,1,1,90.0,1.0,0,0,0,0,0,0,0,0,0.0,0.0,0.0,0.0,0.0
,2627,Elversberg,Luca Schnellbacher,GER,"FW,MF",32-118,1994.0,1,0,16.0,0.2,0,0,0,0,0,0,0,0,0.0,0.0,0.0,0.0,0.0
,2627,Elversberg,Luca Sirch,GER,DF,27-079,1999.0,1,0,16.0,0.2,0,0,0,0,0,0,0,0,0.0,0.0,0.0,0.0,0.0
,2627,Elversberg,Lukas Petkov,BUL,MF,25-304,2000.0,1,1,90.0,1.0,1,1,2,1,0,0,0,0,1.0,1.0,2.0,1.0,2.0
,2627,Elversberg,Lukas Pinckert,GER,DF,26-222,2000.0,1,1,90.0,1.0,0,0,0,0,0,0,0,0,0.0,0.0,0.0,0.0,0.0
,2627,Elversberg,Maurice Krattenmacher,GER,MF,21-021,2005.0,1,0,26.0,0.3,0,0,0,0,0,0,0,0,0.0,0.0,0.0,0.0,0.0
,2627,Elversberg,Maximilian Rohr,GER,DF,31-066,1995.0,1,1,81.0,0.9,0,0,0,0,0,0,1,0,0.0,0.0,0.0,0.0,0.0
,2627,Elversberg,Nicolas Kristof,AUT,GK,26-255,1999.0,1,1,90.0,1.0,0,0,0,0,0,0,1,0,0.0,0.0,0.0,0.0,0.0
,2627,Elversberg,Noah Darvich,GER,MF,19-341,2006.0,1,0,26.0,0.3,0,0,0,0,0,0,0,0,0.0,0.0,0.0,0.0,0.0
,2627,Elversberg,Łukasz Poręba,POL,MF,26-172,2000.0,1,1,90.0,1.0,0,0,0,0,0,0,0,0,0.0,0.0,0.0,0.0,0.0
,2627,Frankfurt,Ayoube Amaimouni,MAR,MF,21-275,2004.0,1,1,78.0,0.9,0,0,0,0,0,0,0,0,0.0,0.0,0.0,0.0,0.0
,2627,Frankfurt,Can Uzun,TUR,MF,20-294,2005.0,1,1,78.0,0.9,0,0,0,0,0,0,0,0,0.0,0.0,0.0,0.0,0.0
,2627,Frankfurt,Elias Baum,GER,DF,20-310,2005.0,1,1,90.0,1.0,0,1,1,0,0,0,0,0,0.0,1.0,1.0,0.0,1.0
,2627,Frankfurt,Fares Chaïbi,ALG,MF,23-277,2002.0,1,1,90.0,1.0,0,0,0,0,0,0,0,0,0.0,0.0,0.0,0.0,0.0
,2627,Frankfurt,Jeremiaha Maluze,GER,DF,21-294,2004.0,1,1,90.0,1.0,0,0,0,0,0,0,1,0,0.0,0.0,0.0,0.0,0.0
,2627,Frankfurt,Jonathan Burkardt,GER,FW,26-052,2000.0,1,1,65.0,0.7,0,0,0,0,0,0,0,0,0.0,0.0,0.0,0.0,0.0
,2627,Frankfurt,Keita Kosugi,JPN,DF,20-167,2006.0,1,1,90.0,1.0,0,0,0,0,0,0,0,0,0.0,0.0,0.0,0.0,0.0
,2627,Frankfurt,Love Arrhov,SWE,FW,18-107,2008.0,1,0,12.0,0.1,0,0,0,0,0,0,0,0,0.0,0.0,0.0,0.0,0.0
,2627,Frankfurt,Malik Pimpong,DEN,FW,17-304,2008.0,1,0,25.0,0.3,0,0,0,0,0,0,0,0,0.0,0.0,0.0,0.0,0.0
,2627,Frankfurt,Noah Atubolu,GER,GK,24-099,2002.0,1,1,90.0,1.0,0,0,0,0,0,0,0,0,0.0,0.0,0.0,0.0,0.0
,2627,Frankfurt,Oscar Højlund,DEN,MF,21-240,2005.0,1,0,12.0,0.1,0,0,0,0,0,0,0,0,0.0,0.0,0.0,0.0,0.0
,2627,Frankfurt,Otávio,BRA,DF,20-280,2005.0,1,0,6.0,0.1,0,0,0,0,0,0,1,0,0.0,0.0,0.0,0.0,0.0
,2627,Frankfurt,Raphael Onyedika,NGA,MF,25-135,2001.0,1,1,90.0,1.0,0,0,0,0,0,0,1,0,0.0,0.0,0.0,0.0,0.0
,2627,Frankfurt,Robin Koch,GER,DF,30-046,1996.0,1,1,90.0,1.0,0,0,0,0,0,0,0,0,0.0,0.0,0.0,0.0,0.0
,2627,Frankfurt,Younes Ebnoutalib,GER,FW,22-353,2003.0,1,1,84.0,0.9,3,0,3,3,0,0,1,0,3.21,0.0,3.21,3.21,3.21
,2627,Freiburg,Cyriaque Irié,BFA,MF,21-073,2005.0,1,0,45.0,0.5,0,0,0,0,0,0,0,0,0.0,0.0,0.0,0.0,0.0
,2627,Freiburg,Derry Scherhant,GER,MF,23-295,2002.0,1,1,90.0,1.0,0,0,0,0,0,0,0,0,0.0,0.0,0.0,0.0,0.0
,2627,Freiburg,Igor Matanović,CRO,FW,23-154,2003.0,1,1,72.0,0.8,1,1,2,1,0,0,0,0,1.25,1.25,2.5,1.25,2.5
,2627,Freiburg,Jan-Niklas Beste,GER,MF,27-240,1999.0,1,1,45.0,0.5,0,1,1,0,0,0,0,0,0.0,2.0,2.0,0.0,2.0
,2627,Freiburg,Jordy Makengo,FRA,DF,25-029,2001.0,1,1,90.0,1.0,0,0,0,0,0,0,0,0,0.0,0.0,0.0,0.0,0.0
,2627,Freiburg,Keisuke Gotō,JPN,FW,21-090,2005.0,1,0,11.0,0.1,0,0,0,0,0,0,1,0,0.0,0.0,0.0,0.0,0.0
,2627,Freiburg,Lucas Höler,GER,"FW,MF",32-053,1994.0,1,0,18.0,0.2,0,0,0,0,0,0,0,0,0.0,0.0,0.0,0.0,0.0
,2627,Freiburg,Lukas Kübler,GER,DF,34-002,1992.0,1,1,68.0,0.8,0,0,0,0,0,0,0,0,0.0,0.0,0.0,0.0,0.0
,2627,Freiburg,Matthias Ginter,GER,DF,32-225,1994.0,1,1,90.0,1.0,0,1,1,0,0,0,0,0,0.0,1.0,1.0,0.0,1.0
,2627,Freiburg,Max Rosenfelder,GER,DF,23-203,2003.0,1,0,22.0,0.2,0,0,0,0,0,0,0,0,0.0,0.0,0.0,0.0,0.0
,2627,Freiburg,Maximilian Eggestein,GER,MF,29-267,1996.0,1,1,90.0,1.0,0,0,0,0,0,0,0,0,0.0,0.0,0.0,0.0,0.0
,2627,Freiburg,Mio Backhaus,GER,GK,22-138,2004.0,1,1,90.0,1.0,0,0,0,0,0,0,0,0,0.0,0.0,0.0,0.0,0.0
,2627,Freiburg,Philipp Lienhart,AUT,DF,30-052,1996.0,1,1,68.0,0.8,0,0,0,0,0,0,0,0,0.0,0.0,0.0,0.0,0.0
,2627,Freiburg,Philipp Treu,GER,"DF,MF",25-272,2000.0,1,0,22.0,0.2,0,0,0,0,0,0,0,0,0.0,0.0,0.0,0.0,0.0
,2627,Freiburg,Yannik Engelhardt,GER,MF,25-206,2001.0,1,1,90.0,1.0,0,0,0,0,0,0,0,0,0.0,0.0,0.0,0.0,0.0
,2627,Freiburg,Yuito Suzuki,JPN,MF,24-311,2001.0,1,1,79.0,0.9,3,0,3,3,0,0,0,0,3.42,0.0,3.42,3.42,3.42
,2627,Gladbach,Daiki Hashioka,JPN,DF,27-107,1999.0,1,1,75.0,0.8,0,0,0,0,0,0,0,0,0.0,0.0,0.0,0.0,0.0
,2627,Gladbach,David Herold,GER,"DF,MF",23-193,2003.0,1,0,27.0,0.3,0,0,0,0,0,0,0,0,0.0,0.0,0.0,0.0,0.0
,2627,Gladbach,Franck Honorat,FRA,"FW,MF",30-021,1996.0,1,0,27.0,0.3,0,0,0,0,0,0,0,0,0.0,0.0,0.0,0.0,0.0
,2627,Gladbach,Hugo Bolin,SWE,MF,23-039,2003.0,1,1,90.0,1.0,0,0,0,0,0,0,0,0,0.0,0.0,0.0,0.0,0.0
,2627,Gladbach,Isac Lidberg,SWE,"FW,MF",27-358,1998.0,1,0,27.0,0.3,0,0,0,0,0,0,0,0,0.0,0.0,0.0,0.0,0.0
,2627,Gladbach,Joe Scally,USA,"DF,MF",23-244,2002.0,1,0,15.0,0.2,0,0,0,0,0,0,0,0,0.0,0.0,0.0,0.0,0.0
,2627,Gladbach,Kevin Diks,IDN,DF,29-330,1996.0,1,1,90.0,1.0,0,0,0,0,0,0,0,0,0.0,0.0,0.0,0.0,0.0
,2627,Gladbach,Kevin Stöger,AUT,MF,33-005,1993.0,1,1,63.0,0.7,0,0,0,0,0,0,0,0,0.0,0.0,0.0,0.0,0.0
,2627,Gladbach,Ko Itakura,JPN,DF,29-217,1997.0,1,1,90.0,1.0,0,0,0,0,0,0,0,0,0.0,0.0,0.0,0.0,0.0
,2627,Gladbach,Lukas Ullrich,GER,DF,22-169,2004.0,1,1,63.0,0.7,0,0,0,0,0,0,0,0,0.0,0.0,0.0,0.0,0.0
,2627,Gladbach,Mathieu Nguefack,GER,MF,18-110,2008.0,1,0,27.0,0.3,0,0,0,0,0,0,0,0,0.0,0.0,0.0,0.0,0.0
,2627,Gladbach,Moritz Nicolas,GER,GK,28-315,1997.0,1,1,90.0,1.0,0,0,0,0,0,0,0,0,0.0,0.0,0.0,0.0,0.0
,2627,Gladbach,Philipp Sander,GER,MF,28-192,1998.0,1,1,90.0,1.0,0,0,0,0,0,0,0,0,0.0,0.0,0.0,0.0,0.0
,2627,Gladbach,Robin Hack,GER,MF,28-005,1998.0,1,1,63.0,0.7,0,0,0,0,0,0,0,0,0.0,0.0,0.0,0.0,0.0
,2627,Gladbach,Tim Kleindienst,GER,FW,31-001,1995.0,1,1,90.0,1.0,0,0,0,0,0,0,0,0,0.0,0.0,0.0,0.0,0.0
,2627,Gladbach,Wael Mohya,GER,MF,17-244,2008.0,1,1,63.0,0.7,0,0,0,0,0,0,0,0,0.0,0.0,0.0,0.0,0.0
,2627,Hamburger SV,Albert Grønbaek,DEN,MF,25-101,2001.0,1,1,90.0,1.0,0,0,0,0,0,0,0,0,0.0,0.0,0.0,0.0,0.0
,2627,Hamburger SV,Albert Sambi Lokonga,BEL,MF,26-314,1999.0,1,1,90.0,1.0,0,0,0,0,0,0,1,0,0.0,0.0,0.0,0.0,0.0
,2627,Hamburger SV,Bakery Jatta,GAM,MF,28-087,1998.0,1,1,81.0,0.9,0,0,0,0,0,0,0,0,0.0,0.0,0.0,0.0,0.0
,2627,Hamburger SV,Bilal Nadir,MAR,MF,22-277,2003.0,1,0,9.0,0.1,0,0,0,0,0,0,0,0,0.0,0.0,0.0,0.0,0.0
,2627,Hamburger SV,Daniel Heuer Fernandes,POR,GK,33-292,1992.0,1,1,90.0,1.0,0,0,0,0,0,0,0,0,0.0,0.0,0.0,0.0,0.0
,2627,Hamburger SV,Jordan Torunarigha,GER,DF,29-025,1997.0,1,1,81.0,0.9,0,0,0,0,0,0,0,0,0.0,0.0,0.0,0.0,0.0
,2627,Hamburger SV,Louis Lemke,GER,MF,16-328,2009.0,1,1,88.0,1.0,0,0,0,0,0,0,0,0,0.0,0.0,0.0,0.0,0.0
,2627,Hamburger SV,Martin Adeline,FRA,MF,22-273,2003.0,1,1,66.0,0.7,0,0,0,0,0,0,0,0,0.0,0.0,0.0,0.0,0.0
,2627,Hamburger SV,Nicolai Remberg,GER,MF,26-074,2000.0,1,1,90.0,1.0,0,0,0,0,0,0,0,0,0.0,0.0,0.0,0.0,0.0
,2627,Hamburger SV,Nicolás Capaldo,ARG,DF,27-352,1998.0,1,1,90.0,1.0,0,0,0,0,0,0,0,0,0.0,0.0,0.0,0.0,0.0
,2627,Hamburger SV,Otto Stange,GER,DF,19-204,2007.0,1,0,24.0,0.3,0,0,0,0,0,0,0,0,0.0,0.0,0.0,0.0,0.0
,2627,Hamburger SV,Patson Daka,ZAM,FW,27-327,1998.0,1,1,66.0,0.7,0,0,0,0,0,0,0,0,0.0,0.0,0.0,0.0,0.0
,2627,Hamburger SV,Rayan Philippe,FRA,FW,25-313,2000.0,1,0,2.0,0.0,0,0,0,0,0,0,0,0,0.0,0.0,0.0,0.0,0.0
,2627,Hamburger SV,Sebastiaan Bornauw,BEL,DF,27-163,1999.0,1,1,90.0,1.0,0,0,0,0,0,0,0,0,0.0,0.0,0.0,0.0,0.0
,2627,Hamburger SV,Terem Moffi,NGA,FW,27-099,1999.0,1,0,24.0,0.3,0,0,0,0,0,0,0,0,0.0,0.0,0.0,0.0,0.0
,2627,Hamburger SV,Yussuf Poulsen,DEN,"FW,MF",32-078,1994.0,1,0,9.0,0.1,0,0,0,0,0,0,0,0,0.0,0.0,0.0,0.0,0.0
,2627,Hoffenheim,Adam Daghim,DEN,MF,20-338,2005.0,1,1,86.0,1.0,1,0,1,1,0,0,0,0,1.05,0.0,1.05,1.05,1.05
,2627,Hoffenheim,Adam Hložek,CZE,FW,24-038,2002.0,1,1,52.0,0.6,0,0,0,0,0,0,0,0,0.0,0.0,0.0,0.0,0.0
,2627,Hoffenheim,Albian Hajdari,KVX,DF,23-106,2003.0,1,1,86.0,1.0,0,0,0,0,0,0,0,0,0.0,0.0,0.0,0.0,0.0
,2627,Hoffenheim,Andrej Kramarić,CRO,"FW,MF",35-074,1991.0,1,0,4.0,0.0,0,0,0,0,0,0,0,0,0.0,0.0,0.0,0.0,0.0
,2627,Hoffenheim,Bambasé Conté,GER,FW,23-056,2003.0,1,1,90.0,1.0,0,1,1,0,0,0,0,0,0.0,1.0,1.0,0.0,1.0
,2627,Hoffenheim,Bernardo,BRA,DF,31-110,1995.0,1,1,52.0,0.6,0,0,0,0,0,0,0,0,0.0,0.0,0.0,0.0,0.0
,2627,Hoffenheim,Leon Avdullahu,KVX,MF,22-190,2004.0,1,1,90.0,1.0,0,0,0,0,0,0,0,0,0.0,0.0,0.0,0.0,0.0
,2627,Hoffenheim,Mats Rots,NED,DF,20-174,2006.0,1,0,4.0,0.0,0,0,0,0,0,0,0,0,0.0,0.0,0.0,0.0,0.0
,2627,Hoffenheim,Max Moerstedt,GER,FW,20-229,2006.0,1,0,38.0,0.4,0,0,0,0,0,1,1,0,0.0,0.0,0.0,0.0,0.0
,2627,Hoffenheim,Nathan De Cat,BEL,MF,18-044,2008.0,1,0,20.0,0.2,0,0,0,0,0,0,0,0,0.0,0.0,0.0,0.0,0.0
,2627,Hoffenheim,Oliver Baumann,GER,GK,36-091,1990.0,1,1,90.0,1.0,0,0,0,0,0,0,0,0,0.0,0.0,0.0,0.0,0.0
,2627,Hoffenheim,Ozan Kabak,TUR,DF,26-160,2000.0,1,1,90.0,1.0,1,0,1,1,0,0,1,0,1.0,0.0,1.0,1.0,1.0
,2627,Hoffenheim,Patrick Wimmer,AUT,MF,25-094,2001.0,1,1,70.0,0.8,0,0,0,0,0,0,0,0,0.0,0.0,0.0,0.0,0.0
,2627,Hoffenheim,Robin Hranáč,CZE,DF,26-215,2000.0,1,0,38.0,0.4,0,0,0,0,0,0,0,0,0.0,0.0,0.0,0.0,0.0
,2627,Hoffenheim,Vladimír Coufal,CZE,DF,34-010,1992.0,1,1,90.0,1.0,0,1,1,0,0,0,0,0,0.0,1.0,1.0,0.0,1.0
,2627,Hoffenheim,Wouter Burger,NED,MF,25-197,2001.0,1,1,90.0,1.0,0,0,0,0,0,0,0,0,0.0,0.0,0.0,0.0,0.0
,2627,Köln,Alessio Castro-Montes,BEL,DF,29-107,1997.0,1,1,89.0,1.0,0,0,0,0,0,0,0,0,0.0,0.0,0.0,0.0,0.0
,2627,Köln,Ellyes Skhiri,TUN,MF,31-114,1995.0,1,0,26.0,0.3,0,0,0,0,0,0,0,0,0.0,0.0,0.0,0.0,0.0
,2627,Köln,Gideon Mensah,GHA,DF,28-045,1998.0,1,1,90.0,1.0,0,0,0,0,0,0,0,0,0.0,0.0,0.0,0.0,0.0
,2627,Köln,Jahmai Simpson-Pusey,ENG,DF,20-301,2005.0,1,1,90.0,1.0,0,0,0,0,0,0,0,0,0.0,0.0,0.0,0.0,0.0
,2627,Köln,Jan Thielmann,GER,FW,24-098,2002.0,1,1,90.0,1.0,0,0,0,0,0,0,0,0,0.0,0.0,0.0,0.0,0.0
,2627,Köln,Joël Schmied,SUI,DF,27-343,1998.0,1,0,1.0,0.0,0,0,0,0,0,0,0,0,0.0,0.0,0.0,0.0,0.0
,2627,Köln,Linton Maina,GER,"FW,MF",27-070,1999.0,1,0,26.0,0.3,0,1,1,0,0,0,0,0,0.0,3.46,3.46,0.0,3.46
,2627,Köln,Luka Lochoshvili,GEO,DF,28-095,1998.0,1,1,90.0,1.0,0,0,0,0,0,0,0,0,0.0,0.0,0.0,0.0,0.0
,2627,Köln,Marius Bülter,GER,"FW,MF",33-156,1993.0,1,0,1.0,0.0,0,0,0,0,0,0,0,0,0.0,0.0,0.0,0.0,0.0
,2627,Köln,Marvin Schwäbe,GER,GK,31-129,1995.0,1,1,90.0,1.0,0,0,0,0,0,0,0,0,0.0,0.0,0.0,0.0,0.0
,2627,Köln,Paul Okon-Engstler,AUS,MF,21-220,2005.0,1,1,64.0,0.7,0,0,0,0,0,0,0,0,0.0,0.0,0.0,0.0,0.0
,2627,Köln,Ragnar Ache,GER,FW,28-035,1998.0,1,1,64.0,0.7,0,0,0,0,0,0,0,0,0.0,0.0,0.0,0.0,0.0
,2627,Köln,Said El Mala,GER,FW,20-006,2006.0,1,1,64.0,0.7,1,0,1,1,0,0,0,0,1.41,0.0,1.41,1.41,1.41
,2627,Köln,Thijs Dallinga,NED,FW,26-029,2000.0,1,0,26.0,0.3,2,0,2,2,0,0,0,0,6.92,0.0,6.92,6.92,6.92
,2627,Köln,Tom Krauß,GER,MF,25-071,2001.0,1,1,89.0,1.0,0,0,0,0,0,0,0,0,0.0,0.0,0.0,0.0,0.0
,2627,Köln,Ísak Jóhannesson,ISL,MF,23-162,2003.0,1,1,90.0,1.0,0,0,0,0,0,0,0,0,0.0,0.0,0.0,0.0,0.0
,2627,Leverkusen,Afonso Moreira,POR,MF,21-166,2005.0,1,1,84.0,0.9,0,0,0,0,0,0,0,0,0.0,0.0,0.0,0.0,0.0
,2627,Leverkusen,Aleix García,ESP,MF,29-065,1997.0,1,1,90.0,1.0,0,0,0,0,0,0,0,0,0.0,0.0,0.0,0.0,0.0
,2627,Leverkusen,Christian Kofane,CMR,FW,20-037,2006.0,1,0,36.0,0.4,1,0,1,1,0,0,0,0,2.5,0.0,2.5,2.5,2.5
,2627,Leverkusen,Edmond Tapsoba,BFA,DF,27-211,1999.0,1,1,90.0,1.0,0,0,0,0,0,0,0,0,0.0,0.0,0.0,0.0,0.0
,2627,Leverkusen,Ezequiél Fernández,ARG,MF,24-038,2002.0,1,1,54.0,0.6,0,0,0,0,0,0,0,0,0.0,0.0,0.0,0.0,0.0
,2627,Leverkusen,Facundo Medina,ARG,DF,27-096,1999.0,1,0,36.0,0.4,0,0,0,0,0,0,1,0,0.0,0.0,0.0,0.0,0.0
,2627,Leverkusen,Ibrahim Maza,ALG,MF,20-281,2005.0,1,1,90.0,1.0,0,1,1,0,0,0,1,0,0.0,1.0,1.0,0.0,1.0
,2627,Leverkusen,Jarell Quansah,ENG,DF,23-215,2003.0,1,0,36.0,0.4,0,0,0,0,0,0,0,0,0.0,0.0,0.0,0.0,0.0
,2627,Leverkusen,Jonas Hofmann,GER,MF,34-049,1992.0,1,0,26.0,0.3,0,0,0,0,0,0,0,0,0.0,0.0,0.0,0.0,0.0
,2627,Leverkusen,Loïc Bade,FRA,DF,26-143,2000.0,1,1,54.0,0.6,0,0,0,0,0,0,0,0,0.0,0.0,0.0,0.0,0.0
,2627,Leverkusen,Lucas Vázquez,ESP,DF,35-062,1991.0,1,1,54.0,0.6,0,0,0,0,0,0,0,0,0.0,0.0,0.0,0.0,0.0
,2627,Leverkusen,Malik Tillman,USA,MF,24-096,2002.0,1,1,64.0,0.7,0,0,0,0,0,0,0,0,0.0,0.0,0.0,0.0,0.0
,2627,Leverkusen,Mark Flekken,NED,GK,33-080,1993.0,1,1,90.0,1.0,0,0,0,0,0,0,0,0,0.0,0.0,0.0,0.0,0.0
,2627,Leverkusen,Miguel Gutiérrez,ESP,DF,25-036,2001.0,1,1,90.0,1.0,0,0,0,0,0,0,0,0,0.0,0.0,0.0,0.0,0.0
,2627,Leverkusen,Patrik Schick,CZE,FW,30-220,1996.0,1,1,90.0,1.0,1,0,1,1,0,0,0,0,1.0,0.0,1.0,1.0,1.0
,2627,Leverkusen,Victor Boniface,NGA,FW,25-252,2000.0,1,0,6.0,0.1,0,0,0,0,0,0,0,0,0.0,0.0,0.0,0.0,0.0
,2627,Mainz 05,Anthony Caci,FRA,MF,29-062,1997.0,1,1,72.0,0.8,0,0,0,0,0,0,0,0,0.0,0.0,0.0,0.0,0.0
,2627,Mainz 05,Danny da Costa,GER,DF,33-050,1993.0,1,1,90.0,1.0,0,0,0,0,0,0,0,0,0.0,0.0,0.0,0.0,0.0
,2627,Mainz 05,Dominik Kohr,GER,DF,32-213,1994.0,1,1,79.0,0.9,0,0,0,0,0,0,0,0,0.0,0.0,0.0,0.0,0.0
,2627,Mainz 05,Fabio Gruber,PER,DF,23-363,2002.0,1,1,90.0,1.0,0,0,0,0,0,0,0,0,0.0,0.0,0.0,0.0,0.0
,2627,Mainz 05,Kacper Potulski,POL,DF,18-317,2007.0,1,0,11.0,0.1,0,0,0,0,0,0,0,0,0.0,0.0,0.0,0.0,0.0
,2627,Mainz 05,Kaishū Sano,JPN,MF,25-245,2000.0,1,1,90.0,1.0,0,0,0,0,0,0,0,0,0.0,0.0,0.0,0.0,0.0
,2627,Mainz 05,Lee Jae-sung,KOR,MF,34-022,1992.0,1,1,67.0,0.7,0,0,0,0,0,0,0,0,0.0,0.0,0.0,0.0,0.0
,2627,Mainz 05,Nadiem Amiri,GER,MF,29-309,1996.0,1,1,90.0,1.0,0,0,0,0,0,0,0,0,0.0,0.0,0.0,0.0,0.0
,2627,Mainz 05,Otto Ruoppi,FIN,"FW,MF",20-213,2006.0,1,0,23.0,0.3,0,0,0,0,0,0,0,0,0.0,0.0,0.0,0.0,0.0
,2627,Mainz 05,Phillip Tietz,GER,FW,29-054,1997.0,1,1,90.0,1.0,0,0,0,0,0,0,0,0,0.0,0.0,0.0,0.0,0.0
,2627,Mainz 05,Phillipp Mwene,AUT,MF,32-215,1994.0,1,1,90.0,1.0,0,0,0,0,0,0,1,0,0.0,0.0,0.0,0.0,0.0
,2627,Mainz 05,Ransford Königsdörffer,GHA,"FW,MF",24-353,2001.0,1,0,23.0,0.3,0,0,0,0,0,0,0,0,0.0,0.0,0.0,0.0,0.0
,2627,Mainz 05,Robin Zentner,GER,GK,31-308,1994.0,1,1,90.0,1.0,0,0,0,0,0,0,0,0,0.0,0.0,0.0,0.0,0.0
,2627,Mainz 05,Sheraldo Becker,SUR,FW,31-204,1995.0,1,1,67.0,0.7,0,0,0,0,0,0,0,0,0.0,0.0,0.0,0.0,0.0
,2627,Mainz 05,Silvan Widmer,SUI,"DF,MF",33-180,1993.0,1,0,18.0,0.2,0,0,0,0,0,0,0,0,0.0,0.0,0.0,0.0,0.0
,2627,Paderborn 07,Clemens Lippmann,AUT,DF,20-065,2006.0,1,0,1.0,0.0,0,0,0,0,0,0,0,0,0.0,0.0,0.0,0.0,0.0
,2627,Paderborn 07,Gabriel Vidovic,CRO,FW,22-274,2003.0,1,1,90.0,1.0,0,0,0,0,0,0,0,0,0.0,0.0,0.0,0.0,0.0
,2627,Paderborn 07,Jano ter Horst,GER,DF,24-074,2002.0,1,1,90.0,1.0,0,0,0,0,0,0,0,0,0.0,0.0,0.0,0.0,0.0
,2627,Paderborn 07,Jonah Sticker,GER,DF,22-116,2004.0,1,0,16.0,0.2,0,0,0,0,0,0,0,0,0.0,0.0,0.0,0.0,0.0
,2627,Paderborn 07,Lauren Ulrich,GER,MF,21-213,2005.0,1,1,74.0,0.8,0,0,0,0,0,0,0,0,0.0,0.0,0.0,0.0,0.0
,2627,Paderborn 07,Laurin Curda,GER,MF,24-306,2001.0,1,1,90.0,1.0,0,0,0,0,0,0,0,0,0.0,0.0,0.0,0.0,0.0
,2627,Paderborn 07,Marvin Pieringer,GER,FW,26-332,1999.0,1,1,89.0,1.0,0,0,0,0,0,0,0,0,0.0,0.0,0.0,0.0,0.0
,2627,Paderborn 07,Mattes Hansen,GER,DF,22-109,2004.0,1,1,74.0,0.8,0,0,0,0,0,0,1,0,0.0,0.0,0.0,0.0,0.0
,2627,Paderborn 07,Nahuel Noll,GER,GK,23-168,2003.0,1,1,90.0,1.0,0,0,0,0,0,0,0,0,0.0,0.0,0.0,0.0,0.0
,2627,Paderborn 07,Raphael Obermair,PHI,MF,30-153,1996.0,1,1,90.0,1.0,0,0,0,0,0,0,0,0,0.0,0.0,0.0,0.0,0.0
,2627,Paderborn 07,Santiago Castaneda,USA,MF,21-292,2004.0,1,1,90.0,1.0,0,0,0,0,0,0,1,0,0.0,0.0,0.0,0.0,0.0
,2627,Paderborn 07,Stefano Marino,GER,FW,22-173,2004.0,1,1,66.0,0.7,0,0,0,0,0,0,0,0,0.0,0.0,0.0,0.0,0.0
,2627,Paderborn 07,Steffen Tigges,GER,FW,28-032,1998.0,1,0,24.0,0.3,0,0,0,0,0,0,0,0,0.0,0.0,0.0,0.0,0.0
,2627,Paderborn 07,Tjark Scheller,GER,DF,24-232,2002.0,1,1,90.0,1.0,0,0,0,0,0,0,0,0,0.0,0.0,0.0,0.0,0.0
,2627,Paderborn 07,Tom Baack,GER,"DF,MF",27-172,1999.0,1,0,16.0,0.2,0,0,0,0,0,0,0,0,0.0,0.0,0.0,0.0,0.0
,2627,RB Leipzig,Antonio Nusa,NOR,FW,21-137,2005.0,1,1,90.0,1.0,1,0,1,1,0,0,1,0,1.0,0.0,1.0,1.0,1.0
,2627,RB Leipzig,Arthur Vermeeren,BEL,MF,21-206,2005.0,1,0,8.0,0.1,0,0,0,0,0,0,0,0,0.0,0.0,0.0,0.0,0.0
,2627,RB Leipzig,Benjamin Henrichs,GER,"DF,MF",29-190,1997.0,1,0,18.0,0.2,0,0,0,0,0,0,0,0,0.0,0.0,0.0,0.0,0.0
,2627,RB Leipzig,Brajan Gruda,GER,FW,22-093,2004.0,1,1,72.0,0.8,0,0,0,0,0,0,0,0,0.0,0.0,0.0,0.0,0.0
,2627,RB Leipzig,Castello Lukeba,FRA,DF,23-258,2002.0,1,1,90.0,1.0,0,0,0,0,0,0,0,0,0.0,0.0,0.0,0.0,0.0
,2627,RB Leipzig,Christopher Nkunku,FRA,"FW,MF",28-291,1997.0,1,0,27.0,0.3,0,1,1,0,0,0,0,0,0.0,3.33,3.33,0.0,3.33
,2627,RB Leipzig,Conrad Harder,DEN,FW,21-147,2005.0,1,0,8.0,0.1,0,0,0,0,0,0,0,0,0.0,0.0,0.0,0.0,0.0
,2627,RB Leipzig,David Raum,GER,DF,28-132,1998.0,1,1,90.0,1.0,0,0,0,0,0,0,0,0,0.0,0.0,0.0,0.0,0.0
,2627,RB Leipzig,Ezechiel Banzuzi,NED,MF,21-197,2005.0,1,1,82.0,0.9,0,0,0,0,0,0,0,0,0.0,0.0,0.0,0.0,0.0
,2627,RB Leipzig,Johan Bakayoko,BEL,"FW,MF",23-134,2003.0,1,0,18.0,0.2,0,0,0,0,0,0,0,0,0.0,0.0,0.0,0.0,0.0
,2627,RB Leipzig,Maarten Vandevoordt,BEL,GK,24-187,2002.0,1,1,90.0,1.0,0,0,0,0,0,0,0,0,0.0,0.0,0.0,0.0,0.0
,2627,RB Leipzig,Nicolas Seiwald,AUT,MF,25-120,2001.0,1,1,90.0,1.0,0,0,0,0,0,0,0,0,0.0,0.0,0.0,0.0,0.0
,2627,RB Leipzig,Ridle Baku,GER,DF,28-146,1998.0,1,1,72.0,0.8,1,0,1,1,0,0,0,0,1.25,0.0,1.25,1.25,1.25
,2627,RB Leipzig,Rocco Reitz,GER,MF,24-095,2002.0,1,1,82.0,0.9,1,0,1,1,0,0,0,0,1.1,0.0,1.1,1.1,1.1
,2627,RB Leipzig,Tidiam Gomis,FRA,FW,20-024,2006.0,1,1,63.0,0.7,0,2,2,0,0,0,0,0,0.0,2.86,2.86,0.0,2.86
,2627,RB Leipzig,Willi Orban,HUN,DF,33-302,1992.0,1,1,90.0,1.0,0,0,0,0,0,0,0,0,0.0,0.0,0.0,0.0,0.0
,2627,Schalke 04,Adil Aouchiche,ALG,MF,24-048,2002.0,1,1,85.0,0.9,0,0,0,0,0,0,0,0,0.0,0.0,0.0,0.0,0.0
,2627,Schalke 04,Dejan Ljubičić,AUT,MF,28-328,1997.0,1,1,90.0,1.0,0,0,0,0,0,0,0,0,0.0,0.0,0.0,0.0,0.0
,2627,Schalke 04,Edin Džeko,BIH,FW,40-168,1986.0,1,0,15.0,0.2,0,0,0,0,0,0,0,0,0.0,0.0,0.0,0.0,0.0
,2627,Schalke 04,Hasan Kuruçay,,DF,29-001,1997.0,1,1,61.0,0.7,0,0,0,0,0,0,0,0,0.0,0.0,0.0,0.0,0.0
,2627,Schalke 04,Junior Adamu,AUT,MF,25-087,2001.0,1,1,61.0,0.7,0,0,0,0,0,0,0,0,0.0,0.0,0.0,0.0,0.0
,2627,Schalke 04,Junior Dina Ebimbe,CMR,MF,25-284,2000.0,1,0,29.0,0.3,0,0,0,0,0,0,0,0,0.0,0.0,0.0,0.0,0.0
,2627,Schalke 04,Loris Karius,GER,GK,33-071,1993.0,1,1,90.0,1.0,0,0,0,0,0,0,0,0,0.0,0.0,0.0,0.0,0.0
,2627,Schalke 04,Maximilian Wöber,AUT,DF,28-209,1998.0,1,0,29.0,0.3,0,0,0,0,0,0,0,0,0.0,0.0,0.0,0.0,0.0
,2627,Schalke 04,Mertcan Ayhan,TUR,DF,19-358,2006.0,1,0,5.0,0.1,0,0,0,0,0,0,0,0,0.0,0.0,0.0,0.0,0.0
,2627,Schalke 04,Moussa Sylla,MLI,FW,26-280,1999.0,1,1,90.0,1.0,0,0,0,0,0,0,0,0,0.0,0.0,0.0,0.0,0.0
,2627,Schalke 04,Nikola Katić,BIH,DF,29-326,1996.0,1,1,75.0,0.8,0,0,0,0,0,0,0,0,0.0,0.0,0.0,0.0,0.0
,2627,Schalke 04,Robin Gosens,GER,"DF,MF",32-058,1994.0,1,0,29.0,0.3,0,0,0,0,0,0,0,0,0.0,0.0,0.0,0.0,0.0
,2627,Schalke 04,Ron Schallenberg,GER,MF,27-330,1998.0,1,1,61.0,0.7,0,0,0,0,0,0,0,1,0.0,0.0,0.0,0.0,0.0
,2627,Schalke 04,Soufiane El-Faouzi,GER,MF,24-050,2002.0,1,1,90.0,1.0,0,0,0,0,0,0,0,0,0.0,0.0,0.0,0.0,0.0
,2627,Schalke 04,Timo Becker,GER,DF,29-160,1997.0,1,1,90.0,1.0,0,0,0,0,0,0,0,0,0.0,0.0,0.0,0.0,0.0
,2627,Schalke 04,Vitalie Becker,GER,MF,21-182,2005.0,1,1,61.0,0.7,0,0,0,0,0,0,0,0,0.0,0.0,0.0,0.0,0.0
,2627,Stuttgart,Angelo Stiller,GER,MF,25-150,2001.0,1,1,87.0,1.0,0,0,0,0,0,0,0,0,0.0,0.0,0.0,0.0,0.0
,2627,Stuttgart,Bilal El Khannouss,MAR,MF,22-114,2004.0,1,0,17.0,0.2,0,0,0,0,0,0,0,0,0.0,0.0,0.0,0.0,0.0
,2627,Stuttgart,Chema,ESP,MF,21-129,2005.0,1,0,3.0,0.0,0,0,0,0,0,0,0,0,0.0,0.0,0.0,0.0,0.0
,2627,Stuttgart,Deniz Undav,GER,MF,30-044,1996.0,1,1,73.0,0.8,0,0,0,0,0,0,0,0,0.0,0.0,0.0,0.0,0.0
,2627,Stuttgart,Dženan Pejčinović,GER,MF,21-198,2005.0,1,1,62.0,0.7,0,0,0,0,0,0,0,0,0.0,0.0,0.0,0.0,0.0
,2627,Stuttgart,Ermedin Demirović,BIH,"FW,MF",28-160,1998.0,1,0,28.0,0.3,0,0,0,0,0,0,0,0,0.0,0.0,0.0,0.0,0.0
,2627,Stuttgart,Fabian Bredlow,GER,GK,31-183,1995.0,1,1,90.0,1.0,0,0,0,0,0,0,0,0,0.0,0.0,0.0,0.0,0.0
,2627,Stuttgart,Finn Jeltsch,GER,DF,20-046,2006.0,1,1,90.0,1.0,0,0,0,0,0,0,1,0,0.0,0.0,0.0,0.0,0.0
,2627,Stuttgart,Grischa Prömel,GER,MF,31-235,1995.0,1,1,90.0,1.0,0,0,0,0,0,0,1,0,0.0,0.0,0.0,0.0,0.0
,2627,Stuttgart,Jamie Leweling,GER,"FW,MF",25-187,2001.0,1,0,29.0,0.3,0,0,0,0,0,0,0,0,0.0,0.0,0.0,0.0,0.0
,2627,Stuttgart,Josha Vagnoman,GER,MF,25-264,2000.0,1,1,90.0,1.0,1,0,1,1,0,0,0,0,1.0,0.0,1.0,1.0,1.0
,2627,Stuttgart,Julian Chabot,GER,DF,28-201,1998.0,1,1,73.0,0.8,0,0,0,0,0,0,1,0,0.0,0.0,0.0,0.0,0.0
,2627,Stuttgart,Leonidas Stergiou,SUI,DF,24-182,2002.0,1,0,17.0,0.2,0,0,0,0,0,0,0,0,0.0,0.0,0.0,0.0,0.0
,2627,Stuttgart,Maximilian Mittelstädt,GER,MF,29-167,1997.0,1,1,90.0,1.0,0,0,0,0,0,0,0,0,0.0,0.0,0.0,0.0,0.0
,2627,Stuttgart,Ramon Hendriks,NED,DF,25-045,2001.0,1,1,90.0,1.0,0,0,0,0,0,0,0,0,0.0,0.0,0.0,0.0,0.0
,2627,Stuttgart,Tiago Tomás,POR,FW,24-077,2002.0,1,1,61.0,0.7,0,0,0,0,0,0,0,0,0.0,0.0,0.0,0.0,0.0
,2627,Union Berlin,Aljoscha Kemlein,GER,MF,22-030,2004.0,1,1,74.0,0.8,0,0,0,0,0,0,0,0,0.0,0.0,0.0,0.0,0.0
,2627,Union Berlin,András Schäfer,HUN,MF,27-141,1999.0,1,1,60.0,0.7,0,0,0,0,0,0,0,0,0.0,0.0,0.0,0.0,0.0
,2627,Union Berlin,Derrick Köhn,GHA,"DF,MF",27-209,1999.0,1,0,9.0,0.1,0,0,0,0,0,0,0,0,0.0,0.0,0.0,0.0,0.0
,2627,Union Berlin,Emmanuel Latte Lath,CIV,FW,27-243,1999.0,1,1,60.0,0.7,1,0,1,1,0,0,0,0,1.5,0.0,1.5,1.5,1.5
,2627,Union Berlin,Janik Haberer,GER,"FW,MF",32-152,1994.0,1,0,16.0,0.2,0,0,0,0,0,0,0,0,0.0,0.0,0.0,0.0,0.0
,2627,Union Berlin,Jeong Woo-yeong,KOR,"FW,MF",26-346,1999.0,1,0,30.0,0.3,0,0,0,0,0,0,0,0,0.0,0.0,0.0,0.0,0.0
,2627,Union Berlin,Josip Juranović,CRO,DF,31-016,1995.0,1,1,90.0,1.0,0,2,2,0,0,0,0,0,0.0,2.0,2.0,0.0,2.0
,2627,Union Berlin,Leopold Querfeld,AUT,DF,22-255,2003.0,1,1,90.0,1.0,1,1,2,1,0,0,0,0,1.0,1.0,2.0,1.0,2.0
,2627,Union Berlin,Livan Burcu,TUR,"FW,MF",21-338,2004.0,1,0,30.0,0.3,0,0,0,0,0,0,0,0,0.0,0.0,0.0,0.0,0.0
,2627,Union Berlin,Marin Ljubicic,CRO,FW,24-185,2002.0,1,1,81.0,0.9,0,0,0,0,0,0,0,0,0.0,0.0,0.0,0.0,0.0
,2627,Union Berlin,Matheo Raab,GER,GK,27-257,1998.0,1,1,90.0,1.0,0,0,0,0,0,0,0,0,0.0,0.0,0.0,0.0,0.0
,2627,Union Berlin,Michel Aebischer,SUI,MF,29-238,1997.0,1,1,60.0,0.7,0,0,0,0,0,0,1,0,0.0,0.0,0.0,0.0,0.0
,2627,Union Berlin,Rani Khedira,TUN,MF,32-217,1994.0,1,1,90.0,1.0,0,0,0,0,0,0,0,0,0.0,0.0,0.0,0.0,0.0
,2627,Union Berlin,Tim Skarke,GER,"FW,MF",29-359,1996.0,1,0,30.0,0.3,1,0,1,1,0,0,0,0,3.0,0.0,3.0,3.0,3.0
,2627,Union Berlin,Tom Rothe,GER,DF,21-307,2004.0,1,1,90.0,1.0,0,0,0,0,0,0,0,0,0.0,0.0,0.0,0.0,0.0
,2627,Union Berlin,Zeno Van den Bosch,BEL,DF,23-057,2003.0,1,1,90.0,1.0,0,0,0,0,0,0,1,0,0.0,0.0,0.0,0.0,0.0
,2627,Werder Bremen,Amos Pieper,GER,DF,28-227,1998.0,1,1,90.0,1.0,0,0,0,0,0,0,0,0,0.0,0.0,0.0,0.0,0.0
,2627,Werder Bremen,Cedric Itten,SUI,"FW,MF",29-248,1996.0,1,0,30.0,0.3,0,0,0,0,0,0,0,0,0.0,0.0,0.0,0.0,0.0
,2627,Werder Bremen,Chuky san jose,ESP,MF,22-125,2004.0,1,1,90.0,1.0,0,0,0,0,0,0,0,0,0.0,0.0,0.0,0.0,0.0
,2627,Werder Bremen,Dariusz Stalmach,POL,MF,20-267,2005.0,1,0,45.0,0.5,1,0,1,1,0,0,0,0,2.0,0.0,2.0,2.0,2.0
,2627,Werder Bremen,Eren Dinkçi,GER,MF,24-262,2001.0,1,0,6.0,0.1,0,0,0,0,0,0,0,0,0.0,0.0,0.0,0.0,0.0
,2627,Werder Bremen,Justin Njinmah,GER,FW,25-290,2000.0,1,1,60.0,0.7,0,0,0,0,0,0,0,0,0.0,0.0,0.0,0.0,0.0
,2627,Werder Bremen,Karl Jakob Hein,EST,GK,24-141,2002.0,1,1,90.0,1.0,0,0,0,0,0,0,0,0,0.0,0.0,0.0,0.0,0.0
,2627,Werder Bremen,Ludovit Reis,NED,MF,26-092,2000.0,1,1,84.0,0.9,0,0,0,0,0,0,1,0,0.0,0.0,0.0,0.0,0.0
,2627,Werder Bremen,Marco Friedl,AUT,DF,28-169,1998.0,1,1,90.0,1.0,0,0,0,0,0,0,0,0,0.0,0.0,0.0,0.0,0.0
,2627,Werder Bremen,Marco Grüll,AUT,FW,28-057,1998.0,1,1,84.0,0.9,0,1,1,0,0,0,0,0,0.0,1.07,1.07,0.0,1.07
,2627,Werder Bremen,Mick Schmetgens,GER,DF,18-357,2007.0,1,1,90.0,1.0,0,0,0,0,0,0,0,0,0.0,0.0,0.0,0.0,0.0
,2627,Werder Bremen,Niclas Füllkrug,GER,FW,33-204,1993.0,1,1,60.0,0.7,0,0,0,0,0,0,0,0,0.0,0.0,0.0,0.0,0.0
,2627,Werder Bremen,Olivier Deman,BEL,DF,26-148,2000.0,1,1,90.0,1.0,0,0,0,0,0,0,0,0,0.0,0.0,0.0,0.0,0.0
,2627,Werder Bremen,Patrice Čović,CRO,MF,19-068,2007.0,1,0,6.0,0.1,0,0,0,0,0,0,0,0,0.0,0.0,0.0,0.0,0.0
,2627,Werder Bremen,Salim Musah,GER,FW,20-191,2006.0,1,0,30.0,0.3,0,0,0,0,0,0,0,0,0.0,0.0,0.0,0.0,0.0
,2627,Werder Bremen,Senne Lynen,BEL,MF,27-194,1999.0,1,1,45.0,0.5,0,0,0,0,0,0,0,0,0.0,0.0,0.0,0.0,0.0
